player,season,team,pos,age,minutos_totales,partidos_totales,minutos_por_partido,ws,per
Kobe Bryant,2010,LAL,SG,31,"2835,0","73,0","38,8","9,4","21,9"
Jermaine O'Neal,2010,MIA,C,31,"1991,0","70,0","28,4","5,6","17,9"
Tracy McGrady,2010,NYK,SG,30,"673,0","30,0","22,4","0,3","12,2"
Tim Duncan,2010,SAS,C,33,"2438,0","78,0","31,3","10,9","24,7"
Shaquille O'Neal,2010,CLE,C,37,"1240,0","53,0","23,4","3,1","17,9"
Dirk Nowitzki,2010,DAL,PF,31,"3039,0","81,0","37,5","12,3","22,9"
Paul Pierce,2010,BOS,SF,32,"2411,0","71,0","34,0","8,3","18,2"
Ray Allen,2010,BOS,SG,34,"2819,0","80,0","35,2","7,9","15,2"
Rashard Lewis,2010,ORL,PF,30,"2369,0","72,0","32,9","6,5","14,0"
Michael Redd,2010,MIL,SG,30,"492,0","18,0","27,3","0,6","12,1"
Pau Gasol,2010,LAL,C,29,"2403,0","65,0","37,0","11,0","22,9"
Andrei Kirilenko,2010,UTA,SF,28,"1681,0","58,0","29,0","6,0","18,2"
Kevin Garnett,2010,BOS,PF,33,"2060,0","69,0","29,9","7,3","19,4"
Amar'e Stoudemire,2010,PHO,PF,27,"2838,0","82,0","34,6","10,7","22,6"
Gilbert Arenas,2010,WAS,PG,28,"1169,0","32,0","36,5","1,8","18,7"
Vince Carter,2010,ORL,SG,33,"2310,0","75,0","30,8","7,4","17,1"
Zach Randolph,2010,MEM,PF,28,"3051,0","81,0","37,7","9,7","21,2"
Kenyon Martin,2010,DEN,PF,32,"1986,0","58,0","34,2","3,3","13,4"
Carmelo Anthony,2010,DEN,SF,25,"2634,0","69,0","38,2","7,9","22,2"
Dwyane Wade,2010,MIA,SG,28,"2792,0","77,0","36,3","13,0","28,0"
Chris Bosh,2010,TOR,C,25,"2526,0","70,0","36,1","9,6","25,0"
LeBron James,2010,CLE,SF,25,"2966,0","76,0","39,0","18,5","31,1"
Dwight Howard,2010,ORL,C,24,"2843,0","82,0","34,7","13,2","24,0"
Joe Johnson,2010,ATL,SG,28,"2886,0","76,0","38,0","8,4","19,3"
Elton Brand,2010,PHI,PF,30,"2297,0","76,0","30,2","3,5","15,7"
Richard Jefferson,2010,SAS,SF,29,"2520,0","81,0","31,1","6,0","13,1"
Chris Paul,2010,NOH,PG,24,"1712,0","45,0","38,0","7,3","23,7"
Deron Williams,2010,UTA,PG,25,"2802,0","76,0","36,9","10,3","20,6"
Jason Richardson,2010,PHO,SG,29,"2485,0","79,0","31,5","6,6","16,6"
Steve Nash,2010,PHO,PG,35,"2660,0","81,0","32,8","9,9","21,6"
Tony Parker,2010,SAS,PG,27,"1728,0","56,0","30,9","3,6","16,4"
Andrew Bynum,2010,LAL,C,22,"1977,0","65,0","30,4","7,8","20,2"
Carlos Boozer,2010,UTA,PF,28,"2673,0","78,0","34,3","9,9","21,3"
Brad Miller,2010,CHI,C,33,"1950,0","82,0","23,8","4,0","12,9"
Andre Iguodala,2010,PHI,SF,26,"3193,0","82,0","38,9","6,7","17,8"
Erick Dampier,2010,DAL,C,34,"1280,0","55,0","23,3","3,7","14,0"
Baron Davis,2010,LAC,PG,30,"2523,0","75,0","33,6","4,5","17,4"
Chauncey Billups,2010,DEN,PG,33,"2490,0","73,0","34,1","9,5","20,2"
Samuel Dalembert,2010,PHI,C,28,"2124,0","82,0","25,9","5,2","16,8"
Al Jefferson,2010,MIN,C,25,"2463,0","76,0","32,4","4,6","19,0"
Tyson Chandler,2010,CHA,C,27,"1163,0","51,0","22,8","2,9","12,5"
Antawn Jamison,2010,CLE,PF,33,"2406,0","66,0","36,5","5,8","17,3"
Richard Hamilton,2010,DET,SG,31,"1552,0","46,0","33,7","1,4","14,9"
Bobby Simmons,2010,NJN,PF,29,"395,0","23,0","17,2","0,1","8,0"
Troy Murphy,2010,IND,PF,29,"2344,0","72,0","32,6","7,8","18,0"
Monta Ellis,2010,GSW,SG,24,"2647,0","64,0","41,4","1,3","16,7"
Josh Howard,2010,WAS,SF,29,"918,0","35,0","26,2","1,0","12,7"
Josh Smith,2010,ATL,PF,24,"2871,0","81,0","35,4","9,3","21,0"
Emeka Okafor,2010,NOH,C,27,"2370,0","82,0","28,9","5,5","16,5"
Chris Kaman,2010,LAC,C,27,"2608,0","76,0","34,3","2,4","16,5"
Luol Deng,2010,CHI,SF,24,"2651,0","70,0","37,9","5,9","16,1"
Tayshaun Prince,2010,DET,SF,29,"1664,0","49,0","34,0","3,2","16,0"
Danny Granger,2010,IND,SF,26,"2278,0","62,0","36,7","6,2","19,8"
Al Harrington,2010,NYK,PF,29,"2195,0","72,0","30,5","3,5","16,8"
Andrew Bogut,2010,MIL,C,25,"2229,0","69,0","32,3","7,5","20,7"
Ben Gordon,2010,DET,SG,26,"1730,0","62,0","27,9","2,1","14,0"
Mike Dunleavy,2010,IND,SF,29,"1486,0","67,0","22,2","2,3","13,1"
Caron Butler,2010,DAL,SF-SG,29,"2783,0","74,0","37,6","3,5","13,7"
Mike Miller,2010,WAS,SG,29,"1805,0","54,0","33,4","3,9","13,9"
Kevin Martin,2010,HOU,SG,26,"1633,0","46,0","35,5","4,2","17,0"
Gerald Wallace,2010,CHA,SF,27,"3119,0","76,0","41,0","11,5","18,3"
Kirk Hinrich,2010,CHI,SG,29,"2481,0","74,0","33,5","4,0","11,6"
Jamal Crawford,2010,ATL,SG,29,"2460,0","79,0","31,1","7,3","18,4"
Marcus Camby,2010,POR,PF-C,35,"2314,0","74,0","31,3","6,8","17,9"
Jason Terry,2010,DAL,SG,32,"2540,0","77,0","33,0","6,5","16,5"
David West,2010,NOH,PF,29,"2949,0","81,0","36,4","7,5","18,9"
Boris Diaw,2010,CHA,PF,27,"2906,0","82,0","35,4","6,2","12,8"
Mehmet Okur,2010,UTA,C,30,"2149,0","73,0","29,4","5,6","15,6"
Corey Maggette,2010,GSW,PF,30,"2081,0","70,0","29,7","6,3","20,3"
Mo Williams,2010,CLE,PG,27,"2359,0","69,0","34,2","6,7","16,1"
Kenny Thomas,2010,SAC,PF,32,"313,0","26,0","12,0","0,4","9,0"
Quentin Richardson,2010,MIA,SF,29,"2082,0","76,0","27,4","5,8","12,9"
T.J. Ford,2010,IND,PG,26,"1189,0","47,0","25,3","1,4","13,4"
Devin Harris,2010,NJN,PG,26,"2221,0","64,0","34,7","2,7","16,2"
Jason Kidd,2010,DAL,PG,36,"2881,0","80,0","36,0","8,9","17,2"
Jameer Nelson,2010,ORL,PG,27,"1860,0","65,0","28,6","5,0","15,5"
Etan Thomas,2010,OKC,C,31,"321,0","23,0","14,0","0,2","6,9"
Paul Millsap,2010,UTA,PF,24,"2277,0","82,0","27,8","7,2","16,7"
Stephen Jackson,2010,CHA,SG-PF,31,"3129,0","81,0","38,6","5,0","15,6"
Lamar Odom,2010,LAL,PF,30,"2585,0","82,0","31,5","7,7","15,9"
Marvin Williams,2010,ATL,SF,23,"2468,0","81,0","30,5","5,7","13,0"
Udonis Haslem,2010,MIA,PF,29,"2177,0","78,0","27,9","6,0","14,6"
David Lee,2010,NYK,C,26,"3019,0","81,0","37,3","10,3","22,2"
Shane Battier,2010,HOU,SG,31,"2168,0","67,0","32,4","4,3","11,1"
Joel Przybilla,2010,POR,C,30,"681,0","30,0","22,7","1,4","11,2"
Dan Gadzuric,2010,MIL,C,31,"314,0","32,0","9,8","0,5","10,5"
Andre Miller,2010,POR,PG,33,"2500,0","82,0","30,5","7,0","18,1"
Shawn Marion,2010,DAL,SF,31,"2385,0","75,0","31,8","5,0","14,7"
Tony Battie,2010,NJN,C,33,"134,0","15,0","8,9","0,0","6,1"
Leandro Barbosa,2010,PHO,PG,27,"786,0","44,0","17,9","1,1","14,0"
Luke Ridnour,2010,MIL,PG,28,"1759,0","82,0","21,5","6,2","17,7"
Charlie Villanueva,2010,DET,PF,25,"1848,0","78,0","23,7","3,5","16,0"
Nazr Mohammed,2010,CHA,C,32,"984,0","58,0","17,0","3,6","19,6"
Jared Jeffries,2010,HOU,PF-SF,28,"1794,0","70,0","25,6","2,2","9,8"
John Salmons,2010,MIL,SG,30,"2824,0","81,0","34,9","7,1","14,7"
Nick Collison,2010,OKC,C,29,"1557,0","75,0","20,8","4,7","13,1"
Mike Bibby,2010,ATL,PG,31,"2195,0","80,0","27,4","4,8","12,7"
Jason Kapono,2010,PHI,SF,28,"976,0","57,0","17,1","0,5","8,4"
Jeff Foster,2010,IND,C,33,"255,0","16,0","15,9","0,4","9,6"
Chris Duhon,2010,NYK,PG,27,"2072,0","67,0","30,9","1,9","10,7"
James Posey,2010,NOH,SF,33,"1731,0","77,0","22,5","2,4","8,7"
Beno Udrih,2010,SAC,PG,27,"2477,0","79,0","31,4","5,5","15,7"
DeSagana Diop,2010,CHA,C,28,"262,0","27,0","9,7","0,4","7,8"
Brendan Haywood,2010,DAL,C,30,"2355,0","77,0","30,6","6,7","16,1"
Trevor Ariza,2010,HOU,SF,24,"2629,0","72,0","36,5","3,2","13,3"
Rasheed Wallace,2010,BOS,C,35,"1780,0","79,0","22,5","3,6","13,1"
Metta World Peace,2010,LAL,SF,30,"2605,0","77,0","33,8","5,3","12,1"
Marcin Gortat,2010,ORL,C,25,"1088,0","81,0","13,4","3,4","13,9"
LaMarcus Aldridge,2010,POR,PF,24,"2922,0","78,0","37,5","8,8","18,2"
Morris Peterson,2010,NOH,SG,32,"973,0","46,0","21,2","0,8","9,3"
Raymond Felton,2010,CHA,PG,25,"2643,0","80,0","33,0","6,5","15,2"
Greg Oden,2010,POR,C,22,"502,0","21,0","23,9","2,2","23,1"
Adam Morrison,2010,LAL,SF,25,"241,0","31,0","7,8","0,0","7,4"
Derrick Rose,2010,CHI,PG,21,"2871,0","78,0","36,8","6,0","18,6"
Kyle Korver,2010,UTA,SG,28,"952,0","52,0","18,3","2,6","13,9"
Derek Fisher,2010,LAL,PG,35,"2227,0","82,0","27,2","3,9","9,3"
Jason Maxiell,2010,DET,C,26,"1550,0","76,0","20,4","2,6","14,0"
Nate Robinson,2010,BOS,PG,25,"1115,0","56,0","19,9","2,2","16,3"
Jarrett Jack,2010,TOR,PG,26,"2243,0","82,0","27,4","4,8","16,3"
Lou Williams,2010,PHI,PG,23,"1912,0","64,0","29,9","5,2","18,2"
Reggie Evans,2010,TOR,PF,29,"311,0","28,0","11,1","0,2","11,4"
Luke Walton,2010,LAL,SF,29,"272,0","29,0","9,4","0,3","9,7"
Kevin Durant,2010,OKC,SF,21,"3239,0","82,0","39,5","16,1","26,2"
Zaza Pachulia,2010,ATL,C,25,"1089,0","78,0","14,0","2,7","13,1"
Tyrus Thomas,2010,CHA,PF-C,23,"1220,0","54,0","22,6","2,6","16,8"
Matt Carroll,2010,DAL,SG,29,"121,0","25,0","4,8","-0,1","7,1"
Michael Beasley,2010,MIA,PF,21,"2328,0","78,0","29,8","4,6","16,1"
Drew Gooden,2010,LAC,C-PF,28,"1755,0","70,0","25,1","4,4","16,9"
Marcus Banks,2010,TOR,PG,28,"244,0","22,0","11,1","0,5","15,3"
Darius Songaila,2010,NOH,C,31,"1410,0","75,0","18,8","1,3","11,6"
Antonio McDyess,2010,SAS,PF,35,"1617,0","77,0","21,0","3,2","12,2"
Kendrick Perkins,2010,BOS,C,25,"2154,0","78,0","27,6","5,2","15,0"
Hasheem Thabeet,2010,MEM,C,22,"883,0","68,0","13,0","2,0","12,9"
Trenton Hassell,2010,NJN,SF,30,"1106,0","52,0","21,3","-0,1","6,5"
Martell Webster,2010,POR,SF,23,"2005,0","82,0","24,5","4,4","12,5"
James Jones,2010,MIA,SF,29,"503,0","36,0","14,0","1,0","8,8"
Al Horford,2010,ATL,C,23,"2845,0","81,0","35,1","10,9","19,4"
Delonte West,2010,CLE,SG,26,"1500,0","60,0","25,0","3,3","13,8"
O.J. Mayo,2010,MEM,SG,22,"3113,0","82,0","38,0","5,6","14,6"
Ronny Turiaf,2010,GSW,C,27,"872,0","42,0","20,8","1,4","12,6"
Daniel Gibson,2010,CLE,PG,23,"1068,0","56,0","19,1","2,6","11,3"
James Harden,2010,OKC,SG,20,"1738,0","76,0","22,9","4,5","14,0"
Kwame Brown,2010,DET,C,27,"660,0","48,0","13,8","-0,1","7,9"
Brandon Bass,2010,ORL,PF,24,"648,0","50,0","13,0","2,0","16,5"
Steve Blake,2010,LAC,PG,29,"2159,0","80,0","27,0","3,3","11,6"
Rasual Butler,2010,LAC,SF,30,"2702,0","82,0","33,0","2,7","10,7"
Amir Johnson,2010,TOR,PF,22,"1453,0","82,0","17,7","4,5","16,7"
Brandon Roy,2010,POR,SG,25,"2419,0","65,0","37,2","9,1","21,3"
Ryan Gomes,2010,MIN,SF,27,"2210,0","76,0","29,1","2,4","12,1"
DeShawn Stevenson,2010,DAL,SG,28,"883,0","64,0","13,8","-0,4","3,3"
Mike Conley,2010,MEM,PG,22,"2569,0","80,0","32,1","4,0","13,9"
Kurt Thomas,2010,MIL,C,37,"1049,0","70,0","15,0","2,1","9,9"
Russell Westbrook,2010,OKC,PG,21,"2813,0","82,0","34,3","6,1","17,8"
C.J. Miles,2010,UTA,SF,22,"1497,0","63,0","23,8","1,9","10,8"
Steven Hunter,2010,MEM,C,28,"158,0","21,0","7,5","0,1","11,6"
Willie Green,2010,PHI,SG,28,"1553,0","73,0","21,3","2,2","12,8"
Ramon Sessions,2010,MIN,PG,23,"1732,0","82,0","21,1","1,1","12,9"
Chris Andersen,2010,DEN,PF,31,"1695,0","76,0","22,3","5,9","15,8"
Damien Wilkins,2010,MIN,SF,30,"1585,0","80,0","19,8","1,9","11,5"
Tyreke Evans,2010,SAC,SG,20,"2677,0","72,0","37,2","5,4","18,2"
Charlie Bell,2010,MIL,SG,30,"1611,0","71,0","22,7","2,0","7,9"
Travis Outlaw,2010,LAC,SF,25,"730,0","34,0","21,5","0,9","13,3"
Randy Foye,2010,WAS,PG,26,"1667,0","70,0","23,8","2,2","13,2"
Keyon Dooling,2010,NJN,PG,29,"971,0","53,0","18,3","0,7","11,6"
Jeff Green,2010,OKC,PF,23,"3043,0","82,0","37,1","6,6","13,8"
Carlos Delfino,2010,MIL,SF,27,"2279,0","75,0","30,4","4,8","12,9"
Brian Cook,2010,HOU,PF,29,"44,0","15,0","2,9","-0,2","2,4"
Brian Scalabrine,2010,BOS,PF,31,"472,0","52,0","9,1","0,2","3,6"
Kevin Love,2010,MIN,PF,21,"1714,0","60,0","28,6","4,9","20,7"
Marc Gasol,2010,MEM,C,25,"2469,0","69,0","35,8","8,4","19,3"
Luis Scola,2010,HOU,PF,29,"2671,0","82,0","32,6","6,3","17,2"
Rudy Gay,2010,MEM,SF,23,"3175,0","80,0","39,7","6,4","16,2"
Matt Bonner,2010,SAS,PF,29,"1161,0","65,0","17,9","3,7","14,9"
Yi Jianlian,2010,NJN,PF,22,"1655,0","52,0","31,8","1,3","12,3"
Danilo Gallinari,2010,NYK,SF,21,"2747,0","81,0","33,9","5,6","14,8"
Glen Davis,2010,BOS,PF,24,"933,0","54,0","17,3","1,6","11,5"
Jamario Moon,2010,CLE,SF,29,"1052,0","61,0","17,2","2,9","12,6"
Carl Landry,2010,SAC,PF,26,"2469,0","80,0","30,9","7,7","19,0"
Hakim Warrick,2010,CHI,PF,27,"1557,0","76,0","20,5","4,0","15,6"
Andray Blatche,2010,WAS,PF,23,"2256,0","81,0","27,9","3,4","17,6"
Grant Hill,2010,PHO,SF,37,"2430,0","81,0","30,0","5,5","14,0"
Chris Wilcox,2010,DET,PF,27,"441,0","34,0","13,0","0,2","12,0"
Jonny Flynn,2010,MIN,PG,20,"2339,0","81,0","28,9","0,1","13,0"
Corey Brewer,2010,MIN,SG,23,"2482,0","82,0","30,3","1,0","12,1"
Kris Humphries,2010,NJN,PF,24,"1221,0","69,0","17,7","1,9","15,1"
Dorell Wright,2010,MIA,SF,24,"1496,0","72,0","20,8","4,3","14,5"
Eddie House,2010,NYK,PG-SG,31,"1217,0","68,0","17,9","1,1","10,5"
Eric Gordon,2010,LAC,SG,21,"2229,0","62,0","36,0","3,2","14,1"
Hilton Armstrong,2010,SAC,PF-C,25,"335,0","33,0","10,2","-0,1","6,9"
Earl Watson,2010,IND,PG,30,"2322,0","79,0","29,4","2,6","10,9"
Thabo Sefolosha,2010,OKC,SG,25,"2348,0","82,0","28,6","4,0","9,8"
Ronnie Brewer,2010,MEM,SG,24,"1742,0","58,0","30,0","3,7","12,5"
Stephen Curry,2010,GSW,PG,21,"2896,0","80,0","36,2","4,7","16,3"
Anthony Parker,2010,CLE,SG,34,"2289,0","81,0","28,3","4,9","9,9"
Maurice Evans,2010,ATL,SF,31,"1317,0","79,0","16,7","3,1","12,2"
Sebastian Telfair,2010,CLE,PG,24,"659,0","43,0","15,3","0,3","10,3"
Dahntay Jones,2010,IND,SF,29,"1892,0","76,0","24,9","1,8","10,8"
Tony Allen,2010,BOS,SG,28,"889,0","54,0","16,5","1,9","14,2"
Michael Finley,2010,BOS,SF,36,"709,0","46,0","15,4","1,0","9,0"
Jordan Hill,2010,HOU,PF,22,"624,0","47,0","13,3","1,4","15,0"
Joakim Noah,2010,CHI,C,24,"1925,0","64,0","30,1","6,2","17,9"
Ricky Davis,2010,LAC,SF,30,"499,0","36,0","13,9","0,1","8,5"
Spencer Hawes,2010,SAC,C,21,"1904,0","72,0","26,4","2,1","13,8"
David Andersen,2010,HOU,C,29,"891,0","63,0","14,1","1,3","12,1"
Craig Smith,2010,LAC,PF,26,"1232,0","75,0","16,4","3,0","16,9"
DeMar DeRozan,2010,TOR,SG,20,"1664,0","77,0","21,6","2,3","12,5"
Brook Lopez,2010,NJN,C,21,"3027,0","82,0","36,9","7,9","20,1"
Acie Law,2010,CHI,PG,25,"234,0","26,0","9,0","0,6","16,0"
Ryan Hollins,2010,MIN,C,25,"1223,0","73,0","16,8","1,2","11,0"
Brandon Jennings,2010,MIL,PG,20,"2671,0","82,0","32,6","4,2","14,5"
Chuck Hayes,2010,HOU,C,26,"1773,0","82,0","21,6","3,6","11,7"
Jerryd Bayless,2010,POR,SG,21,"1304,0","74,0","17,6","2,7","14,3"
Thaddeus Young,2010,PHI,PF,21,"2145,0","67,0","32,0","2,1","14,0"
Rajon Rondo,2010,BOS,PG,23,"2963,0","81,0","36,6","9,6","19,1"
Anthony Johnson,2010,ORL,PG,35,"406,0","31,0","13,1","1,0","12,4"
Jarvis Hayes,2010,NJN,SF,28,"1033,0","45,0","23,0","0,8","9,7"
Terrence Williams,2010,NJN,SF,22,"1764,0","78,0","22,6","-0,3","11,5"
Josh Boone,2010,NJN,PF,25,"1045,0","63,0","16,6","1,8","13,7"
Jason Thompson,2010,SAC,C,23,"2357,0","75,0","31,4","4,0","14,5"
Kyle Lowry,2010,HOU,PG,23,"1651,0","68,0","24,3","4,3","15,5"
Julian Wright,2010,NOH,SF,22,"871,0","68,0","12,8","0,8","11,8"
Jannero Pargo,2010,CHI,PG,30,"829,0","63,0","13,2","-0,3","8,9"
Ronald Murray,2010,CHI,SG,30,"1673,0","75,0","22,3","1,8","11,7"
Fabricio Oberto,2010,WAS,C,34,"650,0","57,0","11,4","0,6","5,7"
Marquis Daniels,2010,BOS,SF,29,"937,0","51,0","18,4","1,3","9,6"
Shannon Brown,2010,LAL,SG,24,"1700,0","82,0","20,7","3,4","12,4"
Channing Frye,2010,PHO,C,26,"2190,0","81,0","27,0","6,4","15,0"
Gerald Henderson,2010,CHA,SG,22,"355,0","43,0","8,3","0,4","9,7"
Jordan Farmar,2010,LAL,PG,23,"1474,0","82,0","18,0","2,8","12,3"
Brandon Rush,2010,IND,SG,24,"2491,0","82,0","30,4","2,5","9,6"
Al Thornton,2010,WAS,SF,26,"2079,0","75,0","27,7","2,2","11,8"
Mardy Collins,2010,LAC,SG,25,"470,0","43,0","10,9","-0,5","5,7"
Tyler Hansbrough,2010,IND,PF,24,"511,0","29,0","17,6","0,7","14,6"
Anthony Randolph,2010,GSW,C,20,"749,0","33,0","22,7","1,5","18,7"
Rodney Stuckey,2010,DET,PG,23,"2499,0","73,0","34,2","2,7","15,6"
Antoine Wright,2010,TOR,SF,25,"1392,0","67,0","20,8","0,3","8,6"
Earl Clark,2010,PHO,PF,22,"383,0","51,0","7,5","-0,3","8,5"
Robin Lopez,2010,PHO,C,21,"986,0","51,0","19,3","3,2","17,6"
Nick Young,2010,WAS,SG,24,"1421,0","74,0","19,2","1,4","10,7"
Francisco Elson,2010,PHI,C,33,"66,0","12,0","5,5","0,0","5,5"
Austin Daye,2010,DET,SF,21,"915,0","69,0","13,3","1,3","12,8"
Marreese Speights,2010,PHI,C,22,"1016,0","62,0","16,4","2,1","17,6"
J.J. Barea,2010,DAL,PG,25,"1546,0","78,0","19,8","2,2","12,8"
Sean Williams,2010,NJN,PF,23,"227,0","20,0","11,4","-0,2","7,0"
Hamed Haddadi,2010,MEM,C,24,"240,0","36,0","6,7","0,0","7,2"
Solomon Jones,2010,IND,C,25,"675,0","52,0","13,0","0,8","9,9"
Matt Barnes,2010,ORL,SF,29,"2097,0","81,0","25,9","5,9","13,6"
Devean George,2010,GSW,SF,32,"761,0","45,0","16,9","1,3","11,6"
James Johnson,2010,CHI,PF,22,"757,0","65,0","11,6","0,8","10,4"
Roy Hibbert,2010,IND,C,23,"2035,0","81,0","25,1","4,1","16,2"
Marco Belinelli,2010,TOR,SG,23,"1121,0","66,0","17,0","1,2","12,6"
Oleksiy Pecherov,2010,MIN,C,24,"447,0","44,0","10,2","0,1","12,0"
Jrue Holiday,2010,PHI,PG,19,"1767,0","73,0","24,2","1,2","12,3"
JaVale McGee,2010,WAS,C,22,"968,0","60,0","16,1","2,1","17,0"
Ty Lawson,2010,DEN,PG,22,"1318,0","65,0","20,3","3,7","16,4"
Jason Smith,2010,PHI,PF,23,"658,0","56,0","11,8","0,7","10,6"
Jeff Teague,2010,ATL,PG,21,"719,0","71,0","10,1","0,6","11,0"
Daequan Cook,2010,MIA,SG,22,"691,0","45,0","15,4","0,1","7,5"
Eric Maynor,2010,OKC,PG,22,"1269,0","81,0","15,7","1,9","11,8"
Ryan Anderson,2010,ORL,PF,21,"911,0","63,0","14,5","3,1","18,1"
Jared Dudley,2010,PHO,SF,24,"1991,0","82,0","24,3","5,3","13,6"
Malik Allen,2010,DEN,PF,31,"456,0","51,0","8,9","0,1","5,9"
Darren Collison,2010,NOH,PG,22,"2109,0","76,0","27,8","2,9","16,5"
Courtney Lee,2010,NJN,SG,24,"2375,0","71,0","33,5","3,1","12,8"
Wilson Chandler,2010,NYK,SG,22,"2320,0","65,0","35,7","2,7","13,7"
Ronnie Price,2010,UTA,PG,26,"806,0","60,0","13,4","0,9","10,3"
Kosta Koufos,2010,UTA,C,20,"172,0","36,0","4,8","0,0","7,7"
Omri Casspi,2010,SAC,SF,21,"1931,0","77,0","25,1","2,5","13,0"
Serge Ibaka,2010,OKC,PF,20,"1323,0","73,0","18,1","3,7","15,2"
Byron Mullens,2010,OKC,PF,20,"54,0","13,0","4,2","-0,1","0,7"
Nicolas Batum,2010,POR,SF,21,"918,0","37,0","24,8","3,5","17,3"
Aaron Brooks,2010,HOU,PG,25,"2919,0","82,0","35,6","5,5","16,0"
Devin Brown,2010,CHI,SG,31,"1060,0","50,0","21,2","0,4","10,0"
Arron Afflalo,2010,DEN,SG,24,"2221,0","82,0","27,1","4,3","10,9"
George Hill,2010,SAS,PG,23,"2276,0","78,0","29,2","6,7","14,7"
Rodrigue Beaubois,2010,DAL,PG,21,"700,0","56,0","12,5","2,0","18,5"
Alando Tucker,2010,MIN,SF,25,"96,0","15,0","6,4","0,1","13,4"
Chris Quinn,2010,NJN,PG,26,"223,0","25,0","8,9","0,1","9,3"
Royal Ivey,2010,MIL,SG,28,"326,0","44,0","7,4","0,6","11,0"
Taj Gibson,2010,CHI,PF,24,"2204,0","82,0","26,9","4,7","13,8"
D.J. White,2010,OKC,PF,23,"102,0","12,0","8,5","0,6","25,9"
Quinton Ross,2010,WAS,SF-SG,28,"562,0","52,0","10,8","-0,1","3,0"
Steve Novak,2010,LAC,SF,26,"362,0","54,0","6,7","0,3","8,3"
James Singleton,2010,WAS,PF-SF,28,"977,0","57,0","17,1","1,1","11,4"
J.R. Giddens,2010,NYK,SF,24,"239,0","32,0","7,5","0,1","9,2"
DeMarre Carroll,2010,MEM,SF,23,"795,0","71,0","11,2","0,5","8,5"
Wayne Ellington,2010,MIN,SG,22,"1384,0","76,0","18,2","0,4","9,6"
C.J. Watson,2010,GSW,PG,25,"1788,0","65,0","27,5","3,1","13,8"
Aaron Gray,2010,NOH,C,25,"311,0","32,0","9,7","0,9","16,6"
Toney Douglas,2010,NYK,PG,23,"1087,0","56,0","19,4","2,2","14,9"
Ian Mahinmi,2010,SAS,C,23,"165,0","26,0","6,3","0,7","21,6"
Josh Powell,2010,LAL,PF,27,"581,0","63,0","9,2","0,0","6,7"
Zydrunas Ilgauskas,2010,CLE,C,34,"1339,0","64,0","20,9","2,5","11,9"
Kyle Weaver,2010,OKC,SG,23,"144,0","12,0","12,0","0,3","10,7"
Kyrylo Fesenko,2010,UTA,C,23,"408,0","49,0","8,3","0,6","9,7"
Patrick O'Bryant,2010,TOR,C,23,"51,0","11,0","4,6","0,0","9,9"
Leon Powe,2010,CLE,SF,26,"236,0","20,0","11,8","0,5","10,2"
Marcus Haislip,2010,SAS,SF,29,"44,0","10,0","4,4","0,1","15,4"
Lou Amundson,2010,PHO,PF,27,"1168,0","79,0","14,8","2,9","14,4"
Randolph Morris,2010,ATL,PF,24,"124,0","28,0","4,4","0,3","14,6"
DeJuan Blair,2010,SAS,PF,20,"1494,0","82,0","18,2","4,6","17,7"
Sean Marks,2010,NOH,C,34,"75,0","14,0","5,4","0,2","9,0"
Jason Williams,2010,ORL,PG,34,"1703,0","82,0","20,8","4,5","12,9"
Brian Skinner,2010,LAC,PF,33,"123,0","16,0","7,7","0,0","5,5"
Jamaal Magloire,2010,MIA,C,31,"359,0","36,0","10,0","0,6","9,4"
Dominic McGuire,2010,SAC,SF,24,"307,0","51,0","6,0","-0,2","3,8"
Kevin Ollie,2010,OKC,PG,37,"263,0","25,0","10,5","0,3","7,0"
Luther Head,2010,IND,SG,27,"813,0","47,0","17,3","0,6","11,5"
Jarron Collins,2010,PHO,C,31,"261,0","34,0","7,7","0,1","3,7"
Keith Bogans,2010,SAS,SF,29,"1559,0","79,0","19,7","2,6","7,7"
Mikki Moore,2010,GSW,C,34,"406,0","23,0","17,7","0,6","11,2"
Jason Collins,2010,ATL,C,31,"115,0","24,0","4,8","-0,1","0,9"
Shelden Williams,2010,BOS,PF,26,"597,0","54,0","11,1","2,0","14,1"
Joel Anthony,2010,MIA,C,27,"1322,0","80,0","16,5","3,1","10,2"
Stephen Graham,2010,CHA,SG,27,"804,0","70,0","11,5","1,6","11,2"
Juwan Howard,2010,POR,C,36,"1632,0","73,0","22,4","2,6","10,0"
Joe Smith,2010,ATL,PF,34,"592,0","64,0","9,2","0,9","11,2"
Theo Ratliff,2010,CHA,C,36,"807,0","49,0","16,5","1,4","10,3"
Ben Wallace,2010,DET,C,35,"1975,0","69,0","28,6","4,7","15,8"
Marcus Williams,2010,MEM,PG,24,"872,0","62,0","14,1","0,0","10,6"
Pops Mensah-Bonsu,2010,TOR,PF,26,"120,0","20,0","6,0","0,0","11,4"
Anthony Carter,2010,DEN,PG,34,"859,0","54,0","15,9","0,9","10,3"
Josh McRoberts,2010,IND,C,22,"524,0","42,0","12,5","1,5","14,8"
Tim Thomas,2010,DAL,SF,32,"285,0","18,0","15,8","0,7","15,1"
Joey Graham,2010,DEN,SF,27,"759,0","63,0","12,0","1,1","10,6"
Lindsey Hunter,2010,CHI,PG,39,"122,0","13,0","9,4","-0,3","-2,2"
Rodney Carney,2010,PHI,SG,25,"857,0","68,0","12,6","1,5","12,7"
Carlos Arroyo,2010,MIA,PG,30,"1585,0","72,0","22,0","3,7","12,3"
Will Bynum,2010,DET,PG,27,"1667,0","63,0","26,5","1,9","13,8"
Johan Petro,2010,DEN,C,24,"436,0","36,0","12,1","0,8","10,7"
Sean May,2010,SAC,C,25,"331,0","37,0","8,9","0,3","11,7"
Sam Young,2010,MEM,SF,24,"1321,0","80,0","16,5","1,2","13,0"
Ime Udoka,2010,SAC,SG,32,"944,0","69,0","13,7","0,8","9,6"
Mario Chalmers,2010,MIA,PG,23,"1807,0","73,0","24,8","2,7","10,7"
Earl Boykins,2010,WAS,PG,33,"1117,0","67,0","16,7","1,0","12,9"
Jamaal Tinsley,2010,MEM,PG,31,"589,0","38,0","15,5","-0,3","7,8"
Malik Hairston,2010,SAS,SG,22,"317,0","47,0","6,7","0,7","11,6"
Anthony Morrow,2010,GSW,SG,24,"2018,0","69,0","29,2","3,5","14,0"
Sonny Weems,2010,TOR,SG,23,"1368,0","69,0","19,8","1,3","12,9"
DeAndre Jordan,2010,LAC,C,21,"1137,0","70,0","16,2","1,5","12,7"
Nathan Jawai,2010,MIN,C,23,"412,0","39,0","10,6","0,3","11,0"
Henry Walker,2010,NYK,SG-SF,22,"768,0","35,0","21,9","1,9","14,6"
Darnell Jackson,2010,MIL,PF,24,"123,0","28,0","4,4","-0,3","-0,1"
Bobby Brown,2010,LAC,PG,25,"519,0","45,0","11,5","-0,5","9,3"
Luc Mbah a Moute,2010,MIL,PF,23,"1866,0","73,0","25,6","4,7","11,8"
Jawad Williams,2010,CLE,PG,26,"742,0","54,0","13,7","1,1","8,2"
Chris Douglas-Roberts,2010,NJN,SF,23,"1730,0","67,0","25,8","0,7","11,5"
Chase Budinger,2010,HOU,SF,21,"1488,0","74,0","20,1","3,1","14,1"
Jermaine Taylor,2010,HOU,SG,23,"303,0","31,0","9,8","0,1","11,4"
Allen Iverson,2010,PHI,SG-PG,34,"865,0","28,0","30,9","0,7","13,4"
Jodie Meeks,2010,PHI,SG,22,"719,0","60,0","12,0","0,9","10,8"
Chris Hunter,2010,GSW,C,25,"783,0","60,0","13,0","1,3","12,2"
Jonathan Bender,2010,NYK,SF,29,"292,0","25,0","11,7","0,0","10,8"
Rafer Alston,2010,MIA,PG,33,"1421,0","52,0","27,3","-0,4","8,2"
Patty Mills,2010,POR,PG,21,"38,0","10,0","3,8","0,0","11,9"
Dante Cunningham,2010,POR,PF,22,"707,0","63,0","11,2","1,9","14,3"
Derrick Brown,2010,CHA,SF,22,"535,0","57,0","9,4","1,3","12,6"
A.J. Price,2010,IND,PG,23,"865,0","56,0","15,4","1,2","14,0"
DaJuan Summers,2010,DET,SF,22,"405,0","44,0","9,2","0,0","7,5"
Marcus Thornton,2010,NOH,SG,22,"1872,0","73,0","25,6","4,0","17,4"
Wesley Matthews,2010,UTA,SG,23,"2025,0","82,0","24,7","4,6","12,3"
Marcus Landry,2010,BOS,SF,24,"111,0","18,0","6,2","-0,1","7,2"
Danny Green,2010,CLE,SG,22,"115,0","20,0","5,8","0,2","12,3"
Lester Hudson,2010,MEM,PG,25,"131,0","25,0","5,2","0,1","13,2"
Jon Brockman,2010,SAC,PF,22,"654,0","52,0","12,6","1,7","12,4"
Jonas Jerebko,2010,DET,PF,22,"2232,0","80,0","27,9","4,4","13,9"
Mario West,2010,ATL,SG,25,"142,0","39,0","3,6","0,3","9,9"
Anthony Tolliver,2010,GSW,PF,24,"1427,0","46,0","31,0","2,5","13,6"
Jerry Stackhouse,2010,MIL,SG,35,"855,0","42,0","20,4","0,9","11,1"
Sundiata Gaines,2010,UTA,PG,23,"217,0","32,0","6,8","0,5","17,3"
Shaun Livingston,2010,WAS,PG,24,"796,0","36,0","22,1","1,2","12,8"
Chris Richard,2010,CHI,PF,25,"224,0","18,0","12,4","0,3","6,5"
Larry Hughes,2010,CHA,SG,31,"1115,0","45,0","24,8","0,7","12,0"
Reggie Williams,2010,GSW,SF,23,"782,0","24,0","32,6","1,7","16,1"
Othyus Jeffers,2010,UTA,SG,24,"73,0","14,0","5,2","0,1","13,6"
Brian Cardinal,2010,MIN,PF,32,"267,0","29,0","9,2","0,4","6,9"
Mike Harris,2010,WAS,PF,26,"96,0","13,0","7,4","-0,1","7,2"
Garrett Temple,2010,SAS,SG,23,"334,0","27,0","12,4","0,4","10,5"
Cartier Martin,2010,WAS,SF,25,"390,0","18,0","21,7","0,1","9,0"
Joey Dorsey,2010,SAC,PF,26,"106,0","15,0","7,1","0,1","9,8"
Alonzo Gee,2010,WAS,SG,22,"182,0","11,0","16,5","0,4","16,2"
Cedric Jackson,2010,WAS,PG,23,"74,0","12,0","6,2","-0,2","5,5"
Kobe Bryant,2011,LAL,SG,32,"2779,0","82,0","33,9","10,3","23,9"
Rashard Lewis,2011,WAS,SF-PF,31,"1824,0","57,0","32,0","3,0","12,0"
Tim Duncan,2011,SAS,C,34,"2156,0","76,0","28,4","7,7","21,9"
Kevin Garnett,2011,BOS,PF,34,"2220,0","71,0","31,3","9,0","20,6"
Michael Redd,2011,MIL,SG,31,"134,0","10,0","13,4","0,1","9,7"
Pau Gasol,2011,LAL,C,30,"3037,0","82,0","37,0","14,7","23,3"
Andrei Kirilenko,2011,UTA,SF,29,"1999,0","64,0","31,2","4,5","16,6"
Zach Randolph,2011,MEM,PF,29,"2724,0","75,0","36,3","10,5","22,6"
Vince Carter,2011,PHO,SG,34,"2051,0","73,0","28,1","3,8","14,8"
Dirk Nowitzki,2011,DAL,PF,32,"2504,0","73,0","34,3","11,1","23,4"
Carmelo Anthony,2011,DEN,SF,26,"2751,0","77,0","35,7","7,9","21,7"
Dwight Howard,2011,ORL,C,25,"2935,0","78,0","37,6","14,4","26,1"
Kenyon Martin,2011,DEN,PF,33,"1233,0","48,0","25,7","2,7","14,1"
Amar'e Stoudemire,2011,NYK,C,28,"2870,0","78,0","36,8","8,0","22,7"
Joe Johnson,2011,ATL,SG,29,"2554,0","72,0","35,5","4,2","16,4"
Elton Brand,2011,PHI,PF,31,"2809,0","81,0","34,7","9,4","18,5"
Chris Paul,2011,NOH,PG,25,"2880,0","80,0","36,0","13,9","23,7"
Deron Williams,2011,NJN,PG,26,"2465,0","65,0","37,9","7,3","21,1"
Chris Bosh,2011,MIA,PF,26,"2795,0","77,0","36,3","10,3","19,4"
LeBron James,2011,MIA,SF,26,"3063,0","79,0","38,8","15,6","27,3"
Jason Richardson,2011,ORL,SG,30,"2715,0","80,0","33,9","6,9","15,0"
Carlos Boozer,2011,CHI,C,29,"1882,0","59,0","31,9","5,8","18,8"
Dwyane Wade,2011,MIA,SG,29,"2823,0","76,0","37,1","12,8","25,6"
Baron Davis,2011,CLE,PG,31,"1649,0","58,0","28,4","2,8","17,0"
Paul Pierce,2011,BOS,SF,33,"2774,0","80,0","34,7","11,6","19,7"
Andrew Bynum,2011,LAL,C,23,"1500,0","54,0","27,8","6,6","21,1"
Rudy Gay,2011,MEM,SF,24,"2152,0","54,0","39,9","5,5","17,8"
Brandon Roy,2011,POR,SG,26,"1310,0","47,0","27,9","2,1","13,9"
Tony Parker,2011,SAS,PG,28,"2528,0","78,0","32,4","8,2","20,4"
Samuel Dalembert,2011,SAC,C,29,"1938,0","80,0","24,2","2,9","14,1"
Antawn Jamison,2011,CLE,PF,34,"1842,0","56,0","32,9","2,6","16,8"
Nick Collison,2011,OKC,C,30,"1524,0","71,0","21,5","3,6","10,8"
Chauncey Billups,2011,NYK,PG,34,"2310,0","72,0","32,1","8,0","18,7"
Al Jefferson,2011,UTA,C,26,"2940,0","82,0","35,9","7,8","20,1"
Tyson Chandler,2011,DAL,C,28,"2059,0","74,0","27,8","9,4","18,4"
Richard Hamilton,2011,DET,SG,32,"1498,0","55,0","27,2","1,8","15,8"
Andre Iguodala,2011,PHI,SF,27,"2469,0","67,0","36,9","6,7","17,2"
Chris Kaman,2011,LAC,C,28,"838,0","32,0","26,2","0,8","15,7"
Marcus Camby,2011,POR,C,36,"1540,0","59,0","26,1","3,7","14,8"
Josh Smith,2011,ATL,PF,25,"2645,0","77,0","34,4","6,4","19,2"
Emeka Okafor,2011,NOH,C,28,"2287,0","72,0","31,8","6,5","16,0"
Luol Deng,2011,CHI,SF,25,"3208,0","82,0","39,1","9,9","15,5"
LaMarcus Aldridge,2011,POR,PF,25,"3211,0","81,0","39,6","11,1","21,5"
Tayshaun Prince,2011,DET,SF,30,"2562,0","78,0","32,8","3,3","15,1"
Monta Ellis,2011,GSW,SG,25,"3227,0","80,0","40,3","6,0","18,6"
Andrew Bogut,2011,MIL,C,26,"2297,0","65,0","35,3","5,4","16,7"
Danny Granger,2011,IND,SF,27,"2763,0","79,0","35,0","6,9","17,8"
David Lee,2011,GSW,PF,27,"2634,0","73,0","36,1","6,0","17,8"
Jamal Crawford,2011,ATL,SG,30,"2297,0","76,0","30,2","3,4","14,2"
Ben Gordon,2011,DET,SG,27,"2131,0","82,0","26,0","1,7","12,4"
Kevin Martin,2011,HOU,SG,27,"2603,0","80,0","32,5","9,5","21,4"
Mike Dunleavy,2011,IND,SG,30,"1683,0","61,0","27,6","4,5","14,6"
Caron Butler,2011,DAL,SF,30,"867,0","29,0","29,9","1,2","14,2"
Gerald Wallace,2011,POR,SF-PF,28,"2693,0","71,0","37,9","6,2","16,2"
Steve Nash,2011,PHO,PG,36,"2497,0","75,0","33,3","7,9","20,8"
Ray Allen,2011,BOS,SG,35,"2890,0","80,0","36,1","10,0","16,4"
Mehmet Okur,2011,UTA,C,31,"168,0","13,0","12,9","0,2","12,6"
Jason Terry,2011,DAL,SG,33,"2564,0","82,0","31,3","5,3","15,9"
Corey Maggette,2011,MIL,SF,31,"1401,0","67,0","20,9","3,4","15,8"
Mo Williams,2011,LAC,PG,28,"1788,0","58,0","30,8","1,0","13,9"
Kirk Hinrich,2011,ATL,SG-PG,30,"2157,0","72,0","30,0","3,0","12,3"
Rajon Rondo,2011,BOS,PG,24,"2527,0","68,0","37,2","6,6","17,1"
Boris Diaw,2011,CHA,PF,28,"2778,0","82,0","33,9","4,8","13,9"
Devin Harris,2011,UTA,PG,27,"2254,0","71,0","31,7","4,2","17,2"
Jason Kidd,2011,DAL,PG,37,"2653,0","80,0","33,2","6,4","14,4"
Andrea Bargnani,2011,TOR,C,25,"2353,0","66,0","35,7","2,5","16,4"
T.J. Ford,2011,IND,PG,27,"773,0","41,0","18,9","0,2","9,9"
Stephen Jackson,2011,CHA,SG,32,"2405,0","67,0","35,9","1,9","14,6"
Richard Jefferson,2011,SAS,SF,30,"2459,0","81,0","30,4","5,9","12,4"
David West,2011,NOH,PF,30,"2451,0","70,0","35,0","7,8","20,4"
Lamar Odom,2011,LAL,PF,31,"2639,0","82,0","32,2","10,1","19,4"
John Salmons,2011,MIL,SG,31,"2554,0","73,0","35,0","4,3","12,8"
Jameer Nelson,2011,ORL,PG,28,"2319,0","76,0","30,5","6,6","15,4"
Luis Scola,2011,HOU,PF,30,"2412,0","74,0","32,6","5,5","18,4"
Joel Przybilla,2011,CHA,C,31,"519,0","36,0","14,4","0,5","6,2"
Paul Millsap,2011,UTA,PF,25,"2605,0","76,0","34,3","7,7","19,8"
Shane Battier,2011,MEM,SF,32,"2375,0","82,0","29,0","5,1","12,3"
Andre Miller,2011,POR,PG,34,"2650,0","81,0","32,7","7,0","17,8"
Marvin Williams,2011,ATL,SF,24,"1865,0","65,0","28,7","4,0","13,5"
Dan Gadzuric,2011,NJN,C-PF,32,"463,0","42,0","11,0","0,1","9,9"
James Posey,2011,IND,SF,34,"839,0","49,0","17,1","1,0","7,5"
Leandro Barbosa,2011,TOR,SG,28,"1395,0","58,0","24,1","1,5","15,3"
Shawn Marion,2011,DAL,SF,32,"2253,0","80,0","28,2","5,6","17,0"
Charlie Villanueva,2011,DET,PF,26,"1666,0","76,0","21,9","3,1","15,9"
Raymond Felton,2011,DEN,PG-SG,26,"2737,0","75,0","36,5","5,4","16,6"
Travis Outlaw,2011,NJN,SF,26,"2358,0","82,0","28,8","0,8","8,8"
Brendan Haywood,2011,DAL,C,31,"1331,0","72,0","18,5","2,9","11,7"
Nazr Mohammed,2011,OKC,C,33,"1280,0","75,0","17,1","2,7","15,9"
Kendrick Perkins,2011,OKC,C,26,"742,0","29,0","25,6","1,0","9,6"
Jeff Foster,2011,IND,C,34,"940,0","56,0","16,8","3,0","14,3"
Jason Kapono,2011,PHI,SF,29,"112,0","24,0","4,7","-0,2","1,6"
Tyrus Thomas,2011,CHA,C,24,"861,0","41,0","21,0","1,8","18,2"
Josh Childress,2011,PHO,SG,27,"894,0","54,0","16,6","1,4","13,0"
Beno Udrih,2011,SAC,PG,28,"2734,0","79,0","34,6","7,2","15,7"
DeSagana Diop,2011,CHA,C,29,"181,0","16,0","11,3","-0,1","5,4"
Metta World Peace,2011,LAL,SF,31,"2410,0","82,0","29,4","4,4","11,2"
Marcin Gortat,2011,PHO,C,26,"2032,0","80,0","25,4","6,4","17,8"
Kevin Durant,2011,OKC,SF,22,"3038,0","78,0","38,9","12,0","23,6"
Andray Blatche,2011,WAS,PF,24,"2172,0","64,0","33,9","2,4","16,9"
Drew Gooden,2011,MIL,PF,29,"860,0","35,0","24,6","1,8","15,9"
Al Harrington,2011,DEN,PF,30,"1665,0","73,0","22,8","2,1","12,3"
Wesley Matthews,2011,POR,SG,24,"2758,0","82,0","33,6","7,2","15,5"
Jermaine O'Neal,2011,BOS,C,32,"431,0","24,0","18,0","0,6","9,2"
Kyle Lowry,2011,HOU,PG,24,"2563,0","75,0","34,2","7,0","16,5"
Derrick Rose,2011,CHI,PG,22,"3026,0","81,0","37,4","13,1","23,5"
Al Horford,2011,ATL,C,24,"2704,0","77,0","35,1","10,1","20,7"
Blake Griffin,2011,LAC,PF,21,"3112,0","82,0","38,0","9,8","21,9"
Luke Walton,2011,LAL,SF,30,"484,0","54,0","9,0","-0,2","5,1"
Channing Frye,2011,PHO,PF,27,"2541,0","77,0","33,0","4,7","12,8"
John Wall,2011,WAS,PG,20,"2606,0","69,0","37,8","2,2","15,8"
Reggie Evans,2011,TOR,PF,30,"798,0","30,0","26,6","1,3","12,4"
Jason Maxiell,2011,DET,PF,27,"930,0","57,0","16,3","0,5","9,4"
Amir Johnson,2011,TOR,PF,23,"1853,0","72,0","25,7","5,6","17,6"
Kyle Korver,2011,CHI,SG,29,"1649,0","82,0","20,1","5,1","13,0"
Lou Williams,2011,PHI,SG,24,"1747,0","75,0","23,3","5,1","18,9"
Mike Miller,2011,MIA,SG,30,"838,0","41,0","20,4","1,6","9,7"
Linas Kleiza,2011,TOR,SF,26,"1032,0","39,0","26,5","-0,3","10,1"
Michael Beasley,2011,MIN,SF,22,"2361,0","73,0","32,3","1,7","15,5"
Mike Conley,2011,MEM,PG,23,"2872,0","81,0","35,5","6,6","15,9"
Antonio McDyess,2011,SAS,PF,36,"1387,0","73,0","19,0","3,0","12,8"
Darius Songaila,2011,PHI,C,32,"71,0","10,0","7,1","0,0","1,2"
Martell Webster,2011,MIN,SF,24,"1094,0","46,0","23,8","1,8","12,4"
Hasheem Thabeet,2011,HOU,C,23,"373,0","47,0","7,9","0,3","4,7"
Ronnie Brewer,2011,CHI,SG,25,"1781,0","81,0","22,0","5,4","13,8"
Evan Turner,2011,PHI,SG,22,"1797,0","78,0","23,0","2,3","10,8"
Jarrett Jack,2011,NOH,SG-PG,27,"1722,0","83,0","20,7","2,4","14,2"
Chris Andersen,2011,DEN,C,32,"732,0","45,0","16,3","3,2","19,0"
O.J. Mayo,2011,MEM,SG,23,"1869,0","71,0","26,3","2,4","12,6"
Jeff Green,2011,BOS,PF-SF,24,"2427,0","75,0","32,4","4,8","12,9"
Charlie Bell,2011,GSW,SG,31,"171,0","19,0","9,0","-0,1","4,7"
Brad Miller,2011,HOU,C,34,"1015,0","60,0","16,9","3,0","16,3"
James Harden,2011,OKC,SG,21,"2189,0","82,0","26,7","7,1","16,4"
Matt Carroll,2011,CHA,SG,30,"582,0","54,0","10,8","0,8","12,2"
Zaza Pachulia,2011,ATL,C,26,"1244,0","79,0","15,7","3,1","12,4"
Hakim Warrick,2011,PHO,PF,28,"1416,0","80,0","17,7","3,4","16,5"
Randy Foye,2011,LAC,SG,27,"1551,0","63,0","24,6","1,7","11,4"
Nate Robinson,2011,OKC,PG,26,"1013,0","59,0","17,2","1,1","10,0"
DeShawn Stevenson,2011,DAL,SG,29,"1158,0","72,0","16,1","1,8","9,8"
Derrick Favors,2011,UTA,PF,19,"1535,0","78,0","19,7","2,9","13,9"
Yi Jianlian,2011,WAS,PF,23,"1112,0","63,0","17,7","0,4","10,1"
Russell Westbrook,2011,OKC,PG,22,"2847,0","82,0","34,7","9,4","23,6"
Daniel Gibson,2011,CLE,SG,24,"1865,0","67,0","27,8","2,4","13,2"
Luke Ridnour,2011,MIN,PG,29,"2159,0","71,0","30,4","4,0","15,0"
Anthony Morrow,2011,NJN,SG,25,"1856,0","58,0","32,0","3,0","12,1"
Ronny Turiaf,2011,NYK,C,28,"1141,0","64,0","17,8","3,2","13,6"
Brandon Bass,2011,ORL,PF,25,"1980,0","76,0","26,1","6,3","15,9"
Steve Blake,2011,LAL,PG,30,"1581,0","79,0","20,0","1,8","7,5"
Ryan Gomes,2011,LAC,SF,28,"2095,0","76,0","27,6","2,5","9,0"
Willie Green,2011,NOH,SG,29,"1674,0","77,0","21,7","1,8","10,8"
Ramon Sessions,2011,CLE,PG,24,"2133,0","81,0","26,3","4,4","19,0"
Tyreke Evans,2011,SAC,SG,21,"2107,0","57,0","37,0","1,6","14,4"
Corey Brewer,2011,DAL,SF-SG,24,"1510,0","69,0","21,9","1,1","11,0"
Jordan Farmar,2011,NJN,PG,24,"1796,0","73,0","24,6","1,9","14,1"
Wesley Johnson,2011,MIN,SG,23,"2069,0","79,0","26,2","1,3","10,2"
C.J. Miles,2011,UTA,SF,23,"1969,0","78,0","25,2","2,5","14,4"
Derek Fisher,2011,LAL,PG,36,"2297,0","82,0","28,0","3,7","8,9"
Kevin Love,2011,MIN,PF,22,"2611,0","73,0","35,8","11,4","24,3"
C.J. Watson,2011,CHI,PG,26,"1091,0","82,0","13,3","2,1","12,8"
Marc Gasol,2011,MEM,C,26,"2586,0","81,0","31,9","7,9","16,8"
Timofey Mozgov,2011,DEN,C,24,"524,0","45,0","11,6","0,6","10,8"
Dorell Wright,2011,GSW,SF,25,"3147,0","82,0","38,4","5,8","15,0"
Udonis Haslem,2011,MIA,PF,30,"345,0","13,0","26,5","0,9","12,7"
Chris Duhon,2011,ORL,PG,28,"774,0","51,0","15,2","0,2","5,6"
Carlos Delfino,2011,MIL,SF,28,"1590,0","49,0","32,4","3,5","13,1"
Shaun Livingston,2011,CHA,PG,25,"1261,0","73,0","17,3","1,9","14,3"
Tiago Splitter,2011,SAS,C,26,"738,0","60,0","12,3","2,3","16,0"
Brandan Wright,2011,NJN,PF,23,"379,0","37,0","10,2","0,8","15,9"
DeMarcus Cousins,2011,SAC,C,20,"2309,0","81,0","28,5","1,1","14,6"
Danilo Gallinari,2011,DEN,PF-SF,22,"2104,0","62,0","33,9","6,1","15,7"
Joel Anthony,2011,MIA,C,28,"1463,0","75,0","19,5","3,3","7,3"
Thabo Sefolosha,2011,OKC,SG,26,"2049,0","79,0","25,9","4,1","10,4"
Will Bynum,2011,DET,PG,28,"1125,0","61,0","18,4","1,5","15,2"
Johan Petro,2011,NJN,C,25,"893,0","77,0","11,6","0,4","9,9"
Grant Hill,2011,PHO,SF,38,"2409,0","80,0","30,1","4,4","14,7"
Kris Humphries,2011,NJN,PF,25,"2061,0","74,0","27,9","5,4","17,8"
Jonny Flynn,2011,MIN,PG,21,"983,0","53,0","18,5","-1,3","7,1"
Joakim Noah,2011,CHI,C,25,"1576,0","48,0","32,8","6,7","18,8"
Ekpe Udoh,2011,GSW,C,23,"1030,0","58,0","17,8","0,7","9,7"
Matt Bonner,2011,SAS,PF,30,"1432,0","66,0","21,7","4,4","13,5"
Eric Gordon,2011,LAC,SG,22,"2112,0","56,0","37,7","5,3","18,5"
Glen Davis,2011,BOS,C,25,"2298,0","78,0","29,5","4,9","12,8"
Jamario Moon,2011,LAC,SF,30,"1042,0","59,0","17,7","1,1","10,1"
Raja Bell,2011,UTA,SG,34,"2097,0","68,0","30,8","1,7","8,2"
Josh Howard,2011,WAS,SF,30,"409,0","18,0","22,7","-0,2","9,2"
Carl Landry,2011,NOH,PF,27,"2008,0","76,0","26,4","4,1","14,8"
Tony Allen,2011,MEM,SG,29,"1494,0","72,0","20,8","4,7","18,4"
Chris Wilcox,2011,DET,PF,28,"995,0","57,0","17,5","2,8","18,0"
Spencer Hawes,2011,PHI,C,22,"1718,0","81,0","21,2","2,4","12,8"
Stephen Curry,2011,GSW,PG,22,"2489,0","74,0","33,6","6,6","19,4"
Thaddeus Young,2011,PHI,PF,22,"2135,0","82,0","26,0","6,2","18,4"
Julian Wright,2011,TOR,SF,23,"766,0","52,0","14,7","0,6","12,1"
Anthony Parker,2011,CLE,SF,35,"2091,0","72,0","29,0","1,5","10,5"
Greg Monroe,2011,DET,C,20,"2222,0","80,0","27,8","6,6","18,0"
Rodney Stuckey,2011,DET,PG,24,"2183,0","70,0","31,2","5,0","18,4"
Sebastian Telfair,2011,MIN,PG,25,"711,0","37,0","19,2","0,1","10,5"
Jordan Hill,2011,HOU,C,23,"1125,0","72,0","15,6","1,8","13,1"
Nick Young,2011,WAS,SG,25,"2034,0","64,0","31,8","2,8","14,5"
Al-Farouq Aminu,2011,LAC,SF,20,"1452,0","81,0","17,9","0,7","9,6"
D.J. Augustin,2011,CHA,PG,23,"2757,0","82,0","33,6","6,2","15,9"
Maurice Evans,2011,WAS,SF,32,"1549,0","73,0","21,2","1,7","9,1"
Dahntay Jones,2011,IND,SG,30,"589,0","45,0","13,1","1,2","13,7"
David Andersen,2011,NOH,PF,30,"373,0","40,0","9,3","0,3","10,9"
DeMar DeRozan,2011,TOR,SG,21,"2851,0","82,0","34,8","3,2","14,5"
Brook Lopez,2011,NJN,C,22,"2889,0","82,0","35,2","6,3","19,3"
Marquis Daniels,2011,BOS,SF,30,"938,0","49,0","19,1","2,0","11,7"
Marco Belinelli,2011,NOH,SG,24,"1957,0","80,0","24,5","3,4","12,1"
Gordon Hayward,2011,UTA,SF,20,"1218,0","72,0","16,9","1,2","10,7"
Ryan Hollins,2011,CLE,C,26,"1182,0","70,0","16,9","1,8","10,7"
Brandon Jennings,2011,MIL,PG,21,"2169,0","63,0","34,4","3,9","15,6"
Craig Smith,2011,LAC,PF,27,"586,0","48,0","12,2","1,5","15,4"
Jerryd Bayless,2011,TOR,PG,22,"1496,0","71,0","21,1","1,6","14,1"
Quentin Richardson,2011,ORL,SF,30,"955,0","57,0","16,8","1,3","8,1"
Paul George,2011,IND,SG,20,"1265,0","61,0","20,7","2,4","13,0"
Lou Amundson,2011,GSW,PF,28,"691,0","46,0","15,0","0,6","11,5"
Terrence Williams,2011,HOU,SG,23,"290,0","21,0","13,8","-0,6","6,9"
Anthony Tolliver,2011,MIN,SF,25,"1362,0","65,0","21,0","3,3","13,3"
Jason Smith,2011,NOH,C,24,"1102,0","77,0","14,3","1,6","10,8"
Jason Thompson,2011,SAC,PF,24,"1748,0","75,0","23,3","2,9","13,6"
Daequan Cook,2011,OKC,SG,23,"598,0","43,0","13,9","1,6","12,8"
Jared Dudley,2011,PHO,SF,25,"2140,0","82,0","26,1","5,6","15,6"
Shannon Brown,2011,LAL,SG,25,"1568,0","82,0","19,1","3,1","13,6"
Wilson Chandler,2011,DEN,SF,23,"2401,0","72,0","33,3","3,9","14,6"
Cole Aldrich,2011,OKC,C,22,"142,0","18,0","7,9","0,2","7,0"
Gerald Henderson,2011,CHA,SG,23,"1661,0","68,0","24,4","2,4","13,2"
Keyon Dooling,2011,MIL,PG,30,"1757,0","80,0","22,0","2,9","11,3"
Ben Wallace,2011,DET,C,36,"1238,0","54,0","22,9","1,9","12,3"
Brandon Rush,2011,IND,SG,25,"1754,0","67,0","26,2","2,6","10,6"
Xavier Henry,2011,MEM,SG,19,"527,0","38,0","13,9","0,2","7,0"
Aaron Brooks,2011,PHO,PG,26,"1284,0","59,0","21,8","1,1","13,1"
Tyler Hansbrough,2011,IND,PF,25,"1535,0","70,0","21,9","3,8","16,4"
Chuck Hayes,2011,HOU,C,27,"2079,0","74,0","28,1","6,3","16,2"
Anthony Randolph,2011,MIN,C-PF,21,"590,0","40,0","14,8","0,5","16,2"
Arron Afflalo,2011,DEN,SG,25,"2324,0","69,0","33,7","6,2","13,6"
Ed Davis,2011,TOR,PF,21,"1602,0","65,0","24,6","4,0","15,8"
Earl Clark,2011,ORL,SF,23,"464,0","42,0","11,0","0,3","10,1"
Robin Lopez,2011,PHO,C,22,"991,0","67,0","14,8","1,5","13,9"
Patrick Patterson,2011,HOU,PF,21,"868,0","52,0","16,7","2,4","16,7"
J.J. Barea,2011,DAL,PG,26,"1669,0","81,0","20,6","3,2","14,8"
Austin Daye,2011,DET,SF,22,"1446,0","72,0","20,1","2,1","13,0"
Kurt Thomas,2011,CHI,PF,38,"1178,0","52,0","22,7","3,2","10,0"
Marreese Speights,2011,PHI,C,23,"734,0","64,0","11,5","1,7","15,3"
Matt Barnes,2011,LAL,SF,30,"1020,0","53,0","19,2","3,0","14,6"
Larry Sanders,2011,MIL,C,22,"872,0","60,0","14,5","1,0","11,0"
James Johnson,2011,TOR,SF,23,"822,0","38,0","21,6","0,6","12,6"
Roy Hibbert,2011,IND,C,24,"2244,0","81,0","27,7","3,6","15,9"
Luke Babbitt,2011,POR,SF,21,"137,0","24,0","5,7","-0,4","1,0"
Jrue Holiday,2011,PHI,PG,20,"2901,0","82,0","35,4","5,7","15,4"
JaVale McGee,2011,WAS,C,23,"2193,0","79,0","27,8","5,3","17,4"
Hamed Haddadi,2011,MEM,C,25,"168,0","31,0","5,4","0,6","19,7"
Keith Bogans,2011,CHI,SG,30,"1461,0","82,0","17,8","3,6","9,0"
Ty Lawson,2011,DEN,PG,23,"2103,0","80,0","26,3","6,7","17,9"
Solomon Jones,2011,IND,C,26,"528,0","39,0","13,5","0,5","8,5"
Eric Bledsoe,2011,LAC,PG,21,"1841,0","81,0","22,7","0,3","10,8"
Jeff Teague,2011,ATL,PG,22,"963,0","70,0","13,8","1,7","14,6"
Avery Bradley,2011,BOS,PG,20,"162,0","31,0","5,2","-0,5","2,2"
Eric Maynor,2011,OKC,PG,23,"1200,0","82,0","14,6","1,5","11,7"
Ryan Anderson,2011,ORL,PF,22,"1424,0","64,0","22,2","6,4","19,0"
Ronnie Price,2011,UTA,SG,27,"717,0","59,0","12,2","-0,7","5,5"
James Anderson,2011,SAS,SF,21,"286,0","26,0","11,0","0,3","8,5"
Darren Collison,2011,IND,PG,23,"2360,0","79,0","29,9","4,3","15,6"
Courtney Lee,2011,HOU,SG,25,"1723,0","81,0","21,3","2,7","12,6"
Zydrunas Ilgauskas,2011,MIA,C,35,"1145,0","72,0","15,9","2,9","12,8"
Eddie House,2011,MIA,SG,32,"978,0","56,0","17,5","2,2","11,9"
Shaquille O'Neal,2011,BOS,C,38,"752,0","37,0","20,3","2,7","17,4"
Kosta Koufos,2011,DEN,C,21,"434,0","50,0","8,7","0,2","12,6"
Omri Casspi,2011,SAC,SF,22,"1702,0","71,0","24,0","2,5","11,7"
Trevor Booker,2011,WAS,PF,23,"1063,0","65,0","16,4","2,6","15,3"
Serge Ibaka,2011,OKC,PF,21,"2216,0","82,0","27,0","7,6","17,7"
Byron Mullens,2011,OKC,PF,21,"85,0","13,0","6,5","-0,2","3,5"
Royal Ivey,2011,OKC,SG,29,"155,0","25,0","6,2","0,2","8,2"
Nicolas Batum,2011,POR,SF,22,"2522,0","80,0","31,5","6,6","14,8"
Damion James,2011,NJN,SF,23,"403,0","25,0","16,1","0,1","10,1"
Rodrigue Beaubois,2011,DAL,PG,22,"496,0","28,0","17,7","0,2","11,4"
Brian Cook,2011,LAC,PF,30,"447,0","40,0","11,2","0,6","11,6"
James Jones,2011,MIA,SF,30,"1549,0","81,0","19,1","4,7","11,1"
Darrell Arthur,2011,MEM,PF,22,"1609,0","80,0","20,1","3,8","15,7"
Taj Gibson,2011,CHI,PF,25,"1742,0","80,0","21,8","5,2","14,3"
Dominique Jones,2011,DAL,SG,22,"135,0","18,0","7,5","0,0","10,6"
D.J. White,2011,CHA,C-PF,24,"685,0","47,0","14,6","1,8","15,3"
Kyrylo Fesenko,2011,UTA,C,24,"456,0","53,0","8,6","-0,1","5,8"
DeMarre Carroll,2011,HOU,PF,24,"50,0","12,0","4,2","0,1","8,7"
Wayne Ellington,2011,MIN,SG,23,"1181,0","62,0","19,0","0,3","8,6"
Quincy Pondexter,2011,NOH,SF,22,"734,0","66,0","11,1","0,9","8,5"
Toney Douglas,2011,NYK,SG,24,"1971,0","81,0","24,3","4,2","15,2"
Jordan Crawford,2011,WAS,SG,22,"1027,0","42,0","24,5","-0,6","11,8"
Quinton Ross,2011,NJN,SF,29,"353,0","36,0","9,8","0,0","3,7"
Jawad Williams,2011,CLE,SF,27,"391,0","26,0","15,0","-0,5","4,8"
Aaron Gray,2011,NOH,C,26,"531,0","41,0","13,0","1,1","11,0"
Christian Eyenga,2011,CLE,SF,21,"947,0","44,0","21,5","-0,3","9,0"
Lazar Hayward,2011,MIN,SF,24,"419,0","42,0","10,0","0,3","10,8"
Jon Brockman,2011,MIL,C,23,"677,0","63,0","10,7","1,9","9,6"
Stephen Graham,2011,NJN,SG,28,"959,0","59,0","16,3","-0,3","4,4"
Joey Graham,2011,CLE,SF,28,"586,0","39,0","15,0","0,0","7,7"
Patty Mills,2011,POR,PG,22,"783,0","64,0","12,2","0,7","13,0"
DeJuan Blair,2011,SAS,PF,21,"1734,0","81,0","21,4","4,8","17,1"
Sam Young,2011,MEM,SF,25,"1577,0","78,0","20,2","2,9","12,5"
Ian Mahinmi,2011,DAL,C,24,"488,0","56,0","8,7","1,8","13,7"
Josh McRoberts,2011,IND,PF,23,"1597,0","72,0","22,2","4,9","16,0"
Mario Chalmers,2011,MIA,PG,24,"1579,0","70,0","22,6","2,9","10,3"
Jamaal Magloire,2011,MIA,C,32,"158,0","18,0","8,8","0,6","12,7"
Melvin Ely,2011,DEN,C,32,"366,0","30,0","12,2","0,6","8,3"
Tracy McGrady,2011,DET,SG,31,"1686,0","72,0","23,4","2,1","14,9"
Luther Head,2011,SAC,PG,28,"586,0","36,0","16,3","0,9","11,7"
Earl Watson,2011,UTA,PG,31,"1567,0","80,0","19,6","1,0","10,2"
Sonny Weems,2011,TOR,SF,24,"1413,0","59,0","23,9","-0,4","10,2"
Kwame Brown,2011,CHA,C,28,"1714,0","66,0","26,0","3,5","12,8"
Francisco Elson,2011,UTA,C,34,"610,0","62,0","9,8","0,6","8,9"
Tony Battie,2011,PHI,C,34,"377,0","38,0","9,9","0,6","9,5"
Von Wafer,2011,BOS,SG,25,"553,0","58,0","9,5","1,1","10,6"
Malik Allen,2011,ORL,PF,32,"178,0","18,0","9,9","0,2","3,3"
DeAndre Jordan,2011,LAC,C,22,"2047,0","80,0","25,6","5,2","14,8"
Jason Collins,2011,ATL,C,32,"593,0","49,0","12,1","0,6","5,4"
Shelden Williams,2011,NYK,PF,27,"911,0","59,0","15,4","1,9","12,3"
Shawne Williams,2011,NYK,PF,24,"1323,0","64,0","20,7","2,5","12,2"
George Hill,2011,SAS,PG,24,"2148,0","76,0","28,3","6,1","14,6"
Josh Powell,2011,ATL,PF,28,"653,0","54,0","12,1","-0,2","8,0"
Henry Walker,2011,NYK,SG,23,"784,0","61,0","12,9","1,1","11,3"
Juwan Howard,2011,MIA,PF,37,"592,0","57,0","10,4","0,9","8,4"
Joe Smith,2011,LAL,PF,35,"69,0","16,0","4,3","-0,1","-0,1"
Theo Ratliff,2011,LAL,C,37,"71,0","10,0","7,1","0,0","4,4"
Darnell Jackson,2011,SAC,PF,25,"486,0","59,0","8,2","0,7","12,3"
Luc Mbah a Moute,2011,MIL,PF,24,"2093,0","79,0","26,5","4,8","11,5"
Earl Boykins,2011,MIL,PG,34,"862,0","57,0","15,1","2,3","17,6"
Hilton Armstrong,2011,ATL,C,26,"488,0","53,0","9,2","0,5","8,8"
Cartier Martin,2011,WAS,SF,26,"542,0","52,0","10,4","0,8","11,7"
Joey Dorsey,2011,TOR,C,27,"522,0","43,0","12,1","0,8","14,2"
Anthony Carter,2011,NYK,PG,35,"463,0","33,0","14,0","0,2","9,2"
Delonte West,2011,BOS,PG,27,"453,0","24,0","18,9","0,9","12,3"
Brian Cardinal,2011,DAL,SF,33,"618,0","56,0","11,0","1,7","9,7"
Brian Scalabrine,2011,CHI,PF,32,"88,0","18,0","4,9","0,1","6,5"
Chris Douglas-Roberts,2011,MIL,SF,24,"884,0","44,0","20,1","1,6","11,5"
Etan Thomas,2011,ATL,C,32,"82,0","13,0","6,3","0,2","15,1"
Chris Quinn,2011,SAS,PG,27,"292,0","41,0","7,1","0,1","7,5"
Sean Marks,2011,POR,C,35,"208,0","29,0","7,2","0,1","4,9"
Chase Budinger,2011,HOU,SF,22,"1738,0","78,0","22,3","3,4","14,2"
Jermaine Taylor,2011,SAC,SG,24,"483,0","34,0","14,2","0,1","12,2"
Jodie Meeks,2011,PHI,SG,23,"2062,0","74,0","27,9","5,1","12,5"
Dante Cunningham,2011,CHA,PF,23,"1637,0","78,0","21,0","2,0","10,7"
Derrick Brown,2011,NYK,SF,23,"576,0","49,0","11,8","1,0","12,9"
A.J. Price,2011,IND,PG,24,"795,0","50,0","15,9","0,3","10,7"
DaJuan Summers,2011,DET,SF,23,"199,0","22,0","9,0","-0,3","4,4"
Marcus Thornton,2011,SAC,SG,23,"1775,0","73,0","24,3","3,5","16,5"
Reggie Williams,2011,GSW,SF,24,"1626,0","80,0","20,3","3,7","14,9"
Lance Stephenson,2011,IND,SG,20,"115,0","12,0","9,6","-0,2","5,5"
Erick Dampier,2011,MIA,C,35,"815,0","51,0","16,0","1,9","9,7"
Ime Udoka,2011,SAS,SF,33,"130,0","20,0","6,5","0,0","5,3"
Solomon Alabi,2011,TOR,C,22,"59,0","12,0","4,9","-0,2","2,0"
Alonzo Gee,2011,CLE,SG,23,"1118,0","56,0","20,0","1,0","10,8"
Acie Law,2011,GSW,PG,26,"726,0","51,0","14,2","0,4","9,9"
Ike Diogu,2011,LAC,PF,27,"470,0","36,0","13,1","1,0","13,7"
Gary Neal,2011,SAS,SG,26,"1685,0","80,0","21,1","3,5","13,1"
Jason Williams,2011,MEM,PG,35,"295,0","27,0","10,9","0,2","8,4"
Lester Hudson,2011,WAS,PG,26,"73,0","11,0","6,6","-0,1","6,0"
Willie Warren,2011,LAC,PG,21,"134,0","19,0","7,1","0,2","10,8"
Samardo Samuels,2011,CLE,PF,22,"701,0","37,0","18,9","0,0","11,7"
Damien Wilkins,2011,ATL,SF,31,"676,0","52,0","13,0","1,5","11,4"
Sherron Collins,2011,CHA,PG,23,"66,0","20,0","3,3","-0,2","3,6"
Jeremy Lin,2011,GSW,PG,22,"285,0","29,0","9,8","0,5","14,8"
Landry Fields,2011,NYK,SG,22,"2541,0","82,0","31,0","5,3","13,5"
Ish Smith,2011,MEM,PG,22,"442,0","43,0","10,3","-0,1","7,6"
Garret Siler,2011,PHO,C,24,"101,0","21,0","4,8","0,1","13,5"
Armon Johnson,2011,POR,PG,21,"277,0","38,0","7,3","-0,3","9,3"
Derrick Caracter,2011,LAL,C,22,"215,0","41,0","5,2","0,3","10,0"
Gary Forbes,2011,DEN,SF,25,"791,0","63,0","12,6","0,9","11,7"
Ben Uzoh,2011,NJN,PG,22,"438,0","42,0","10,4","0,5","14,7"
Manny Harris,2011,CLE,SG,21,"933,0","54,0","17,3","0,0","10,4"
Devin Ebanks,2011,LAL,SG,21,"118,0","20,0","5,9","0,4","19,4"
Luke Harangody,2011,CLE,PF,23,"640,0","49,0","13,1","0,6","10,1"
Semih Erden,2011,CLE,C,24,"595,0","41,0","14,5","1,4","10,3"
Jeremy Evans,2011,UTA,SF,23,"463,0","49,0","9,4","1,6","18,8"
Steve Novak,2011,SAS,SF,27,"215,0","30,0","7,2","0,9","17,8"
Mustafa Shakur,2011,WAS,PG,26,"159,0","22,0","7,2","-0,4","6,8"
Jared Jeffries,2011,NYK,PF,29,"601,0","42,0","14,3","0,6","8,0"
Mike Bibby,2011,MIA,PG,32,"2285,0","80,0","28,6","4,0","10,9"
Troy Murphy,2011,BOS,PF,30,"466,0","35,0","13,3","0,3","8,0"
Dominic McGuire,2011,CHA,SF,25,"760,0","52,0","14,6","0,9","10,4"
Rasual Butler,2011,CHI,SG,31,"770,0","47,0","16,4","-0,1","6,2"
Al Thornton,2011,GSW,SF-PF,27,"1383,0","71,0","19,5","1,6","11,7"
Leon Powe,2011,MEM,C-PF,27,"328,0","30,0","10,9","0,6","15,0"
Carlos Arroyo,2011,MIA,PG,31,"1185,0","64,0","18,5","1,7","9,0"
Zabian Dowdell,2011,PHO,PG,26,"292,0","24,0","12,2","-0,1","11,7"
Jeff Adrien,2011,GSW,PF,24,"196,0","23,0","8,5","0,2","11,3"
Sundiata Gaines,2011,NJN,PG,24,"301,0","24,0","12,5","-0,1","11,3"
Chris Johnson,2011,BOS,C,25,"138,0","14,0","9,9","0,2","10,2"
Garrett Temple,2011,CHA,PG-SG,24,"230,0","24,0","9,6","-0,4","4,7"
Othyus Jeffers,2011,WAS,SG,25,"322,0","17,0","18,9","0,7","13,3"
Larry Owens,2011,WAS,SF,28,"143,0","12,0","11,9","0,2","11,2"
Earl Barron,2011,POR,C,29,"305,0","21,0","14,5","-0,2","6,2"
Kobe Bryant,2012,LAL,SG,33,"2232,0","58,0","38,5","6,2","21,9"
Kevin Garnett,2012,BOS,C,35,"1864,0","60,0","31,1","6,9","20,4"
Tim Duncan,2012,SAS,C,35,"1634,0","58,0","28,2","5,9","22,5"
Rashard Lewis,2012,WAS,SF,32,"729,0","28,0","26,0","0,3","9,3"
Dirk Nowitzki,2012,DAL,PF,33,"2079,0","62,0","33,5","7,6","21,7"
Pau Gasol,2012,LAL,PF,31,"2430,0","65,0","37,4","8,3","20,4"
Carmelo Anthony,2012,NYK,SF,27,"1876,0","55,0","34,1","6,2","21,1"
Amar'e Stoudemire,2012,NYK,PF,29,"1543,0","47,0","32,8","4,1","17,7"
Elton Brand,2012,PHI,C,32,"1732,0","60,0","28,9","6,1","18,0"
Dwight Howard,2012,ORL,C,26,"2070,0","54,0","38,3","7,7","24,2"
Joe Johnson,2012,ATL,SG,30,"2127,0","60,0","35,4","6,4","18,4"
Chris Bosh,2012,MIA,PF,27,"2007,0","57,0","35,2","6,9","18,9"
LeBron James,2012,MIA,SF,27,"2326,0","62,0","37,5","14,5","30,7"
Chris Paul,2012,LAC,PG,26,"2181,0","60,0","36,4","12,7","27,0"
Deron Williams,2012,NJN,PG,27,"1999,0","55,0","36,3","4,1","20,3"
Dwyane Wade,2012,MIA,SG,30,"1625,0","49,0","33,2","7,7","26,3"
Kevin Durant,2012,OKC,SF,23,"2546,0","66,0","38,6","12,2","26,2"
Paul Pierce,2012,BOS,SF,34,"2075,0","61,0","34,0","7,0","19,6"
Zach Randolph,2012,MEM,PF,30,"735,0","28,0","26,2","2,1","17,9"
Antawn Jamison,2012,CLE,PF,35,"2151,0","65,0","33,1","3,1","16,1"
Rudy Gay,2012,MEM,SF,25,"2422,0","65,0","37,3","6,0","17,8"
Al Jefferson,2012,UTA,C,27,"2075,0","61,0","34,0","7,5","22,8"
Andrew Bynum,2012,LAL,C,24,"2112,0","60,0","35,2","8,0","22,9"
Andre Iguodala,2012,PHI,SF,28,"2209,0","62,0","35,6","7,3","17,6"
Chris Kaman,2012,NOH,C,29,"1372,0","47,0","29,2","0,7","15,3"
LaMarcus Aldridge,2012,POR,PF,26,"1994,0","55,0","36,3","7,0","22,7"
Carlos Boozer,2012,CHI,PF,30,"1948,0","66,0","29,5","7,6","19,7"
Tyson Chandler,2012,NYK,C,29,"2061,0","62,0","33,2","9,5","18,7"
Marc Gasol,2012,MEM,C,27,"2370,0","65,0","36,5","8,2","18,4"
Emeka Okafor,2012,NOH,C,29,"781,0","27,0","28,9","1,7","15,1"
Tony Parker,2012,SAS,PG,29,"1923,0","60,0","32,0","7,1","22,0"
Al Horford,2012,ATL,C,25,"348,0","11,0","31,6","1,3","19,0"
Josh Smith,2012,ATL,PF,26,"2329,0","66,0","35,3","6,8","21,1"
Luol Deng,2012,CHI,SF,26,"2129,0","54,0","39,4","5,8","14,1"
Danny Granger,2012,IND,SF,28,"2062,0","62,0","33,3","6,7","18,6"
Joakim Noah,2012,CHI,C,26,"1945,0","64,0","30,4","9,0","19,6"
Andrew Bogut,2012,MIL,C,27,"364,0","12,0","30,3","0,5","14,9"
Steve Nash,2012,PHO,PG,37,"1961,0","62,0","31,6","5,9","20,3"
David Lee,2012,GSW,PF,28,"2121,0","57,0","37,2","5,0","19,7"
Ben Gordon,2012,DET,SG,28,"1398,0","52,0","26,9","1,7","13,5"
Kevin Martin,2012,HOU,SG,28,"1264,0","40,0","31,6","3,3","16,5"
Marcus Camby,2012,HOU,C,37,"1352,0","59,0","22,9","3,6","16,2"
Jason Terry,2012,DAL,SG,34,"2000,0","63,0","31,7","3,8","15,7"
Monta Ellis,2012,MIL,SG,26,"2120,0","58,0","36,6","2,6","17,5"
Mehmet Okur,2012,NJN,C,32,"454,0","17,0","26,7","0,0","8,4"
Corey Maggette,2012,CHA,SF,32,"881,0","32,0","27,5","0,7","14,1"
Jason Kidd,2012,DAL,PG,38,"1379,0","48,0","28,7","3,0","13,1"
DeAndre Jordan,2012,LAC,C,23,"1798,0","66,0","27,2","5,6","16,4"
Rajon Rondo,2012,BOS,PG,25,"1957,0","53,0","36,9","4,9","17,5"
Andrea Bargnani,2012,TOR,C,26,"1032,0","31,0","33,3","2,2","17,9"
Ray Allen,2012,BOS,SG,36,"1565,0","46,0","34,0","4,7","14,8"
David West,2012,IND,PF,31,"1925,0","66,0","29,2","5,9","17,8"
Gerald Wallace,2012,NJN,SF,29,"2076,0","58,0","35,8","4,8","15,9"
Devin Harris,2012,UTA,PG,28,"1741,0","63,0","27,6","4,2","16,0"
Richard Jefferson,2012,GSW,SF,31,"1748,0","63,0","27,7","3,1","11,1"
Lamar Odom,2012,DAL,SF,32,"1027,0","50,0","20,5","0,3","9,2"
Paul Millsap,2012,UTA,PF,26,"2100,0","64,0","32,8","7,8","21,8"
Jameer Nelson,2012,ORL,PG,29,"1706,0","57,0","29,9","3,5","14,6"
Luis Scola,2012,HOU,PF,31,"2067,0","66,0","31,3","3,4","15,4"
Carl Landry,2012,NOH,PF,28,"999,0","41,0","24,4","2,9","18,2"
Rodney Stuckey,2012,DET,SG,25,"1644,0","55,0","29,9","4,5","17,6"
Mo Williams,2012,LAC,SG,29,"1472,0","52,0","28,3","2,8","15,0"
John Salmons,2012,SAC,SF,32,"1250,0","46,0","27,2","0,4","9,0"
Thaddeus Young,2012,PHI,PF,23,"1755,0","63,0","27,9","6,3","18,9"
Shawn Marion,2012,DAL,SF,33,"1919,0","63,0","30,5","3,7","15,0"
Caron Butler,2012,LAC,SF,31,"1871,0","63,0","29,7","2,3","11,7"
Kris Humphries,2012,NJN,PF,26,"2162,0","62,0","34,9","5,3","17,9"
Kirk Hinrich,2012,ATL,SG,31,"1237,0","48,0","25,8","1,8","9,2"
Andre Miller,2012,DEN,SG,35,"1809,0","66,0","27,4","2,9","14,8"
Arron Afflalo,2012,DEN,SG,26,"2086,0","62,0","33,6","5,3","14,7"
Brendan Haywood,2012,DAL,C,32,"1146,0","54,0","21,2","2,7","12,9"
Raymond Felton,2012,POR,PG,27,"1906,0","60,0","31,8","1,7","13,4"
Charlie Villanueva,2012,DET,PF,27,"180,0","13,0","13,8","0,4","16,2"
Marcus Thornton,2012,SAC,SG,24,"1780,0","51,0","34,9","3,8","17,4"
Marvin Williams,2012,ATL,SF,25,"1500,0","57,0","26,3","4,9","15,8"
Tyrus Thomas,2012,CHA,PF,25,"1013,0","54,0","18,8","-0,6","9,0"
Marcin Gortat,2012,PHO,C,27,"2114,0","66,0","32,0","7,6","21,2"
Kendrick Perkins,2012,OKC,C,27,"1744,0","65,0","26,8","2,0","8,7"
Samuel Dalembert,2012,HOU,C,30,"1446,0","65,0","22,2","4,1","16,9"
Derrick Rose,2012,CHI,PG,23,"1375,0","39,0","35,3","6,0","23,0"
Beno Udrih,2012,MIL,SG,29,"1080,0","59,0","18,3","1,4","13,1"
DeSagana Diop,2012,CHA,C,30,"325,0","27,0","12,0","-0,2","6,8"
Trevor Ariza,2012,NOH,SF,26,"1350,0","41,0","32,9","2,2","14,2"
Metta World Peace,2012,LAL,SF,32,"1720,0","64,0","26,9","2,6","11,0"
Mike Conley,2012,MEM,PG,24,"2174,0","62,0","35,1","6,4","16,8"
Wesley Matthews,2012,POR,SG,25,"2228,0","66,0","33,8","4,8","14,1"
Grant Hill,2012,PHO,SF,39,"1378,0","49,0","28,1","1,6","12,3"
Josh Childress,2012,PHO,SF,28,"491,0","34,0","14,4","0,9","11,1"
Andray Blatche,2012,WAS,PF,25,"626,0","26,0","24,1","-0,1","10,6"
Glen Davis,2012,ORL,PF,26,"1427,0","61,0","23,4","1,7","13,2"
Tayshaun Prince,2012,DET,SF,31,"2087,0","63,0","33,1","2,1","12,8"
Michael Beasley,2012,MIN,SF,23,"1087,0","47,0","23,1","0,5","13,0"
Drew Gooden,2012,MIL,C,30,"1469,0","56,0","26,2","3,6","18,8"
Al Harrington,2012,DEN,PF,31,"1761,0","64,0","27,5","3,2","15,3"
Jermaine O'Neal,2012,BOS,C,33,"570,0","25,0","22,8","1,1","9,4"
Amir Johnson,2012,TOR,PF,24,"1553,0","64,0","24,3","4,0","14,4"
Channing Frye,2012,PHO,PF,28,"1669,0","64,0","26,1","3,7","14,9"
Luke Walton,2012,CLE,PF-SF,31,"364,0","30,0","12,1","-0,4","3,4"
Kyle Lowry,2012,HOU,PG,25,"1510,0","47,0","32,1","4,9","18,8"
Blake Griffin,2012,LAC,PF,22,"2392,0","66,0","36,2","9,2","23,4"
O.J. Mayo,2012,MEM,SG,24,"1771,0","66,0","26,8","3,5","14,7"
John Wall,2012,WAS,PG,21,"2386,0","66,0","36,2","3,5","17,7"
Chuck Hayes,2012,SAC,C,28,"1039,0","54,0","19,2","0,6","8,9"
Mike Miller,2012,MIA,SG,31,"752,0","39,0","19,3","1,8","11,4"
Jason Richardson,2012,ORL,SG,31,"1591,0","54,0","29,5","2,8","13,3"
Evan Turner,2012,PHI,SF,23,"1713,0","65,0","26,4","2,4","12,6"
Martell Webster,2012,MIN,SF,25,"1140,0","47,0","24,3","1,5","10,0"
Tyreke Evans,2012,SAC,SG,22,"2162,0","63,0","34,3","2,7","16,4"
Lou Williams,2012,PHI,PG,25,"1682,0","64,0","26,3","6,1","20,2"
Kyrie Irving,2012,CLE,PG,19,"1558,0","51,0","30,5","4,1","21,4"
Hasheem Thabeet,2012,POR,C,24,"139,0","20,0","7,0","0,3","12,4"
Russell Westbrook,2012,OKC,PG,23,"2331,0","66,0","35,3","7,9","22,9"
Jason Maxiell,2012,DET,PF,28,"1466,0","65,0","22,6","1,7","11,7"
Jamal Crawford,2012,POR,PG,31,"1613,0","60,0","26,9","2,3","15,7"
Kyle Korver,2012,CHI,SG,30,"1469,0","65,0","22,6","5,3","13,6"
Luc Mbah a Moute,2012,MIL,PF,25,"1009,0","43,0","23,5","2,4","13,9"
Richard Hamilton,2012,CHI,SG,33,"697,0","28,0","24,9","1,3","13,2"
Jarrett Jack,2012,NOH,PG,28,"1530,0","45,0","34,0","3,8","17,9"
Derrick Favors,2012,UTA,PF,20,"1376,0","65,0","21,2","3,0","17,1"
Brad Miller,2012,MIN,C,35,"146,0","15,0","9,7","0,2","10,7"
Zaza Pachulia,2012,ATL,C,27,"1640,0","58,0","28,3","5,0","14,0"
Ronnie Brewer,2012,CHI,SG,26,"1635,0","66,0","24,8","3,9","12,3"
Kevin Love,2012,MIN,PF,23,"2145,0","55,0","39,0","10,0","25,4"
James Harden,2012,OKC,SG,22,"1946,0","62,0","31,4","9,3","21,1"
Derrick Williams,2012,MIN,PF,20,"1418,0","66,0","21,5","1,8","12,9"
Linas Kleiza,2012,TOR,SF,27,"1057,0","49,0","21,6","1,5","12,4"
Jonas Jerebko,2012,DET,PF,24,"1468,0","64,0","22,9","3,3","14,2"
Daniel Gibson,2012,CLE,SG,25,"916,0","35,0","26,2","0,5","9,2"
J.J. Barea,2012,MIN,PG,27,"1032,0","41,0","25,2","1,2","14,9"
Ramon Sessions,2012,LAL,PG,25,"1707,0","64,0","26,7","3,7","16,7"
Randy Foye,2012,LAC,SG,28,"1682,0","65,0","25,9","3,2","13,5"
Jared Dudley,2012,PHO,SG,26,"2020,0","65,0","31,1","5,1","15,4"
Brandon Bass,2012,BOS,PF,26,"1868,0","59,0","31,7","4,7","14,1"
Chris Andersen,2012,DEN,C,33,"486,0","32,0","15,2","1,9","18,9"
Danilo Gallinari,2012,DEN,SF,23,"1351,0","43,0","31,4","3,9","16,5"
Udonis Haslem,2012,MIA,PF,31,"1589,0","64,0","24,8","3,5","10,9"
Spencer Hawes,2012,PHI,C,23,"920,0","37,0","24,9","2,9","18,1"
Wesley Johnson,2012,MIN,SF,24,"1469,0","65,0","22,6","0,6","8,0"
Mario Chalmers,2012,MIA,PG,25,"1825,0","64,0","28,5","4,3","12,9"
Jordan Farmar,2012,NJN,PG,25,"831,0","39,0","21,3","1,8","17,4"
Anthony Morrow,2012,NJN,SG,26,"1636,0","62,0","26,4","1,7","13,1"
Hakim Warrick,2012,PHO,PF,29,"503,0","35,0","14,4","0,5","13,1"
Steve Blake,2012,LAL,PG,31,"1237,0","53,0","23,3","1,0","8,5"
Ryan Gomes,2012,LAC,SF,29,"425,0","32,0","13,3","-0,2","4,4"
Tiago Splitter,2012,SAS,C,27,"1121,0","59,0","19,0","4,6","20,5"
Matt Carroll,2012,CHA,SG,31,"596,0","53,0","11,2","-0,6","5,6"
DeMarcus Cousins,2012,SAC,C,21,"1950,0","64,0","30,5","4,2","21,7"
Dorell Wright,2012,GSW,SF,26,"1650,0","61,0","27,0","3,4","15,0"
Nazr Mohammed,2012,OKC,C,34,"692,0","63,0","11,0","1,3","11,0"
Mike Dunleavy,2012,MIL,SF,31,"1445,0","55,0","26,3","4,4","16,6"
Tristan Thompson,2012,CLE,PF,20,"1424,0","60,0","23,7","1,1","13,3"
C.J. Miles,2012,UTA,SG,24,"1145,0","56,0","20,4","1,5","12,4"
Joel Anthony,2012,MIA,C,29,"1349,0","64,0","21,1","3,4","10,3"
Nick Young,2012,LAC,SG,26,"1729,0","62,0","27,9","1,9","12,9"
Luke Ridnour,2012,MIN,SG,30,"1750,0","53,0","33,0","3,3","13,6"
Matt Bonner,2012,SAS,PF,31,"1326,0","65,0","20,4","4,0","13,2"
Shannon Brown,2012,PHO,SG,26,"1400,0","59,0","23,7","1,6","13,6"
Carlos Delfino,2012,MIL,SF,29,"1537,0","54,0","28,5","2,4","11,7"
Shaun Livingston,2012,MIL,SG,26,"1092,0","58,0","18,8","1,3","11,0"
Ricky Rubio,2012,MIN,PG,21,"1404,0","41,0","34,2","2,0","14,6"
Raja Bell,2012,UTA,SG,35,"796,0","34,0","23,4","1,1","8,3"
Jonny Flynn,2012,POR,PG,22,"416,0","29,0","14,3","0,1","11,2"
C.J. Watson,2012,CHI,PG,27,"1159,0","49,0","23,7","2,6","13,3"
Marco Belinelli,2012,NOH,SG,25,"1966,0","66,0","29,8","2,9","11,9"
DeMar DeRozan,2012,TOR,SG,22,"2206,0","63,0","35,0","2,5","12,8"
Timofey Mozgov,2012,DEN,C,25,"687,0","44,0","15,6","1,1","13,2"
Daequan Cook,2012,OKC,SG,24,"989,0","57,0","17,4","1,6","9,2"
Thabo Sefolosha,2012,OKC,SG,27,"914,0","42,0","21,8","1,8","9,8"
Ekpe Udoh,2012,MIL,C,24,"1290,0","61,0","21,1","2,1","12,5"
Nick Collison,2012,OKC,PF,31,"1307,0","63,0","20,7","3,5","12,1"
Chris Duhon,2012,ORL,PG,29,"1226,0","63,0","19,5","1,3","8,4"
Will Bynum,2012,DET,PG,29,"514,0","36,0","14,3","-0,2","10,0"
Johan Petro,2012,NJN,C,26,"920,0","59,0","15,6","0,7","10,3"
Tony Allen,2012,MEM,SG,30,"1525,0","58,0","26,3","4,2","15,7"
Shawne Williams,2012,NJN,SF,25,"514,0","25,0","20,6","-0,4","4,9"
Shane Battier,2012,MIA,SF,33,"1499,0","65,0","23,1","3,3","9,7"
Stephen Curry,2012,GSW,PG,23,"732,0","26,0","28,2","2,2","21,2"
Corey Brewer,2012,DEN,SF,25,"1287,0","59,0","21,8","2,3","13,7"
Jerryd Bayless,2012,TOR,PG,23,"705,0","31,0","22,7","2,0","17,7"
Greg Monroe,2012,DET,C,21,"2082,0","66,0","31,5","7,0","22,0"
Jason Thompson,2012,SAC,PF,25,"1657,0","64,0","25,9","3,9","16,4"
Travis Outlaw,2012,SAC,SF,27,"500,0","39,0","12,8","-0,1","9,6"
Jeff Foster,2012,IND,C,35,"141,0","11,0","12,8","0,4","11,1"
Josh McRoberts,2012,LAL,PF,24,"718,0","50,0","14,4","1,4","10,9"
Chris Wilcox,2012,BOS,C,29,"481,0","28,0","17,2","1,3","12,4"
Vince Carter,2012,DAL,SG,35,"1542,0","61,0","25,3","2,9","13,6"
Brandon Rush,2012,GSW,SF,26,"1717,0","65,0","26,4","3,5","15,2"
Anthony Randolph,2012,MIN,PF,22,"517,0","34,0","15,2","1,1","17,6"
Robin Lopez,2012,PHO,C,23,"895,0","64,0","14,0","2,1","15,2"
Jordan Hill,2012,LAL,C,24,"551,0","39,0","14,1","1,4","15,8"
James Johnson,2012,TOR,SF,24,"1561,0","62,0","25,2","2,6","14,5"
Bismack Biyombo,2012,CHA,C,19,"1455,0","63,0","23,1","0,6","10,6"
Lou Amundson,2012,IND,PF,29,"753,0","60,0","12,6","1,0","11,5"
Al-Farouq Aminu,2012,NOH,SF,21,"1477,0","66,0","22,4","1,4","10,6"
Marreese Speights,2012,MEM,PF,24,"1345,0","60,0","22,4","2,7","14,1"
Gordon Hayward,2012,UTA,SF,21,"2015,0","66,0","30,5","4,9","15,5"
Dahntay Jones,2012,IND,SF,31,"1052,0","65,0","16,2","2,0","10,3"
Jrue Holiday,2012,PHI,PG,21,"2196,0","65,0","33,8","4,2","14,7"
Roy Hibbert,2012,IND,C,25,"1937,0","65,0","29,8","6,2","19,3"
Brandon Knight,2012,DET,PG,20,"2129,0","66,0","32,3","1,3","11,7"
Kenyon Martin,2012,LAC,PF,34,"940,0","42,0","22,4","0,9","9,9"
Aaron Gray,2012,TOR,C,27,"813,0","49,0","16,6","1,4","11,1"
Reggie Williams,2012,CHA,SF,25,"747,0","33,0","22,6","0,3","12,4"
Jason Smith,2012,NOH,PF,25,"947,0","40,0","23,7","2,2","16,6"
DeShawn Stevenson,2012,NJN,SF,30,"960,0","51,0","18,8","-0,3","4,3"
Brandon Jennings,2012,MIL,PG,22,"2331,0","66,0","35,3","5,5","18,4"
JaVale McGee,2012,DEN,C,24,"1535,0","61,0","25,2","4,1","19,9"
Quentin Richardson,2012,ORL,SF,31,"866,0","48,0","18,0","1,3","8,7"
Paul George,2012,IND,SG,21,"1958,0","66,0","29,7","6,0","16,5"
Kemba Walker,2012,CHA,PG,21,"1792,0","66,0","27,2","0,3","14,9"
Jimmer Fredette,2012,SAC,PG,22,"1135,0","61,0","18,6","0,3","10,8"
Derek Fisher,2012,OKC,PG,37,"1508,0","63,0","23,9","1,2","8,0"
Cole Aldrich,2012,OKC,C,23,"173,0","26,0","6,7","0,6","17,7"
Gerald Henderson,2012,CHA,SG,24,"1831,0","55,0","33,3","1,0","14,0"
Anthony Parker,2012,CLE,SF,36,"1280,0","51,0","25,1","1,4","10,9"
Keyon Dooling,2012,BOS,SG,31,"662,0","46,0","14,4","0,6","6,9"
Ben Wallace,2012,DET,C,37,"980,0","62,0","15,8","1,4","10,7"
Ryan Anderson,2012,ORL,PF,23,"1964,0","61,0","32,2","8,9","21,2"
Courtney Lee,2012,HOU,SG,26,"1757,0","58,0","30,3","3,2","12,6"
Ed Davis,2012,TOR,PF,22,"1534,0","66,0","23,2","3,9","14,2"
Kosta Koufos,2012,DEN,C,22,"792,0","48,0","16,5","2,7","17,3"
Xavier Henry,2012,NOH,SG,20,"759,0","45,0","16,9","0,2","9,2"
Nicolas Batum,2012,POR,SF,23,"1791,0","59,0","30,4","4,8","17,3"
Josh Howard,2012,UTA,SF,31,"991,0","43,0","23,0","0,5","10,5"
Tyler Hansbrough,2012,IND,PF,26,"1442,0","66,0","21,8","3,9","14,7"
Klay Thompson,2012,GSW,SG,21,"1608,0","66,0","24,4","1,7","14,9"
Alec Burks,2012,UTA,SG,20,"939,0","59,0","15,9","1,5","14,0"
Anthony Tolliver,2012,MIN,SF,26,"882,0","51,0","17,3","0,9","8,3"
Markieff Morris,2012,PHO,PF,22,"1227,0","63,0","19,5","1,5","12,1"
D.J. White,2012,CHA,PF,25,"1098,0","58,0","18,9","0,8","12,4"
Chauncey Billups,2012,LAC,SG,35,"607,0","20,0","30,4","1,7","16,1"
Dante Cunningham,2012,MEM,PF,24,"1124,0","64,0","17,6","3,4","14,9"
Earl Watson,2012,UTA,PG,32,"1033,0","50,0","20,7","0,4","9,5"
Patrick Patterson,2012,HOU,PF,22,"1483,0","64,0","23,2","1,6","11,5"
Austin Daye,2012,DET,SF,23,"603,0","41,0","14,7","-0,6","7,1"
Matt Barnes,2012,LAL,SF,31,"1440,0","63,0","22,9","4,3","15,5"
Larry Sanders,2012,MIL,PF,23,"643,0","52,0","12,4","1,0","13,3"
Kawhi Leonard,2012,SAS,SF,20,"1534,0","64,0","24,0","5,5","16,6"
Ty Lawson,2012,DEN,PG,24,"2124,0","61,0","34,8","6,9","19,4"
Eric Bledsoe,2012,LAC,PG,22,"464,0","40,0","11,6","0,2","11,2"
Jeff Teague,2012,ATL,PG,23,"2183,0","66,0","33,1","6,0","15,8"
Sebastian Telfair,2012,PHO,PG,26,"895,0","60,0","14,9","1,1","13,2"
Iman Shumpert,2012,NYK,PG,21,"1705,0","59,0","28,9","2,4","10,8"
George Hill,2012,IND,PG,25,"1274,0","50,0","25,5","4,0","15,7"
Avery Bradley,2012,BOS,PG,21,"1368,0","64,0","21,4","2,4","11,3"
Gary Forbes,2012,TOR,SG,26,"713,0","48,0","14,9","0,8","13,3"
James Jones,2012,MIA,SG,31,"666,0","51,0","13,1","1,7","9,7"
Chris Singleton,2012,WAS,SF,22,"1431,0","66,0","21,7","1,5","8,3"
Darren Collison,2012,IND,PG,24,"1878,0","60,0","31,3","3,8","13,6"
Elliot Williams,2012,POR,SG,22,"149,0","24,0","6,2","0,3","18,8"
Tobias Harris,2012,MIL,SF,19,"479,0","42,0","11,4","0,9","14,2"
Craig Brackins,2012,PHI,PF,24,"88,0","14,0","6,3","-0,1","4,3"
James Anderson,2012,SAS,SG,22,"603,0","51,0","11,8","0,5","8,8"
Nolan Smith,2012,POR,PG,23,"541,0","44,0","12,3","-0,3","7,8"
Jamaal Tinsley,2012,UTA,PG,33,"507,0","37,0","13,7","0,1","10,9"
Kurt Thomas,2012,POR,C,39,"803,0","53,0","15,2","1,1","9,5"
Omri Casspi,2012,CLE,SF,23,"1341,0","65,0","20,6","1,2","11,2"
Hamed Haddadi,2012,MEM,C,26,"206,0","35,0","5,9","0,6","16,3"
Trevor Booker,2012,WAS,PF,24,"1261,0","50,0","25,2","3,0","15,4"
Serge Ibaka,2012,OKC,PF,22,"1792,0","66,0","27,2","6,2","19,0"
Byron Mullens,2012,CHA,C,22,"1465,0","65,0","22,5","0,2","13,0"
Kenneth Faried,2012,DEN,PF,22,"1037,0","46,0","22,5","4,6","21,9"
Rodrigue Beaubois,2012,DAL,PG,23,"1151,0","53,0","21,7","2,2","15,3"
Brian Cook,2012,WAS,PF,31,"276,0","32,0","8,6","-0,1","5,8"
Royal Ivey,2012,OKC,SG,30,"354,0","34,0","10,4","0,2","4,7"
Taj Gibson,2012,CHI,PF,26,"1284,0","63,0","20,4","4,5","16,9"
Dominique Jones,2012,DAL,SG,23,"268,0","33,0","8,1","0,2","11,8"
Sam Young,2012,PHI,SF,26,"375,0","35,0","10,7","0,2","9,7"
Earl Clark,2012,ORL,PF,24,"559,0","45,0","12,4","0,3","8,1"
Reggie Jackson,2012,OKC,PG,21,"501,0","45,0","11,1","0,1","9,2"
Wayne Ellington,2012,MIN,SG,24,"973,0","51,0","19,1","0,8","9,4"
Quincy Pondexter,2012,MEM,SF,23,"1002,0","64,0","15,7","1,7","9,4"
Toney Douglas,2012,NYK,PG,25,"656,0","38,0","17,3","-0,6","7,1"
Jordan Hamilton,2012,DEN,SF,21,"258,0","26,0","9,9","0,3","13,9"
Jordan Crawford,2012,WAS,SG,23,"1753,0","64,0","27,4","1,1","14,5"
Daniel Orton,2012,ORL,PF,21,"187,0","16,0","11,7","0,5","12,7"
Lazar Hayward,2012,OKC,SF,25,"141,0","26,0","5,4","-0,1","3,1"
Norris Cole,2012,MIA,PG,23,"1260,0","65,0","19,4","0,0","7,9"
Cory Joseph,2012,SAS,PG,20,"266,0","29,0","9,2","0,0","6,9"
Von Wafer,2012,ORL,SG,26,"469,0","33,0","14,2","0,4","11,4"
MarShon Brooks,2012,NJN,SG,23,"1648,0","56,0","29,4","0,8","12,9"
Stephen Jackson,2012,SAS,SF,33,"1212,0","47,0","25,8","0,6","10,7"
DeJuan Blair,2012,SAS,PF,22,"1363,0","64,0","21,3","4,0","17,6"
JaJuan Johnson,2012,BOS,PF,22,"298,0","36,0","8,3","0,2","11,4"
Jimmy Butler,2012,CHI,SG,22,"359,0","42,0","8,5","1,1","12,5"
Jon Brockman,2012,MIL,PF,24,"239,0","35,0","6,8","0,1","6,6"
Jeremy Pargo,2012,MEM,PG,25,"424,0","44,0","9,6","-0,8","4,4"
Ian Mahinmi,2012,DAL,C,25,"1139,0","61,0","18,7","3,4","13,5"
John Lucas III,2012,CHI,PG,29,"726,0","49,0","14,8","2,2","16,3"
Brandan Wright,2012,DAL,C,24,"791,0","49,0","16,1","3,5","21,6"
Henry Walker,2012,NYK,SG,24,"620,0","32,0","19,4","0,9","8,2"
DeMarre Carroll,2012,UTA,SF-PF,25,"348,0","24,0","14,5","0,5","11,1"
Jannero Pargo,2012,ATL,PG,32,"671,0","50,0","13,4","1,3","13,6"
Josh Davis,2012,MEM,PF,31,"130,0","15,0","8,7","0,3","11,3"
Jodie Meeks,2012,PHI,SG,24,"1644,0","66,0","24,9","4,1","11,5"
Jamaal Magloire,2012,TOR,C,33,"374,0","34,0","11,0","-0,2","2,7"
Maurice Evans,2012,WAS,SF,33,"343,0","24,0","14,3","0,3","9,0"
Dominic McGuire,2012,GSW,PF,26,"1127,0","64,0","17,6","1,5","11,8"
Derrick Brown,2012,CHA,SF,24,"1443,0","65,0","22,2","2,3","14,7"
Tracy McGrady,2012,ATL,SF,32,"837,0","52,0","16,1","1,6","13,6"
Trey Johnson,2012,NOH,SG,27,"61,0","11,0","5,5","0,1","11,8"
Reggie Evans,2012,LAC,PF,31,"771,0","56,0","13,8","1,3","9,2"
Hassan Whiteside,2012,SAC,C,22,"109,0","18,0","6,1","0,2","16,2"
Craig Smith,2012,POR,PF,28,"464,0","47,0","9,9","1,0","13,6"
Jared Jeffries,2012,NYK,PF,30,"729,0","39,0","18,7","1,7","10,9"
A.J. Price,2012,IND,PG,25,"568,0","44,0","12,9","0,7","11,5"
Ronnie Price,2012,PHO,PG,28,"517,0","36,0","14,4","0,1","8,4"
Tony Battie,2012,PHI,C,35,"295,0","27,0","10,9","0,5","7,3"
Willie Green,2012,ATL,SG,30,"922,0","53,0","17,4","2,4","13,9"
DaJuan Summers,2012,NOH,SF,24,"209,0","15,0","13,9","0,2","9,0"
Baron Davis,2012,NYK,PG,32,"595,0","29,0","20,5","0,2","10,0"
Mike Bibby,2012,NYK,PG,33,"557,0","39,0","14,3","0,7","7,8"
Chase Budinger,2012,HOU,SF,23,"1298,0","58,0","22,4","3,0","14,9"
Jason Collins,2012,ATL,C,33,"308,0","30,0","10,3","0,2","3,7"
Jerry Stackhouse,2012,ATL,SF,37,"273,0","30,0","9,1","0,3","11,5"
Shelden Williams,2012,NJN,C,28,"1276,0","58,0","22,0","2,1","11,9"
Rasual Butler,2012,TOR,SF,32,"453,0","34,0","13,3","-0,2","4,8"
Steve Novak,2012,NYK,PF,28,"1020,0","54,0","18,9","3,9","15,9"
Marquis Daniels,2012,BOS,SG,31,"484,0","38,0","12,7","0,1","8,1"
Juwan Howard,2012,MIA,PF,38,"190,0","28,0","6,8","-0,3","3,6"
Danny Green,2012,SAS,SG,24,"1522,0","66,0","23,1","4,5","15,5"
Sundiata Gaines,2012,NJN,SG,25,"793,0","57,0","13,9","1,0","15,0"
Damien Wilkins,2012,DET,SF,32,"922,0","60,0","15,4","0,4","6,9"
Jason Kapono,2012,LAL,SG,30,"269,0","27,0","10,0","0,1","4,5"
T.J. Ford,2012,SAS,PG,28,"191,0","14,0","13,6","0,2","11,0"
Alonzo Gee,2012,CLE,SG,24,"1827,0","63,0","29,0","2,4","13,2"
Anthony Carter,2012,TOR,PG,36,"209,0","24,0","8,7","0,0","8,7"
Delonte West,2012,DAL,PG,28,"1060,0","44,0","24,1","2,2","15,3"
Troy Murphy,2012,LAL,PF,31,"956,0","59,0","16,2","1,7","9,0"
Eddy Curry,2012,MIA,C,29,"83,0","14,0","5,9","-0,1","3,6"
Brian Cardinal,2012,DAL,SF,34,"277,0","44,0","6,3","0,0","3,3"
Brian Scalabrine,2012,CHI,PF,33,"122,0","28,0","4,4","0,3","13,5"
Gary Neal,2012,SAS,SG,27,"1206,0","56,0","21,5","2,5","14,2"
Chandler Parsons,2012,HOU,SF,23,"1804,0","63,0","28,6","3,4","13,3"
Solomon Alabi,2012,TOR,C,23,"122,0","14,0","8,7","0,2","14,2"
Michael Redd,2012,PHO,SG,32,"770,0","51,0","15,1","0,8","13,9"
Lance Stephenson,2012,IND,SG,21,"442,0","42,0","10,5","-0,3","7,0"
Tyler Honeycutt,2012,SAC,SF,21,"88,0","15,0","5,9","0,0","10,4"
Solomon Jones,2012,NOH,C-PF,27,"292,0","21,0","13,9","0,3","9,1"
Nate Robinson,2012,GSW,PG,27,"1192,0","51,0","23,4","2,8","18,0"
Yi Jianlian,2012,DAL,PF,24,"203,0","30,0","6,8","0,0","10,4"
Jeremy Lin,2012,NYK,PG,23,"940,0","35,0","26,9","2,7","19,9"
Landry Fields,2012,NYK,SG,23,"1894,0","66,0","28,7","3,4","12,0"
Greg Stiemsma,2012,BOS,C,26,"766,0","55,0","13,9","2,7","13,6"
Isaiah Thomas,2012,SAC,PG,22,"1656,0","65,0","25,5","4,3","17,6"
Devin Ebanks,2012,LAL,SG,22,"396,0","24,0","16,5","0,3","8,3"
Chris Johnson,2012,NOH,C,26,"175,0","27,0","6,5","0,2","10,8"
Samardo Samuels,2012,CLE,C,23,"825,0","54,0","15,3","0,7","11,1"
Luke Harangody,2012,CLE,PF,24,"231,0","21,0","11,0","0,2","10,4"
Semih Erden,2012,CLE,C,25,"333,0","28,0","11,9","0,4","9,9"
Jeremy Evans,2012,UTA,SF,24,"217,0","29,0","7,5","0,9","19,6"
Dexter Pittman,2012,MIA,C,23,"301,0","35,0","8,6","0,6","10,4"
Jeremy Tyler,2012,GSW,C,20,"568,0","42,0","13,5","-0,2","10,4"
Josh Selby,2012,MEM,PG,20,"237,0","28,0","8,5","-0,5","3,3"
Trey Thompkins,2012,LAC,C,21,"119,0","24,0","5,0","0,0","12,0"
Erick Dampier,2012,ATL,C,36,"83,0","15,0","5,5","0,1","5,5"
Ish Smith,2012,ORL,PG,23,"234,0","26,0","9,0","0,3","14,1"
Travis Leslie,2012,LAC,SG,21,"45,0","10,0","4,5","0,1","14,6"
Malcolm Lee,2012,MIN,SG,21,"243,0","19,0","12,8","0,1","9,3"
Cory Higgins,2012,CHA,PG,22,"423,0","38,0","11,1","-1,3","4,1"
Shelvin Mack,2012,WAS,PG,21,"779,0","64,0","12,2","0,7","11,9"
Josh Harrellson,2012,NYK,PF,22,"540,0","37,0","14,6","1,4","13,7"
Lavoy Allen,2012,PHI,PF,22,"624,0","41,0","15,2","1,6","12,7"
Chris Wright,2012,GSW,SF,23,"186,0","24,0","7,8","0,6","18,6"
Terrel Harris,2012,MIA,SG,24,"318,0","22,0","14,5","0,1","6,7"
Charles Jenkins,2012,GSW,PG,22,"893,0","51,0","17,5","0,5","12,4"
Justin Harper,2012,ORL,PF,22,"84,0","14,0","6,0","-0,3","1,7"
Jordan Williams,2012,NJN,C,21,"635,0","43,0","14,8","1,3","14,5"
Jon Leuer,2012,MIL,PF,22,"555,0","46,0","12,1","1,4","15,3"
DeAndre Liggins,2012,ORL,SF,23,"115,0","17,0","6,8","0,0","8,9"
Andrew Goudelock,2012,LAL,SG,23,"419,0","40,0","10,5","0,1","8,4"
Ivan Johnson,2012,ATL,PF,27,"934,0","56,0","16,7","2,2","14,3"
Julyan Stone,2012,DEN,SG,23,"179,0","22,0","8,1","0,4","13,0"
Darius Morris,2012,LAL,PG,21,"169,0","19,0","8,9","-0,2","5,2"
E'Twaun Moore,2012,BOS,PG,22,"331,0","38,0","8,7","0,2","8,8"
Vernon Macklin,2012,DET,C,25,"135,0","23,0","5,9","0,5","18,2"
Jerome Jordan,2012,NYK,C,25,"108,0","21,0","5,1","0,5","18,3"
Carldell Johnson,2012,NOH,PG,29,"119,0","15,0","7,9","0,0","8,9"
Joel Przybilla,2012,POR,C,32,"449,0","27,0","16,6","0,3","6,0"
Gerald Green,2012,NJN,SF,26,"781,0","31,0","25,2","1,2","15,8"
Ronny Turiaf,2012,MIA,C,29,"279,0","17,0","16,4","0,8","12,3"
Lance Thomas,2012,NOH,PF,23,"630,0","42,0","15,0","1,2","10,1"
Gilbert Arenas,2012,MEM,PG,30,"211,0","17,0","12,4","0,4","9,9"
Terrence Williams,2012,SAC,SG,24,"550,0","30,0","18,3","0,3","13,1"
Manny Harris,2012,CLE,SG,22,"456,0","26,0","17,5","0,3","11,7"
Ryan Hollins,2012,BOS,C,27,"522,0","39,0","13,4","0,2","6,9"
Boris Diaw,2012,SAS,PF,29,"1424,0","57,0","25,0","0,6","11,2"
Bobby Simmons,2012,LAC,SF,31,"418,0","28,0","14,9","0,3","6,0"
Mike James,2012,CHI,PG,36,"120,0","11,0","10,9","0,3","13,7"
Alan Anderson,2012,TOR,SF,29,"461,0","17,0","27,1","0,3","8,7"
Patty Mills,2012,SAS,PG,23,"261,0","16,0","16,3","0,9","21,5"
Cartier Martin,2012,WAS,SF,27,"391,0","17,0","23,0","0,7","12,8"
Ben Uzoh,2012,TOR,PG,23,"370,0","18,0","20,6","0,2","10,9"
Donald Sloan,2012,CLE,PG,24,"669,0","33,0","20,3","-0,3","8,9"
Courtney Fortson,2012,HOU,PG,23,"95,0","10,0","9,5","0,0","9,9"
James Singleton,2012,WAS,PF,30,"262,0","12,0","21,8","1,0","19,6"
Mickell Gladness,2012,GSW,PF,25,"252,0","26,0","9,7","0,2","9,5"
Sean Williams,2012,BOS,C,25,"107,0","11,0","9,7","0,4","18,7"
Lester Hudson,2012,MEM,PG,27,"334,0","16,0","20,9","0,1","13,9"
Kobe Bryant,2013,LAL,SG,34,"3013,0","78,0","38,6","10,9","23,0"
Dirk Nowitzki,2013,DAL,PF,34,"1661,0","53,0","31,3","5,0","19,8"
Amar'e Stoudemire,2013,NYK,PF,30,"682,0","29,0","23,5","2,7","22,1"
Joe Johnson,2013,BRK,SG,31,"2642,0","72,0","36,7","5,1","14,1"
Pau Gasol,2013,LAL,PF,32,"1655,0","49,0","33,8","3,7","16,7"
Chris Bosh,2013,MIA,C,28,"2454,0","74,0","33,2","9,0","20,0"
LeBron James,2013,MIA,PF,28,"2877,0","76,0","37,9","19,3","31,6"
Dwyane Wade,2013,MIA,SG,31,"2391,0","69,0","34,7","9,6","24,0"
Chris Paul,2013,LAC,PG,27,"2335,0","70,0","33,4","13,9","26,4"
Kevin Durant,2013,OKC,SF,24,"3119,0","81,0","38,5","18,9","28,3"
Deron Williams,2013,BRK,PG,28,"2842,0","78,0","36,4","10,9","20,3"
Paul Pierce,2013,BOS,SF,35,"2575,0","77,0","33,4","7,2","19,1"
Zach Randolph,2013,MEM,PF,31,"2607,0","76,0","34,3","7,9","17,9"
Rudy Gay,2013,TOR,SF,26,"2687,0","75,0","35,8","4,0","15,6"
Carlos Boozer,2013,CHI,PF,31,"2546,0","79,0","32,2","5,7","17,1"
Andre Iguodala,2013,DEN,SG,29,"2779,0","80,0","34,7","5,6","15,2"
Russell Westbrook,2013,OKC,PG,24,"2861,0","82,0","34,9","11,6","23,9"
Emeka Okafor,2013,WAS,C,30,"2052,0","79,0","26,0","4,5","15,8"
Luol Deng,2013,CHI,SF,27,"2903,0","75,0","38,7","6,3","15,1"
Marc Gasol,2013,MEM,C,28,"2796,0","80,0","35,0","11,5","19,5"
Blake Griffin,2013,LAC,PF,23,"2598,0","80,0","32,5","10,6","22,4"
Brook Lopez,2013,BRK,C,24,"2253,0","74,0","30,4","9,0","24,7"
Eric Gordon,2013,NOH,SG,24,"1264,0","42,0","30,1","1,1","15,4"
Roy Hibbert,2013,IND,C,26,"2269,0","79,0","28,7","6,1","17,3"
Kevin Love,2013,MIN,PF,24,"618,0","18,0","34,3","1,1","17,9"
Tyson Chandler,2013,NYK,C,30,"2164,0","66,0","32,8","9,3","18,9"
LaMarcus Aldridge,2013,POR,PF,27,"2790,0","74,0","37,7","7,2","20,4"
Al Jefferson,2013,UTA,C,28,"2578,0","78,0","33,1","7,7","20,9"
Ben Gordon,2013,CHA,SG,29,"1560,0","75,0","20,8","-0,6","12,7"
Josh Smith,2013,ATL,PF,27,"2683,0","76,0","35,3","4,2","17,7"
Andrew Bogut,2013,GSW,C,28,"786,0","32,0","24,6","1,7","13,8"
David Lee,2013,GSW,PF,29,"2907,0","79,0","36,8","9,1","19,2"
Tony Parker,2013,SAS,PG,30,"2174,0","66,0","32,9","9,3","23,0"
Kevin Martin,2013,OKC,SG,29,"2136,0","77,0","27,7","7,0","16,0"
Serge Ibaka,2013,OKC,PF,23,"2486,0","80,0","31,1","9,4","19,4"
Al Horford,2013,ATL,C,26,"2756,0","74,0","37,2","8,8","19,8"
Kris Humphries,2013,BRK,PF,27,"1191,0","65,0","18,3","2,7","13,6"
Kevin Garnett,2013,BOS,C,36,"2022,0","68,0","29,7","5,6","19,2"
Joakim Noah,2013,CHI,C,27,"2426,0","66,0","36,8","7,3","18,1"
Rajon Rondo,2013,BOS,PG,26,"1423,0","38,0","37,4","3,2","18,1"
Monta Ellis,2013,MIL,SG,27,"3076,0","82,0","37,5","4,6","16,2"
DeAndre Jordan,2013,LAC,C,24,"2010,0","82,0","24,5","6,2","17,2"
Corey Maggette,2013,DET,SF,33,"257,0","18,0","14,3","0,1","7,9"
Nicolas Batum,2013,POR,SF,24,"2807,0","73,0","38,5","5,8","15,7"
Richard Jefferson,2013,GSW,SF,32,"568,0","56,0","10,1","1,0","10,3"
Stephen Jackson,2013,SAS,SF,34,"1075,0","55,0","19,5","0,3","8,0"
Andrea Bargnani,2013,TOR,PF,27,"1003,0","35,0","28,7","0,1","11,2"
JaVale McGee,2013,DEN,C,25,"1433,0","79,0","18,1","4,9","20,7"
David West,2013,IND,PF,32,"2435,0","73,0","33,4","9,1","20,1"
Andrei Kirilenko,2013,MIN,SF,31,"2034,0","64,0","31,8","6,0","17,6"
Gerald Wallace,2013,BRK,SF,30,"2076,0","69,0","30,1","3,1","11,6"
Tim Duncan,2013,SAS,C,36,"2078,0","69,0","30,1","8,3","24,4"
Danilo Gallinari,2013,DEN,SF,24,"2309,0","71,0","32,5","7,2","16,7"
Steve Nash,2013,LAL,PG,38,"1627,0","50,0","32,5","4,3","16,0"
Ryan Anderson,2013,NOH,PF,24,"2503,0","81,0","30,9","6,5","18,1"
Shawn Marion,2013,DAL,PF,34,"2010,0","67,0","30,0","5,3","18,0"
Paul Millsap,2013,UTA,PF,27,"2375,0","78,0","30,4","7,6","19,8"
Jameer Nelson,2013,ORL,PG,30,"1977,0","56,0","35,3","2,1","14,4"
Rodney Stuckey,2013,DET,SG,26,"2171,0","76,0","28,6","2,5","13,0"
Mo Williams,2013,UTA,PG,30,"1418,0","46,0","30,8","1,8","14,4"
Devin Harris,2013,ATL,SG,29,"1421,0","58,0","24,5","3,3","14,6"
Kendrick Perkins,2013,OKC,C,28,"1954,0","78,0","25,1","2,5","8,2"
Jeff Green,2013,BOS,PF,26,"2252,0","81,0","27,8","4,7","15,0"
Jeremy Lin,2013,HOU,PG,24,"2640,0","82,0","32,2","5,4","14,9"
Thaddeus Young,2013,PHI,PF,24,"2629,0","76,0","34,6","7,4","18,2"
Marvin Williams,2013,UTA,SF,26,"1727,0","73,0","23,7","2,3","10,9"
John Salmons,2013,SAC,SF,33,"2278,0","76,0","30,0","1,6","10,2"
Charlie Villanueva,2013,DET,PF,28,"1092,0","69,0","15,8","1,6","14,0"
Tyrus Thomas,2013,CHA,PF,26,"360,0","26,0","13,8","-0,2","9,6"
Caron Butler,2013,LAC,SF,32,"1879,0","78,0","24,1","3,6","12,4"
Chris Kaman,2013,DAL,C,30,"1363,0","66,0","20,7","1,6","16,3"
George Hill,2013,IND,PG,26,"2620,0","76,0","34,5","9,7","16,6"
Arron Afflalo,2013,ORL,SF,27,"2307,0","64,0","36,0","2,0","13,0"
Metta World Peace,2013,LAL,SF,33,"2530,0","75,0","33,7","4,6","12,5"
Marcin Gortat,2013,PHO,C,28,"1876,0","61,0","30,8","3,4","15,4"
Marcus Thornton,2013,SAC,SG,25,"1726,0","72,0","24,0","3,2","16,3"
Mike Conley,2013,MEM,PG,25,"2757,0","80,0","34,5","9,9","18,3"
John Wall,2013,WAS,PG,22,"1602,0","49,0","32,7","4,5","20,8"
Taj Gibson,2013,CHI,PF,27,"1459,0","65,0","22,4","3,3","14,4"
Beno Udrih,2013,ORL,SG-PG,30,"1457,0","66,0","22,1","2,2","14,2"
Al Harrington,2013,ORL,C,32,"119,0","10,0","11,9","0,0","10,3"
Tayshaun Prince,2013,MEM,SF,32,"2631,0","82,0","32,1","3,6","11,5"
Samuel Dalembert,2013,MIL,C,31,"765,0","47,0","16,3","2,2","18,6"
Drew Gooden,2013,MIL,C,31,"151,0","16,0","9,4","-0,1","7,7"
Wesley Matthews,2013,POR,SG,26,"2403,0","69,0","34,8","4,7","14,1"
Spencer Hawes,2013,PHI,C,24,"2233,0","82,0","27,2","4,5","16,0"
Glen Davis,2013,ORL,PF,27,"1064,0","34,0","31,3","0,8","15,0"
Landry Fields,2013,TOR,SF,24,"1037,0","51,0","20,3","1,1","10,3"
Mike Miller,2013,MIA,SF,32,"900,0","59,0","15,3","2,6","13,5"
Luke Walton,2013,CLE,PF,32,"857,0","50,0","17,1","0,8","11,3"
Amir Johnson,2013,TOR,PF,25,"2325,0","81,0","28,7","7,3","17,3"
Michael Beasley,2013,PHO,SF,24,"1554,0","75,0","20,7","-1,5","10,8"
Brandon Bass,2013,BOS,PF,27,"2239,0","81,0","27,6","4,7","12,3"
Wilson Chandler,2013,DEN,PF,25,"1079,0","43,0","25,1","3,1","16,6"
James Harden,2013,HOU,SG,23,"2985,0","78,0","38,3","12,8","22,9"
Jason Richardson,2013,PHI,SG,32,"936,0","33,0","28,4","1,4","12,6"
Kyle Lowry,2013,TOR,PG,26,"2020,0","68,0","29,7","5,6","17,5"
Nick Young,2013,PHI,SG,27,"1411,0","59,0","23,9","2,3","13,3"
Chuck Hayes,2013,SAC,C,29,"1209,0","74,0","16,3","1,5","10,7"
Jarrett Jack,2013,GSW,SG,29,"2349,0","79,0","29,7","5,6","15,9"
Kyrie Irving,2013,CLE,PG,20,"2048,0","59,0","34,7","5,3","21,4"
Evan Turner,2013,PHI,SF,24,"2892,0","82,0","35,3","2,1","12,1"
Tyreke Evans,2013,SAC,SG,23,"2016,0","65,0","31,0","4,4","18,1"
Jason Thompson,2013,SAC,PF,26,"2285,0","82,0","27,9","3,6","14,6"
Zaza Pachulia,2013,ATL,C,28,"1134,0","52,0","21,8","2,7","13,1"
Jamal Crawford,2013,LAC,SG,32,"2230,0","76,0","29,3","5,4","16,8"
Martell Webster,2013,WAS,SF,26,"2200,0","76,0","28,9","6,3","13,9"
Anthony Davis,2013,NOH,PF,19,"1846,0","64,0","28,8","6,1","21,7"
Jason Maxiell,2013,DET,PF,29,"1789,0","72,0","24,8","1,8","11,3"
Ramon Sessions,2013,CHA,SG,26,"1652,0","61,0","27,1","2,9","17,7"
Andre Miller,2013,DEN,PG,36,"2151,0","82,0","26,2","5,4","15,7"
Kyle Korver,2013,ATL,SF,31,"2259,0","74,0","30,5","6,4","13,9"
Jason Terry,2013,BOS,SG,35,"2124,0","79,0","26,9","4,0","12,8"
Lou Williams,2013,ATL,SG,26,"1119,0","39,0","28,7","2,4","15,9"
Courtney Lee,2013,BOS,SG,27,"1941,0","78,0","24,9","3,3","11,7"
Richard Hamilton,2013,CHI,SG,34,"1088,0","50,0","21,8","0,4","10,6"
Robin Lopez,2013,NOH,C,24,"2136,0","82,0","26,0","5,6","18,9"
Derrick Williams,2013,MIN,PF,21,"1916,0","78,0","24,6","3,0","14,5"
Michael Kidd-Gilchrist,2013,CHA,SF,19,"2025,0","78,0","26,0","2,1","14,0"
Luc Mbah a Moute,2013,MIL,SF,26,"1326,0","58,0","22,9","0,5","9,1"
Daniel Gibson,2013,CLE,PG,26,"919,0","46,0","20,0","0,5","7,7"
Derrick Favors,2013,UTA,PF,21,"1787,0","77,0","23,2","4,4","17,5"
Linas Kleiza,2013,TOR,SF,28,"376,0","20,0","18,8","0,1","8,2"
Marcus Camby,2013,NYK,PF,38,"250,0","24,0","10,4","0,0","8,6"
Luis Scola,2013,PHO,PF,32,"2184,0","82,0","26,6","4,4","16,7"
Boris Diaw,2013,SAS,PF,30,"1709,0","75,0","22,8","4,4","11,9"
Jonas Jerebko,2013,DET,PF,25,"892,0","49,0","18,2","2,0","15,7"
J.J. Barea,2013,MIN,PG,28,"1713,0","74,0","23,1","1,9","14,1"
Udonis Haslem,2013,MIA,PF,32,"1414,0","75,0","18,9","3,2","9,9"
Bradley Beal,2013,WAS,SG,19,"1745,0","56,0","31,2","3,0","13,6"
Wesley Johnson,2013,PHO,SF,25,"953,0","50,0","19,1","0,0","10,3"
Jared Dudley,2013,PHO,SF,27,"2170,0","79,0","27,5","4,8","14,9"
Marreese Speights,2013,CLE,C,25,"1300,0","79,0","16,5","2,8","17,3"
Dorell Wright,2013,PHI,SF,27,"1783,0","79,0","22,6","4,9","16,0"
Kirk Hinrich,2013,CHI,PG,32,"1764,0","60,0","29,4","3,1","10,8"
Steve Novak,2013,NYK,SF,29,"1641,0","81,0","20,3","4,0","11,3"
O.J. Mayo,2013,DAL,SG,25,"2913,0","82,0","35,5","4,2","13,9"
Mario Chalmers,2013,MIA,PG,26,"2068,0","77,0","26,9","5,2","13,3"
Luke Ridnour,2013,MIN,SG,31,"2474,0","82,0","30,2","4,3","13,0"
Ian Mahinmi,2013,IND,C,26,"1322,0","80,0","16,5","2,3","10,6"
Anthony Morrow,2013,DAL,SG,27,"383,0","41,0","9,3","0,7","12,0"
Carl Landry,2013,GSW,PF,29,"1876,0","81,0","23,2","6,2","17,5"
Hakim Warrick,2013,CHA,PF,30,"489,0","28,0","17,5","0,0","11,5"
Steve Blake,2013,LAL,PG,32,"1175,0","45,0","26,1","2,4","11,7"
Stephen Curry,2013,GSW,PG,24,"2983,0","78,0","38,2","11,2","21,3"
Tiago Splitter,2013,SAS,PF,28,"1997,0","81,0","24,7","8,2","18,7"
Thabo Sefolosha,2013,OKC,SG,28,"2229,0","81,0","27,5","6,8","12,8"
Tristan Thompson,2013,CLE,PF,21,"2564,0","82,0","31,3","5,2","16,1"
DeMarcus Cousins,2013,SAC,C,22,"2289,0","75,0","30,5","4,4","20,2"
Joel Anthony,2013,MIA,C,30,"566,0","62,0","9,1","1,2","10,4"
Ricky Rubio,2013,MIN,PG,22,"1691,0","57,0","29,7","3,0","16,2"
Dion Waiters,2013,CLE,SG,21,"1756,0","61,0","28,8","0,9","13,7"
Matt Bonner,2013,SAS,PF,32,"909,0","68,0","13,4","2,5","11,8"
Jordan Hill,2013,LAL,PF,25,"458,0","29,0","15,8","1,4","18,5"
Ekpe Udoh,2013,MIL,C,25,"1312,0","76,0","17,3","2,7","12,0"
Shannon Brown,2013,PHO,SG,27,"1402,0","59,0","23,8","1,2","13,1"
Danny Green,2013,SAS,SG,25,"2201,0","80,0","27,5","5,9","14,1"
Chris Duhon,2013,LAL,PG,30,"820,0","46,0","17,8","1,0","8,0"
Alonzo Gee,2013,CLE,SF,25,"2541,0","82,0","31,0","1,9","10,5"
Gerald Green,2013,IND,SF,27,"1080,0","60,0","18,0","1,3","9,9"
Johan Petro,2013,ATL,C,27,"352,0","31,0","11,4","0,4","11,0"
Raymond Felton,2013,NYK,PG,28,"2313,0","68,0","34,0","4,2","15,2"
Thomas Robinson,2013,HOU,PF,21,"1056,0","70,0","15,1","-0,1","10,9"
DeMar DeRozan,2013,TOR,SG,23,"3013,0","82,0","36,7","4,7","14,7"
Tony Allen,2013,MEM,SG,31,"2109,0","79,0","26,7","5,1","13,2"
Shane Battier,2013,MIA,SF,34,"1786,0","72,0","24,8","4,4","10,7"
Matt Barnes,2013,LAC,SF,32,"2058,0","80,0","25,7","6,3","15,5"
Will Bynum,2013,DET,PG,30,"1219,0","65,0","18,8","1,7","16,6"
Corey Brewer,2013,DEN,SF,26,"2003,0","82,0","24,4","3,9","14,7"
Ray Allen,2013,MIA,SG,37,"2035,0","79,0","25,8","5,4","14,7"
Greg Monroe,2013,DET,C,22,"2687,0","81,0","33,2","5,9","19,5"
Mike Dunleavy,2013,MIL,SF,32,"1943,0","75,0","25,9","4,4","13,6"
Brandon Jennings,2013,MIL,PG,23,"2897,0","80,0","36,2","5,8","16,1"
Timofey Mozgov,2013,DEN,C,26,"366,0","41,0","8,9","0,7","12,3"
Jason Kidd,2013,NYK,SG,39,"2043,0","76,0","26,9","5,4","13,5"
Vince Carter,2013,DAL,SF,36,"2093,0","81,0","25,8","6,0","17,8"
Damian Lillard,2013,POR,PG,22,"3167,0","82,0","38,6","5,8","16,4"
Tyler Hansbrough,2013,IND,PF,27,"1366,0","81,0","16,9","4,4","15,3"
Bismack Biyombo,2013,CHA,C,20,"2186,0","80,0","27,3","1,4","10,1"
Joel Freeland,2013,POR,PF,25,"477,0","51,0","9,4","0,2","9,3"
Lavoy Allen,2013,PHI,C,23,"1669,0","79,0","21,1","2,5","11,5"
Kosta Koufos,2013,DEN,C,23,"1817,0","81,0","22,4","6,5","17,2"
Travis Outlaw,2013,SAC,SF,28,"444,0","38,0","11,7","0,3","13,0"
Jerryd Bayless,2013,MEM,PG,24,"1765,0","80,0","22,1","4,0","13,5"
Carlos Delfino,2013,HOU,SF,30,"1689,0","67,0","25,2","3,5","13,3"
Austin Daye,2013,MEM,SF,24,"676,0","55,0","12,3","1,6","12,9"
Al-Farouq Aminu,2013,NOH,SF,22,"2066,0","76,0","27,2","3,1","13,7"
Alexey Shved,2013,MIN,SG,24,"1840,0","77,0","23,9","0,8","11,0"
Dahntay Jones,2013,ATL,SF,32,"1016,0","78,0","13,0","0,6","6,4"
Kwame Brown,2013,PHI,C,30,"269,0","22,0","12,2","0,4","8,8"
James Johnson,2013,SAC,SF,25,"878,0","54,0","16,3","-0,5","10,2"
Harrison Barnes,2013,GSW,SF,20,"2058,0","81,0","25,4","2,8","11,0"
Gordon Hayward,2013,UTA,SF,22,"2104,0","72,0","29,2","5,4","16,8"
Brandon Knight,2013,DET,PG,21,"2365,0","75,0","31,5","1,1","12,0"
Jrue Holiday,2013,PHI,PG,22,"2926,0","78,0","37,5","3,3","16,7"
Josh McRoberts,2013,CHA,PF,25,"1487,0","67,0","22,2","2,2","12,7"
Eric Bledsoe,2013,LAC,PG,23,"1553,0","76,0","20,4","3,7","17,5"
Nick Collison,2013,OKC,C,32,"1583,0","81,0","19,5","5,2","13,6"
Greg Stiemsma,2013,MIN,C,27,"1209,0","76,0","15,9","1,7","10,5"
Aaron Gray,2013,TOR,C,28,"513,0","42,0","12,2","0,5","9,0"
Paul George,2013,IND,SF,22,"2972,0","79,0","37,6","9,0","16,8"
Kemba Walker,2013,CHA,PG,22,"2859,0","82,0","34,9","4,8","18,8"
Terrence Ross,2013,TOR,SG,21,"1239,0","73,0","17,0","0,9","10,4"
Ty Lawson,2013,DEN,PG,25,"2513,0","73,0","34,4","7,4","17,9"
Randy Foye,2013,UTA,SG,29,"2249,0","82,0","27,4","3,7","11,7"
Jason Smith,2013,NOH,C,26,"876,0","51,0","17,2","1,7","16,8"
Cole Aldrich,2013,SAC,C,24,"388,0","45,0","8,6","0,6","11,1"
Jeff Teague,2013,ATL,PG,24,"2628,0","80,0","32,8","6,1","16,8"
Aaron Brooks,2013,HOU,PG,28,"997,0","53,0","18,8","0,8","11,8"
Andre Drummond,2013,DET,C,19,"1243,0","60,0","20,7","4,5","21,6"
Trevor Booker,2013,WAS,PF,25,"887,0","48,0","18,5","2,3","13,9"
Jimmer Fredette,2013,SAC,SG,23,"967,0","69,0","14,0","1,1","14,6"
Xavier Henry,2013,NOH,SF,21,"625,0","50,0","12,5","0,0","7,6"
Earl Watson,2013,UTA,PG,33,"829,0","48,0","17,3","0,0","7,7"
Omri Casspi,2013,CLE,SF,24,"503,0","43,0","11,7","0,7","12,9"
DeShawn Stevenson,2013,ATL,SG,31,"1158,0","56,0","20,7","1,5","8,1"
Austin Rivers,2013,NOH,SG,20,"1418,0","61,0","23,2","-1,1","5,9"
Rodrigue Beaubois,2013,DAL,PG,24,"549,0","45,0","12,2","0,4","10,6"
C.J. Miles,2013,CLE,SF,25,"1364,0","65,0","21,0","2,6","15,3"
Klay Thompson,2013,GSW,SG,22,"2936,0","82,0","35,8","4,3","12,7"
Ed Davis,2013,MEM,C-PF,23,"1631,0","81,0","20,1","5,4","17,8"
Meyers Leonard,2013,POR,C,20,"1206,0","69,0","17,5","2,4","12,1"
Alec Burks,2013,UTA,SG,21,"1137,0","64,0","17,8","1,0","11,5"
Jeremy Lamb,2013,OKC,SF,20,"147,0","23,0","6,4","0,2","11,2"
Elton Brand,2013,DAL,C,33,"1527,0","72,0","21,2","3,4","15,2"
Patrick Patterson,2013,SAC,PF,23,"1775,0","71,0","25,0","4,1","15,2"
Markieff Morris,2013,PHO,PF,23,"1837,0","82,0","22,4","1,7","12,6"
Dante Cunningham,2013,MIN,PF,25,"2010,0","80,0","25,1","3,5","13,3"
Wayne Ellington,2013,CLE,SG,25,"1661,0","78,0","21,3","3,2","12,2"
Toney Douglas,2013,SAC,PG,26,"1289,0","71,0","18,2","2,4","13,4"
Brendan Haywood,2013,CHA,C,33,"1162,0","61,0","19,0","0,1","8,7"
Eric Maynor,2013,POR,PG-SG,25,"963,0","64,0","15,0","0,2","9,3"
Kendall Marshall,2013,PHO,PG,21,"702,0","48,0","14,6","-0,2","7,8"
Larry Sanders,2013,MIL,C,24,"1937,0","71,0","27,3","6,0","18,7"
Grant Hill,2013,LAC,SF,40,"437,0","29,0","15,1","-0,1","4,8"
Marco Belinelli,2013,CHI,SG,26,"1882,0","73,0","25,8","3,0","10,4"
Darren Collison,2013,DAL,PG,25,"2372,0","81,0","29,3","5,6","16,3"
Luke Babbitt,2013,POR,PF,23,"730,0","62,0","11,8","0,7","9,4"
John Henson,2013,MIL,PF,22,"827,0","63,0","13,1","1,9","18,2"
Maurice Harkless,2013,ORL,SF,19,"1974,0","76,0","26,0","2,4","12,5"
Kawhi Leonard,2013,SAS,SF,21,"1810,0","58,0","31,2","6,2","16,4"
Jeremy Evans,2013,UTA,PF,25,"215,0","37,0","5,8","0,9","19,9"
Chris Andersen,2013,MIA,C,34,"624,0","42,0","14,9","2,7","17,4"
Anthony Randolph,2013,DEN,PF,23,"329,0","39,0","8,4","0,5","15,6"
Iman Shumpert,2013,NYK,SG,22,"996,0","45,0","22,1","1,9","11,7"
Avery Bradley,2013,BOS,PG,22,"1435,0","50,0","28,7","0,4","8,8"
Reggie Evans,2013,BRK,PF,32,"1967,0","80,0","24,6","4,3","12,8"
Chris Singleton,2013,WAS,PF,23,"924,0","57,0","16,2","0,5","7,8"
Sebastian Telfair,2013,TOR,PG,27,"980,0","59,0","16,6","0,8","10,9"
Tyler Zeller,2013,CLE,C,23,"2033,0","77,0","26,4","2,0","11,0"
Jodie Meeks,2013,LAL,SG,25,"1663,0","78,0","21,3","3,0","11,4"
Tobias Harris,2013,ORL,SF-PF,20,"1299,0","55,0","23,6","2,4","16,0"
John Lucas III,2013,TOR,PG,30,"827,0","63,0","13,1","1,1","12,8"
Jeff Ayres,2013,IND,PF,25,"369,0","37,0","10,0","1,0","14,5"
James Jones,2013,MIA,SF,32,"221,0","38,0","5,8","0,2","8,1"
Terrence Jones,2013,HOU,PF,21,"276,0","19,0","14,5","0,7","17,1"
Andrew Nicholson,2013,ORL,PF,23,"1249,0","75,0","16,7","1,7","15,1"
Jared Jeffries,2013,POR,PF,31,"350,0","38,0","9,2","-0,3","2,4"
Nando De Colo,2013,SAS,SG,25,"920,0","72,0","12,8","1,3","11,1"
Willie Green,2013,LAC,SG,31,"1188,0","72,0","16,5","2,5","11,8"
Rashard Lewis,2013,MIA,PF,33,"792,0","55,0","14,4","1,2","11,1"
Nolan Smith,2013,POR,PG,24,"288,0","40,0","7,2","-0,5","7,1"
Evan Fournier,2013,DEN,SG,20,"428,0","38,0","11,3","1,0","13,8"
Jamaal Tinsley,2013,UTA,PG,34,"1221,0","66,0","18,5","0,9","10,6"
Kurt Thomas,2013,NYK,PF,40,"392,0","39,0","10,1","1,1","13,3"
Kenneth Faried,2013,DEN,PF,23,"2248,0","80,0","28,1","7,8","18,5"
Jared Sullinger,2013,BOS,PF,20,"892,0","45,0","19,8","2,7","13,5"
Hamed Haddadi,2013,PHO,C,27,"322,0","30,0","10,7","0,1","10,2"
Victor Claver,2013,POR,SF,24,"812,0","49,0","16,6","-0,1","7,0"
Dominique Jones,2013,DAL,PG,24,"338,0","29,0","11,7","0,0","12,4"
Reggie Jackson,2013,OKC,PG,22,"993,0","70,0","14,2","2,5","14,2"
Quincy Pondexter,2013,MEM,SF,24,"1243,0","59,0","21,1","3,2","11,0"
John Jenkins,2013,ATL,SG,21,"902,0","61,0","14,8","1,7","13,0"
Hasheem Thabeet,2013,OKC,C,25,"770,0","66,0","11,7","2,2","11,6"
Jordan Crawford,2013,BOS,SG,24,"1709,0","70,0","24,4","1,9","13,8"
MarShon Brooks,2013,BRK,SG,24,"912,0","73,0","12,5","1,3","13,5"
Ronnie Price,2013,POR,PG,29,"510,0","39,0","13,1","-0,2","6,8"
Norris Cole,2013,MIA,PG,24,"1590,0","80,0","19,9","0,6","7,9"
Jordan Hamilton,2013,DEN,SF,22,"397,0","40,0","9,9","0,8","16,9"
Jimmy Butler,2013,CHI,SF,23,"2134,0","82,0","26,0","7,0","15,2"
Tony Wroten,2013,MEM,SG,19,"272,0","35,0","7,8","0,1","9,3"
Patty Mills,2013,SAS,PG,24,"656,0","58,0","11,3","1,5","14,1"
Perry Jones,2013,OKC,SF,21,"280,0","38,0","7,4","0,0","7,8"
Marquis Teague,2013,CHI,PG,19,"392,0","48,0","8,2","-0,3","6,0"
Cory Joseph,2013,SAS,PG,21,"388,0","28,0","13,9","0,9","13,5"
Miles Plumlee,2013,IND,C,24,"55,0","14,0","3,9","0,0","8,8"
DeJuan Blair,2013,SAS,PF,23,"851,0","61,0","14,0","2,2","14,6"
Arnett Moultrie,2013,PHI,PF,22,"542,0","47,0","11,5","1,7","16,7"
Festus Ezeli,2013,GSW,C,23,"1120,0","78,0","14,4","1,5","9,3"
Kyle Singler,2013,DET,SF,24,"2293,0","82,0","28,0","2,3","10,0"
C.J. Watson,2013,BRK,PG,28,"1521,0","80,0","19,0","3,8","13,9"
Brandan Wright,2013,DAL,C,25,"1149,0","64,0","18,0","4,1","21,0"
Ivan Johnson,2013,ATL,PF,28,"1035,0","69,0","15,0","2,3","15,7"
Daniel Orton,2013,OKC,C,22,"104,0","13,0","8,0","0,3","14,0"
Jeff Adrien,2013,CHA,PF,26,"713,0","52,0","13,7","1,0","13,4"
Ish Smith,2013,MIL,PG,24,"516,0","52,0","9,9","-0,4","8,5"
Chandler Parsons,2013,HOU,SF,24,"2758,0","76,0","36,3","7,0","15,3"
Chase Budinger,2013,MIN,SF,24,"508,0","23,0","22,1","0,7","12,6"
DeMarre Carroll,2013,UTA,SF,26,"1111,0","66,0","16,8","3,1","15,5"
Ryan Hollins,2013,LAC,C,28,"663,0","60,0","11,0","1,7","11,3"
Nazr Mohammed,2013,CHI,C,35,"693,0","63,0","11,0","1,2","10,8"
Malcolm Thomas,2013,CHI,PF,24,"57,0","12,0","4,8","0,2","13,8"
Malcolm Lee,2013,MIN,SG,22,"289,0","16,0","18,1","0,4","9,8"
Garrett Temple,2013,WAS,SG,26,"1156,0","51,0","22,7","1,2","8,8"
DeAndre Liggins,2013,OKC,SG,24,"290,0","39,0","7,4","0,6","9,4"
P.J. Tucker,2013,PHO,SG,27,"1910,0","79,0","24,2","2,9","11,6"
E'Twaun Moore,2013,ORL,SG,23,"1682,0","75,0","22,4","0,2","10,7"
Lance Stephenson,2013,IND,SG,22,"2278,0","78,0","29,2","5,5","11,8"
Anthony Tolliver,2013,ATL,SF,27,"963,0","62,0","15,5","1,2","8,4"
Royal Ivey,2013,PHI,SG,31,"698,0","53,0","13,2","1,0","8,1"
A.J. Price,2013,WAS,PG,26,"1278,0","57,0","22,4","2,2","12,4"
Keith Bogans,2013,BRK,SG,32,"1408,0","74,0","19,0","1,4","6,7"
James White,2013,NYK,SF,30,"435,0","57,0","7,6","0,5","9,1"
Rasheed Wallace,2013,NYK,C,38,"296,0","21,0","14,1","0,6","16,7"
Andray Blatche,2013,BRK,C,26,"1555,0","82,0","19,0","4,9","21,9"
Jason Collins,2013,WAS,C,34,"384,0","38,0","10,1","0,4","3,0"
Jerry Stackhouse,2013,BRK,SF,38,"544,0","37,0","14,7","0,4","8,5"
Marquis Daniels,2013,MIL,SF,32,"1085,0","59,0","18,4","0,5","9,2"
Joel Przybilla,2013,MIL,C,33,"68,0","12,0","5,7","0,0","3,3"
Alan Anderson,2013,TOR,SF,30,"1495,0","65,0","23,0","1,6","12,6"
Damien Wilkins,2013,PHI,SG,33,"1095,0","61,0","18,0","1,9","12,5"
Jermaine O'Neal,2013,PHO,C,34,"1029,0","55,0","18,7","2,0","16,7"
Cartier Martin,2013,WAS,SF,28,"694,0","41,0","16,9","0,7","9,7"
Josh Childress,2013,BRK,SF,29,"100,0","14,0","7,1","0,1","7,0"
Samardo Samuels,2013,CLE,C,24,"196,0","18,0","10,9","-0,1","6,2"
Ronnie Brewer,2013,OKC,SF,27,"853,0","60,0","14,2","1,1","10,0"
Nate Robinson,2013,CHI,PG,28,"2086,0","82,0","25,4","5,9","17,4"
Chris Wilcox,2013,BOS,C,30,"830,0","61,0","13,6","3,1","15,3"
Gary Neal,2013,SAS,SG,28,"1484,0","68,0","21,8","1,9","11,5"
Dexter Pittman,2013,MEM,C,24,"32,0","11,0","2,9","-0,1","1,6"
Earl Barron,2013,NYK,C,31,"159,0","12,0","13,2","0,0","8,9"
Draymond Green,2013,GSW,SF,22,"1061,0","79,0","13,4","0,6","7,1"
Troy Murphy,2013,DAL,PF,32,"256,0","14,0","18,3","0,3","9,1"
Kyle O'Quinn,2013,ORL,C,22,"638,0","57,0","11,2","1,4","15,8"
Jarvis Varnado,2013,MIA,PF,24,"58,0","13,0","4,5","-0,1","1,2"
Maalik Wayns,2013,LAC,PG,21,"202,0","27,0","7,5","-0,3","5,0"
Doron Lamb,2013,ORL,SG,21,"577,0","47,0","12,3","-0,4","4,8"
Robert Sacre,2013,LAL,C,23,"203,0","32,0","6,3","-0,1","3,4"
Josh Howard,2013,MIN,SF,32,"207,0","11,0","18,8","0,0","9,5"
Shaun Livingston,2013,CLE,PG,27,"1455,0","66,0","22,0","2,6","13,0"
Charles Jenkins,2013,PHI,SG-PG,23,"441,0","59,0","7,5","0,0","7,5"
Lance Thomas,2013,NOH,SF,24,"646,0","59,0","10,9","1,2","10,1"
Greg Smith,2013,HOU,C,22,"1110,0","70,0","15,9","4,0","16,1"
Jon Leuer,2013,MEM,PF-C,23,"187,0","28,0","6,7","0,2","10,4"
Isaiah Thomas,2013,SAC,PG,23,"2122,0","79,0","26,9","5,0","17,5"
Jeremy Tyler,2013,ATL,C,21,"68,0","21,0","3,2","-0,1","6,2"
Josh Selby,2013,MEM,PG,21,"59,0","10,0","5,9","-0,2","0,1"
Quincy Acy,2013,TOR,PF,22,"342,0","29,0","11,8","1,1","15,9"
Jae Crowder,2013,DAL,SF,22,"1353,0","78,0","17,3","1,5","10,2"
Orlando Johnson,2013,IND,SG,23,"619,0","51,0","12,1","1,5","11,4"
Will Barton,2013,POR,SG,22,"894,0","73,0","12,2","-0,5","9,1"
James Anderson,2013,SAS,SG-SF,23,"401,0","39,0","10,3","0,9","13,9"
Daequan Cook,2013,CHI,SG,25,"441,0","49,0","9,0","-0,2","5,8"
Mike James,2013,DAL,PG,37,"862,0","45,0","19,2","0,4","9,5"
Brian Roberts,2013,NOH,PG,27,"1324,0","78,0","17,0","2,2","14,6"
Kent Bazemore,2013,GSW,SG,23,"267,0","61,0","4,4","0,1","11,3"
Diante Garrett,2013,PHO,PG,24,"149,0","19,0","7,8","-0,2","9,0"
Luke Zeller,2013,PHO,C,25,"58,0","16,0","3,6","-0,1","5,6"
Mike Scott,2013,ATL,PF,24,"376,0","40,0","9,4","0,9","16,3"
Kevin Murphy,2013,UTA,SG,22,"52,0","17,0","3,1","-0,3","-4,5"
Khris Middleton,2013,DET,SG,21,"475,0","27,0","17,6","0,9","11,4"
DeQuan Jones,2013,ORL,SF,22,"803,0","63,0","12,7","0,1","8,4"
Pablo Prigioni,2013,NYK,PG,35,"1263,0","78,0","16,2","3,2","13,0"
Bernard James,2013,DAL,C,27,"457,0","46,0","9,9","1,2","14,7"
Ben Hansbrough,2013,IND,PG,25,"200,0","28,0","7,1","0,2","7,2"
Tornike Shengelia,2013,BRK,SF,21,"93,0","19,0","4,9","0,0","8,5"
Kim English,2013,DET,SG,24,"407,0","41,0","9,9","0,2","7,9"
Chris Copeland,2013,NYK,PF,28,"862,0","56,0","15,4","2,1","16,8"
Tyshawn Taylor,2013,BRK,PG,22,"221,0","38,0","5,8","-0,4","6,2"
Darius Miller,2013,NOH,SF,22,"694,0","52,0","13,3","0,5","6,3"
Sam Young,2013,IND,SG,27,"693,0","56,0","12,4","0,9","7,5"
Kevin Jones,2013,CLE,PF,23,"334,0","32,0","10,4","0,2","11,1"
Patrick Beverley,2013,HOU,PG,24,"713,0","41,0","17,4","2,2","15,4"
Jeremy Pargo,2013,PHI,PG-SG,26,"655,0","39,0","16,8","0,0","10,4"
Derek Fisher,2013,OKC,SG-PG,38,"575,0","33,0","17,4","0,4","7,7"
Terrence Williams,2013,BOS,SF,25,"318,0","24,0","13,2","0,3","12,3"
Aron Baynes,2013,SAS,C,26,"141,0","16,0","8,8","0,1","8,8"
Lou Amundson,2013,NOH,PF,30,"372,0","39,0","9,5","0,1","9,3"
Kenyon Martin,2013,NYK,C,35,"431,0","18,0","23,9","1,2","13,9"
Shavlik Randolph,2013,BOS,PF,29,"198,0","16,0","12,4","0,7","15,9"
D.J. White,2013,BOS,PF,26,"86,0","12,0","7,2","0,2","14,7"
Shelvin Mack,2013,ATL,PG-SG,22,"416,0","31,0","13,4","0,5","11,3"
Terrel Harris,2013,NOH,SG,25,"137,0","20,0","6,8","-0,6","-3,8"
Dominic McGuire,2013,IND,SF,27,"387,0","26,0","14,9","0,3","7,7"
Donald Sloan,2013,NOH,SG-PG,25,"263,0","23,0","11,4","0,1","9,6"
Chris Johnson,2013,MIN,C,27,"284,0","30,0","9,5","1,0","18,4"
Kris Joseph,2013,BRK,SF,24,"54,0","10,0","5,4","-0,1","0,6"
Dirk Nowitzki,2014,DAL,PF,35,"2628,0","80,0","32,8","10,9","23,6"
Amar'e Stoudemire,2014,NYK,C,31,"1466,0","65,0","22,6","3,8","18,8"
Joe Johnson,2014,BRK,SG,32,"2575,0","79,0","32,6","4,9","15,5"
Dwight Howard,2014,HOU,C,28,"2396,0","71,0","33,7","8,0","21,3"
Pau Gasol,2014,LAL,C,33,"1884,0","60,0","31,4","3,0","19,3"
Chris Bosh,2014,MIA,C,29,"2531,0","79,0","32,0","8,0","19,0"
LeBron James,2014,MIA,PF,29,"2902,0","77,0","37,7","15,9","29,3"
Dwyane Wade,2014,MIA,SG,32,"1775,0","54,0","32,9","5,5","22,0"
Chris Paul,2014,LAC,PG,28,"2171,0","62,0","35,0","12,2","25,9"
Deron Williams,2014,BRK,PG,29,"2059,0","64,0","32,2","5,4","17,6"
Zach Randolph,2014,MEM,PF,32,"2705,0","79,0","34,2","6,4","18,3"
Rudy Gay,2014,SAC,SF,27,"2531,0","73,0","34,7","4,8","18,3"
Kevin Durant,2014,OKC,SF,25,"3122,0","81,0","38,5","19,2","29,8"
Derrick Rose,2014,CHI,PG,25,"311,0","10,0","31,1","-0,2","9,7"
Blake Griffin,2014,LAC,PF,24,"2863,0","80,0","35,8","12,2","23,9"
Paul Pierce,2014,BRK,SF,36,"2098,0","75,0","28,0","5,2","16,8"
Carlos Boozer,2014,CHI,PF,32,"2141,0","76,0","28,2","3,4","14,4"
LaMarcus Aldridge,2014,POR,PF,28,"2498,0","69,0","36,2","7,5","21,8"
Marc Gasol,2014,MEM,C,29,"1970,0","59,0","33,4","5,6","18,2"
Brook Lopez,2014,BRK,C,25,"533,0","17,0","31,4","2,3","25,4"
Russell Westbrook,2014,OKC,PG,25,"1412,0","46,0","30,7","5,2","24,7"
Kevin Love,2014,MIN,PF,25,"2797,0","77,0","36,3","14,3","26,9"
Eric Gordon,2014,NOP,SG,25,"2057,0","64,0","32,1","2,5","14,9"
Roy Hibbert,2014,IND,C,27,"2409,0","81,0","29,7","5,4","13,5"
Luol Deng,2014,CLE,SF,28,"2213,0","63,0","35,1","4,5","15,2"
Tyson Chandler,2014,NYK,C,31,"1662,0","55,0","30,2","4,9","16,4"
Andrew Bogut,2014,GSW,C,29,"1769,0","67,0","26,4","6,5","17,0"
David Lee,2014,GSW,PF,30,"2288,0","69,0","33,2","7,6","19,1"
James Harden,2014,HOU,SG,24,"2777,0","73,0","38,0","12,8","23,5"
Al Jefferson,2014,CHA,C,29,"2553,0","73,0","35,0","7,8","22,7"
Josh Smith,2014,DET,SF,28,"2730,0","77,0","35,5","1,1","14,1"
Andre Iguodala,2014,GSW,SF,30,"2040,0","63,0","32,4","5,8","13,7"
Tony Parker,2014,SAS,PG,31,"1997,0","68,0","29,4","5,9","18,9"
Kevin Garnett,2014,BRK,C,37,"1109,0","54,0","20,5","1,2","13,3"
Serge Ibaka,2014,OKC,PF,24,"2666,0","81,0","32,9","9,6","19,6"
Al Horford,2014,ATL,C,27,"958,0","29,0","33,0","2,8","22,0"
Kris Humphries,2014,BOS,PF,28,"1376,0","69,0","19,9","4,1","18,2"
David West,2014,IND,PF,33,"2472,0","80,0","30,9","8,1","17,5"
Rajon Rondo,2014,BOS,PG,27,"998,0","30,0","33,3","1,1","15,3"
Andrea Bargnani,2014,NYK,C,28,"1257,0","42,0","29,9","1,5","14,5"
Tyreke Evans,2014,NOP,SF,24,"2028,0","72,0","28,2","3,1","18,4"
Nicolas Batum,2014,POR,SF,25,"2956,0","82,0","36,0","7,9","15,8"
Joakim Noah,2014,CHI,C,28,"2820,0","80,0","35,2","11,2","20,0"
Richard Jefferson,2014,UTA,SF,33,"2213,0","82,0","27,0","2,7","11,8"
DeAndre Jordan,2014,LAC,C,25,"2870,0","82,0","35,0","11,1","18,2"
Ty Lawson,2014,DEN,PG,26,"2222,0","62,0","35,8","6,3","19,0"
Tim Duncan,2014,SAS,C,37,"2158,0","74,0","29,2","7,4","21,3"
Gerald Wallace,2014,BOS,SF,31,"1416,0","58,0","24,4","1,3","10,0"
Tiago Splitter,2014,SAS,C,29,"1271,0","59,0","21,5","4,3","16,5"
Stephen Curry,2014,GSW,PG,25,"2846,0","78,0","36,5","13,4","24,1"
Jrue Holiday,2014,NOP,PG,23,"1143,0","34,0","33,6","1,5","17,1"
DeMar DeRozan,2014,TOR,SG,24,"3017,0","79,0","38,2","8,8","18,4"
Paul Millsap,2014,ATL,PF,28,"2482,0","74,0","33,5","6,7","19,8"
Shawn Marion,2014,DAL,SF,35,"2409,0","76,0","31,7","4,3","13,7"
Steve Nash,2014,LAL,PG,39,"313,0","15,0","20,9","0,1","12,2"
Thaddeus Young,2014,PHI,PF,25,"2718,0","79,0","34,4","3,5","16,6"
Kendrick Perkins,2014,OKC,C,29,"1207,0","62,0","19,5","0,8","6,3"
Jeff Green,2014,BOS,SF,27,"2805,0","82,0","34,2","3,3","13,1"
Mike Conley,2014,MEM,PG,26,"2446,0","73,0","33,5","8,2","20,0"
Charlie Villanueva,2014,DET,PF,29,"180,0","20,0","9,0","0,1","12,7"
Rodney Stuckey,2014,DET,SG,27,"1950,0","73,0","26,7","2,2","14,0"
Jeremy Lin,2014,HOU,PG,25,"2054,0","71,0","28,9","4,4","14,3"
Ryan Anderson,2014,NOP,PF,25,"795,0","22,0","36,1","2,3","18,8"
Marcus Thornton,2014,BRK,SG,26,"1741,0","72,0","24,2","2,0","12,0"
O.J. Mayo,2014,MIL,SG,26,"1346,0","52,0","25,9","0,1","11,2"
George Hill,2014,IND,PG,27,"2434,0","76,0","32,0","7,8","13,4"
Monta Ellis,2014,DAL,SG,28,"3023,0","82,0","36,9","4,9","16,8"
Jeff Teague,2014,ATL,PG,25,"2542,0","79,0","32,2","5,2","17,1"
Trevor Ariza,2014,WAS,SF,28,"2723,0","77,0","35,4","8,0","15,8"
Marcin Gortat,2014,WAS,C,29,"2655,0","81,0","32,8","8,1","17,6"
Brandon Jennings,2014,DET,PG,24,"2728,0","80,0","34,1","3,9","15,6"
John Salmons,2014,TOR,SG-SF,34,"1726,0","78,0","22,1","1,7","7,8"
Taj Gibson,2014,CHI,PF,28,"2351,0","82,0","28,7","5,7","16,0"
Arron Afflalo,2014,ORL,SG,28,"2552,0","73,0","35,0","5,3","16,0"
Marvin Williams,2014,UTA,PF,27,"1674,0","66,0","25,4","2,9","14,0"
John Wall,2014,WAS,PG,23,"2980,0","82,0","36,3","7,9","19,5"
Tayshaun Prince,2014,MEM,SF,33,"1948,0","76,0","25,6","1,5","8,2"
Wesley Matthews,2014,POR,SG,27,"2780,0","82,0","33,9","8,2","15,7"
Kyle Korver,2014,ATL,SG,32,"2408,0","71,0","33,9","5,9","13,5"
Evan Turner,2014,IND,SF,25,"2457,0","81,0","30,3","1,4","12,4"
Kevin Martin,2014,MIN,SG,30,"2177,0","68,0","32,0","5,3","16,3"
Carl Landry,2014,SAC,PF,30,"233,0","18,0","12,9","0,4","11,2"
Amir Johnson,2014,TOR,PF,26,"2214,0","77,0","28,8","6,3","15,4"
Spencer Hawes,2014,CLE,C,25,"2470,0","80,0","30,9","4,5","15,7"
Brandon Bass,2014,BOS,PF,28,"2266,0","82,0","27,6","5,1","15,0"
Channing Frye,2014,PHO,PF,30,"2312,0","82,0","28,2","5,3","13,2"
Wilson Chandler,2014,DEN,SF,26,"1927,0","62,0","31,1","3,1","12,4"
Jarrett Jack,2014,CLE,PG,30,"2252,0","80,0","28,2","2,3","11,5"
Landry Fields,2014,TOR,SF,25,"322,0","30,0","10,7","0,4","8,6"
Kyle Lowry,2014,TOR,PG,27,"2862,0","79,0","36,2","11,7","20,1"
Derrick Favors,2014,UTA,PF,22,"2201,0","73,0","30,2","5,1","19,0"
Gerald Henderson,2014,CHA,SG,26,"2461,0","77,0","32,0","3,6","13,1"
Robin Lopez,2014,POR,C,25,"2603,0","82,0","31,7","9,5","17,7"
Chuck Hayes,2014,TOR,C,30,"754,0","61,0","12,4","1,4","10,0"
Jason Thompson,2014,SAC,PF,27,"2007,0","82,0","24,5","2,7","11,1"
Jason Terry,2014,BRK,PG,36,"570,0","35,0","16,3","0,2","7,4"
Kyrie Irving,2014,CLE,PG,21,"2496,0","71,0","35,2","6,7","20,1"
Anthony Davis,2014,NOP,PF,20,"2358,0","67,0","35,2","10,4","26,5"
Anthony Bennett,2014,CLE,PF,20,"663,0","52,0","12,8","-0,4","6,9"
Jamal Crawford,2014,LAC,SG,33,"2094,0","69,0","30,3","5,3","17,3"
Lou Williams,2014,ATL,PG,27,"1445,0","60,0","24,1","2,6","14,2"
Courtney Lee,2014,MEM,SG,28,"1973,0","79,0","25,0","4,7","13,8"
Zaza Pachulia,2014,MIL,C,29,"1325,0","53,0","25,0","1,7","14,0"
Martell Webster,2014,WAS,SF,27,"2157,0","78,0","27,7","5,0","11,5"
Derrick Williams,2014,SAC,SF-PF,22,"1820,0","78,0","23,3","2,6","11,5"
Ramon Sessions,2014,MIL,PG,27,"2214,0","83,0","26,7","4,3","16,0"
Andre Miller,2014,WAS,SG,37,"982,0","58,0","16,9","2,2","13,9"
Corey Brewer,2014,MIN,SF,27,"2609,0","81,0","32,2","5,2","12,7"
Chase Budinger,2014,MIN,SF,25,"751,0","41,0","18,3","0,9","9,7"
Brandan Wright,2014,DAL,C,26,"1077,0","58,0","18,6","5,1","23,5"
DeMarcus Cousins,2014,SAC,C,23,"2298,0","71,0","32,4","7,9","26,1"
Michael Kidd-Gilchrist,2014,CHA,SF,20,"1502,0","62,0","24,2","3,1","12,0"
Victor Oladipo,2014,ORL,PG,21,"2487,0","80,0","31,1","1,3","13,6"
Boris Diaw,2014,SAS,PF,31,"1974,0","79,0","25,0","4,9","14,1"
J.J. Barea,2014,MIN,PG,29,"1471,0","79,0","18,6","0,7","11,6"
Luc Mbah a Moute,2014,MIN,PF-SF,27,"1003,0","64,0","15,7","1,0","8,3"
Luis Scola,2014,IND,PF,33,"1399,0","82,0","17,1","2,5","13,4"
Jonas Jerebko,2014,DET,PF,26,"741,0","64,0","11,6","1,4","13,4"
Tony Allen,2014,MEM,SG,32,"1278,0","55,0","23,2","2,7","15,6"
Ekpe Udoh,2014,MIL,PF,26,"804,0","42,0","19,1","0,0","7,6"
Luke Ridnour,2014,CHA,PG,32,"1141,0","61,0","18,7","0,1","9,0"
Timofey Mozgov,2014,DEN,C,27,"1770,0","82,0","21,6","4,5","16,7"
Udonis Haslem,2014,MIA,PF,33,"653,0","46,0","14,2","1,1","10,5"
Bradley Beal,2014,WAS,SG,20,"2530,0","73,0","34,7","4,0","14,3"
Otto Porter Jr.,2014,WAS,SF,20,"319,0","37,0","8,6","0,0","6,0"
Jared Dudley,2014,LAC,SF,28,"1729,0","74,0","23,4","2,4","8,9"
Greg Monroe,2014,DET,PF,23,"2690,0","82,0","32,8","5,9","18,1"
Tristan Thompson,2014,CLE,PF,22,"2594,0","82,0","31,6","5,7","14,9"
Kirk Hinrich,2014,CHI,PG,33,"2116,0","73,0","29,0","3,8","10,8"
Mario Chalmers,2014,MIA,PG,27,"2178,0","73,0","29,8","4,8","14,0"
Ian Mahinmi,2014,IND,C,27,"1248,0","77,0","16,2","3,3","10,2"
Brandon Rush,2014,UTA,SG,28,"418,0","38,0","11,0","-0,4","4,1"
Elton Brand,2014,ATL,C,34,"1414,0","73,0","19,4","3,6","14,0"
Steve Blake,2014,GSW,PG,33,"1498,0","55,0","27,2","1,8","11,0"
Matt Bonner,2014,SAS,PF,33,"690,0","61,0","11,3","1,8","11,2"
Thabo Sefolosha,2014,OKC,SG,29,"1584,0","61,0","26,0","3,0","10,4"
Dion Waiters,2014,CLE,SG,22,"2072,0","70,0","29,6","1,6","14,0"
Cody Zeller,2014,CHA,C,21,"1416,0","82,0","17,3","2,6","13,1"
Danny Green,2014,SAS,SG,26,"1651,0","68,0","24,3","4,2","13,9"
Steve Novak,2014,TOR,PF,30,"540,0","54,0","10,0","1,4","11,1"
Al-Farouq Aminu,2014,NOP,SF,23,"2045,0","80,0","25,6","3,1","13,2"
Samuel Dalembert,2014,DAL,C,32,"1614,0","80,0","20,2","4,9","16,8"
Ricky Rubio,2014,MIN,PG,23,"2638,0","82,0","32,2","5,9","15,4"
Raymond Felton,2014,NYK,PG,29,"2017,0","65,0","31,0","2,2","12,9"
Thomas Robinson,2014,POR,PF,22,"873,0","70,0","12,5","1,6","14,1"
Marreese Speights,2014,GSW,C,26,"982,0","79,0","12,4","2,1","15,2"
Jordan Hill,2014,LAL,PF,26,"1500,0","72,0","20,8","4,4","19,3"
Gerald Green,2014,PHO,SG,28,"2330,0","82,0","28,4","6,1","16,5"
Alex Len,2014,PHO,C,20,"362,0","42,0","8,6","0,2","7,3"
Gordon Hayward,2014,UTA,SF,23,"2800,0","77,0","36,4","3,6","16,2"
Paul George,2014,IND,SF,23,"2898,0","80,0","36,2","10,8","20,1"
Shane Battier,2014,MIA,SF,35,"1468,0","73,0","20,1","2,4","8,7"
Matt Barnes,2014,LAC,SF,33,"1735,0","63,0","27,5","3,5","12,0"
Alonzo Gee,2014,CLE,SF,26,"1020,0","65,0","15,7","0,9","8,6"
Gary Neal,2014,CHA,SG,29,"1114,0","52,0","21,4","1,0","12,5"
Darrell Arthur,2014,DEN,SF,25,"1161,0","68,0","17,1","0,7","9,4"
Ray Allen,2014,MIA,SG,38,"1936,0","73,0","26,5","4,1","12,8"
Damian Lillard,2014,POR,PG,23,"2937,0","82,0","35,8","9,6","18,6"
Tyler Hansbrough,2014,TOR,PF,28,"978,0","64,0","15,3","3,0","14,2"
Chris Kaman,2014,LAL,C,31,"736,0","39,0","18,9","0,5","17,0"
Andrei Kirilenko,2014,BRK,PF,32,"857,0","45,0","19,0","1,3","12,4"
Mike Dunleavy,2014,CHI,SF,33,"2584,0","82,0","31,5","6,5","12,6"
Vince Carter,2014,DAL,SG,37,"1973,0","81,0","24,4","4,3","15,9"
Ed Davis,2014,MEM,PF,24,"956,0","63,0","15,2","2,6","15,9"
Alexey Shved,2014,MIN,SG,25,"664,0","63,0","10,5","0,2","10,2"
Jerryd Bayless,2014,BOS,PG,25,"1686,0","72,0","23,4","2,4","12,0"
Patrick Patterson,2014,TOR,PF,24,"1533,0","65,0","23,6","3,8","14,6"
Lavoy Allen,2014,IND,PF,24,"1072,0","65,0","16,5","1,5","12,5"
Larry Sanders,2014,MIL,C,25,"584,0","23,0","25,4","0,7","14,0"
Bismack Biyombo,2014,CHA,C,21,"1072,0","77,0","13,9","3,2","13,3"
Kosta Koufos,2014,MEM,C,24,"1349,0","80,0","16,9","3,5","16,5"
Travis Outlaw,2014,SAC,SF,29,"1065,0","63,0","16,9","1,4","10,4"
Randy Foye,2014,DEN,SG,30,"2485,0","81,0","30,7","4,6","13,3"
Dorell Wright,2014,POR,SF,28,"984,0","68,0","14,5","1,9","11,9"
Chris Copeland,2014,IND,SF,29,"265,0","41,0","6,5","1,0","17,6"
Harrison Barnes,2014,GSW,SF,21,"2204,0","78,0","28,3","3,2","9,8"
Joel Freeland,2014,POR,C,26,"727,0","52,0","14,0","1,4","11,3"
Ben McLemore,2014,SAC,SG,20,"2187,0","82,0","26,7","0,8","7,7"
Brandon Knight,2014,MIL,PG,22,"2400,0","72,0","33,3","2,8","16,5"
Will Bynum,2014,DET,PG,31,"1054,0","56,0","18,8","1,0","14,4"
Marco Belinelli,2014,SAS,SF,27,"2016,0","80,0","25,2","5,9","15,0"
Aaron Gray,2014,SAC,C,29,"355,0","37,0","9,6","0,1","7,8"
Terrence Ross,2014,TOR,SG,22,"2159,0","81,0","26,7","4,2","12,0"
Kentavious Caldwell-Pope,2014,DET,SG,20,"1583,0","80,0","19,8","1,8","9,4"
Wayne Ellington,2014,DAL,SG,26,"393,0","45,0","8,7","0,7","12,2"
Mo Williams,2014,POR,PG,31,"1834,0","74,0","24,8","2,2","11,8"
Eric Bledsoe,2014,PHO,PG,24,"1416,0","43,0","32,9","4,1","19,6"
Nick Collison,2014,OKC,PF,33,"1353,0","81,0","16,7","3,6","11,8"
Kemba Walker,2014,CHA,PG,23,"2614,0","73,0","35,8","5,1","16,8"
DeMarre Carroll,2014,ATL,SF,27,"2341,0","73,0","32,1","5,8","13,9"
Avery Bradley,2014,BOS,SG,23,"1855,0","60,0","30,9","1,8","12,7"
Chauncey Billups,2014,DET,SG,37,"309,0","19,0","16,3","-0,3","5,3"
Jason Smith,2014,NOP,PF,27,"830,0","31,0","26,8","0,9","12,4"
Andre Drummond,2014,DET,C,20,"2619,0","81,0","32,3","9,9","22,6"
Trey Burke,2014,UTA,PG,21,"2262,0","70,0","32,3","0,9","12,6"
Trevor Booker,2014,WAS,PF,26,"1553,0","72,0","21,6","4,3","15,0"
Austin Rivers,2014,NOP,PG,21,"1339,0","69,0","19,4","0,6","11,6"
Klay Thompson,2014,GSW,SG,23,"2868,0","81,0","35,4","6,7","14,3"
CJ McCollum,2014,POR,SG,22,"476,0","38,0","12,5","0,2","9,0"
Quincy Pondexter,2014,MEM,SG,25,"270,0","15,0","18,0","0,4","10,3"
C.J. Miles,2014,CLE,SG,26,"984,0","51,0","19,3","2,5","16,0"
Meyers Leonard,2014,POR,C,21,"355,0","40,0","8,9","0,6","9,4"
Alec Burks,2014,UTA,SG,22,"2193,0","78,0","28,1","3,2","15,8"
Michael Carter-Williams,2014,PHI,PG,22,"2414,0","70,0","34,5","1,3","15,5"
Dante Cunningham,2014,MIN,PF,26,"1635,0","81,0","20,2","2,9","12,6"
Jordan Crawford,2014,GSW,SG-PG,25,"1859,0","81,0","23,0","2,8","14,3"
Jeremy Lamb,2014,OKC,SG,21,"1538,0","78,0","19,7","3,3","13,4"
Markieff Morris,2014,PHO,PF,24,"2153,0","81,0","26,6","6,4","18,4"
Steven Adams,2014,OKC,C,20,"1197,0","81,0","14,8","2,9","11,2"
C.J. Watson,2014,IND,PG,29,"1193,0","63,0","18,9","3,2","13,0"
Nate Robinson,2014,DEN,PG,29,"866,0","44,0","19,7","1,8","15,6"
Jermaine O'Neal,2014,GSW,PF,35,"883,0","44,0","20,1","2,7","15,3"
Kelly Olynyk,2014,BOS,C,22,"1400,0","70,0","20,0","2,9","15,2"
John Henson,2014,MIL,PF,23,"1856,0","70,0","26,5","3,3","17,9"
Darren Collison,2014,LAC,PG,26,"2069,0","80,0","25,9","5,9","16,2"
Kawhi Leonard,2014,SAS,SF,22,"1923,0","66,0","29,1","7,7","19,4"
Shabazz Muhammad,2014,MIN,SG,21,"290,0","37,0","7,8","0,3","13,1"
Maurice Harkless,2014,ORL,SF,20,"1950,0","80,0","24,4","2,8","11,8"
Anthony Randolph,2014,DEN,PF,24,"527,0","43,0","12,3","0,6","12,2"
Jeff Ayres,2014,SAS,PF,26,"952,0","73,0","13,0","2,4","11,1"
Iman Shumpert,2014,NYK,SG,23,"1962,0","74,0","26,5","2,0","9,6"
Reggie Evans,2014,SAC,PF,33,"899,0","54,0","16,6","1,5","11,7"
Jeremy Evans,2014,UTA,SF,26,"1209,0","66,0","18,3","2,8","16,2"
Tyler Zeller,2014,CLE,C,24,"1049,0","70,0","15,0","2,6","15,4"
Chris Singleton,2014,WAS,SF,24,"250,0","25,0","10,0","0,2","8,8"
Toney Douglas,2014,MIA,PG,27,"675,0","51,0","13,2","0,9","9,2"
John Lucas III,2014,UTA,PG,31,"591,0","42,0","14,1","-0,7","5,2"
Pablo Prigioni,2014,NYK,PG,36,"1283,0","66,0","19,4","3,4","13,0"
Terrence Jones,2014,HOU,PF,22,"2078,0","76,0","27,3","7,3","19,1"
Jodie Meeks,2014,LAL,SG,26,"2556,0","77,0","33,2","4,5","14,7"
Tobias Harris,2014,ORL,PF,21,"1850,0","61,0","30,3","4,1","16,5"
Shane Larkin,2014,DAL,PG,21,"489,0","48,0","10,2","-0,1","8,3"
Ronny Turiaf,2014,MIN,C,31,"606,0","31,0","19,5","1,5","13,9"
Miroslav Raduljica,2014,MIL,C,26,"465,0","48,0","9,7","1,1","15,3"
James Jones,2014,MIA,SF,33,"236,0","20,0","11,8","0,7","15,4"
Andrew Nicholson,2014,ORL,PF,24,"1174,0","76,0","15,4","0,6","9,9"
Sergey Karasev,2014,CLE,SF,20,"156,0","22,0","7,1","-0,1","2,3"
Nando De Colo,2014,TOR,SF,26,"494,0","47,0","10,5","1,0","13,1"
Evan Fournier,2014,DEN,SG,21,"1503,0","76,0","19,8","1,4","10,3"
Tony Snell,2014,CHI,SG,22,"1231,0","77,0","16,0","1,6","8,0"
Willie Green,2014,LAC,SG,32,"869,0","55,0","15,8","0,5","7,1"
Rashard Lewis,2014,MIA,SF,34,"971,0","60,0","16,2","1,7","10,7"
Andray Blatche,2014,BRK,PF,27,"1618,0","73,0","22,2","3,7","18,8"
Kenneth Faried,2014,DEN,PF,24,"2178,0","80,0","27,2","6,5","19,8"
Jared Sullinger,2014,BOS,PF,21,"2041,0","74,0","27,6","3,9","16,4"
Gorgui Dieng,2014,MIN,C,24,"818,0","60,0","13,6","2,2","16,5"
Victor Claver,2014,POR,SF,25,"184,0","21,0","8,8","0,2","8,8"
Mason Plumlee,2014,BRK,C,23,"1275,0","70,0","18,2","4,7","19,0"
Reggie Jackson,2014,OKC,PG,23,"2277,0","80,0","28,5","4,9","15,4"
John Jenkins,2014,ATL,SG,22,"158,0","13,0","12,2","-0,1","4,7"
Solomon Hill,2014,IND,SF,22,"226,0","28,0","8,1","0,4","7,6"
MarShon Brooks,2014,LAL,SG,25,"316,0","35,0","9,0","0,4","15,5"
Hasheem Thabeet,2014,OKC,C,26,"192,0","23,0","8,3","0,0","2,6"
Tim Hardaway Jr.,2014,NYK,SG,21,"1875,0","81,0","23,1","3,1","12,7"
Jordan Hamilton,2014,HOU,SF,23,"1019,0","60,0","17,0","1,6","12,7"
Tony Wroten,2014,PHI,PG,20,"1765,0","72,0","24,5","-0,9","12,9"
Reggie Bullock,2014,LAC,SF,22,"395,0","43,0","9,2","0,2","6,7"
Patty Mills,2014,SAS,PG,25,"1527,0","81,0","18,9","5,6","18,7"
Norris Cole,2014,MIA,PG,25,"2014,0","82,0","24,6","1,2","8,8"
Miles Plumlee,2014,PHO,C,25,"1964,0","80,0","24,6","4,0","14,6"
Cory Joseph,2014,SAS,SG,22,"936,0","68,0","13,8","2,9","14,7"
Jimmy Butler,2014,CHI,SG,24,"2591,0","67,0","38,7","7,1","13,5"
Nick Young,2014,LAL,SG,28,"1810,0","64,0","28,3","2,5","16,0"
Arnett Moultrie,2014,PHI,PF,23,"187,0","12,0","15,6","0,0","6,7"
Perry Jones,2014,OKC,PF,22,"764,0","62,0","12,3","1,5","10,1"
Rudy Gobert,2014,UTA,C,21,"434,0","45,0","9,6","0,4","12,9"
Marquis Teague,2014,BRK,SG,20,"443,0","40,0","11,1","-0,5","3,8"
Archie Goodwin,2014,PHO,SG,19,"533,0","52,0","10,2","0,2","10,3"
Kyle Singler,2014,DET,SF,25,"2337,0","82,0","28,5","4,4","11,8"
Anthony Morrow,2014,NOP,SG,28,"1426,0","76,0","18,8","2,4","13,9"
Lance Stephenson,2014,IND,SG,23,"2752,0","78,0","35,3","7,4","14,7"
Andrew Bynum,2014,IND,C,26,"516,0","26,0","19,8","0,4","15,2"
Ish Smith,2014,PHO,PG,25,"1006,0","70,0","14,4","1,0","11,7"
Omri Casspi,2014,HOU,PF,25,"1283,0","71,0","18,1","2,4","12,9"
Byron Mullens,2014,PHI,C,24,"414,0","45,0","9,2","0,5","12,8"
Alan Anderson,2014,BRK,SF,31,"1773,0","78,0","22,7","1,7","9,5"
Austin Daye,2014,SAS,SF,25,"148,0","22,0","6,7","0,1","11,0"
Chandler Parsons,2014,HOU,SF,25,"2783,0","74,0","37,6","7,6","15,9"
Jeff Adrien,2014,MIL,PF,27,"961,0","53,0","18,1","2,7","17,4"
Jon Leuer,2014,MEM,PF,24,"642,0","49,0","13,1","2,0","17,6"
Shelvin Mack,2014,ATL,PG,23,"1490,0","73,0","20,4","2,3","13,2"
Jannero Pargo,2014,CHA,PG,34,"242,0","29,0","8,3","0,5","18,9"
Anthony Tolliver,2014,CHA,PF,28,"1298,0","64,0","20,3","3,2","11,0"
Ryan Hollins,2014,LAC,PF,29,"482,0","61,0","7,9","1,3","11,9"
Josh Harrellson,2014,DET,C,24,"317,0","32,0","9,9","0,7","13,4"
Wesley Johnson,2014,LAL,SF,26,"2240,0","79,0","28,4","1,9","11,0"
Nazr Mohammed,2014,CHI,C,36,"562,0","80,0","7,0","0,8","10,1"
Jordan Farmar,2014,LAL,PG,27,"912,0","41,0","22,2","0,7","15,0"
Earl Watson,2014,POR,PG,34,"161,0","24,0","6,7","-0,1","2,1"
DeJuan Blair,2014,DAL,PF,24,"1214,0","78,0","15,6","3,4","17,3"
Garrett Temple,2014,WAS,SG,27,"638,0","75,0","8,5","0,3","7,8"
Aaron Brooks,2014,DEN,PG,29,"1557,0","72,0","21,6","2,2","12,5"
Rasual Butler,2014,IND,SG,34,"378,0","50,0","7,6","1,1","12,2"
Xavier Henry,2014,LAL,SF,22,"908,0","43,0","21,1","0,3","12,3"
Kenyon Martin,2014,NYK,PF,36,"633,0","32,0","19,8","1,2","12,2"
Greg Oden,2014,MIA,C,26,"212,0","23,0","9,2","0,5","12,4"
Isaiah Thomas,2014,SAC,PG,24,"2497,0","72,0","34,7","7,7","20,5"
P.J. Tucker,2014,PHO,SF,28,"2490,0","81,0","30,7","6,1","13,3"
Shaun Livingston,2014,BRK,PG,28,"1974,0","76,0","26,0","4,4","14,5"
Beno Udrih,2014,MEM,SG,31,"643,0","41,0","15,7","0,8","12,7"
Donald Sloan,2014,IND,SG,26,"392,0","48,0","8,2","0,3","8,5"
Mike Miller,2014,MEM,SF,33,"1707,0","82,0","20,8","3,9","12,5"
Devin Harris,2014,DAL,PG,30,"818,0","40,0","20,4","1,6","14,6"
Julyan Stone,2014,TOR,SG,25,"120,0","21,0","5,7","0,2","6,6"
E'Twaun Moore,2014,ORL,SG,24,"1506,0","79,0","19,1","1,7","11,1"
Cole Aldrich,2014,NYK,C,25,"330,0","46,0","7,2","1,2","19,1"
Draymond Green,2014,GSW,SF,23,"1797,0","82,0","21,9","4,5","12,7"
Allen Crabbe,2014,POR,SG,21,"100,0","15,0","6,7","0,1","7,7"
Elliot Williams,2014,PHI,SG,24,"1157,0","67,0","17,3","0,3","8,7"
Brian Roberts,2014,NOP,PG,28,"1667,0","72,0","23,2","2,2","13,4"
Henry Sims,2014,PHI,C,23,"875,0","46,0","19,0","2,1","16,1"
Kent Bazemore,2014,LAL,SG,24,"911,0","67,0","13,6","0,2","11,2"
Aron Baynes,2014,SAS,C,27,"491,0","53,0","9,3","0,6","9,7"
Quincy Acy,2014,SAC,SF,23,"847,0","63,0","13,4","1,5","10,1"
Mike Scott,2014,ATL,PF,25,"1482,0","80,0","18,5","2,6","15,3"
Kyle O'Quinn,2014,ORL,C,23,"1188,0","69,0","17,2","2,5","16,5"
Quincy Miller,2014,DEN,PF,21,"789,0","52,0","15,2","0,0","8,6"
Khris Middleton,2014,MIL,SF,22,"2460,0","82,0","30,0","2,7","12,5"
Jae Crowder,2014,DAL,SF,23,"1254,0","78,0","16,1","2,3","11,9"
Patrick Beverley,2014,HOU,PG,25,"1751,0","56,0","31,3","4,2","12,4"
Will Barton,2014,POR,SG,23,"387,0","41,0","9,4","0,6","13,5"
Bernard James,2014,DAL,C,28,"146,0","30,0","4,9","0,1","8,5"
Robert Sacre,2014,LAL,C,24,"1089,0","65,0","16,8","1,4","12,1"
Darius Miller,2014,NOP,SF,23,"723,0","45,0","16,1","0,8","9,0"
Andre Roberson,2014,OKC,SG,22,"399,0","40,0","10,0","0,8","9,0"
Diante Garrett,2014,UTA,PG,25,"1048,0","71,0","14,8","-0,8","7,1"
Dwight Buycks,2014,TOR,PG,24,"146,0","14,0","10,4","0,0","7,2"
Hilton Armstrong,2014,GSW,C,29,"97,0","15,0","6,5","0,3","17,0"
Chris Douglas-Roberts,2014,CHA,SF,27,"1016,0","49,0","20,7","2,4","12,2"
D.J. Augustin,2014,CHI,PG,26,"1939,0","71,0","27,3","6,2","16,2"
James Johnson,2014,MEM,SF,26,"956,0","52,0","18,4","3,0","18,5"
Isaiah Canaan,2014,HOU,PG,22,"252,0","22,0","11,5","0,2","9,5"
Jeremy Tyler,2014,NYK,C,22,"398,0","41,0","9,7","0,5","13,0"
Kendall Marshall,2014,LAL,PG,22,"1564,0","54,0","29,0","0,9","12,6"
Ricky Ledo,2014,DAL,SG,21,"33,0","11,0","3,0","0,0","12,7"
Jamaal Franklin,2014,MEM,SG,22,"161,0","21,0","7,7","0,0","4,7"
Ray McCallum,2014,SAC,PG,22,"897,0","45,0","19,9","0,4","9,7"
Nate Wolters,2014,MIL,PG,22,"1309,0","58,0","22,6","1,2","12,7"
Tony Mitchell,2014,DET,PF,21,"79,0","21,0","3,8","0,2","18,1"
Nick Calathes,2014,MEM,SG,24,"1173,0","71,0","16,5","1,5","12,3"
Glen Rice Jr.,2014,WAS,SG,23,"109,0","11,0","9,9","-0,1","6,6"
Peyton Siva,2014,DET,SG,23,"224,0","24,0","9,3","-0,2","5,7"
Brandon Davies,2014,PHI,PF,22,"575,0","51,0","11,3","0,1","7,5"
Toure' Murry,2014,NYK,PG,24,"373,0","51,0","7,3","0,0","11,1"
Ryan Kelly,2014,LAL,PF,22,"1312,0","59,0","22,2","2,2","12,6"
Phil Pressey,2014,BOS,PG,22,"1132,0","75,0","15,1","0,1","8,8"
Robbie Hummel,2014,MIN,SF,24,"655,0","53,0","12,4","1,1","9,6"
Jeff Withey,2014,NOP,C,23,"684,0","58,0","11,8","1,8","15,2"
Matthew Dellavedova,2014,CLE,SG,23,"1271,0","72,0","17,7","2,1","10,7"
Dionte Christmas,2014,PHO,SF,27,"198,0","31,0","6,4","0,3","11,1"
Ian Clark,2014,UTA,SG,22,"172,0","23,0","7,5","-0,1","9,2"
Gal Mekel,2014,DAL,PG,25,"292,0","31,0","9,4","-0,4","5,4"
Hollis Thompson,2014,PHI,SF,22,"1742,0","77,0","22,6","2,0","9,5"
Leandro Barbosa,2014,PHO,PG,31,"368,0","20,0","18,4","0,4","11,5"
Luke Babbitt,2014,NOP,PF,24,"473,0","27,0","17,5","0,7","12,1"
Chris Johnson,2014,BOS,SF,23,"789,0","40,0","19,7","1,4","10,8"
Shavlik Randolph,2014,PHO,PF,30,"95,0","14,0","6,8","0,1","7,7"
Dewayne Dedmon,2014,ORL,C,24,"390,0","31,0","12,6","0,6","10,7"
Jason Collins,2014,BRK,C,35,"172,0","22,0","7,8","0,1","4,1"
Danny Granger,2014,LAC,SF,30,"847,0","41,0","20,7","1,3","10,9"
Caron Butler,2014,OKC,SF,33,"1419,0","56,0","25,3","1,8","12,2"
Jimmer Fredette,2014,CHI,SG,24,"519,0","49,0","10,6","0,8","15,8"
Shannon Brown,2014,NYK,SG,28,"251,0","29,0","8,7","-0,3","4,7"
Jarvis Varnado,2014,PHI,PF,25,"339,0","24,0","14,1","0,8","13,3"
Mike Muscala,2014,ATL,PF,22,"215,0","20,0","10,8","0,2","10,8"
Cartier Martin,2014,CHI,SF,29,"870,0","59,0","14,7","1,3","11,0"
Chris Babb,2014,BOS,SG,23,"132,0","14,0","9,4","0,0","3,7"
Ronnie Brewer,2014,CHI,SF,28,"160,0","24,0","6,7","0,0","3,4"
Mike James,2014,CHI,PG,38,"77,0","11,0","7,0","-0,1","1,5"
Drew Gooden,2014,WAS,C,32,"395,0","22,0","18,0","1,4","18,4"
Lou Amundson,2014,CHI,PF,31,"185,0","19,0","9,7","0,1","9,1"
Jared Cunningham,2014,SAC,SG,22,"80,0","13,0","6,2","0,1","8,5"
Greg Smith,2014,HOU,C,23,"100,0","11,0","9,1","0,2","13,7"
Kobe Bryant,2015,LAL,SG,36,"1207,0","35,0","34,5","0,2","17,6"
Joe Johnson,2015,BRK,SG,33,"2791,0","80,0","34,9","4,1","14,1"
Dwight Howard,2015,HOU,C,29,"1223,0","41,0","29,8","3,6","19,2"
Chris Bosh,2015,MIA,C,30,"1556,0","44,0","35,4","3,6","19,8"
LeBron James,2015,CLE,SF,30,"2493,0","69,0","36,1","10,4","25,9"
Chris Paul,2015,LAC,PG,29,"2857,0","82,0","34,8","16,1","26,0"
Deron Williams,2015,BRK,PG,30,"2114,0","68,0","31,1","3,6","15,7"
Rudy Gay,2015,SAC,SF,28,"2408,0","68,0","35,4","6,1","19,7"
Kevin Durant,2015,OKC,SF,26,"913,0","27,0","33,8","4,8","27,6"
Derrick Rose,2015,CHI,PG,26,"1530,0","51,0","30,0","1,2","15,9"
Blake Griffin,2015,LAC,PF,25,"2356,0","67,0","35,2","9,0","22,8"
Zach Randolph,2015,MEM,PF,33,"2304,0","71,0","32,5","7,2","19,5"
LaMarcus Aldridge,2015,POR,PF,29,"2512,0","71,0","35,4","8,6","22,8"
Marc Gasol,2015,MEM,C,30,"2687,0","81,0","33,2","10,2","21,7"
Kevin Love,2015,CLE,PF,26,"2532,0","75,0","33,8","8,7","18,8"
Brook Lopez,2015,BRK,C,26,"2100,0","72,0","29,2","7,0","22,7"
Russell Westbrook,2015,OKC,PG,26,"2302,0","67,0","34,4","10,6","29,1"
David Lee,2015,GSW,PF,31,"904,0","49,0","18,4","3,2","17,8"
Dwyane Wade,2015,MIA,SG,33,"1971,0","62,0","31,8","3,5","21,4"
Eric Gordon,2015,NOP,SG,26,"2018,0","61,0","33,1","2,9","12,7"
Roy Hibbert,2015,IND,C,28,"1926,0","76,0","25,3","4,2","15,4"
Tyson Chandler,2015,DAL,C,32,"2286,0","75,0","30,5","10,3","20,1"
John Wall,2015,WAS,PG,24,"2837,0","79,0","35,9","7,8","19,9"
DeMarcus Cousins,2015,SAC,C,24,"2013,0","59,0","34,1","6,0","25,2"
Gordon Hayward,2015,UTA,SF,24,"2618,0","76,0","34,4","8,7","20,2"
James Harden,2015,HOU,SG,25,"2981,0","81,0","36,8","16,4","26,7"
Chandler Parsons,2015,DAL,SF,26,"2186,0","66,0","33,1","5,5","16,3"
Al Jefferson,2015,CHO,C,30,"1992,0","65,0","30,6","4,7","19,7"
Eric Bledsoe,2015,PHO,PG,25,"2800,0","81,0","34,6","7,0","18,4"
Andrew Bogut,2015,GSW,C,30,"1583,0","67,0","23,6","5,2","15,8"
Derrick Favors,2015,UTA,PF,23,"2280,0","74,0","30,8","8,3","21,8"
Rajon Rondo,2015,DAL,PG,28,"2018,0","68,0","29,7","1,6","13,5"
Joakim Noah,2015,CHI,C,29,"2049,0","67,0","30,6","5,6","15,3"
Tony Parker,2015,SAS,PG,32,"1953,0","68,0","28,7","4,1","15,9"
Serge Ibaka,2015,OKC,PF,25,"2116,0","64,0","33,1","5,6","16,6"
Andre Iguodala,2015,GSW,SF,31,"2069,0","77,0","26,9","5,1","12,3"
Kyle Lowry,2015,TOR,PG,28,"2414,0","70,0","34,5","7,1","19,3"
Al Horford,2015,ATL,C,28,"2318,0","76,0","30,5","8,7","21,4"
Kevin Garnett,2015,MIN,PF,38,"952,0","47,0","20,3","1,9","15,2"
David West,2015,IND,PF,34,"1895,0","66,0","28,7","4,3","16,0"
Nicolas Batum,2015,POR,SF,26,"2380,0","71,0","33,5","5,2","13,1"
Ty Lawson,2015,DEN,PG,27,"2665,0","75,0","35,5","7,0","18,5"
Andrea Bargnani,2015,NYK,C,29,"785,0","29,0","27,1","0,9","16,6"
DeAndre Jordan,2015,LAC,C,26,"2820,0","82,0","34,4","12,8","21,0"
Tyreke Evans,2015,NOP,SG,25,"2690,0","79,0","34,1","4,6","17,7"
JaVale McGee,2015,PHI,C,27,"256,0","23,0","11,1","0,4","14,4"
Larry Sanders,2015,MIL,C,26,"586,0","27,0","21,7","1,6","15,2"
Danilo Gallinari,2015,DEN,SF,26,"1426,0","59,0","24,2","3,9","16,8"
Stephen Curry,2015,GSW,PG,26,"2613,0","80,0","32,7","15,7","28,0"
Marcin Gortat,2015,WAS,C,30,"2453,0","82,0","29,9","8,6","18,2"
Tim Duncan,2015,SAS,C,38,"2227,0","77,0","28,9","9,6","22,6"
Gerald Wallace,2015,BOS,SF,32,"286,0","32,0","8,9","0,1","6,2"
DeMar DeRozan,2015,TOR,SG,25,"2100,0","60,0","35,0","4,0","17,4"
Jrue Holiday,2015,NOP,PG,24,"1303,0","40,0","32,6","3,4","18,8"
Luol Deng,2015,MIA,SF,29,"2421,0","72,0","33,6","5,4","15,5"
Paul Millsap,2015,ATL,PF,29,"2390,0","73,0","32,7","8,3","20,0"
Thaddeus Young,2015,BRK,PF,26,"2434,0","76,0","32,0","3,1","15,7"
Tiago Splitter,2015,SAS,C,30,"1030,0","52,0","19,8","4,0","18,9"
Jeff Green,2015,MEM,SF,28,"2454,0","78,0","31,5","5,2","14,4"
Jordan Hill,2015,LAL,C,27,"1874,0","70,0","26,8","2,2","16,2"
Lance Stephenson,2015,CHO,SG,24,"1573,0","61,0","25,8","-0,9","8,8"
Mike Conley,2015,MEM,PG,27,"2225,0","70,0","31,8","6,8","18,6"
Channing Frye,2015,ORL,PF,31,"1870,0","75,0","24,9","2,1","9,5"
Marcus Thornton,2015,PHO,SG,27,"721,0","48,0","15,0","1,2","15,0"
Jeremy Lin,2015,LAL,PG,26,"1907,0","74,0","25,8","2,7","15,6"
Monta Ellis,2015,DAL,SG,29,"2699,0","80,0","33,7","3,6","16,5"
Taj Gibson,2015,CHI,PF,29,"1692,0","62,0","27,3","4,8","16,1"
Brandon Jennings,2015,DET,PG,25,"1173,0","41,0","28,6","3,3","19,7"
O.J. Mayo,2015,MIL,SG,27,"1697,0","71,0","23,9","2,8","13,5"
George Hill,2015,IND,PG,28,"1267,0","43,0","29,5","5,4","21,5"
Jeff Teague,2015,ATL,PG,26,"2228,0","73,0","30,5","7,7","20,6"
Dirk Nowitzki,2015,DAL,PF,36,"2282,0","77,0","29,6","7,2","19,2"
Tayshaun Prince,2015,DET,SF,34,"1397,0","58,0","24,1","2,5","12,0"
Boris Diaw,2015,SAS,PF,32,"1984,0","81,0","24,5","3,6","12,7"
Arron Afflalo,2015,POR,SG,29,"2502,0","78,0","32,1","2,6","10,7"
Wesley Matthews,2015,POR,SG,28,"2024,0","60,0","33,7","6,2","16,1"
Isaiah Thomas,2015,BOS,PG,25,"1726,0","67,0","25,8","6,1","20,6"
Avery Bradley,2015,BOS,SG,24,"2428,0","77,0","31,5","2,5","11,5"
Pau Gasol,2015,CHI,PF,34,"2681,0","78,0","34,4","10,4","22,7"
Kyrie Irving,2015,CLE,PG,22,"2730,0","75,0","36,4","10,4","21,5"
Amir Johnson,2015,TOR,PF,27,"1979,0","75,0","26,4","5,1","15,4"
Marvin Williams,2015,CHO,PF,28,"2035,0","78,0","26,1","4,3","11,8"
Brandon Bass,2015,BOS,PF,29,"1929,0","82,0","23,5","5,3","16,3"
Kevin Martin,2015,MIN,SG,31,"1302,0","39,0","33,4","1,9","16,7"
Wilson Chandler,2015,DEN,SF,27,"2471,0","78,0","31,7","3,6","13,2"
Jason Richardson,2015,PHI,SG,34,"416,0","19,0","21,9","0,4","11,7"
Carl Landry,2015,SAC,PF,31,"1192,0","70,0","17,0","2,8","14,9"
Derrick Williams,2015,SAC,PF,23,"1462,0","74,0","19,8","2,1","12,8"
Jarrett Jack,2015,BRK,PG,31,"2241,0","80,0","28,0","2,6","14,6"
Kyle Korver,2015,ATL,SG,33,"2418,0","75,0","32,2","7,5","14,8"
Landry Fields,2015,TOR,SF,26,"216,0","26,0","8,3","0,3","10,8"
Robin Lopez,2015,POR,C,26,"1638,0","59,0","27,8","5,1","16,2"
Jason Thompson,2015,SAC,PF,28,"1991,0","81,0","24,6","2,4","10,2"
Jodie Meeks,2015,DET,SG,27,"1462,0","60,0","24,4","3,1","14,1"
Gerald Henderson,2015,CHO,SG,27,"2315,0","80,0","28,9","3,6","13,2"
Chuck Hayes,2015,TOR,C,31,"255,0","29,0","8,8","0,5","10,4"
Jason Terry,2015,HOU,SG,37,"1641,0","77,0","21,3","3,6","11,4"
Patrick Patterson,2015,TOR,PF,25,"2156,0","81,0","26,6","6,1","14,6"
P.J. Tucker,2015,PHO,SF,29,"2383,0","78,0","30,6","4,9","12,5"
Anthony Davis,2015,NOP,PF,21,"2455,0","68,0","36,1","14,0","30,8"
Anthony Bennett,2015,MIN,PF,21,"894,0","57,0","15,7","0,3","11,4"
Andrew Wiggins,2015,MIN,SF,19,"2969,0","82,0","36,2","2,1","13,9"
Greg Monroe,2015,DET,PF,24,"2137,0","69,0","31,0","6,8","21,2"
Jamal Crawford,2015,LAC,SG,34,"1703,0","64,0","26,6","3,6","16,6"
Lou Williams,2015,TOR,SG,28,"2016,0","80,0","25,2","6,6","19,9"
Courtney Lee,2015,MEM,SG,29,"2354,0","77,0","30,6","4,8","11,5"
Martell Webster,2015,WAS,SF,28,"352,0","32,0","11,0","0,0","5,9"
Chris Andersen,2015,MIA,C,36,"1132,0","60,0","18,9","3,6","16,1"
Spencer Hawes,2015,LAC,PF,26,"1274,0","73,0","17,5","1,2","9,8"
Paul Pierce,2015,WAS,SF,37,"1914,0","73,0","26,2","5,5","15,2"
Shaun Livingston,2015,GSW,PG,29,"1468,0","78,0","18,8","3,3","12,9"
Josh McRoberts,2015,MIA,PF,27,"296,0","17,0","17,4","0,4","10,2"
Zaza Pachulia,2015,MIL,C,30,"1730,0","73,0","23,7","4,2","15,6"
Tristan Thompson,2015,CLE,PF,23,"2194,0","82,0","26,8","6,8","15,6"
Michael Kidd-Gilchrist,2015,CHO,SF,21,"1587,0","55,0","28,9","3,8","15,1"
Chase Budinger,2015,MIN,SF,26,"1286,0","67,0","19,2","1,3","12,2"
Trevor Booker,2015,UTA,PF,27,"1564,0","79,0","19,8","3,6","15,3"
Brandan Wright,2015,PHO,PF,27,"1449,0","75,0","19,3","6,1","20,4"
Nick Young,2015,LAL,SG,29,"1000,0","42,0","23,8","1,2","14,2"
Victor Oladipo,2015,ORL,SG,22,"2573,0","72,0","35,7","3,5","15,9"
Jabari Parker,2015,MIL,PF,19,"738,0","25,0","29,5","1,3","14,5"
Luis Scola,2015,IND,PF,34,"1659,0","81,0","20,5","4,4","16,8"
Tony Allen,2015,MEM,SG,33,"1648,0","63,0","26,2","4,1","14,6"
Chris Kaman,2015,POR,C,32,"1398,0","74,0","18,9","3,3","17,3"
Darren Collison,2015,SAC,PG,27,"1565,0","45,0","34,8","3,8","17,5"
Kostas Papanikolaou,2015,HOU,SF,24,"795,0","43,0","18,5","0,5","7,8"
Corey Brewer,2015,HOU,SF,28,"2087,0","80,0","26,1","3,1","13,9"
Ricky Rubio,2015,MIN,PG,24,"692,0","22,0","31,5","0,5","15,2"
Andre Miller,2015,SAC,PG,38,"1253,0","81,0","15,5","2,2","13,3"
Timofey Mozgov,2015,CLE,C,28,"2045,0","81,0","25,2","5,7","16,6"
Bradley Beal,2015,WAS,SG,21,"2107,0","63,0","33,4","3,7","14,0"
Caron Butler,2015,DET,SF,34,"1623,0","78,0","20,8","2,4","9,3"
Jonas Jerebko,2015,BOS,PF,27,"1230,0","75,0","16,4","3,5","15,0"
Ben Gordon,2015,ORL,SG,31,"790,0","56,0","14,1","0,3","10,6"
Otto Porter Jr.,2015,WAS,SF,21,"1432,0","74,0","19,4","2,7","11,6"
Luc Mbah a Moute,2015,PHI,PF,28,"1916,0","67,0","28,6","1,1","10,6"
Kris Humphries,2015,WAS,PF,29,"1345,0","64,0","21,0","3,8","15,4"
Jared Dudley,2015,MIL,SG,29,"1717,0","72,0","23,8","4,1","12,3"
C.J. Miles,2015,IND,SG,27,"1841,0","70,0","26,3","3,6","14,1"
Thabo Sefolosha,2015,ATL,SF,30,"976,0","52,0","18,8","2,5","13,8"
Dion Waiters,2015,OKC,SG,23,"2208,0","80,0","27,6","1,1","10,9"
Samuel Dalembert,2015,NYK,C,33,"544,0","32,0","17,0","0,3","11,8"
Cody Zeller,2015,CHO,C,22,"1487,0","62,0","24,0","3,8","14,1"
Danny Green,2015,SAS,SG,27,"2312,0","81,0","28,5","7,8","16,5"
Mario Chalmers,2015,MIA,PG,28,"2368,0","80,0","29,6","2,8","11,7"
Ian Mahinmi,2015,IND,C,28,"1146,0","61,0","18,8","2,1","10,8"
Aaron Gordon,2015,ORL,PF,19,"797,0","47,0","17,0","1,0","11,4"
Mo Williams,2015,CHO,PG,32,"1980,0","68,0","29,1","2,1","15,4"
Vince Carter,2015,MEM,SG,38,"1091,0","66,0","16,5","1,0","9,6"
Devin Harris,2015,DAL,PG,31,"1685,0","76,0","22,2","4,2","14,8"
Bismack Biyombo,2015,CHO,C,22,"1243,0","64,0","19,4","4,0","15,2"
Patty Mills,2015,SAS,PG,26,"801,0","51,0","15,7","1,4","13,0"
Joel Anthony,2015,DET,C,32,"406,0","49,0","8,3","1,2","14,7"
Raymond Felton,2015,DAL,PG,30,"281,0","29,0","9,7","0,2","12,4"
Thomas Robinson,2015,PHI,PF,23,"798,0","54,0","14,8","1,5","15,3"
Marreese Speights,2015,GSW,C,27,"1207,0","76,0","15,9","4,0","19,5"
Alex Len,2015,PHO,C,21,"1518,0","69,0","22,0","3,4","13,5"
Dante Exum,2015,UTA,PG,19,"1817,0","82,0","22,2","-0,1","5,7"
Brandon Knight,2015,PHO,PG-SG,23,"2035,0","63,0","32,3","4,5","17,1"
Gerald Green,2015,PHO,SG,29,"1446,0","74,0","19,5","1,9","15,4"
Steve Novak,2015,OKC,SF-PF,31,"197,0","35,0","5,6","0,3","8,6"
Matt Barnes,2015,LAC,SF,34,"2271,0","76,0","29,9","4,3","11,3"
Damian Lillard,2015,POR,PG,24,"2925,0","82,0","35,7","10,6","20,7"
Mike Scott,2015,ATL,PF,26,"1123,0","68,0","16,5","2,7","15,1"
Tyler Hansbrough,2015,TOR,PF,29,"1058,0","74,0","14,3","3,4","13,3"
Mike Dunleavy,2015,CHI,SF,34,"1838,0","63,0","29,2","4,1","11,6"
Nerlens Noel,2015,PHI,C,20,"2311,0","75,0","30,8","4,0","15,0"
Marcus Smart,2015,BOS,PG,20,"1808,0","67,0","27,0","2,9","11,0"
Alexey Shved,2015,NYK,SG,26,"767,0","42,0","18,3","2,2","19,5"
Evan Turner,2015,BOS,SG,26,"2260,0","82,0","27,6","2,5","12,8"
Jason Smith,2015,NYK,C,28,"1785,0","82,0","21,8","1,2","12,0"
Kemba Walker,2015,CHO,PG,24,"2119,0","62,0","34,2","4,5","17,6"
Carlos Boozer,2015,LAL,PF,33,"1692,0","71,0","23,8","2,2","16,4"
Gary Neal,2015,MIN,SG,30,"1193,0","54,0","22,1","0,6","11,1"
Anthony Morrow,2015,OKC,SG,29,"1806,0","74,0","24,4","5,7","14,8"
Dorell Wright,2015,POR,SF,29,"592,0","48,0","12,3","1,6","13,4"
Quincy Pondexter,2015,NOP,SF-SG,26,"1793,0","75,0","23,9","2,9","9,9"
Chris Copeland,2015,IND,SF,30,"828,0","50,0","16,6","-0,1","7,4"
Klay Thompson,2015,GSW,SG,24,"2455,0","77,0","31,9","8,8","20,8"
Harrison Barnes,2015,GSW,SF,22,"2318,0","82,0","28,3","6,7","13,4"
Alec Burks,2015,UTA,SG,23,"899,0","27,0","33,3","1,7","13,0"
Ben McLemore,2015,SAC,SG,21,"2670,0","82,0","32,6","2,5","10,4"
Joel Freeland,2015,POR,C,27,"617,0","48,0","12,9","1,6","12,2"
Anthony Tolliver,2015,DET,PF,29,"1432,0","76,0","18,8","2,7","11,1"
Kosta Koufos,2015,MEM,C,25,"1348,0","81,0","16,6","3,3","14,2"
D.J. Augustin,2015,OKC,PG,27,"1964,0","82,0","24,0","3,4","13,9"
Randy Foye,2015,DEN,SG,31,"1087,0","50,0","21,7","1,0","11,0"
Jerryd Bayless,2015,MIL,PG,26,"1717,0","77,0","22,3","2,4","11,1"
Markieff Morris,2015,PHO,PF,25,"2581,0","82,0","31,5","4,6","15,8"
Furkan Aldemir,2015,PHI,PF,23,"540,0","41,0","13,2","1,4","12,0"
Kawhi Leonard,2015,SAS,SF,23,"2033,0","64,0","31,8","8,6","22,0"
Marco Belinelli,2015,SAS,SG,28,"1388,0","62,0","22,4","2,9","12,4"
Terrence Ross,2015,TOR,SF,23,"2092,0","82,0","25,5","2,4","11,2"
Kentavious Caldwell-Pope,2015,DET,SG,21,"2587,0","82,0","31,5","2,8","11,2"
Luke Ridnour,2015,ORL,PG,33,"683,0","47,0","14,5","0,6","10,0"
Nik Stauskas,2015,SAC,SG,21,"1127,0","73,0","15,4","0,5","7,5"
Brian Roberts,2015,CHO,PG,29,"1330,0","72,0","18,5","1,8","11,7"
Udonis Haslem,2015,MIA,PF,34,"995,0","62,0","16,0","1,4","10,6"
Jameer Nelson,2015,DEN,PG,32,"1407,0","63,0","22,3","1,4","12,1"
Mike Miller,2015,CLE,SF,34,"701,0","52,0","13,5","0,4","4,6"
Kirk Hinrich,2015,CHI,SG,34,"1610,0","66,0","24,4","1,0","6,8"
Iman Shumpert,2015,CLE,SG,24,"1545,0","62,0","24,9","1,5","11,4"
Andre Drummond,2015,DET,C,21,"2502,0","82,0","30,5","7,7","21,4"
Trey Burke,2015,UTA,PG,22,"2288,0","76,0","30,1","2,4","12,6"
Noah Vonleh,2015,CHO,PF,19,"259,0","25,0","10,4","0,5","13,2"
James Johnson,2015,TOR,PF,27,"1370,0","70,0","19,6","4,1","17,9"
DeMarre Carroll,2015,ATL,SF,28,"2189,0","70,0","31,3","7,0","15,9"
Austin Rivers,2015,LAC,PG-SG,22,"1563,0","76,0","20,6","1,5","10,3"
Shelvin Mack,2015,ATL,PG,24,"833,0","55,0","15,1","1,3","13,2"
CJ McCollum,2015,POR,SG,23,"973,0","62,0","15,7","1,8","13,1"
Elfrid Payton,2015,ORL,PG,20,"2489,0","82,0","30,4","2,3","13,8"
Tobias Harris,2015,ORL,SF,22,"2369,0","68,0","34,8","4,8","16,7"
Meyers Leonard,2015,POR,C,22,"847,0","55,0","15,4","2,8","14,8"
Michael Carter-Williams,2015,MIL,PG,23,"2149,0","66,0","32,6","0,8","14,1"
Doug McDermott,2015,CHI,SF,23,"321,0","36,0","8,9","0,0","6,1"
Kenneth Faried,2015,DEN,PF,25,"2086,0","75,0","27,8","5,6","18,4"
Nick Collison,2015,OKC,PF,34,"1101,0","66,0","16,7","2,2","11,2"
Brendan Haywood,2015,CLE,C,35,"119,0","22,0","5,4","0,0","9,1"
Reggie Jackson,2015,DET,PG,24,"2268,0","77,0","29,5","4,9","17,2"
Jeremy Lamb,2015,OKC,SG,22,"633,0","47,0","13,5","1,6","14,9"
Steven Adams,2015,OKC,C,21,"1771,0","70,0","25,3","4,1","14,1"
Ramon Sessions,2015,WAS,PG,28,"1188,0","64,0","18,6","1,1","11,1"
Jordan Farmar,2015,LAC,PG,28,"529,0","36,0","14,7","0,6","9,9"
Aron Baynes,2015,SAS,C,28,"1122,0","70,0","16,0","3,9","15,9"
C.J. Watson,2015,IND,PG,30,"1422,0","57,0","24,9","4,0","15,4"
Danny Granger,2015,MIA,SF,31,"613,0","30,0","20,4","0,6","8,6"
Beno Udrih,2015,MEM,PG,32,"1494,0","79,0","18,9","3,6","15,4"
Steve Blake,2015,POR,PG,34,"1529,0","81,0","18,9","2,1","9,5"
Josh Smith,2015,HOU,PF,29,"2300,0","83,0","27,7","2,3","14,9"
Kelly Olynyk,2015,BOS,C,23,"1423,0","64,0","22,2","3,6","15,9"
Zach LaVine,2015,MIN,PG,19,"1902,0","77,0","24,7","-0,7","11,3"
Norris Cole,2015,NOP,PG,26,"1831,0","75,0","24,4","1,4","10,9"
Cory Joseph,2015,SAS,PG,23,"1444,0","79,0","18,3","4,5","15,5"
Jimmy Butler,2015,CHI,SG,25,"2513,0","65,0","38,7","11,2","21,3"
Kent Bazemore,2015,ATL,SG,25,"1324,0","75,0","17,7","1,6","9,7"
DeJuan Blair,2015,WAS,PF,25,"180,0","29,0","6,2","0,1","7,7"
John Salmons,2015,NOP,SF,35,"270,0","21,0","12,9","0,1","5,1"
Elton Brand,2015,ATL,C,35,"486,0","36,0","13,5","0,7","9,4"
John Henson,2015,MIL,C,24,"1228,0","67,0","18,3","3,6","18,0"
Shabazz Muhammad,2015,MIN,SG,22,"866,0","38,0","22,8","2,0","19,9"
T.J. Warren,2015,PHO,SF,21,"614,0","40,0","15,4","1,1","14,0"
Maurice Harkless,2015,ORL,SF,21,"674,0","45,0","15,0","0,3","8,4"
Giannis Antetokounmpo,2015,MIL,SG,20,"2541,0","81,0","31,4","6,2","14,8"
Adreian Payne,2015,MIN,PF,23,"739,0","32,0","23,1","-0,5","7,7"
Jeff Ayres,2015,SAS,PF,27,"383,0","51,0","7,5","1,2","14,4"
Jeremy Evans,2015,UTA,SF,27,"266,0","38,0","7,0","1,3","20,5"
Joffrey Lauvergne,2015,DEN,C,23,"268,0","24,0","11,2","0,1","10,5"
Reggie Evans,2015,SAC,PF,34,"764,0","47,0","16,3","1,2","11,7"
Tyler Zeller,2015,BOS,C,25,"1731,0","82,0","21,1","6,5","18,9"
James Young,2015,BOS,SG,19,"332,0","31,0","10,7","0,3","8,5"
Pablo Prigioni,2015,HOU,PG,37,"1197,0","67,0","17,9","2,3","12,2"
Ryan Kelly,2015,LAL,PF,23,"1233,0","52,0","23,7","0,7","8,6"
Terrence Jones,2015,HOU,PF,23,"889,0","33,0","26,9","3,0","18,3"
Shane Larkin,2015,NYK,PG,22,"1865,0","76,0","24,5","1,7","10,9"
Tyler Ennis,2015,MIL,PG,20,"411,0","33,0","12,5","-0,3","7,3"
Andrew Nicholson,2015,ORL,PF,25,"492,0","40,0","12,3","0,1","10,3"
Sergey Karasev,2015,BRK,SG,21,"555,0","33,0","16,8","0,7","10,5"
Gary Harris,2015,DEN,SG,20,"719,0","55,0","13,1","-0,7","4,9"
Evan Fournier,2015,ORL,SG,22,"1661,0","58,0","28,6","2,1","12,4"
Tony Snell,2015,CHI,SF,23,"1412,0","72,0","19,6","2,4","10,2"
Willie Green,2015,ORL,SG,33,"951,0","52,0","18,3","-0,1","7,9"
Jared Sullinger,2015,BOS,PF,22,"1566,0","58,0","27,0","4,0","17,9"
Gorgui Dieng,2015,MIN,C,25,"2193,0","73,0","30,0","4,9","17,2"
Mitch McGary,2015,OKC,PF,22,"485,0","32,0","15,2","1,3","16,6"
Victor Claver,2015,POR,SF,26,"76,0","10,0","7,6","0,1","9,2"
Mason Plumlee,2015,BRK,C,24,"1743,0","82,0","21,3","4,8","18,0"
Jordan Adams,2015,MEM,SG,20,"248,0","30,0","8,3","0,4","12,8"
John Jenkins,2015,ATL,SG,23,"297,0","24,0","12,4","0,9","15,9"
Solomon Hill,2015,IND,SF,23,"2381,0","82,0","29,0","3,5","10,2"
Rodney Hood,2015,UTA,SG,22,"1064,0","50,0","21,3","2,2","12,3"
Alan Anderson,2015,BRK,SG,32,"1744,0","74,0","23,6","2,7","10,6"
Tim Hardaway Jr.,2015,NYK,SG,22,"1681,0","70,0","24,0","0,8","12,1"
Shabazz Napier,2015,MIA,PG,23,"1012,0","51,0","19,8","0,5","9,3"
Shawne Williams,2015,DET,SF,28,"1087,0","63,0","17,3","1,9","10,5"
Shavlik Randolph,2015,BOS,PF,31,"126,0","21,0","6,0","0,0","7,2"
Tony Wroten,2015,PHI,PG,21,"895,0","30,0","29,8","0,3","14,9"
Reggie Bullock,2015,PHO,SF,23,"338,0","36,0","9,4","0,1","6,2"
Clint Capela,2015,HOU,C,20,"90,0","12,0","7,5","0,0","12,1"
Miles Plumlee,2015,MIL,C,26,"1194,0","73,0","16,4","2,6","13,4"
Andre Roberson,2015,OKC,SG,23,"1286,0","67,0","19,2","2,1","9,1"
P.J. Hairston,2015,CHO,SG,22,"687,0","45,0","15,3","0,3","8,9"
Brandon Rush,2015,GSW,SG,29,"271,0","33,0","8,2","-0,3","0,8"
Cartier Martin,2015,DET,SF,30,"198,0","23,0","8,6","-0,2","1,6"
Perry Jones,2015,OKC,SF,23,"631,0","43,0","14,7","0,2","6,9"
Rudy Gobert,2015,UTA,C,22,"2158,0","82,0","26,3","9,3","21,6"
Festus Ezeli,2015,GSW,C,25,"504,0","46,0","11,0","1,7","16,2"
Archie Goodwin,2015,PHO,SG,20,"535,0","41,0","13,0","0,2","11,2"
Kyle Anderson,2015,SAS,SF,21,"358,0","33,0","10,8","0,3","8,2"
Kyle Singler,2015,OKC,SF,26,"1743,0","80,0","21,8","2,0","8,5"
Robert Covington,2015,PHI,SF,24,"1956,0","70,0","27,9","4,0","14,7"
Ed Davis,2015,LAL,PF,25,"1840,0","79,0","23,3","6,3","20,0"
Al-Farouq Aminu,2015,DAL,SF,24,"1366,0","74,0","18,5","3,3","14,4"
Garrett Temple,2015,WAS,SG,28,"735,0","52,0","14,1","1,5","10,9"
Luke Babbitt,2015,NOP,SF,25,"830,0","63,0","13,2","1,6","11,1"
Jon Leuer,2015,MEM,PF,25,"824,0","63,0","13,1","1,3","11,9"
Greg Smith,2015,DAL,PF,24,"363,0","42,0","8,6","0,8","10,2"
Donald Sloan,2015,IND,PG,27,"1107,0","53,0","20,9","2,0","13,1"
Joey Dorsey,2015,HOU,PF,31,"854,0","69,0","12,4","1,9","11,1"
E'Twaun Moore,2015,CHI,SG,25,"504,0","56,0","9,0","0,8","10,3"
Jason Maxiell,2015,CHO,PF,31,"878,0","61,0","14,4","1,4","10,4"
Omri Casspi,2015,SAC,SF,26,"1416,0","67,0","21,1","2,7","14,4"
Ryan Hollins,2015,SAC,C,30,"441,0","46,0","9,6","1,0","13,1"
Lavoy Allen,2015,IND,C,25,"1070,0","63,0","17,0","2,8","14,9"
Wesley Johnson,2015,LAL,SF,27,"2245,0","76,0","29,5","1,7","11,1"
Drew Gooden,2015,WAS,PF,33,"864,0","51,0","16,9","1,7","11,9"
Henry Sims,2015,PHI,C,24,"1399,0","73,0","19,2","2,1","14,5"
Ekpe Udoh,2015,LAC,PF,27,"128,0","33,0","3,9","0,3","11,6"
Sebastian Telfair,2015,OKC,PG,29,"327,0","16,0","20,4","0,4","11,4"
Nazr Mohammed,2015,CHI,C,37,"128,0","23,0","5,6","0,1","8,7"
Matt Bonner,2015,SAS,PF,34,"935,0","72,0","13,0","2,1","10,1"
Greg Stiemsma,2015,TOR,C,29,"66,0","17,0","3,9","0,1","7,8"
Quincy Acy,2015,NYK,PF,24,"1287,0","68,0","18,9","1,7","11,9"
Jimmer Fredette,2015,NOP,PG,25,"509,0","50,0","10,2","0,2","9,8"
Ronnie Price,2015,LAL,PG,31,"982,0","43,0","22,8","0,7","10,2"
Leandro Barbosa,2015,GSW,SG,32,"982,0","66,0","14,9","2,8","15,3"
Kyle O'Quinn,2015,ORL,PF,24,"824,0","51,0","16,2","1,6","14,8"
Wayne Ellington,2015,LAL,SG,27,"1675,0","65,0","25,8","1,2","11,6"
Aaron Brooks,2015,CHI,PG,30,"1885,0","82,0","23,0","3,3","14,4"
Rasual Butler,2015,WAS,SF,35,"1505,0","75,0","20,1","2,6","11,4"
Khris Middleton,2015,MIL,SF,23,"2378,0","79,0","30,1","6,7","15,6"
Kendall Marshall,2015,MIL,PG,23,"417,0","28,0","14,9","0,8","12,4"
Jared Cunningham,2015,LAC,SG,23,"89,0","19,0","4,7","0,0","7,3"
Jae Crowder,2015,BOS,SF,24,"1647,0","82,0","20,1","3,9","13,9"
Patrick Beverley,2015,HOU,PG,26,"1727,0","56,0","30,8","3,5","11,3"
Glen Davis,2015,LAC,PF,29,"904,0","74,0","12,2","1,4","10,8"
Rodney Stuckey,2015,IND,PG,28,"1874,0","71,0","26,4","4,0","15,4"
Draymond Green,2015,GSW,PF,24,"2490,0","79,0","31,5","8,5","16,4"
Will Barton,2015,DEN,SG,24,"983,0","58,0","16,9","1,3","13,6"
Alonzo Gee,2015,POR,SF,27,"662,0","54,0","12,3","1,2","13,0"
Richard Jefferson,2015,DAL,SF,34,"1244,0","74,0","16,8","2,3","11,3"
Charlie Villanueva,2015,DAL,PF,30,"678,0","64,0","10,6","1,4","17,4"
James Jones,2015,CLE,SF,34,"669,0","57,0","11,7","1,5","11,1"
Shawn Marion,2015,CLE,SF,36,"1101,0","57,0","19,3","1,7","11,0"
Robert Sacre,2015,LAL,C,25,"1133,0","67,0","16,9","0,8","10,9"
Chris Douglas-Roberts,2015,LAC,SG,28,"103,0","12,0","8,6","0,0","3,3"
Cole Aldrich,2015,NYK,C,26,"976,0","61,0","16,0","2,2","18,1"
J.J. Barea,2015,DAL,PG,30,"1362,0","77,0","17,7","2,7","15,1"
Joe Harris,2015,CLE,SG,23,"493,0","51,0","9,7","0,2","5,6"
Devyn Marble,2015,ORL,SG,22,"208,0","16,0","13,0","-0,1","5,9"
Jerami Grant,2015,PHI,SF,20,"1377,0","65,0","21,2","0,5","8,7"
Robbie Hummel,2015,MIN,SF,25,"742,0","45,0","16,5","0,8","9,7"
Allen Crabbe,2015,POR,SG,22,"683,0","51,0","13,4","1,3","8,7"
Ish Smith,2015,PHI,PG,26,"832,0","55,0","15,1","-0,1","12,3"
Isaiah Canaan,2015,PHI,PG,23,"938,0","47,0","20,0","1,4","12,4"
Ray McCallum,2015,SAC,PG,23,"1436,0","68,0","21,1","1,4","12,5"
Nick Calathes,2015,MEM,SG,25,"838,0","58,0","14,4","1,1","12,3"
Justin Hamilton,2015,MIN,C,24,"712,0","41,0","17,4","1,5","14,6"
Nate Wolters,2015,NOP,PG,23,"247,0","21,0","11,8","-0,2","4,6"
Mike Muscala,2015,ATL,PF,23,"502,0","40,0","12,6","1,9","18,0"
Hollis Thompson,2015,PHI,SG,23,"1776,0","71,0","25,0","2,6","10,9"
Brandon Davies,2015,BRK,PF,23,"423,0","27,0","15,7","0,2","10,5"
Justin Holiday,2015,GSW,SG,25,"657,0","59,0","11,1","1,3","12,1"
Phil Pressey,2015,BOS,PG,23,"600,0","50,0","12,0","0,8","11,8"
Troy Daniels,2015,CHO,SG,23,"397,0","47,0","8,4","0,2","9,6"
Jeff Withey,2015,NOP,C,24,"259,0","37,0","7,0","0,8","17,6"
Matthew Dellavedova,2015,CLE,SG,24,"1380,0","67,0","20,6","1,9","8,5"
Ian Clark,2015,DEN,SG,23,"192,0","30,0","6,4","0,2","8,8"
Jerome Jordan,2015,BRK,C,28,"383,0","44,0","8,7","1,2","16,8"
Dewayne Dedmon,2015,ORL,C,25,"845,0","59,0","14,3","1,7","13,3"
Hassan Whiteside,2015,MIA,C,25,"1142,0","48,0","23,8","5,3","26,2"
Jeff Adrien,2015,MIN,PF,28,"215,0","17,0","12,6","0,4","14,2"
Jarnell Stokes,2015,MEM,PF,21,"126,0","19,0","6,6","0,5","18,6"
Dante Cunningham,2015,NOP,PF,27,"1652,0","66,0","25,0","1,6","8,9"
Darius Morris,2015,BRK,PG,24,"299,0","38,0","7,9","-0,4","6,7"
Spencer Dinwiddie,2015,DET,PG,21,"455,0","34,0","13,4","0,1","10,2"
Malcolm Thomas,2015,PHI,PF,26,"194,0","17,0","11,4","0,1","8,2"
Russ Smith,2015,MEM,PG,23,"65,0","12,0","5,4","-0,1","5,2"
Joe Ingles,2015,UTA,SF,27,"1673,0","79,0","21,2","2,2","9,6"
Jordan Clarkson,2015,LAL,PG,22,"1476,0","59,0","25,0","2,4","16,9"
Erick Green,2015,DEN,PG,23,"410,0","43,0","9,5","0,0","8,9"
Markel Brown,2015,BRK,SG,23,"781,0","47,0","16,6","0,5","9,1"
Nick Johnson,2015,HOU,SG,22,"262,0","28,0","9,4","-0,1","4,8"
Glenn Robinson III,2015,PHI,SG-SF,21,"261,0","35,0","7,5","0,1","8,5"
Cory Jefferson,2015,BRK,PF,24,"531,0","50,0","10,6","0,8","13,2"
James Ennis III,2015,MIA,SF,24,"1051,0","62,0","17,0","1,9","11,5"
Cleanthony Early,2015,NYK,SF,23,"647,0","39,0","16,6","-0,4","8,4"
Travis Wear,2015,NYK,SF,24,"672,0","51,0","13,2","-0,3","8,5"
JaKarr Sampson,2015,PHI,SF,21,"1131,0","74,0","15,3","0,6","9,4"
Shayne Whittington,2015,IND,PF,23,"108,0","20,0","5,4","0,4","20,0"
Tarik Black,2015,LAL,C,23,"1196,0","63,0","19,0","3,1","14,7"
Dwight Powell,2015,DAL,PF,23,"236,0","29,0","8,1","0,6","13,8"
Kenyon Martin,2015,MIL,PF,37,"104,0","11,0","9,5","0,2","10,0"
Lou Amundson,2015,NYK,PF,32,"937,0","53,0","17,7","0,3","11,8"
Lance Thomas,2015,NYK,PF-SF,26,"1490,0","62,0","24,0","-0,4","8,0"
Dahntay Jones,2015,LAC,SF,34,"123,0","33,0","3,7","0,0","1,9"
Reggie Williams,2015,SAS,SF,28,"105,0","20,0","5,2","0,2","10,5"
Amar'e Stoudemire,2015,DAL,PF,32,"1245,0","59,0","21,1","3,6","20,3"
Lorenzo Brown,2015,MIN,PG,24,"549,0","29,0","18,9","0,3","11,0"
Kendrick Perkins,2015,CLE,C,30,"1148,0","68,0","16,9","0,1","7,0"
John Lucas III,2015,DET,PG,32,"272,0","21,0","13,0","0,3","13,0"
Elijah Millsap,2015,UTA,SG,27,"924,0","47,0","19,7","0,4","7,9"
Bernard James,2015,DAL,C,29,"158,0","16,0","9,9","0,5","16,0"
Langston Galloway,2015,NYK,PG,23,"1457,0","45,0","32,4","1,3","12,3"
Tyler Johnson,2015,MIA,SG,22,"603,0","32,0","18,8","0,8","12,0"
Henry Walker,2015,MIA,SF,27,"628,0","24,0","26,2","0,5","8,0"
Michael Beasley,2015,MIA,PF,26,"505,0","24,0","21,0","-0,1","10,6"
Quincy Miller,2015,DET,PF,22,"119,0","10,0","11,9","-0,1","7,4"
Earl Barron,2015,PHO,C,33,"143,0","16,0","8,9","0,0","5,0"
James Michael McAdoo,2015,GSW,PF,22,"137,0","15,0","9,1","0,5","17,7"
Jordan Hamilton,2015,LAC,SF,24,"122,0","14,0","8,7","0,1","8,3"
JaMychal Green,2015,MEM,PF,24,"164,0","24,0","6,8","0,4","14,9"
Toney Douglas,2015,NOP,SG,28,"177,0","12,0","14,8","0,2","11,2"
Chris Johnson,2015,MIL,SF,24,"526,0","29,0","18,1","0,8","10,2"
Elliot Williams,2015,NOP,SG,25,"119,0","13,0","9,2","0,1","8,7"
Nate Robinson,2015,LAC,PG,30,"591,0","42,0","14,1","0,3","10,6"
Bryce Cotton,2015,UTA,PG,22,"159,0","15,0","10,6","0,2","14,5"
Jack Cooley,2015,UTA,C,23,"87,0","16,0","5,4","0,2","11,4"
Jabari Brown,2015,LAL,SG,22,"568,0","19,0","29,9","0,4","11,0"
Tim Frazier,2015,POR,PG,24,"239,0","11,0","21,7","-0,1","8,1"
A.J. Price,2015,PHO,PG,28,"324,0","26,0","12,5","0,3","12,0"
Austin Daye,2015,ATL,SF,26,"344,0","34,0","10,1","0,0","8,2"
Ricky Ledo,2015,NYK,SG,22,"244,0","17,0","14,4","-0,6","6,3"
Kobe Bryant,2016,LAL,SF,37,"1863,0","66,0","28,2","-0,4","14,9"
LeBron James,2016,CLE,SF,31,"2709,0","76,0","35,6","13,6","27,5"
Carmelo Anthony,2016,NYK,SF,31,"2530,0","72,0","35,1","6,4","20,3"
Dwight Howard,2016,HOU,C,30,"2280,0","71,0","32,1","6,6","18,9"
Chris Bosh,2016,MIA,PF,31,"1778,0","53,0","33,5","6,4","20,2"
Chris Paul,2016,LAC,PG,30,"2420,0","74,0","32,7","12,7","26,2"
Kevin Durant,2016,OKC,SF,27,"2578,0","72,0","35,8","14,5","28,2"
Derrick Rose,2016,CHI,PG,27,"2097,0","66,0","31,8","0,4","13,4"
Dwyane Wade,2016,MIA,SG,34,"2258,0","74,0","30,5","4,9","20,3"
LaMarcus Aldridge,2016,SAS,PF,30,"2261,0","74,0","30,6","10,1","22,4"
DeAndre Jordan,2016,LAC,C,27,"2598,0","77,0","33,7","11,5","20,6"
Brook Lopez,2016,BRK,C,27,"2457,0","73,0","33,7","6,2","21,7"
Kevin Love,2016,CLE,PF,27,"2424,0","77,0","31,5","8,5","19,0"
Marc Gasol,2016,MEM,C,31,"1791,0","52,0","34,4","3,7","17,7"
Blake Griffin,2016,LAC,PF,26,"1170,0","35,0","33,4","3,8","22,1"
Paul Millsap,2016,ATL,PF,30,"2647,0","81,0","32,7","10,1","21,3"
Paul George,2016,IND,SF,25,"2819,0","81,0","34,8","9,2","20,9"
Russell Westbrook,2016,OKC,PG,27,"2750,0","80,0","34,4","14,0","27,6"
Kyrie Irving,2016,CLE,PG,23,"1667,0","53,0","31,5","5,0","19,9"
Greg Monroe,2016,MIL,C,25,"2314,0","79,0","29,3","7,5","21,8"
Wesley Matthews,2016,DAL,SF,29,"2644,0","78,0","33,9","3,7","10,9"
Jimmy Butler,2016,CHI,SG,26,"2474,0","67,0","36,9","9,1","21,3"
Kawhi Leonard,2016,SAS,SF,24,"2380,0","72,0","33,1","13,7","26,0"
Tobias Harris,2016,DET,PF,23,"2513,0","76,0","33,1","6,6","16,2"
John Wall,2016,WAS,PG,25,"2784,0","77,0","36,2","5,7","19,8"
DeMarcus Cousins,2016,SAC,C,25,"2246,0","65,0","34,6","5,7","23,6"
James Harden,2016,HOU,SG,26,"3125,0","82,0","38,1","13,3","25,3"
Roy Hibbert,2016,LAL,C,29,"1878,0","81,0","23,2","2,2","11,2"
Eric Gordon,2016,NOP,SG,27,"1481,0","45,0","32,9","2,1","13,5"
Klay Thompson,2016,GSW,SG,25,"2666,0","80,0","33,3","8,0","18,6"
Gordon Hayward,2016,UTA,SF,25,"2893,0","80,0","36,2","8,9","18,3"
Chandler Parsons,2016,DAL,SF,27,"1799,0","61,0","29,5","4,3","16,2"
Khris Middleton,2016,MIL,SG,24,"2852,0","79,0","36,1","6,1","16,8"
Draymond Green,2016,GSW,PF,25,"2808,0","81,0","34,7","11,1","19,3"
Tristan Thompson,2016,CLE,PF,24,"2269,0","82,0","27,7","8,7","15,9"
Danilo Gallinari,2016,DEN,SF,27,"1839,0","53,0","34,7","6,3","19,0"
Reggie Jackson,2016,DET,PG,25,"2424,0","79,0","30,7","6,9","19,6"
Andrew Bogut,2016,GSW,C,31,"1451,0","70,0","20,7","5,4","15,9"
DeMarre Carroll,2016,TOR,SF,29,"786,0","26,0","30,2","1,2","11,9"
Eric Bledsoe,2016,PHO,PG,26,"1059,0","31,0","34,2","2,5","20,0"
Al Jefferson,2016,CHO,C,31,"1096,0","47,0","23,3","2,8","18,2"
Brandon Knight,2016,PHO,SG,24,"1870,0","52,0","36,0","1,7","14,7"
Tony Parker,2016,SAS,PG,33,"1980,0","72,0","27,5","5,8","16,2"
Joakim Noah,2016,CHI,C,30,"635,0","29,0","21,9","1,1","14,1"
Nicolas Batum,2016,CHO,SF,27,"2448,0","70,0","35,0","5,0","15,6"
Tyson Chandler,2016,PHO,C,33,"1618,0","66,0","24,5","3,8","14,7"
Ricky Rubio,2016,MIN,PG,25,"2323,0","76,0","30,6","5,8","17,6"
Robin Lopez,2016,NYK,C,27,"2219,0","82,0","27,1","5,8","17,6"
Rudy Gay,2016,SAC,SF,29,"2379,0","70,0","34,0","3,8","15,5"
Serge Ibaka,2016,OKC,PF,26,"2500,0","78,0","32,1","5,5","13,9"
Kyle Lowry,2016,TOR,PG,29,"2851,0","77,0","37,0","11,6","22,2"
Al Horford,2016,ATL,C,29,"2631,0","82,0","32,1","9,4","19,4"
Amir Johnson,2016,BOS,PF,28,"1800,0","79,0","22,8","5,9","16,0"
Derrick Favors,2016,UTA,PF,24,"1983,0","62,0","32,0","7,1","21,6"
Kemba Walker,2016,CHO,PG,25,"2885,0","81,0","35,6","9,9","20,8"
Andre Iguodala,2016,GSW,SF,32,"1732,0","65,0","26,6","4,4","12,2"
Stephen Curry,2016,GSW,PG,27,"2700,0","79,0","34,2","17,9","31,5"
Kenneth Faried,2016,DEN,PF,26,"1694,0","67,0","25,3","5,5","21,0"
Thaddeus Young,2016,BRK,PF,27,"2407,0","73,0","33,0","4,1","17,5"
Marcin Gortat,2016,WAS,C,31,"2256,0","75,0","30,1","7,3","19,0"
Tyreke Evans,2016,NOP,SG,26,"765,0","25,0","30,6","1,4","17,9"
Jrue Holiday,2016,NOP,PG,25,"1831,0","65,0","28,2","3,4","19,7"
Monta Ellis,2016,IND,SG,30,"2734,0","81,0","33,8","4,3","13,7"
Luol Deng,2016,MIA,PF,30,"2394,0","74,0","32,4","6,4","15,0"
DeMar DeRozan,2016,TOR,SG,26,"2804,0","78,0","35,9","9,9","21,5"
Danny Green,2016,SAS,SG,28,"2062,0","79,0","26,1","4,2","10,5"
Tiago Splitter,2016,ATL,C,31,"579,0","36,0","16,1","1,7","13,7"
Jeff Green,2016,LAC,SF,29,"2253,0","80,0","28,2","3,1","13,0"
Zach Randolph,2016,MEM,PF,34,"2016,0","68,0","29,6","4,3","18,3"
Mike Conley,2016,MEM,PG,28,"1761,0","56,0","31,4","5,3","19,4"
Rajon Rondo,2016,SAC,PG,29,"2537,0","72,0","35,2","4,6","16,9"
Alec Burks,2016,UTA,SG,24,"797,0","31,0","25,7","1,5","14,3"
Lance Stephenson,2016,MEM,SF,25,"1372,0","69,0","19,9","2,2","13,5"
Iman Shumpert,2016,CLE,SG,25,"1316,0","54,0","24,4","1,7","8,4"
Taj Gibson,2016,CHI,PF,30,"1936,0","73,0","26,5","5,4","15,7"
Kevin Garnett,2016,MIN,PF,39,"556,0","38,0","14,6","1,1","12,3"
Ryan Anderson,2016,NOP,PF,27,"2008,0","66,0","30,4","3,9","17,2"
Brandon Jennings,2016,ORL,PG,26,"868,0","48,0","18,1","1,5","13,7"
Dirk Nowitzki,2016,DAL,PF,37,"2364,0","75,0","31,5","6,8","19,0"
Corey Brewer,2016,HOU,SF,29,"1669,0","82,0","20,4","1,2","9,9"
Channing Frye,2016,CLE,PF-C,32,"1200,0","70,0","17,1","3,0","12,9"
Al-Farouq Aminu,2016,POR,SF,25,"2341,0","82,0","28,5","4,0","12,7"
Arron Afflalo,2016,NYK,SG,30,"2371,0","71,0","33,4","2,7","10,9"
O.J. Mayo,2016,MIL,SG,28,"1090,0","41,0","26,6","-0,1","7,7"
George Hill,2016,IND,PG,29,"2524,0","74,0","34,1","6,2","13,2"
Markieff Morris,2016,WAS,PF,26,"1629,0","64,0","25,5","0,5","12,2"
Jeff Teague,2016,ATL,PG,27,"2255,0","79,0","28,5","5,9","17,9"
Avery Bradley,2016,BOS,SG,25,"2536,0","76,0","33,4","4,8","13,2"
Kosta Koufos,2016,SAC,C,26,"1482,0","78,0","19,0","3,5","15,1"
Boris Diaw,2016,SAS,PF,33,"1386,0","76,0","18,2","3,8","14,0"
Pau Gasol,2016,CHI,C,35,"2291,0","72,0","31,8","7,1","21,7"
Anthony Davis,2016,NOP,C,22,"2164,0","61,0","35,5","7,2","25,0"
Cory Joseph,2016,TOR,SG,24,"2046,0","80,0","25,6","3,5","12,4"
Marvin Williams,2016,CHO,PF,29,"2338,0","81,0","28,9","7,8","16,9"
Lou Williams,2016,LAL,SG,29,"1907,0","67,0","28,5","4,7","17,7"
Rodney Stuckey,2016,IND,PG,29,"1275,0","58,0","22,0","2,0","12,6"
Ed Davis,2016,POR,PF,26,"1684,0","81,0","20,8","6,7","18,7"
Isaiah Thomas,2016,BOS,PG,26,"2644,0","82,0","32,2","9,7","21,5"
Jae Crowder,2016,BOS,SF,25,"2308,0","73,0","31,6","7,3","15,8"
Aron Baynes,2016,DET,C,29,"1233,0","81,0","15,2","4,1","17,8"
Carl Landry,2016,PHI,PF,32,"569,0","36,0","15,8","2,1","22,4"
Patrick Beverley,2016,HOU,PG,27,"2041,0","71,0","28,7","4,4","13,0"
Jarrett Jack,2016,BRK,PG,32,"1027,0","32,0","32,1","0,9","14,5"
Patrick Patterson,2016,TOR,PF,26,"2020,0","79,0","25,6","3,6","10,6"
Spencer Hawes,2016,CHO,PF,27,"1035,0","57,0","18,2","1,9","12,4"
Marco Belinelli,2016,SAC,SG,29,"1672,0","68,0","24,6","0,5","9,4"
Gerald Henderson,2016,POR,SG,28,"1431,0","72,0","19,9","2,0","12,9"
Andrew Wiggins,2016,MIN,SF,20,"2845,0","81,0","35,1","4,1","16,5"
Kyle Korver,2016,ATL,SG,34,"2401,0","80,0","30,0","4,1","9,7"
Karl-Anthony Towns,2016,MIN,C,20,"2627,0","82,0","32,0","8,3","22,5"
Bradley Beal,2016,WAS,SG,22,"1708,0","55,0","31,1","2,7","15,5"
Jamal Crawford,2016,LAC,SG,35,"2126,0","79,0","26,9","3,3","14,0"
Courtney Lee,2016,CHO,SG,30,"2334,0","79,0","29,5","3,9","11,5"
Shaun Livingston,2016,GSW,PG,30,"1520,0","78,0","19,5","4,6","13,8"
Josh McRoberts,2016,MIA,PF,28,"595,0","42,0","14,2","0,8","9,9"
P.J. Tucker,2016,PHO,SF,30,"2540,0","82,0","31,0","3,5","10,8"
Brandan Wright,2016,MEM,PF,28,"212,0","12,0","17,7","0,7","18,3"
Deron Williams,2016,DAL,PG,31,"2106,0","65,0","32,4","3,7","14,6"
Tim Duncan,2016,SAS,C,39,"1536,0","61,0","25,2","5,2","16,9"
Nick Young,2016,LAL,SG,30,"1033,0","54,0","19,1","0,1","9,1"
Zaza Pachulia,2016,DAL,C,31,"2004,0","76,0","26,4","6,0","16,2"
Victor Oladipo,2016,ORL,SG,23,"2379,0","72,0","33,0","4,9","16,7"
Tony Allen,2016,MEM,SG,34,"1620,0","64,0","25,3","2,4","12,9"
Jabari Parker,2016,MIL,PF,20,"2408,0","76,0","31,7","3,6","14,8"
Dion Waiters,2016,OKC,SG,24,"2152,0","78,0","27,6","2,1","9,4"
D'Angelo Russell,2016,LAL,PG,19,"2259,0","80,0","28,2","0,0","13,2"
Chris Kaman,2016,POR,C,33,"112,0","16,0","7,0","0,1","11,1"
Darren Collison,2016,SAC,PG,28,"2219,0","74,0","30,0","5,2","15,9"
C.J. Watson,2016,ORL,PG,31,"656,0","33,0","19,9","0,6","8,6"
Jonas Jerebko,2016,BOS,PF,28,"1176,0","78,0","15,1","2,4","10,3"
Chris Andersen,2016,MEM,C,37,"402,0","27,0","14,9","1,3","15,3"
Timofey Mozgov,2016,CLE,C,29,"1326,0","76,0","17,4","3,7","14,6"
Trevor Booker,2016,UTA,PF,28,"1632,0","79,0","20,7","4,3","14,4"
Otto Porter Jr.,2016,WAS,SF,22,"2276,0","75,0","30,3","5,6","14,5"
Jahlil Okafor,2016,PHI,C,20,"1591,0","53,0","30,0","1,2","17,1"
Kyle Singler,2016,OKC,SF,27,"977,0","68,0","14,4","1,1","6,6"
Mike Dunleavy,2016,CHI,SF,35,"703,0","31,0","22,7","0,9","9,1"
C.J. Miles,2016,IND,SF,28,"1464,0","64,0","22,9","3,1","14,0"
Jared Dudley,2016,WAS,PF,30,"2098,0","81,0","25,9","4,6","11,7"
Jameer Nelson,2016,DEN,PG,33,"1036,0","39,0","26,6","0,5","9,5"
Mario Chalmers,2016,MEM,PG,29,"1373,0","61,0","22,5","3,8","17,3"
Jason Smith,2016,ORL,C,29,"1181,0","76,0","15,5","1,8","14,6"
J.J. Barea,2016,DAL,PG,31,"1667,0","74,0","22,5","2,8","15,4"
Damian Lillard,2016,POR,PG,25,"2676,0","75,0","35,7","9,2","22,2"
Cody Zeller,2016,CHO,C,23,"1774,0","73,0","24,3","6,3","16,1"
Aaron Gordon,2016,ORL,PF,20,"1863,0","78,0","23,9","5,4","17,0"
Vince Carter,2016,MEM,SG,39,"1005,0","60,0","16,8","1,8","12,7"
Devin Harris,2016,DAL,PG,32,"1280,0","64,0","20,0","2,5","13,1"
Lavoy Allen,2016,IND,PF,26,"1599,0","79,0","20,2","3,7","12,4"
Ian Mahinmi,2016,IND,C,29,"1816,0","71,0","25,6","6,2","16,6"
Jordan Hill,2016,IND,C,28,"1513,0","73,0","20,7","3,9","16,4"
Derrick Williams,2016,NYK,SF,24,"1435,0","80,0","17,9","3,6","17,2"
Alan Anderson,2016,WAS,SG,33,"192,0","13,0","14,8","0,3","9,2"
Thabo Sefolosha,2016,ATL,SF,31,"1758,0","75,0","23,4","4,5","12,4"
Raymond Felton,2016,DAL,PG,31,"2192,0","80,0","27,4","2,7","11,9"
Nemanja Bjelica,2016,MIN,PF,27,"1075,0","60,0","17,9","1,9","11,2"
Harrison Barnes,2016,GSW,SF,23,"2042,0","66,0","30,9","4,9","12,3"
Marreese Speights,2016,GSW,C,28,"832,0","72,0","11,6","1,8","17,1"
Alex Len,2016,PHO,C,22,"1821,0","78,0","23,3","1,3","12,4"
Nick Collison,2016,OKC,PF,35,"699,0","59,0","11,8","0,8","7,7"
Kyle O'Quinn,2016,NYK,PF,25,"764,0","65,0","11,8","1,6","17,5"
Mario Hezonja,2016,ORL,SF,20,"1413,0","79,0","17,9","0,9","9,4"
Patty Mills,2016,SAS,PG,27,"1662,0","81,0","20,5","4,8","14,6"
Terrence Ross,2016,TOR,SF,24,"1747,0","73,0","23,9","3,6","12,9"
Matt Barnes,2016,MEM,SF,35,"2190,0","76,0","28,8","2,6","11,7"
Will Barton,2016,DEN,SG,25,"2353,0","82,0","28,7","4,3","16,0"
Nerlens Noel,2016,PHI,C,21,"1965,0","67,0","29,3","3,0","16,2"
Marcus Smart,2016,BOS,PG,21,"1667,0","61,0","27,3","2,9","11,3"
Evan Turner,2016,BOS,SG,27,"2271,0","81,0","28,0","4,0","13,6"
Willie Cauley-Stein,2016,SAC,C,22,"1412,0","66,0","21,4","3,8","15,3"
Paul Pierce,2016,LAC,SF,38,"1231,0","68,0","18,1","0,9","8,2"
Anthony Morrow,2016,OKC,SG,30,"926,0","68,0","13,6","1,9","10,7"
Mike Scott,2016,ATL,PF,27,"1146,0","75,0","15,3","3,2","14,0"
Drew Gooden,2016,WAS,PF,34,"305,0","30,0","10,2","0,0","7,5"
Andre Drummond,2016,DET,C,22,"2666,0","81,0","32,9","7,4","21,2"
Ben McLemore,2016,SAC,SG,22,"1443,0","68,0","21,2","0,3","8,6"
Randy Foye,2016,OKC,SG,32,"1642,0","81,0","20,3","0,4","7,6"
Julius Randle,2016,LAL,PF,21,"2286,0","81,0","28,2","1,6","13,9"
Austin Rivers,2016,LAC,SG,23,"1464,0","67,0","21,9","1,9","11,1"
Emmanuel Mudiay,2016,DEN,PG,19,"2068,0","68,0","30,4","-2,1","9,9"
Meyers Leonard,2016,POR,PF,23,"1333,0","61,0","21,9","2,2","11,3"
Norris Cole,2016,NOP,PG,27,"1198,0","45,0","26,6","-0,1","10,8"
Jeremy Lamb,2016,CHO,SG,23,"1227,0","66,0","18,6","2,7","15,9"
Anthony Tolliver,2016,DET,PF,30,"1341,0","72,0","18,6","2,8","10,2"
D.J. Augustin,2016,DEN,PG,28,"1178,0","62,0","19,0","2,6","13,9"
Jerryd Bayless,2016,MIL,SG,27,"1505,0","52,0","28,9","2,4","12,4"
Brandon Bass,2016,LAL,PF,30,"1342,0","66,0","20,3","4,1","17,3"
John Henson,2016,MIL,C,25,"960,0","57,0","16,8","2,3","18,6"
Luis Scola,2016,TOR,PF,35,"1636,0","76,0","21,5","3,3","13,6"
Maurice Harkless,2016,POR,SF,22,"1457,0","78,0","18,7","2,9","13,3"
Kentavious Caldwell-Pope,2016,DET,SG,22,"2789,0","76,0","36,7","5,3","12,4"
Nik Stauskas,2016,PHI,SG,22,"1809,0","73,0","24,8","0,5","9,2"
Brian Roberts,2016,POR,PG,30,"470,0","51,0","9,2","1,0","13,8"
Udonis Haslem,2016,MIA,PF,35,"260,0","37,0","7,0","0,4","9,1"
Kirk Hinrich,2016,ATL,PG,35,"631,0","46,0","13,7","0,6","7,2"
Dante Cunningham,2016,NOP,SF,28,"1971,0","80,0","24,6","2,1","8,6"
Stanley Johnson,2016,DET,SF,19,"1687,0","73,0","23,1","0,6","8,7"
Omri Casspi,2016,SAC,PF,27,"1880,0","69,0","27,2","3,6","13,9"
Bismack Biyombo,2016,TOR,C,23,"1808,0","82,0","22,0","5,9","14,9"
Sonny Weems,2016,PHI,SG-SF,29,"499,0","43,0","11,6","-0,5","3,7"
Trey Burke,2016,UTA,PG,23,"1366,0","64,0","21,3","2,1","14,0"
Noah Vonleh,2016,POR,PF,20,"1174,0","78,0","15,1","1,2","8,6"
Tyler Zeller,2016,BOS,C,26,"710,0","60,0","11,8","1,7","15,4"
Frank Kaminsky,2016,CHO,C,22,"1708,0","81,0","21,1","3,3","12,5"
Jared Sullinger,2016,BOS,PF,23,"1915,0","81,0","23,6","4,8","16,7"
CJ McCollum,2016,POR,SG,24,"2780,0","80,0","34,8","6,0","17,7"
Elfrid Payton,2016,ORL,PG,21,"2145,0","73,0","29,4","2,2","13,9"
Leandro Barbosa,2016,GSW,SG,33,"1079,0","68,0","15,9","2,1","11,7"
James Johnson,2016,TOR,PF,28,"926,0","57,0","16,2","1,3","11,4"
Terrence Jones,2016,HOU,PF,24,"1044,0","50,0","20,9","1,5","13,5"
Justise Winslow,2016,MIA,SF,19,"2232,0","78,0","28,6","2,5","8,4"
Shelvin Mack,2016,UTA,PG,25,"1058,0","52,0","20,3","1,3","13,6"
Michael Carter-Williams,2016,MIL,PG,24,"1649,0","54,0","30,5","1,2","13,9"
Andrew Nicholson,2016,ORL,PF,26,"823,0","56,0","14,7","1,6","14,8"
Doug McDermott,2016,CHI,SF,24,"1861,0","81,0","23,0","2,8","10,9"
Myles Turner,2016,IND,C,19,"1367,0","60,0","22,8","3,1","15,4"
Evan Fournier,2016,ORL,SF,23,"2566,0","79,0","32,5","5,7","14,6"
Steven Adams,2016,OKC,C,22,"2014,0","80,0","25,2","6,5","15,5"
Aaron Brooks,2016,CHI,PG,31,"1108,0","69,0","16,1","0,9","11,8"
Trey Lyles,2016,UTA,PF,20,"1382,0","80,0","17,3","2,3","11,6"
Ramon Sessions,2016,WAS,PG,29,"1667,0","82,0","20,3","3,8","15,9"
Beno Udrih,2016,MIA,PG,33,"707,0","44,0","16,1","0,4","9,5"
Steve Blake,2016,DET,PG,35,"986,0","58,0","17,0","1,1","9,8"
Kelly Olynyk,2016,BOS,C,24,"1395,0","69,0","20,2","4,1","16,3"
Zach LaVine,2016,MIN,SG,20,"2294,0","82,0","28,0","2,6","14,3"
Kendall Marshall,2016,PHI,PG,24,"400,0","30,0","13,3","-0,5","6,7"
Jeremy Lin,2016,CHO,SG,27,"2048,0","78,0","26,3","3,5","13,8"
Gary Neal,2016,WAS,SG,31,"807,0","40,0","20,2","1,4","13,5"
Devin Booker,2016,PHO,SG,19,"2108,0","76,0","27,7","1,9","11,9"
Miles Plumlee,2016,MIL,C,27,"870,0","61,0","14,3","2,2","17,4"
Mo Williams,2016,CLE,PG,33,"748,0","41,0","18,2","1,1","12,4"
David Lee,2016,DAL,PF,32,"903,0","55,0","16,4","3,0","19,6"
Shabazz Muhammad,2016,MIN,SF,23,"1682,0","82,0","20,5","2,7","15,2"
Joe Ingles,2016,UTA,SF,28,"1241,0","81,0","15,3","2,3","10,3"
T.J. Warren,2016,PHO,SF,22,"1070,0","47,0","22,8","2,2","15,7"
Cameron Payne,2016,OKC,PG,21,"698,0","57,0","12,2","1,4","12,9"
Festus Ezeli,2016,GSW,C,26,"770,0","46,0","16,7","2,7","17,7"
Kent Bazemore,2016,ATL,SF,26,"2083,0","75,0","27,8","4,1","13,4"
DeJuan Blair,2016,WAS,C,26,"218,0","29,0","7,5","-0,1","5,4"
Adreian Payne,2016,MIN,PF,24,"486,0","52,0","9,3","-0,5","5,6"
Kelly Oubre Jr.,2016,WAS,SF,20,"671,0","63,0","10,7","0,4","8,2"
Lucas Nogueira,2016,TOR,C,23,"225,0","29,0","7,8","0,7","15,6"
Terry Rozier,2016,BOS,PG,21,"311,0","39,0","8,0","-0,3","5,0"
James Young,2016,BOS,SG,20,"199,0","29,0","6,9","0,1","3,6"
Rashad Vaughn,2016,MIL,SG,19,"1001,0","70,0","14,3","-0,8","4,2"
Ryan Kelly,2016,LAL,PF,24,"470,0","36,0","13,1","0,1","10,3"
Joffrey Lauvergne,2016,DEN,C,24,"1041,0","59,0","17,6","2,3","15,7"
Tyler Ennis,2016,MIL,PG,21,"654,0","46,0","14,2","0,4","10,7"
Lance Thomas,2016,NYK,PF,27,"1313,0","59,0","22,3","1,7","10,4"
Lou Amundson,2016,NYK,PF,33,"204,0","29,0","7,0","-0,1","6,7"
Sergey Karasev,2016,BRK,SF,22,"399,0","40,0","10,0","0,3","8,5"
Gary Harris,2016,DEN,SG,21,"2439,0","76,0","32,1","4,0","12,7"
Jerian Grant,2016,NYK,PG,23,"1265,0","76,0","16,6","0,8","11,2"
Tony Snell,2016,CHI,SF,24,"1301,0","64,0","20,3","0,4","6,4"
Delon Wright,2016,TOR,PG,23,"229,0","27,0","8,5","0,6","17,8"
Wayne Ellington,2016,BRK,SG,28,"1615,0","76,0","21,2","0,8","10,1"
Shane Larkin,2016,BRK,PG,23,"1751,0","78,0","22,4","1,4","13,3"
David West,2016,SAS,PF,35,"1404,0","78,0","18,0","5,4","17,6"
Gorgui Dieng,2016,MIN,C,26,"2220,0","82,0","27,1","5,9","17,1"
Mitch McGary,2016,OKC,PF,23,"72,0","20,0","3,6","0,0","7,4"
Caron Butler,2016,SAC,SF,35,"176,0","17,0","10,4","0,3","11,3"
Justin Anderson,2016,DAL,SF,22,"647,0","55,0","11,8","1,1","12,3"
Mason Plumlee,2016,POR,C,25,"2084,0","82,0","25,4","6,1","17,2"
Bobby Portis,2016,CHI,PF,20,"1102,0","62,0","17,8","1,5","13,8"
Andrea Bargnani,2016,BRK,C,30,"634,0","46,0","13,8","0,2","11,8"
Solomon Hill,2016,IND,SF,24,"866,0","59,0","14,7","2,1","12,2"
Rodney Hood,2016,UTA,SG,23,"2541,0","79,0","32,2","6,0","14,1"
Rondae Hollis-Jefferson,2016,BRK,SF,21,"615,0","29,0","21,2","1,2","14,2"
Alonzo Gee,2016,NOP,SF,28,"1632,0","73,0","22,4","1,9","8,4"
Tim Hardaway Jr.,2016,ATL,SG,23,"864,0","51,0","16,9","1,9","11,7"
Shabazz Napier,2016,ORL,PG,24,"600,0","55,0","10,9","0,1","9,6"
Tyus Jones,2016,MIN,PG,19,"573,0","37,0","15,5","0,3","11,2"
Sasha Kaun,2016,CLE,C,30,"95,0","25,0","3,8","0,2","12,5"
Brandon Rush,2016,GSW,SG,30,"1055,0","72,0","14,7","2,0","10,1"
JaVale McGee,2016,DAL,C,28,"370,0","34,0","10,9","1,1","19,9"
Reggie Bullock,2016,DET,SF,24,"429,0","37,0","11,6","1,2","12,0"
Clint Capela,2016,HOU,C,21,"1471,0","77,0","19,1","4,4","18,3"
Jarell Martin,2016,MEM,PF,21,"380,0","27,0","14,1","0,8","14,0"
Andre Roberson,2016,OKC,SG,24,"1553,0","70,0","22,2","3,4","10,2"
P.J. Hairston,2016,MEM,SF,23,"1313,0","66,0","19,9","0,6","6,9"
Rudy Gobert,2016,UTA,C,23,"1932,0","61,0","31,7","6,4","17,5"
Jordan Mickey,2016,BOS,PF,21,"57,0","16,0","3,6","0,1","15,3"
Toney Douglas,2016,NOP,PG,29,"1262,0","61,0","20,7","2,5","14,7"
Archie Goodwin,2016,PHO,PG,21,"1114,0","57,0","19,5","0,1","11,1"
Larry Nance Jr.,2016,LAL,PF,23,"1266,0","63,0","20,1","2,2","13,4"
Chris Copeland,2016,MIL,PF,31,"156,0","24,0","6,5","-0,1","5,4"
Matthew Dellavedova,2016,CLE,PG,25,"1867,0","76,0","24,6","3,8","11,3"
Kyle Anderson,2016,SAS,SF,22,"1245,0","78,0","16,0","3,5","12,9"
Chris McCullough,2016,BRK,PF,20,"362,0","24,0","15,1","0,3","12,2"
Wesley Johnson,2016,LAC,SF,28,"1666,0","80,0","20,8","2,6","11,0"
Garrett Temple,2016,WAS,SF,29,"1951,0","80,0","24,4","2,7","9,3"
Luke Babbitt,2016,NOP,SF,26,"845,0","47,0","18,0","1,1","11,6"
Jeremy Evans,2016,DAL,SF,28,"251,0","30,0","8,4","0,6","12,6"
Cole Aldrich,2016,LAC,C,27,"800,0","60,0","13,3","3,5","21,3"
Glenn Robinson III,2016,IND,SF,22,"508,0","45,0","11,3","0,8","11,4"
Richaun Holmes,2016,PHI,PF,22,"702,0","51,0","13,8","1,5","15,9"
Jon Leuer,2016,PHO,PF,26,"1255,0","67,0","18,7","2,7","16,2"
James Anderson,2016,SAC,SG,26,"721,0","51,0","14,1","-0,3","6,0"
E'Twaun Moore,2016,CHI,SG,26,"1263,0","59,0","21,4","1,8","11,4"
Jordan Hamilton,2016,NOP,SF,25,"304,0","11,0","27,6","0,2","12,4"
Joe Young,2016,IND,PG,23,"384,0","41,0","9,4","-0,1","9,9"
Kris Humphries,2016,ATL,PF,30,"835,0","53,0","15,8","1,6","13,1"
Montrezl Harrell,2016,HOU,PF,22,"379,0","39,0","9,7","0,9","14,6"
Robert Covington,2016,PHI,SF,25,"1903,0","67,0","28,4","2,0","13,2"
Edy Tavares,2016,ATL,C,23,"73,0","11,0","6,6","0,2","14,4"
Hassan Whiteside,2016,MIA,C,26,"2125,0","73,0","29,1","10,3","25,6"
Quincy Acy,2016,SAC,PF,25,"876,0","59,0","14,8","2,5","14,7"
John Jenkins,2016,PHO,SG,24,"480,0","43,0","11,2","0,2","10,0"
Chris Johnson,2016,UTA,SF,25,"857,0","70,0","12,2","1,1","8,2"
Robert Sacre,2016,LAL,C,26,"320,0","25,0","12,8","0,3","10,4"
Thomas Robinson,2016,BRK,PF,24,"917,0","71,0","12,9","0,6","14,5"
Pablo Prigioni,2016,LAC,PG,38,"823,0","59,0","13,9","1,5","10,2"
Tyler Hansbrough,2016,CHO,PF,30,"343,0","44,0","7,8","1,0","12,5"
Ish Smith,2016,PHI,PG,27,"2239,0","77,0","29,1","1,3","14,9"
Henry Sims,2016,BRK,C,25,"263,0","14,0","18,8","0,4","13,9"
Mike Muscala,2016,ATL,C,24,"565,0","60,0","9,4","1,6","13,6"
Matt Bonner,2016,SAS,C,35,"206,0","30,0","6,9","0,8","14,1"
Hollis Thompson,2016,PHI,SG,24,"2154,0","77,0","28,0","1,2","9,2"
Ronnie Price,2016,PHO,PG,32,"1211,0","62,0","19,5","1,4","9,6"
Allen Crabbe,2016,POR,SG,23,"2105,0","81,0","26,0","4,3","12,2"
Rasual Butler,2016,SAS,SF,36,"432,0","46,0","9,4","1,3","13,4"
Tayshaun Prince,2016,MIN,SF,35,"1462,0","77,0","19,0","0,4","6,3"
Isaiah Canaan,2016,PHI,SG,24,"1966,0","77,0","25,5","1,4","11,1"
Jared Cunningham,2016,MIL,SG,24,"410,0","44,0","9,3","0,1","5,9"
Jason Terry,2016,HOU,SG,38,"1258,0","72,0","17,5","1,5","10,2"
Amar'e Stoudemire,2016,MIA,C,33,"762,0","52,0","14,7","2,4","17,3"
Metta World Peace,2016,LAL,SF,36,"590,0","35,0","16,9","0,1","8,3"
Justin Holiday,2016,CHI,SG,26,"773,0","53,0","14,6","0,6","9,4"
Anthony Bennett,2016,TOR,PF,22,"84,0","19,0","4,4","0,1","10,4"
Luc Mbah a Moute,2016,LAC,PF,29,"1274,0","75,0","17,0","1,6","7,3"
Troy Daniels,2016,CHO,SG,24,"476,0","43,0","11,1","1,1","14,9"
Donald Sloan,2016,BRK,PG,28,"1318,0","61,0","21,6","2,0","13,9"
Gerald Green,2016,MIA,SG,30,"1557,0","69,0","22,6","1,7","10,1"
Richard Jefferson,2016,CLE,SF,35,"1326,0","74,0","17,9","2,7","9,7"
Mike Miller,2016,DEN,SF,35,"373,0","47,0","7,9","0,3","6,5"
Jeff Withey,2016,UTA,C,25,"658,0","51,0","12,9","2,3","17,7"
Seth Curry,2016,SAC,PG,25,"692,0","44,0","15,7","1,4","13,8"
Charlie Villanueva,2016,DAL,PF,31,"665,0","62,0","10,7","0,2","11,9"
Kendrick Perkins,2016,NOP,C,31,"542,0","37,0","14,6","-0,1","6,0"
James Jones,2016,CLE,SF,35,"463,0","48,0","9,6","1,2","11,6"
Willie Reed,2016,BRK,C,25,"426,0","39,0","10,9","1,2","19,2"
Ian Clark,2016,GSW,SG,24,"578,0","66,0","8,8","0,9","11,5"
Josh Smith,2016,HOU,PF,30,"880,0","55,0","16,0","0,0","10,6"
Dewayne Dedmon,2016,ORL,C,26,"705,0","58,0","12,2","2,4","17,0"
Raul Neto,2016,UTA,PG,23,"1499,0","81,0","18,5","1,8","10,2"
Damien Inglis,2016,MIL,SF,20,"156,0","20,0","7,8","-0,1","6,7"
Russ Smith,2016,MEM,PG,24,"66,0","15,0","4,4","-0,1","10,5"
Jordan Clarkson,2016,LAL,SG,23,"2552,0","79,0","32,3","2,1","14,3"
Markel Brown,2016,BRK,SG,24,"982,0","62,0","15,8","0,6","11,3"
James Michael McAdoo,2016,GSW,PF,23,"262,0","41,0","6,4","0,8","15,9"
James Ennis III,2016,NOP,SF,25,"329,0","22,0","15,0","0,9","17,8"
Cleanthony Early,2016,NYK,SF,24,"154,0","17,0","9,1","-0,2","2,2"
Spencer Dinwiddie,2016,DET,PG,22,"159,0","12,0","13,2","0,1","8,9"
Tyler Johnson,2016,MIA,SG,23,"863,0","36,0","24,0","2,0","13,8"
JaMychal Green,2016,MEM,PF,25,"1446,0","78,0","18,5","2,6","14,6"
Tarik Black,2016,LAL,C,24,"496,0","39,0","12,7","0,7","12,3"
Devyn Marble,2016,ORL,SG,23,"249,0","28,0","8,9","-0,1","5,2"
Langston Galloway,2016,NYK,PG,24,"2033,0","82,0","24,8","3,3","11,7"
Tim Frazier,2016,NOP,PG,25,"741,0","51,0","14,5","1,0","13,9"
Jerami Grant,2016,PHI,PF,21,"2066,0","77,0","26,8","2,1","12,6"
Elijah Millsap,2016,UTA,SG,28,"173,0","20,0","8,6","0,1","6,5"
Dwight Powell,2016,DAL,PF,24,"992,0","69,0","14,4","3,1","16,8"
Kostas Papanikolaou,2016,DEN,SF,25,"294,0","26,0","11,3","-0,1","6,0"
Anthony Brown,2016,LAL,SF,23,"599,0","29,0","20,7","-0,3","4,9"
Norman Powell,2016,TOR,SG,22,"725,0","49,0","14,8","1,6","13,3"
Pat Connaughton,2016,POR,SG,23,"143,0","34,0","4,2","-0,2","4,6"
Darrun Hilliard,2016,DET,SG,22,"383,0","38,0","10,1","0,5","10,7"
Jarell Eddie,2016,WAS,SF,24,"147,0","26,0","5,7","0,1","11,0"
Jonathon Simmons,2016,SAS,SG,26,"813,0","55,0","14,8","2,0","11,9"
Josh Richardson,2016,MIA,SG,22,"1107,0","52,0","21,3","2,5","11,4"
T.J. McConnell,2016,PHI,PG,23,"1606,0","81,0","19,8","1,9","14,5"
Luis Montero,2016,POR,SG,22,"42,0","12,0","3,5","-0,2","-2,7"
Christian Wood,2016,PHI,PF,20,"145,0","17,0","8,5","0,3","16,4"
Aaron Harrison,2016,CHO,SG,21,"93,0","21,0","4,4","0,0","4,3"
Salah Mejri,2016,DAL,C,29,"397,0","34,0","11,7","1,3","16,8"
Lamar Patterson,2016,ATL,SG,24,"395,0","35,0","11,3","0,2","5,1"
Michael Beasley,2016,HOU,PF,27,"363,0","20,0","18,2","1,0","22,5"
Steve Novak,2016,MIL,PF,32,"44,0","10,0","4,4","0,1","14,4"
Joe Johnson,2016,MIA,SF,34,"2703,0","81,0","33,4","2,7","12,0"
JaKarr Sampson,2016,DEN,SF,22,"1160,0","73,0","15,9","0,1","8,3"
Andre Miller,2016,SAS,PG,39,"461,0","39,0","11,8","1,0","13,4"
Jason Thompson,2016,TOR,C,29,"471,0","47,0","10,0","1,6","14,2"
Ryan Hollins,2016,MEM,C,31,"460,0","37,0","12,4","1,0","12,3"
Ty Lawson,2016,IND,PG,28,"1411,0","66,0","21,4","0,9","9,7"
Chase Budinger,2016,PHO,SF,27,"929,0","66,0","14,1","1,4","10,7"
Kevin Martin,2016,SAS,SG,32,"1095,0","55,0","19,9","1,2","11,5"
Marcus Thornton,2016,WAS,SG,28,"1109,0","61,0","18,2","1,7","14,7"
Bryce Dejean-Jones,2016,NOP,SG,23,"279,0","14,0","19,9","0,2","9,6"
Sean Kilpatrick,2016,BRK,SG,26,"616,0","31,0","19,9","1,0","15,6"
Jeff Ayres,2016,LAC,C,28,"107,0","17,0","6,3","0,2","8,3"
Jordan McRae,2016,CLE,PG,24,"195,0","22,0","8,9","0,4","14,2"
Alan Williams,2016,PHO,PF,23,"68,0","10,0","6,8","0,2","21,1"
Phil Pressey,2016,PHO,PG,24,"283,0","23,0","12,3","-0,1","10,6"
LeBron James,2017,CLE,SF,32,"2794,0","74,0","37,8","12,9","27,0"
Mike Conley,2017,MEM,PG,29,"2292,0","69,0","33,2","10,0","23,2"
DeMar DeRozan,2017,TOR,SG,27,"2620,0","74,0","35,4","9,0","24,0"
Al Horford,2017,BOS,C,30,"2193,0","68,0","32,2","6,3","17,7"
Kevin Durant,2017,GSW,PF,28,"2070,0","62,0","33,4","12,0","27,6"
James Harden,2017,HOU,PG,27,"2947,0","81,0","36,4","15,0","27,4"
Russell Westbrook,2017,OKC,PG,28,"2802,0","81,0","34,6","13,1","30,6"
Dirk Nowitzki,2017,DAL,PF,38,"1424,0","54,0","26,4","2,5","17,0"
Damian Lillard,2017,POR,PG,26,"2694,0","75,0","35,9","10,4","24,1"
Dwyane Wade,2017,CHI,SG,35,"1792,0","60,0","29,9","3,4","18,5"
Dwight Howard,2017,ATL,C,31,"2199,0","74,0","29,7","8,3","20,8"
Chris Paul,2017,LAC,PG,31,"1921,0","61,0","31,5","10,6","26,2"
Bradley Beal,2017,WAS,SG,23,"2684,0","77,0","34,9","8,5","20,1"
Harrison Barnes,2017,DAL,PF,24,"2803,0","79,0","35,5","4,6","16,3"
Hassan Whiteside,2017,MIA,C,27,"2513,0","77,0","32,6","9,5","22,6"
Anthony Davis,2017,NOP,C,23,"2708,0","75,0","36,1","11,0","27,5"
Andre Drummond,2017,DET,C,23,"2409,0","81,0","29,7","6,7","20,9"
Chandler Parsons,2017,MEM,SF,28,"675,0","34,0","19,9","0,2","7,7"
Derrick Rose,2017,NYK,PG,28,"2082,0","64,0","32,5","3,0","17,0"
Marc Gasol,2017,MEM,C,32,"2531,0","74,0","34,2","7,7","20,3"
DeAndre Jordan,2017,LAC,C,28,"2570,0","81,0","31,7","11,8","21,8"
Brook Lopez,2017,BRK,C,28,"2222,0","75,0","29,6","4,9","20,4"
Kevin Love,2017,CLE,PF,28,"1885,0","60,0","31,4","6,4","21,1"
Nicolas Batum,2017,CHO,SG,28,"2617,0","77,0","34,0","4,6","15,8"
LaMarcus Aldridge,2017,SAS,PF,31,"2335,0","72,0","32,4","7,2","18,6"
Blake Griffin,2017,LAC,PF,27,"2076,0","61,0","34,0","7,7","22,6"
Paul Millsap,2017,ATL,PF,31,"2343,0","69,0","34,0","6,4","17,9"
Ryan Anderson,2017,HOU,PF,28,"2116,0","72,0","29,4","5,2","13,5"
Allen Crabbe,2017,POR,SG,24,"2254,0","79,0","28,5","4,2","11,6"
Paul George,2017,IND,SF,26,"2689,0","75,0","35,9","7,1","20,2"
Luol Deng,2017,LAL,SF,31,"1486,0","56,0","26,5","0,9","10,1"
Kyrie Irving,2017,CLE,PG,24,"2525,0","72,0","35,1","8,9","23,0"
Kawhi Leonard,2017,SAS,SF,25,"2474,0","74,0","33,4","13,6","27,6"
Jimmy Butler,2017,CHI,SF,27,"2809,0","76,0","37,0","13,8","25,1"
Tobias Harris,2017,DET,PF,24,"2567,0","82,0","31,3","6,8","16,9"
Greg Monroe,2017,MIL,C,26,"1823,0","81,0","22,5","5,6","21,1"
Wesley Matthews,2017,DAL,SG,30,"2495,0","73,0","34,2","3,1","11,9"
Bismack Biyombo,2017,ORL,C,24,"1793,0","81,0","22,1","2,9","12,2"
Evan Fournier,2017,ORL,SG,24,"2234,0","68,0","32,9","2,8","13,9"
Joakim Noah,2017,NYK,C,31,"1015,0","46,0","22,1","2,2","15,2"
John Wall,2017,WAS,PG,26,"2836,0","78,0","36,4","8,8","23,2"
DeMarcus Cousins,2017,NOP,C,26,"2465,0","72,0","34,2","7,6","25,8"
Klay Thompson,2017,GSW,SG,26,"2649,0","78,0","34,0","7,1","17,4"
Evan Turner,2017,POR,SF,28,"1658,0","65,0","25,5","1,2","11,4"
Gordon Hayward,2017,UTA,SF,26,"2516,0","73,0","34,5","10,4","22,2"
Timofey Mozgov,2017,LAL,C,30,"1104,0","54,0","20,4","1,1","12,3"
Ian Mahinmi,2017,WAS,C,30,"555,0","31,0","17,9","1,4","14,1"
Kent Bazemore,2017,ATL,SF,27,"1963,0","73,0","26,9","2,1","11,6"
Pau Gasol,2017,SAS,C,36,"1627,0","64,0","25,4","6,4","20,2"
Draymond Green,2017,GSW,PF,26,"2471,0","76,0","32,5","8,2","16,5"
Tristan Thompson,2017,CLE,C,25,"2336,0","78,0","29,9","7,3","15,3"
Khris Middleton,2017,MIL,SF,25,"889,0","29,0","30,7","1,6","15,0"
Danilo Gallinari,2017,DEN,SF,28,"2134,0","63,0","33,9","6,8","17,4"
Jeff Green,2017,ORL,PF,30,"1534,0","69,0","22,2","0,7","10,5"
Reggie Jackson,2017,DET,PG,26,"1424,0","52,0","27,4","1,9","14,9"
Tony Parker,2017,SAS,PG,34,"1587,0","63,0","25,2","3,0","13,0"
DeMarre Carroll,2017,TOR,SF,30,"1882,0","72,0","26,1","3,8","11,9"
Thaddeus Young,2017,IND,PF,28,"2237,0","74,0","30,2","4,6","14,9"
Eric Bledsoe,2017,PHO,PG,27,"2176,0","66,0","33,0","5,3","20,5"
Rajon Rondo,2017,CHI,PG,30,"1843,0","69,0","26,7","2,3","13,6"
Ricky Rubio,2017,MIN,PG,26,"2469,0","75,0","32,9","6,1","16,8"
Rudy Gay,2017,SAC,SF,30,"1013,0","30,0","33,8","1,8","17,9"
Jamal Crawford,2017,LAC,SG,36,"2157,0","82,0","26,3","1,9","12,0"
Robin Lopez,2017,CHI,C,28,"2271,0","81,0","28,0","4,3","14,4"
Michael Kidd-Gilchrist,2017,CHO,SF,23,"2349,0","81,0","29,0","5,8","14,3"
Brandon Knight,2017,PHO,SG,25,"1140,0","54,0","21,1","0,3","12,4"
John Henson,2017,MIL,C,26,"1123,0","58,0","19,4","2,7","15,3"
Miles Plumlee,2017,CHO,C,28,"484,0","45,0","10,8","0,5","8,4"
Jordan Clarkson,2017,LAL,SG,24,"2397,0","82,0","29,2","1,2","13,2"
Arron Afflalo,2017,SAC,SG,31,"1580,0","61,0","25,9","1,4","8,9"
Tyson Chandler,2017,PHO,C,34,"1298,0","47,0","27,6","4,1","16,6"
Eric Gordon,2017,HOU,SG,28,"2323,0","75,0","31,0","3,8","13,2"
Serge Ibaka,2017,TOR,PF,27,"2422,0","79,0","30,7","5,1","16,4"
Marvin Williams,2017,CHO,PF,30,"2295,0","76,0","30,2","5,0","13,7"
Stephen Curry,2017,GSW,PG,28,"2638,0","79,0","33,4","12,6","24,6"
Kenneth Faried,2017,DEN,PF,27,"1296,0","61,0","21,2","4,5","20,3"
Kyle Lowry,2017,TOR,PG,30,"2244,0","60,0","37,4","10,1","22,9"
Amir Johnson,2017,BOS,PF,29,"1608,0","80,0","20,1","5,0","15,0"
Marcin Gortat,2017,WAS,C,32,"2556,0","82,0","31,2","6,8","15,4"
Kemba Walker,2017,CHO,PG,26,"2739,0","79,0","34,7","8,1","21,3"
Jeremy Lin,2017,BRK,PG,28,"883,0","36,0","24,5","2,1","19,2"
Jrue Holiday,2017,NOP,PG,26,"2190,0","67,0","32,7","3,8","17,1"
Courtney Lee,2017,NYK,SG,31,"2459,0","77,0","31,9","4,2","12,2"
Solomon Hill,2017,NOP,SF,25,"2374,0","80,0","29,7","2,7","8,0"
Wilson Chandler,2017,DEN,SF,29,"2197,0","71,0","30,9","3,5","14,9"
Andre Iguodala,2017,GSW,SF,33,"1998,0","76,0","26,3","6,9","14,3"
Derrick Favors,2017,UTA,PF,25,"1186,0","50,0","23,7","2,7","15,8"
Austin Rivers,2017,LAC,SG,24,"2054,0","74,0","27,8","2,5","11,4"
Joe Johnson,2017,UTA,SF,35,"1843,0","78,0","23,6","3,8","12,8"
Jon Leuer,2017,DET,PF,27,"1944,0","75,0","25,9","4,5","14,2"
Monta Ellis,2017,IND,SG,31,"1998,0","74,0","27,0","1,1","9,9"
Jared Dudley,2017,PHO,PF,31,"1362,0","64,0","21,3","1,8","10,6"
Zach Randolph,2017,MEM,PF,35,"1786,0","73,0","24,5","3,2","18,5"
Al Jefferson,2017,IND,C,32,"931,0","66,0","14,1","2,3","18,9"
Tyreke Evans,2017,SAC,SF,27,"788,0","40,0","19,7","0,7","15,5"
Alec Burks,2017,UTA,SG,25,"653,0","42,0","15,5","0,8","11,6"
Terrence Ross,2017,ORL,SF,25,"1955,0","78,0","25,1","3,5","13,4"
Danny Green,2017,SAS,SG,29,"1807,0","68,0","26,6","3,4","10,1"
Iman Shumpert,2017,CLE,SG,26,"1937,0","76,0","25,5","2,0","9,0"
Matthew Dellavedova,2017,MIL,PG,26,"1986,0","76,0","26,1","1,2","9,4"
Trevor Booker,2017,BRK,PF,29,"1754,0","71,0","24,7","3,1","15,7"
Meyers Leonard,2017,POR,PF,24,"1222,0","74,0","16,5","1,4","8,9"
Gerald Henderson,2017,PHI,SG,29,"1667,0","72,0","23,2","2,0","10,8"
Maurice Harkless,2017,POR,SF,23,"2223,0","77,0","28,9","4,2","13,1"
Taj Gibson,2017,OKC,PF,31,"1989,0","78,0","25,5","4,0","15,0"
Jeff Teague,2017,IND,PG,28,"2657,0","82,0","32,4","8,1","19,2"
Dwight Powell,2017,DAL,C,25,"1333,0","77,0","17,3","4,6","17,6"
Avery Bradley,2017,BOS,SG,26,"1835,0","55,0","33,4","3,1","14,4"
E'Twaun Moore,2017,NOP,SG,27,"1820,0","73,0","24,9","2,7","12,1"
Darrell Arthur,2017,DEN,PF,28,"639,0","41,0","15,6","1,1","12,8"
Kosta Koufos,2017,SAC,C,27,"1419,0","71,0","20,0","2,6","13,8"
Anthony Tolliver,2017,SAC,PF,31,"1477,0","65,0","22,7","2,3","11,1"
Garrett Temple,2017,SAC,SG,30,"1728,0","65,0","26,6","2,2","11,2"
George Hill,2017,UTA,PG,30,"1544,0","49,0","31,5","5,9","19,3"
Tyler Zeller,2017,BOS,C,27,"525,0","51,0","10,3","1,0","13,0"
Channing Frye,2017,CLE,C,33,"1398,0","74,0","18,9","3,7","15,6"
Al-Farouq Aminu,2017,POR,PF,26,"1773,0","61,0","29,1","1,9","11,3"
Cole Aldrich,2017,MIN,C,28,"531,0","62,0","8,6","1,3","12,7"
Corey Brewer,2017,LAL,SF,30,"1281,0","82,0","15,6","1,2","9,1"
Markieff Morris,2017,WAS,PF,27,"2374,0","76,0","31,2","4,1","13,7"
Cory Joseph,2017,TOR,PG,25,"2003,0","80,0","25,0","3,4","13,2"
Boris Diaw,2017,UTA,PF,34,"1283,0","73,0","17,6","1,1","9,0"
Lou Williams,2017,HOU,SG,30,"1994,0","81,0","24,6","6,1","21,4"
Rodney Stuckey,2017,IND,PG,30,"696,0","39,0","17,8","-0,1","9,5"
Ed Davis,2017,POR,PF,27,"789,0","46,0","17,2","1,7","11,5"
Isaiah Thomas,2017,BOS,PG,27,"2569,0","76,0","33,8","12,5","26,5"
Victor Oladipo,2017,OKC,SG,24,"2222,0","67,0","33,2","4,0","13,6"
Jodie Meeks,2017,ORL,SG,29,"738,0","36,0","20,5","1,1","13,1"
Jeremy Lamb,2017,CHO,SG,24,"1143,0","62,0","18,4","2,7","17,0"
Aron Baynes,2017,DET,C,30,"1163,0","75,0","15,5","3,0","13,1"
Spencer Hawes,2017,MIL,PF,28,"797,0","54,0","14,8","1,7","15,6"
Marco Belinelli,2017,CHO,SG,30,"1778,0","74,0","24,0","3,2","13,3"
Jae Crowder,2017,BOS,SF,26,"2335,0","72,0","32,4","6,7","14,9"
Lance Thomas,2017,NYK,PF,28,"968,0","46,0","21,0","0,9","8,4"
Tarik Black,2017,LAL,C,25,"1091,0","67,0","16,3","2,4","15,0"
Andrew Nicholson,2017,BRK,PF,27,"342,0","38,0","9,0","-0,1","5,9"
Patrick Patterson,2017,TOR,PF,27,"1599,0","65,0","24,6","3,3","10,8"
Andrew Wiggins,2017,MIN,SF,21,"3048,0","82,0","37,2","4,2","16,5"
Ish Smith,2017,DET,PG,28,"1955,0","81,0","24,1","3,1","14,7"
Ramon Sessions,2017,CHO,PG,30,"811,0","50,0","16,2","0,9","12,4"
Wayne Ellington,2017,MIA,SG,29,"1500,0","62,0","24,2","3,3","12,6"
Patrick Beverley,2017,HOU,SG,28,"2058,0","67,0","30,7","5,3","13,0"
Karl-Anthony Towns,2017,MIN,C,21,"3030,0","82,0","37,0","12,7","25,9"
Otto Porter Jr.,2017,WAS,SF,23,"2605,0","80,0","32,6","9,4","17,3"
Shaun Livingston,2017,GSW,PG,31,"1345,0","76,0","17,7","2,6","10,1"
Josh McRoberts,2017,MIA,PF,29,"381,0","22,0","17,3","0,3","9,8"
Brandan Wright,2017,MEM,PF,29,"447,0","28,0","16,0","1,6","18,6"
Wesley Johnson,2017,LAC,SF,29,"810,0","68,0","11,9","0,9","8,4"
Jared Sullinger,2017,TOR,PF,24,"118,0","11,0","10,7","-0,1","6,0"
Tyler Johnson,2017,MIA,PG,24,"2178,0","73,0","29,8","5,8","15,9"
Tony Allen,2017,MEM,SG,35,"1914,0","71,0","27,0","3,1","13,3"
Luis Scola,2017,BRK,PF,36,"461,0","36,0","12,8","0,8","13,9"
Nick Young,2017,LAL,SG,31,"1556,0","60,0","25,9","3,2","14,1"
Jabari Parker,2017,MIL,PF,21,"1728,0","51,0","33,9","4,0","19,1"
D'Angelo Russell,2017,LAL,PG,20,"1811,0","63,0","28,7","1,3","15,3"
Cody Zeller,2017,CHO,C,24,"1725,0","62,0","27,8","5,6","16,7"
P.J. Tucker,2017,TOR,SF,31,"2236,0","81,0","27,6","3,6","10,5"
Brandon Ingram,2017,LAL,SF,19,"2279,0","79,0","28,8","-0,3","8,5"
Kyle Korver,2017,CLE,SG,35,"1753,0","67,0","26,2","3,7","12,1"
Darren Collison,2017,SAC,PG,29,"2063,0","68,0","30,3","3,9","15,3"
Langston Galloway,2017,SAC,PG,25,"1495,0","74,0","20,2","1,3","10,4"
C.J. Watson,2017,ORL,PG,32,"1012,0","62,0","16,3","0,9","9,3"
Brandon Jennings,2017,WAS,PG,27,"1802,0","81,0","22,2","1,7","12,1"
Jonas Jerebko,2017,BOS,PF,29,"1232,0","78,0","15,8","2,1","9,3"
Roy Hibbert,2017,DEN,C,30,"682,0","48,0","14,2","1,8","13,5"
Jason Smith,2017,WAS,C,30,"1068,0","74,0","14,4","2,3","13,6"
Kyle Singler,2017,OKC,SF,28,"385,0","32,0","12,0","0,3","5,9"
Mike Dunleavy,2017,ATL,SF,36,"841,0","53,0","15,9","1,5","10,1"
Joel Embiid,2017,PHI,C,22,"786,0","31,0","25,4","1,9","24,1"
Alex Len,2017,PHO,C,23,"1560,0","77,0","20,3","3,0","15,0"
Jahlil Okafor,2017,PHI,C,21,"1134,0","50,0","22,7","1,2","14,8"
Jaylen Brown,2017,BOS,SF,20,"1341,0","78,0","17,2","1,5","10,3"
C.J. Miles,2017,IND,SF,29,"1776,0","76,0","23,4","4,0","13,8"
Jameer Nelson,2017,DEN,PG,34,"2045,0","75,0","27,3","2,8","11,5"
Nerlens Noel,2017,DAL,C,22,"1047,0","51,0","20,5","4,0","20,4"
Aaron Gordon,2017,ORL,SF,21,"2298,0","80,0","28,7","3,7","14,5"
Dragan Bender,2017,PHO,PF,19,"574,0","43,0","13,3","-0,3","5,3"
Vince Carter,2017,MEM,SF,40,"1799,0","73,0","24,6","4,0","11,7"
Devin Harris,2017,DAL,PG,33,"1087,0","65,0","16,7","2,2","13,8"
J.J. Barea,2017,DAL,PG,32,"771,0","35,0","22,0","1,3","17,2"
Ben McLemore,2017,SAC,SG,23,"1176,0","61,0","19,3","0,4","9,8"
Lavoy Allen,2017,IND,PF,27,"871,0","61,0","14,3","1,7","11,6"
Kris Humphries,2017,ATL,PF,31,"689,0","56,0","12,3","1,6","13,6"
James Johnson,2017,MIA,PF,29,"2085,0","76,0","27,4","5,1","17,0"
Udonis Haslem,2017,MIA,C,36,"130,0","16,0","8,1","0,2","8,8"
Lance Stephenson,2017,IND,SG,26,"361,0","18,0","20,1","0,1","9,6"
Dante Exum,2017,UTA,PG,21,"1228,0","66,0","18,6","1,2","8,5"
Kyle O'Quinn,2017,NYK,C,26,"1229,0","79,0","15,6","3,9","20,5"
Mario Hezonja,2017,ORL,SF,21,"960,0","65,0","14,8","-0,7","7,2"
Kris Dunn,2017,MIN,PG,22,"1333,0","78,0","17,1","0,1","8,1"
Thabo Sefolosha,2017,ATL,SF,32,"1596,0","62,0","25,7","3,3","11,9"
Nemanja Bjelica,2017,MIN,PF,28,"1190,0","65,0","18,3","1,5","11,0"
Nick Collison,2017,OKC,PF,36,"128,0","20,0","6,4","0,4","12,9"
Kentavious Caldwell-Pope,2017,DET,SG,23,"2529,0","76,0","33,3","4,5","12,8"
Patty Mills,2017,SAS,PG,28,"1754,0","80,0","21,9","5,1","15,2"
Marcus Smart,2017,BOS,SG,22,"2399,0","79,0","30,4","3,2","12,0"
Willie Cauley-Stein,2017,SAC,C,23,"1421,0","75,0","18,9","2,9","16,3"
Will Barton,2017,DEN,SG,26,"1705,0","60,0","28,4","3,3","15,5"
Paul Pierce,2017,LAC,SF,39,"277,0","25,0","11,1","0,1","5,7"
Buddy Hield,2017,SAC,SG,24,"1888,0","82,0","23,0","1,3","11,8"
Brandon Rush,2017,MIN,SG,31,"1030,0","47,0","21,9","0,4","6,6"
Mike Miller,2017,DEN,SF,36,"151,0","20,0","7,6","0,1","7,6"
Anthony Morrow,2017,CHI,SG,31,"714,0","49,0","14,6","1,2","10,1"
Trey Burke,2017,WAS,PG,24,"703,0","57,0","12,3","0,5","10,8"
Mike Scott,2017,ATL,PF,28,"195,0","18,0","10,8","-0,1","5,9"
Troy Daniels,2017,MEM,SG,25,"1183,0","67,0","17,7","1,3","10,4"
Julius Randle,2017,LAL,PF,22,"2132,0","74,0","28,8","3,5","16,3"
Emmanuel Mudiay,2017,DEN,PG,20,"1406,0","55,0","25,6","0,2","10,9"
CJ McCollum,2017,POR,SG,25,"2796,0","80,0","35,0","7,6","19,9"
Jamal Murray,2017,DEN,SG,19,"1764,0","82,0","21,5","1,3","11,9"
Michael Carter-Williams,2017,CHI,PG,25,"846,0","45,0","18,8","0,2","9,9"
Steven Adams,2017,OKC,C,23,"2389,0","80,0","29,9","6,5","16,5"
Kelly Olynyk,2017,BOS,C,25,"1538,0","75,0","20,5","4,1","15,3"
Shabazz Muhammad,2017,MIN,SF,24,"1516,0","78,0","19,4","2,7","14,9"
Justin Hamilton,2017,BRK,C,26,"1177,0","64,0","18,4","2,1","13,6"
Giannis Antetokounmpo,2017,MIL,SF,22,"2845,0","80,0","35,6","12,4","26,1"
Nik Stauskas,2017,PHI,SG,23,"2188,0","80,0","27,4","1,4","9,0"
Dante Cunningham,2017,NOP,PF,29,"1649,0","66,0","25,0","3,0","10,2"
Stanley Johnson,2017,DET,SF,20,"1371,0","77,0","17,8","0,4","7,2"
Marquese Chriss,2017,PHO,PF,19,"1743,0","82,0","21,3","1,8","12,3"
James Ennis III,2017,MEM,SF,26,"1501,0","64,0","23,5","3,1","10,6"
Mindaugas Kuzminskas,2017,NYK,SF,27,"1016,0","68,0","14,9","1,2","12,4"
Dion Waiters,2017,MIA,SG,25,"1384,0","46,0","30,1","1,6","14,5"
Zaza Pachulia,2017,GSW,C,32,"1268,0","70,0","18,1","4,7","16,1"
Seth Curry,2017,DAL,PG,26,"2029,0","70,0","29,0","4,6","15,5"
Dewayne Dedmon,2017,SAS,C,27,"1330,0","76,0","17,5","5,2","16,0"
Noah Vonleh,2017,POR,PF,21,"1265,0","74,0","17,1","1,8","10,8"
Frank Kaminsky,2017,CHO,C,23,"1954,0","75,0","26,1","2,3","13,0"
Jakob Poeltl,2017,TOR,C,21,"626,0","54,0","11,6","1,6","12,2"
Aaron Brooks,2017,IND,PG,32,"894,0","65,0","13,8","0,3","9,5"
Elfrid Payton,2017,ORL,PG,22,"2412,0","82,0","29,4","4,4","17,2"
Justise Winslow,2017,MIA,SF,20,"625,0","18,0","34,7","-0,1","8,2"
Thon Maker,2017,MIL,C,19,"562,0","57,0","9,9","1,3","14,0"
Randy Foye,2017,BRK,SG,33,"1284,0","69,0","18,6","0,2","7,3"
Richard Jefferson,2017,CLE,SF,36,"1614,0","79,0","20,4","2,1","8,3"
Malcolm Delaney,2017,ATL,PG,27,"1248,0","73,0","17,1","0,1","7,5"
Doug McDermott,2017,OKC,SF,25,"1508,0","66,0","22,8","2,6","10,7"
Myles Turner,2017,IND,C,20,"2541,0","81,0","31,4","8,0","18,5"
Domantas Sabonis,2017,OKC,PF,20,"1632,0","81,0","20,1","0,8","6,9"
Shelvin Mack,2017,UTA,PG,26,"1205,0","55,0","21,9","1,4","10,9"
Tony Snell,2017,MIL,SG,25,"2336,0","80,0","29,2","3,4","9,7"
Gorgui Dieng,2017,MIN,PF,27,"2653,0","82,0","32,4","5,7","14,2"
Trey Lyles,2017,UTA,PF,21,"1158,0","71,0","16,3","0,8","9,9"
Mason Plumlee,2017,DEN,C,26,"2148,0","81,0","26,5","6,0","18,1"
Taurean Prince,2017,ATL,SF,22,"981,0","59,0","16,6","1,1","9,8"
Tim Hardaway Jr.,2017,ATL,SG,24,"2154,0","79,0","27,3","4,8","15,2"
Reggie Bullock,2017,DET,SF,25,"467,0","31,0","15,1","1,0","11,7"
Zach LaVine,2017,MIN,SG,21,"1749,0","47,0","37,2","3,0","14,6"
Devin Booker,2017,PHO,SG,20,"2730,0","78,0","35,0","2,0","14,6"
Luc Mbah a Moute,2017,LAC,SF,30,"1787,0","80,0","22,3","3,1","10,2"
Georgios Papagiannis,2017,SAC,C,19,"355,0","22,0","16,1","0,4","12,7"
Andre Roberson,2017,OKC,SF,25,"2376,0","79,0","30,1","4,2","9,6"
Joe Ingles,2017,UTA,SF,29,"1972,0","82,0","24,0","5,0","12,4"
T.J. Warren,2017,PHO,SF,23,"2048,0","66,0","31,0","4,1","15,6"
Rudy Gobert,2017,UTA,C,24,"2744,0","81,0","33,9","14,3","23,3"
Cameron Payne,2017,CHI,PG,22,"462,0","31,0","14,9","-0,3","5,5"
Denzel Valentine,2017,CHI,SG,23,"976,0","57,0","17,1","0,6","7,3"
Tim Frazier,2017,NOP,PG,26,"1525,0","65,0","23,5","2,4","12,4"
Adreian Payne,2017,MIN,PF,25,"135,0","18,0","7,5","0,2","14,4"
Kelly Oubre Jr.,2017,WAS,SF,21,"1605,0","79,0","20,3","2,0","9,1"
Lucas Nogueira,2017,TOR,C,24,"1088,0","57,0","19,1","3,7","15,5"
Terry Rozier,2017,BOS,PG,22,"1263,0","74,0","17,1","1,4","10,9"
James Young,2017,BOS,SG,21,"220,0","29,0","7,6","0,3","10,0"
Rashad Vaughn,2017,MIL,SG,20,"458,0","41,0","11,2","0,0","7,8"
Quincy Acy,2017,BRK,PF,26,"558,0","38,0","14,7","0,9","11,8"
Tyler Ennis,2017,LAL,PG,22,"588,0","53,0","11,1","0,4","10,9"
Sam Dekker,2017,HOU,PF,22,"1419,0","77,0","18,4","3,1","13,1"
Joffrey Lauvergne,2017,CHI,PF-C,25,"980,0","70,0","14,0","1,5","12,6"
Henry Ellenson,2017,DET,PF,20,"146,0","19,0","7,7","-0,2","7,5"
Gary Harris,2017,DEN,SG,22,"1782,0","57,0","31,3","4,6","16,5"
Jerian Grant,2017,CHI,PG,24,"1028,0","63,0","16,3","2,5","13,2"
Malik Beasley,2017,DEN,SG,20,"165,0","22,0","7,5","0,2","13,7"
Delon Wright,2017,TOR,PG,24,"446,0","27,0","16,5","1,1","15,0"
Caris LeVert,2017,BRK,SF,22,"1237,0","57,0","21,7","1,8","12,3"
David Lee,2017,SAS,PF,33,"1477,0","79,0","18,7","5,7","18,5"
Justin Anderson,2017,PHI,SF,23,"1228,0","75,0","16,4","1,9","13,9"
DeAndre' Bembry,2017,ATL,SF,22,"371,0","38,0","9,8","0,3","8,8"
Bobby Portis,2017,CHI,PF,21,"1000,0","64,0","15,6","2,4","14,9"
Malachi Richardson,2017,SAC,SG,21,"198,0","22,0","9,0","0,1","9,6"
Rodney Hood,2017,UTA,SG,24,"1593,0","59,0","27,0","2,6","12,4"
Marreese Speights,2017,LAC,C,29,"1286,0","82,0","15,7","4,2","17,5"
Michael Beasley,2017,MIL,PF,28,"935,0","56,0","16,7","1,8","17,8"
JaVale McGee,2017,GSW,C,29,"739,0","77,0","9,6","3,5","25,2"
Rondae Hollis-Jefferson,2017,BRK,SF,22,"1761,0","78,0","22,6","2,6","13,7"
Deyonta Davis,2017,MEM,C,20,"238,0","36,0","6,6","0,5","10,6"
Shabazz Napier,2017,POR,PG,25,"512,0","53,0","9,7","0,6","13,6"
Tyus Jones,2017,MIN,PG,20,"774,0","60,0","12,9","1,5","13,8"
Clint Capela,2017,HOU,C,22,"1551,0","65,0","23,9","5,9","21,4"
Jarell Martin,2017,MEM,PF,22,"558,0","42,0","13,3","0,6","8,7"
Jordan Mickey,2017,BOS,PF,22,"141,0","25,0","5,6","0,1","9,8"
Larry Nance Jr.,2017,LAL,PF,24,"1442,0","63,0","22,9","3,5","15,7"
Pascal Siakam,2017,TOR,PF,22,"859,0","55,0","15,6","1,6","11,5"
Kyle Anderson,2017,SAS,SF,23,"1020,0","72,0","14,2","2,7","12,5"
Chris McCullough,2017,WAS,PF,21,"80,0","16,0","5,0","0,1","15,2"
Kevon Looney,2017,GSW,C,20,"447,0","53,0","8,4","1,4","13,6"
Dejounte Murray,2017,SAS,PG,20,"322,0","38,0","8,5","0,0","9,6"
Damian Jones,2017,GSW,C,21,"85,0","10,0","8,5","0,0","5,3"
Isaiah Whitehead,2017,BRK,PG,21,"1643,0","73,0","22,5","-0,8","7,6"
Rakeem Christmas,2017,IND,PF,25,"219,0","29,0","7,6","0,5","10,4"
Joe Young,2017,IND,PG,24,"135,0","33,0","4,1","-0,1","11,4"
Glenn Robinson III,2017,IND,SF,23,"1427,0","69,0","20,7","2,5","11,5"
Montrezl Harrell,2017,HOU,C,23,"1064,0","58,0","18,3","4,1","19,2"
Ivica Zubac,2017,LAL,C,19,"609,0","38,0","16,0","1,1","17,0"
Richaun Holmes,2017,PHI,C,23,"1193,0","57,0","20,9","3,8","18,6"
Mike Muscala,2017,ATL,C,25,"1237,0","70,0","17,7","3,4","14,4"
Isaiah Canaan,2017,CHI,SG,25,"592,0","39,0","15,2","0,5","8,1"
DeAndre Liggins,2017,DAL,SG,28,"777,0","62,0","12,5","0,5","7,5"
Justin Holiday,2017,NYK,SG,27,"1639,0","82,0","20,0","2,5","12,7"
Anthony Bennett,2017,BRK,PF,23,"264,0","23,0","11,5","0,5","14,7"
Robert Covington,2017,PHI,SF,26,"2119,0","67,0","31,6","3,1","13,2"
Jeff Withey,2017,UTA,C,26,"432,0","51,0","8,5","1,8","18,8"
Willie Reed,2017,MIA,C,26,"1031,0","71,0","14,5","3,6","17,1"
Brian Roberts,2017,CHO,PG,31,"416,0","41,0","10,1","0,2","9,8"
Ty Lawson,2017,SAC,PG,29,"1732,0","69,0","25,1","3,2","15,4"
Raymond Felton,2017,LAC,PG,32,"1700,0","80,0","21,2","1,9","10,9"
James Michael McAdoo,2017,GSW,PF,24,"457,0","52,0","8,8","1,1","13,1"
Joe Harris,2017,BRK,SG,25,"1138,0","52,0","21,9","0,8","9,0"
Marcus Thornton,2017,WAS,SG,29,"575,0","33,0","17,4","0,5","10,4"
Jason Terry,2017,MIL,SG,39,"1365,0","74,0","18,4","2,1","9,1"
Metta World Peace,2017,LAL,SF,37,"160,0","25,0","6,4","-0,2","6,5"
JaMychal Green,2017,MEM,PF,26,"2101,0","77,0","27,3","5,8","13,5"
Alan Anderson,2017,LAC,SF,34,"308,0","30,0","10,3","0,1","5,0"
Brandon Bass,2017,LAC,PF,31,"577,0","52,0","11,1","2,2","19,7"
Terrence Jones,2017,MIL,PF,25,"1270,0","54,0","23,5","2,3","16,1"
David West,2017,GSW,C,36,"854,0","68,0","12,6","2,6","16,6"
Beno Udrih,2017,DET,PG,34,"560,0","39,0","14,4","1,3","16,2"
Jerami Grant,2017,OKC,PF,22,"1531,0","80,0","19,1","2,9","10,1"
Gerald Green,2017,BOS,SF,31,"538,0","47,0","11,4","0,6","11,9"
James Jones,2017,CLE,SF,36,"381,0","48,0","7,9","0,8","11,1"
Chris Andersen,2017,CLE,C,38,"114,0","12,0","9,5","0,2","11,6"
Sean Kilpatrick,2017,BRK,SG,27,"1754,0","70,0","25,1","1,4","13,1"
Ian Clark,2017,GSW,SG,25,"1137,0","77,0","14,8","2,3","13,1"
Thomas Robinson,2017,LAL,PF,25,"560,0","48,0","11,7","0,9","17,3"
Stephen Zimmerman,2017,ORL,C,20,"108,0","19,0","5,7","0,0","7,3"
Andrew Harrison,2017,MEM,PG,22,"1474,0","72,0","20,5","1,6","8,7"
Raul Neto,2017,UTA,PG,24,"346,0","40,0","8,6","0,7","10,7"
Malcolm Brogdon,2017,MIL,SG,24,"1982,0","75,0","26,4","4,1","14,9"
Tyler Ulis,2017,PHO,PG,21,"1123,0","61,0","18,4","0,7","13,0"
Norman Powell,2017,TOR,SG,23,"1368,0","76,0","18,0","2,8","14,0"
Jonathon Simmons,2017,SAS,SG,27,"1392,0","78,0","17,8","2,0","9,9"
Darrun Hilliard,2017,DET,SG,23,"381,0","39,0","9,8","-0,2","5,9"
Josh Richardson,2017,MIA,SG,23,"1614,0","53,0","30,5","2,2","10,7"
Alan Williams,2017,PHO,C,24,"708,0","47,0","15,1","2,1","19,5"
Pat Connaughton,2017,POR,SG,24,"316,0","39,0","8,1","0,6","11,8"
T.J. McConnell,2017,PHI,PG,24,"2133,0","81,0","26,3","3,8","13,7"
Christian Wood,2017,CHO,PF,21,"107,0","13,0","8,2","0,3","15,1"
Jordan McRae,2017,CLE,SG,25,"384,0","37,0","10,4","0,2","9,7"
Salah Mejri,2017,DAL,C,30,"905,0","73,0","12,4","3,0","14,8"
Paul Zipser,2017,CHI,SF,22,"843,0","44,0","19,2","0,5","6,9"
Spencer Dinwiddie,2017,BRK,PG,23,"1334,0","59,0","22,6","2,8","12,7"
Bobby Brown,2017,HOU,PG,32,"123,0","25,0","4,9","0,1","10,8"
Georges Niang,2017,IND,PF,23,"93,0","23,0","4,0","-0,3","0,1"
Jake Layman,2017,POR,SF,22,"249,0","35,0","7,1","-0,3","4,9"
Joel Bolomboy,2017,UTA,PF,23,"53,0","12,0","4,4","0,2","19,7"
Patrick McCaw,2017,GSW,SG,21,"1074,0","71,0","15,1","1,7","8,6"
Kay Felder,2017,CLE,PG,21,"386,0","42,0","9,2","0,1","11,4"
Fred VanVleet,2017,TOR,PG,22,"294,0","37,0","7,9","0,2","10,5"
Kyle Wiltjer,2017,HOU,PF,24,"44,0","14,0","3,1","0,0","6,7"
Daniel Ochefu,2017,WAS,C,23,"75,0","19,0","3,9","0,0","6,6"
Semaj Christon,2017,OKC,PG,24,"973,0","64,0","15,2","0,1","5,7"
Bryn Forbes,2017,SAS,SG,23,"285,0","36,0","7,9","0,1","5,9"
Cheick Diallo,2017,NOP,PF,20,"199,0","17,0","11,7","0,5","16,8"
Maurice Ndour,2017,NYK,PF,24,"331,0","32,0","10,3","0,4","11,3"
Marshall Plumlee,2017,NYK,C,24,"170,0","21,0","8,1","0,2","10,9"
Derrick Jones Jr.,2017,PHO,SF,19,"545,0","32,0","17,0","1,1","12,0"
Rodney McGruder,2017,MIA,SG,25,"1966,0","78,0","25,2","2,9","9,1"
Tim Quarterman,2017,POR,SG,22,"80,0","16,0","5,0","-0,1","10,2"
Dorian Finney-Smith,2017,DAL,PF,23,"1642,0","81,0","20,3","1,4","7,7"
Sheldon Mac,2017,WAS,SG,24,"287,0","30,0","9,6","0,5","10,1"
Treveon Graham,2017,CHO,SG,23,"189,0","27,0","7,0","0,4","10,6"
Jonathan Gibson,2017,DAL,PG,29,"231,0","17,0","13,6","-0,1","9,5"
Toney Douglas,2017,MEM,PG,30,"394,0","24,0","16,4","0,5","10,6"
Joel Anthony,2017,SAS,C,34,"122,0","19,0","6,4","0,4","11,6"
Ryan Kelly,2017,ATL,PF,25,"110,0","16,0","6,9","0,1","7,8"
Ronnie Price,2017,PHO,PG,33,"134,0","14,0","9,6","0,0","5,9"
Deron Williams,2017,CLE,PG,32,"1657,0","64,0","25,9","2,4","14,0"
Norris Cole,2017,OKC,PG,28,"125,0","13,0","9,6","-0,1","5,4"
Andrew Bogut,2017,CLE,C,32,"583,0","27,0","21,6","0,7","9,3"
Matt Barnes,2017,GSW,SF,36,"1777,0","74,0","24,0","2,0","10,3"
Okaro White,2017,MIA,PF,24,"471,0","35,0","13,5","0,6","7,5"
Yogi Ferrell,2017,DAL,PG,23,"1197,0","46,0","26,0","1,8","13,1"
Jordan Crawford,2017,NOP,SG,28,"442,0","19,0","23,3","0,9","17,6"
Chasson Randle,2017,NYK,PG,23,"299,0","26,0","11,5","0,7","13,6"
Omri Casspi,2017,MIN,PF,28,"643,0","36,0","17,9","0,5","10,0"
Briante Weber,2017,CHO,PG,24,"205,0","20,0","10,2","0,3","11,0"
Hollis Thompson,2017,NOP,SG,25,"752,0","40,0","18,8","0,7","7,9"
Derrick Williams,2017,CLE,PF,25,"804,0","50,0","16,1","1,1","10,6"
Shawn Long,2017,PHI,C,24,"234,0","18,0","13,0","0,9","24,1"
Wayne Selden,2017,MEM,SG,22,"236,0","14,0","16,9","0,1","6,9"
Troy Williams,2017,HOU,SF,22,"557,0","30,0","18,6","0,4","9,0"
Archie Goodwin,2017,BRK,SG,22,"214,0","15,0","14,3","0,7","18,7"
David Nwaba,2017,LAL,SG,24,"397,0","20,0","19,8","0,8","12,2"
Anthony Brown,2017,ORL,SF,24,"159,0","11,0","14,5","0,0","7,2"
Alonzo Gee,2017,DEN,SF,29,"89,0","13,0","6,8","-0,1","3,1"
Quinn Cook,2017,NOP,PG,23,"188,0","14,0","13,4","0,2","11,8"
Stephen Curry,2018,GSW,PG,29,"1631,0","51,0","32,0","9,1","28,2"
Blake Griffin,2018,DET,PF,28,"1970,0","58,0","34,0","4,9","19,6"
Paul Millsap,2018,DEN,PF,32,"1143,0","38,0","30,1","2,5","17,0"
Kyle Lowry,2018,TOR,PG,31,"2510,0","78,0","32,2","10,2","19,5"
Mike Conley,2018,MEM,PG,30,"373,0","12,0","31,1","0,6","15,4"
Russell Westbrook,2018,OKC,PG,29,"2914,0","80,0","36,4","10,1","24,7"
James Harden,2018,HOU,SG,28,"2551,0","72,0","35,4","15,4","29,8"
DeMar DeRozan,2018,TOR,SG,28,"2711,0","80,0","33,9","9,6","21,0"
Al Horford,2018,BOS,C,31,"2277,0","72,0","31,6","7,8","17,6"
Carmelo Anthony,2018,OKC,PF,33,"2501,0","78,0","32,1","3,7","12,7"
Damian Lillard,2018,POR,PG,27,"2670,0","73,0","36,6","12,6","25,2"
Otto Porter Jr.,2018,WAS,SF,24,"2432,0","77,0","31,6","8,1","18,3"
Jrue Holiday,2018,NOP,SG,27,"2927,0","81,0","36,1","7,1","17,8"
Bradley Beal,2018,WAS,SG,24,"2977,0","82,0","36,3","6,9","18,4"
Andre Drummond,2018,DET,C,24,"2625,0","78,0","33,7","10,3","22,9"
Hassan Whiteside,2018,MIA,C,28,"1364,0","54,0","25,3","5,3","24,1"
Joel Embiid,2018,PHI,C,23,"1912,0","63,0","30,3","6,2","22,9"
Chris Paul,2018,HOU,PG,32,"1847,0","58,0","31,8","10,2","24,4"
Giannis Antetokounmpo,2018,MIL,PF,23,"2756,0","75,0","36,7","11,9","27,3"
Kevin Love,2018,CLE,C,29,"1651,0","59,0","28,0","6,4","22,4"
Nicolas Batum,2018,CHO,SG,29,"1981,0","64,0","31,0","3,5","14,4"
CJ McCollum,2018,POR,SG,26,"2923,0","81,0","36,1","6,6","16,9"
Dwight Howard,2018,CHO,C,32,"2463,0","81,0","30,4","6,8","20,5"
Anthony Davis,2018,NOP,PF,24,"2727,0","75,0","36,4","13,7","28,9"
Harrison Barnes,2018,DAL,PF,25,"2634,0","77,0","34,2","3,8","15,8"
Chandler Parsons,2018,MEM,SF,29,"691,0","36,0","19,2","1,1","13,6"
Brook Lopez,2018,LAL,C,29,"1735,0","74,0","23,4","3,8","16,5"
Marc Gasol,2018,MEM,C,33,"2408,0","73,0","33,0","4,0","17,4"
DeAndre Jordan,2018,LAC,C,29,"2424,0","77,0","31,5","9,4","20,2"
Steven Adams,2018,OKC,C,24,"2487,0","76,0","32,7","9,7","20,6"
Rudy Gobert,2018,UTA,C,25,"1816,0","56,0","32,4","8,1","20,7"
Serge Ibaka,2018,TOR,PF,28,"2093,0","76,0","27,5","5,1","14,7"
LaMarcus Aldridge,2018,SAS,C,32,"2509,0","75,0","33,5","10,9","25,0"
Victor Oladipo,2018,IND,SG,25,"2552,0","75,0","34,0","8,2","23,1"
Danilo Gallinari,2018,LAC,SF,29,"671,0","21,0","32,0","1,2","13,8"
Ryan Anderson,2018,HOU,PF,29,"1725,0","66,0","26,1","4,8","12,6"
Paul George,2018,OKC,SF,27,"2891,0","79,0","36,6","8,9","18,7"
Jimmy Butler,2018,MIN,SG,28,"2164,0","59,0","36,7","8,9","23,7"
Tyler Johnson,2018,MIA,PG,25,"2052,0","72,0","28,5","4,2","13,0"
John Wall,2018,WAS,PG,27,"1410,0","41,0","34,4","2,7","19,1"
George Hill,2018,CLE,PG,31,"1812,0","67,0","27,0","3,2","13,3"
Jeff Teague,2018,MIN,PG,29,"2311,0","70,0","33,0","4,9","16,4"
Kyrie Irving,2018,BOS,PG,25,"1931,0","60,0","32,2","8,9","25,0"
Allen Crabbe,2018,BRK,SG,25,"2197,0","75,0","29,3","3,2","12,3"
Kent Bazemore,2018,ATL,SG,28,"1789,0","65,0","27,5","2,2","14,5"
DeMarcus Cousins,2018,NOP,C,27,"1737,0","48,0","36,2","4,7","22,6"
Wesley Matthews,2018,DAL,SF,31,"2131,0","63,0","33,8","2,6","11,4"
Klay Thompson,2018,GSW,SG,27,"2506,0","73,0","34,3","4,9","16,0"
Kentavious Caldwell-Pope,2018,LAL,SG,24,"2458,0","74,0","33,2","5,3","13,2"
Draymond Green,2018,GSW,PF,27,"2287,0","70,0","32,7","6,1","16,1"
Tristan Thompson,2018,CLE,C,26,"1072,0","53,0","20,2","2,5","13,6"
Tim Hardaway Jr.,2018,NYK,SG,25,"1885,0","57,0","33,1","2,6","14,4"
Evan Turner,2018,POR,SF,29,"2034,0","79,0","25,7","2,6","9,8"
Reggie Jackson,2018,DET,PG,27,"1201,0","45,0","26,7","2,0","15,9"
Bismack Biyombo,2018,ORL,C,25,"1495,0","82,0","18,2","2,9","14,1"
Evan Fournier,2018,ORL,SF,25,"1837,0","57,0","32,2","3,3","15,5"
Pau Gasol,2018,SAS,C,37,"1812,0","77,0","23,5","6,0","18,9"
Tobias Harris,2018,LAC,PF,25,"2668,0","80,0","33,4","6,7","17,1"
Timofey Mozgov,2018,BRK,C,31,"359,0","31,0","11,6","0,4","12,3"
Ian Mahinmi,2018,WAS,C,31,"1145,0","77,0","14,9","2,2","12,2"
Tony Parker,2018,SAS,PG,35,"1071,0","55,0","19,5","1,4","12,7"
DeMarre Carroll,2018,BRK,PF,31,"2180,0","73,0","29,9","4,1","14,3"
Eric Bledsoe,2018,MIL,PG,28,"2322,0","74,0","31,4","5,6","19,7"
Andre Iguodala,2018,GSW,SF,34,"1622,0","64,0","25,3","3,2","11,2"
James Johnson,2018,MIA,PF,30,"1943,0","73,0","26,6","5,0","15,8"
Robin Lopez,2018,CHI,C,29,"1690,0","64,0","26,4","1,9","14,7"
Ricky Rubio,2018,UTA,PG,27,"2254,0","77,0","29,3","5,3","15,4"
Joe Ingles,2018,UTA,SF,30,"2578,0","82,0","31,4","7,6","14,4"
Gorgui Dieng,2018,MIN,C,28,"1333,0","79,0","16,9","2,9","14,7"
Marvin Williams,2018,CHO,PF,31,"2006,0","78,0","25,7","5,0","13,9"
Mason Plumlee,2018,DEN,C,27,"1439,0","74,0","19,4","3,6","16,9"
Taj Gibson,2018,MIN,PF,32,"2726,0","82,0","33,2","7,2","15,4"
Thaddeus Young,2018,IND,PF,29,"2607,0","81,0","32,2","5,5","14,8"
Cody Zeller,2018,CHO,C,25,"627,0","33,0","19,0","1,9","15,9"
Tyson Chandler,2018,PHO,C,35,"1151,0","46,0","25,0","2,7","14,2"
Michael Kidd-Gilchrist,2018,CHO,SF,24,"1850,0","74,0","25,0","3,3","12,5"
Eric Gordon,2018,HOU,SG,29,"2154,0","69,0","31,2","4,7","15,2"
Kenneth Faried,2018,DEN,PF,28,"461,0","32,0","14,4","1,3","17,4"
Marcin Gortat,2018,WAS,C,33,"2075,0","82,0","25,3","4,9","14,7"
Austin Rivers,2018,LAC,SG,25,"2057,0","61,0","33,7","2,4","12,6"
Kelly Olynyk,2018,MIA,PF,26,"1779,0","76,0","23,4","5,5","17,8"
Miles Plumlee,2018,ATL,C,29,"918,0","55,0","16,7","0,9","10,6"
Jordan Clarkson,2018,CLE,SG,25,"1888,0","81,0","23,3","3,0","16,4"
Zach Randolph,2018,SAC,PF,36,"1508,0","59,0","25,6","1,5","17,3"
Courtney Lee,2018,NYK,SG,32,"2310,0","76,0","30,4","3,9","13,0"
Solomon Hill,2018,NOP,SF,26,"187,0","12,0","15,6","-0,1","4,8"
Wilson Chandler,2018,DEN,SF,30,"2346,0","74,0","31,7","3,3","10,9"
Derrick Favors,2018,UTA,C,26,"2153,0","77,0","28,0","8,0","18,8"
Kemba Walker,2018,CHO,PG,27,"2736,0","80,0","34,2","8,6","20,6"
Dion Waiters,2018,MIA,SG,26,"918,0","30,0","30,6","0,1","10,5"
John Henson,2018,MIL,C,27,"1970,0","76,0","25,9","4,9","15,7"
Alec Burks,2018,UTA,SG,26,"1059,0","64,0","16,5","1,9","13,1"
Patty Mills,2018,SAS,PG,29,"2107,0","82,0","25,7","4,1","11,8"
Tony Snell,2018,MIL,SG,26,"2053,0","75,0","27,4","2,4","8,5"
Terrence Ross,2018,ORL,SG,26,"600,0","24,0","25,0","0,3","9,9"
Robert Covington,2018,PHI,SF,27,"2532,0","80,0","31,6","6,1","12,9"
Iman Shumpert,2018,CLE,SG,27,"276,0","14,0","19,7","0,0","6,4"
Maurice Harkless,2018,POR,SF,24,"1264,0","59,0","21,4","3,2","12,6"
Danny Green,2018,SAS,SG,30,"1791,0","70,0","25,6","2,9","11,3"
Jared Dudley,2018,PHO,PF,32,"686,0","48,0","14,3","0,8","8,8"
Darren Collison,2018,IND,PG,30,"2018,0","69,0","29,2","7,6","18,8"
Al Jefferson,2018,IND,C,33,"484,0","36,0","13,4","1,6","20,2"
Meyers Leonard,2018,POR,C,25,"254,0","33,0","7,7","1,1","17,8"
Matthew Dellavedova,2018,MIL,PG,27,"712,0","38,0","18,7","0,5","8,6"
Norman Powell,2018,TOR,SG,24,"1062,0","70,0","15,2","0,6","8,5"
Josh Richardson,2018,MIA,SF,24,"2689,0","81,0","33,2","5,4","13,6"
Andre Roberson,2018,OKC,SG,26,"1037,0","39,0","26,6","2,2","10,9"
Dwight Powell,2018,DAL,C,26,"1672,0","79,0","21,2","6,6","18,8"
Avery Bradley,2018,LAC,SG,27,"1433,0","46,0","31,2","-0,2","9,6"
Markieff Morris,2018,WAS,PF,28,"1968,0","73,0","27,0","3,3","13,2"
Jerryd Bayless,2018,PHI,SG,29,"925,0","39,0","23,7","1,1","7,5"
JaMychal Green,2018,MEM,PF,27,"1542,0","55,0","28,0","2,6","14,0"
E'Twaun Moore,2018,NOP,SG,28,"2586,0","82,0","31,5","4,4","12,1"
Rudy Gay,2018,SAS,PF,31,"1231,0","57,0","21,6","3,1","18,0"
Kosta Koufos,2018,SAC,C,28,"1391,0","71,0","19,6","3,9","17,5"
Markelle Fultz,2018,PHI,SG,19,"253,0","14,0","18,1","0,2","12,4"
Garrett Temple,2018,SAC,SG,31,"1615,0","65,0","24,8","1,2","10,3"
Vince Carter,2018,SAC,SF,41,"1026,0","58,0","17,7","1,2","10,8"
Cory Joseph,2018,IND,PG,26,"2210,0","82,0","27,0","3,1","11,0"
C.J. Miles,2018,TOR,SF,30,"1337,0","70,0","19,1","2,9","13,0"
Shaun Livingston,2018,GSW,PG,32,"1129,0","71,0","15,9","1,8","11,6"
P.J. Tucker,2018,HOU,PF,32,"2281,0","82,0","27,8","3,9","8,3"
Corey Brewer,2018,OKC,SF-SG,31,"1208,0","72,0","16,8","2,3","11,2"
Andrew Wiggins,2018,MIN,SF,22,"2979,0","82,0","36,3","2,1","13,0"
Kyle Korver,2018,CLE,SG,36,"1574,0","73,0","21,6","3,4","13,4"
Jeremy Lamb,2018,CHO,SG,25,"1967,0","80,0","24,6","4,9","17,0"
Darrell Arthur,2018,DEN,PF,29,"141,0","19,0","7,4","0,0","8,4"
Trevor Ariza,2018,HOU,SF,32,"2269,0","67,0","33,9","5,3","11,8"
Channing Frye,2018,LAL,C,34,"695,0","53,0","13,1","1,5","13,1"
Al-Farouq Aminu,2018,POR,PF,27,"2072,0","69,0","30,0","4,2","12,0"
Cole Aldrich,2018,MIN,C,29,"49,0","21,0","2,3","0,0","6,0"
Dewayne Dedmon,2018,ATL,C,28,"1542,0","62,0","24,9","3,7","15,8"
Lance Thomas,2018,NYK,PF,29,"1353,0","73,0","18,5","0,9","6,3"
D'Angelo Russell,2018,BRK,PG,21,"1234,0","48,0","25,7","0,4","15,2"
Lou Williams,2018,LAC,SG,31,"2589,0","79,0","32,8","6,7","20,2"
Langston Galloway,2018,DET,SG,26,"863,0","58,0","14,9","1,4","12,2"
Jae Crowder,2018,UTA,SF,27,"2090,0","80,0","26,1","2,6","10,4"
Ben Simmons,2018,PHI,PG,21,"2732,0","81,0","33,7","9,2","20,0"
Ed Davis,2018,POR,C,28,"1471,0","78,0","18,9","5,0","15,5"
Lonzo Ball,2018,LAL,PG,20,"1780,0","52,0","34,2","2,0","12,5"
Isaiah Thomas,2018,LAL,PG,28,"862,0","32,0","26,9","0,2","12,6"
Karl-Anthony Towns,2018,MIN,C,22,"2918,0","82,0","35,6","14,0","24,9"
Shelvin Mack,2018,ORL,PG,27,"1365,0","69,0","19,8","1,9","13,3"
Jonathon Simmons,2018,ORL,SG,28,"2029,0","69,0","29,4","1,9","12,7"
Ish Smith,2018,DET,PG,29,"2043,0","82,0","24,9","4,4","15,4"
Wesley Johnson,2018,LAC,SF,30,"1486,0","74,0","20,1","1,7","9,8"
Jayson Tatum,2018,BOS,SF,19,"2443,0","80,0","30,5","7,1","15,2"
Brandon Ingram,2018,LAL,SF,20,"1975,0","59,0","33,5","2,8","13,8"
Patrick Beverley,2018,LAC,SG,29,"334,0","11,0","30,4","0,4","12,4"
Thabo Sefolosha,2018,UTA,SF,33,"806,0","38,0","21,2","2,6","15,8"
Jason Smith,2018,WAS,C,31,"285,0","33,0","8,6","0,0","8,8"
Ben McLemore,2018,MEM,SG,24,"1091,0","56,0","19,5","0,5","9,7"
Patrick Patterson,2018,OKC,PF,28,"1270,0","82,0","15,5","2,6","10,0"
Nick Young,2018,GSW,SG,32,"1393,0","80,0","17,4","1,7","10,0"
Josh Jackson,2018,PHO,SF,20,"1959,0","77,0","25,4","-0,7","11,8"
Mike Muscala,2018,ATL,C,26,"1060,0","53,0","20,0","2,4","14,4"
Dirk Nowitzki,2018,DAL,C,39,"1900,0","77,0","24,7","4,8","16,7"
Dante Exum,2018,UTA,PG,22,"235,0","14,0","16,8","0,7","16,7"
Jonathan Isaac,2018,ORL,PF,20,"536,0","27,0","19,9","0,2","9,8"
Jaylen Brown,2018,BOS,SG,21,"2152,0","70,0","30,7","4,5","13,6"
Kyle Singler,2018,OKC,SF,29,"59,0","12,0","4,9","0,0","5,9"
De'Aaron Fox,2018,SAC,PG,20,"2026,0","73,0","27,8","-0,6","11,2"
Ron Baker,2018,NYK,SG,24,"385,0","29,0","13,3","0,5","9,3"
Lauri Markkanen,2018,CHI,PF,20,"2020,0","68,0","29,7","3,3","15,6"
Dragan Bender,2018,PHO,PF,20,"2069,0","82,0","25,2","0,1","7,1"
Devin Harris,2018,DEN,PG,34,"1340,0","71,0","18,9","2,5","13,0"
Justin Holiday,2018,CHI,SG,28,"2265,0","72,0","31,5","1,7","10,8"
Jamal Crawford,2018,MIN,SG,37,"1653,0","80,0","20,7","1,3","13,0"
Emmanuel Mudiay,2018,NYK,PG,21,"1245,0","64,0","19,5","0,0","11,5"
Kris Dunn,2018,CHI,PG,23,"1525,0","52,0","29,3","0,9","14,5"
Nerlens Noel,2018,DAL,C,23,"472,0","30,0","15,7","1,3","16,2"
Alex Len,2018,PHO,C,24,"1395,0","69,0","20,2","4,5","19,4"
Frank Ntilikina,2018,NYK,PG,19,"1706,0","78,0","21,9","-0,9","7,0"
Julius Randle,2018,LAL,C,23,"2190,0","82,0","26,7","6,6","19,9"
Jonas Jerebko,2018,UTA,PF,30,"1134,0","74,0","15,3","3,4","13,2"
Nemanja Bjelica,2018,MIN,PF,29,"1371,0","67,0","20,5","2,8","12,6"
Stanley Johnson,2018,DET,SF,21,"1894,0","69,0","27,4","1,8","9,0"
Quincy Pondexter,2018,CHI,SF,29,"196,0","23,0","8,5","-0,2","4,0"
Willie Cauley-Stein,2018,SAC,C,24,"2044,0","73,0","28,0","3,9","17,6"
Buddy Hield,2018,SAC,SG,25,"2024,0","80,0","25,3","2,8","16,1"
Frank Kaminsky,2018,CHO,PF,24,"1835,0","79,0","23,2","3,6","14,4"
Will Barton,2018,DEN,SG,27,"2683,0","81,0","33,1","6,2","16,2"
Zaza Pachulia,2018,GSW,C,33,"972,0","69,0","14,1","3,3","17,0"
Jodie Meeks,2018,WAS,SG,30,"1119,0","77,0","14,5","2,0","12,4"
Justise Winslow,2018,MIA,PF,21,"1680,0","68,0","24,7","2,6","11,5"
Malik Monk,2018,CHO,SG,19,"854,0","63,0","13,6","0,0","10,2"
Myles Turner,2018,IND,C,21,"1836,0","65,0","28,2","4,7","16,6"
Troy Daniels,2018,PHO,SG,26,"1622,0","79,0","20,5","1,4","9,8"
Jamal Murray,2018,DEN,PG,20,"2565,0","81,0","31,7","5,5","16,1"
Elfrid Payton,2018,PHO,PG,23,"1808,0","63,0","28,7","2,8","16,5"
Rajon Rondo,2018,NOP,PG,31,"1705,0","65,0","26,2","3,6","15,3"
Doug McDermott,2018,DAL,SF,26,"1768,0","81,0","21,8","2,3","10,4"
Anthony Tolliver,2018,DET,PF,32,"1757,0","79,0","22,2","5,3","13,9"
Tyreke Evans,2018,MEM,PG,28,"1607,0","52,0","30,9","4,2","21,1"
Tarik Black,2018,HOU,C,26,"536,0","51,0","10,5","1,5","14,3"
Luke Kennard,2018,DET,SG,21,"1463,0","73,0","20,0","2,6","12,1"
Cameron Payne,2018,CHI,PG,23,"582,0","25,0","23,3","0,8","14,0"
Dennis Smith Jr.,2018,DAL,PG,20,"2049,0","69,0","29,7","-0,7","12,8"
Kelly Oubre Jr.,2018,WAS,SF,22,"2231,0","81,0","27,5","3,7","11,9"
Ekpe Udoh,2018,UTA,C,30,"810,0","63,0","12,9","3,2","15,2"
T.J. Warren,2018,PHO,SF,24,"2142,0","65,0","33,0","3,4","17,6"
Marquese Chriss,2018,PHO,PF,20,"1527,0","72,0","21,2","0,7","11,1"
Zach Collins,2018,POR,C,20,"1045,0","66,0","15,8","0,6","7,5"
Bam Adebayo,2018,MIA,C,20,"1368,0","69,0","19,8","4,2","15,7"
Jakob Poeltl,2018,TOR,C,22,"1524,0","82,0","18,6","5,6","17,5"
Thon Maker,2018,MIL,C,20,"1238,0","74,0","16,7","1,5","10,2"
Cedi Osman,2018,CLE,SF,22,"672,0","61,0","11,0","0,9","11,0"
Domantas Sabonis,2018,IND,C,21,"1810,0","74,0","24,5","4,7","17,5"
Jerian Grant,2018,CHI,PG,25,"1686,0","74,0","22,8","3,3","14,3"
Donovan Mitchell,2018,UTA,SG,21,"2638,0","79,0","33,4","5,2","16,7"
Gary Harris,2018,DEN,SG,23,"2304,0","67,0","34,4","5,5","16,5"
Delon Wright,2018,TOR,PG,25,"1433,0","69,0","20,8","4,5","16,5"
D.J. Wilson,2018,MIL,PF,21,"71,0","22,0","3,2","0,1","10,3"
Taurean Prince,2018,ATL,SF,23,"2464,0","82,0","30,0","2,0","12,8"
Justin Anderson,2018,PHI,SF,24,"519,0","38,0","13,7","1,2","13,0"
Reggie Bullock,2018,DET,SF,26,"1732,0","62,0","27,9","4,2","13,6"
Bobby Portis,2018,CHI,PF,22,"1643,0","73,0","22,5","3,5","19,7"
Rondae Hollis-Jefferson,2018,BRK,SF,23,"1920,0","68,0","28,2","4,1","16,9"
Bruno Caboclo,2018,SAC,SF,22,"107,0","12,0","8,9","0,0","7,4"
Trey Lyles,2018,DEN,PF,22,"1391,0","73,0","19,1","3,9","17,9"
T.J. Leaf,2018,IND,PF,20,"459,0","53,0","8,7","0,8","10,7"
Justin Jackson,2018,SAC,SF,22,"1506,0","68,0","22,1","1,0","9,2"
Shabazz Napier,2018,POR,PG,26,"1535,0","74,0","20,7","3,2","14,2"
Clint Capela,2018,HOU,C,23,"2034,0","74,0","27,5","10,2","24,5"
Devin Booker,2018,PHO,SG,21,"1865,0","54,0","34,5","2,4","18,1"
John Collins,2018,ATL,PF,20,"1785,0","74,0","24,1","5,4","18,3"
Denzel Valentine,2018,CHI,SG,24,"2095,0","77,0","27,2","2,5","12,1"
Larry Nance Jr.,2018,CLE,C,25,"1421,0","66,0","21,5","5,8","20,2"
Guerschon Yabusele,2018,BOS,PF,22,"235,0","33,0","7,1","0,6","12,3"
Brandon Jennings,2018,MIL,PG,28,"205,0","14,0","14,6","0,1","12,7"
Kyle Anderson,2018,SAS,SF,24,"1978,0","74,0","26,7","6,2","15,9"
Darius Miller,2018,NOP,SF,27,"1944,0","82,0","23,7","3,0","9,3"
Sean Kilpatrick,2018,CHI,SG,28,"640,0","52,0","12,3","0,1","11,6"
OG Anunoby,2018,TOR,SF,20,"1481,0","74,0","20,0","3,0","10,0"
Jarrett Allen,2018,BRK,C,19,"1441,0","72,0","20,0","4,2","17,5"
Terry Rozier,2018,BOS,PG,23,"2068,0","80,0","25,8","5,6","15,1"
Tyler Zeller,2018,MIL,C,28,"1109,0","66,0","16,8","2,9","16,0"
Rashad Vaughn,2018,ORL,SG,21,"212,0","28,0","7,6","0,2","9,3"
Henry Ellenson,2018,DET,PF,21,"329,0","38,0","8,7","0,1","10,5"
Eric Moreland,2018,DET,PF,26,"805,0","67,0","12,0","2,3","13,9"
Sam Dekker,2018,LAC,PF,23,"883,0","73,0","12,1","1,2","11,5"
Terrance Ferguson,2018,OKC,SG,19,"763,0","61,0","12,5","1,2","7,4"
Furkan Korkmaz,2018,PHI,SG,20,"80,0","14,0","5,7","0,0","3,4"
Caris LeVert,2018,BRK,SF,23,"1864,0","71,0","26,3","2,3","14,2"
Malik Beasley,2018,DEN,SG,21,"583,0","62,0","9,4","0,3","9,0"
Spencer Dinwiddie,2018,BRK,PG,24,"2306,0","80,0","28,8","5,7","15,9"
Julyan Stone,2018,CHO,SG,29,"175,0","23,0","7,6","0,3","7,6"
DeAndre' Bembry,2018,ATL,SF,23,"455,0","26,0","17,5","-0,4","7,6"
Richaun Holmes,2018,PHI,C,24,"746,0","48,0","15,5","2,8","17,4"
T.J. McConnell,2018,PHI,PG,25,"1706,0","76,0","22,4","3,8","12,5"
Dwight Buycks,2018,DET,PG,28,"427,0","29,0","14,7","0,2","12,8"
Malachi Richardson,2018,TOR,SG,22,"324,0","26,0","12,5","-0,1","5,9"
Pascal Siakam,2018,TOR,PF,23,"1679,0","81,0","20,7","4,7","14,5"
Isaiah Taylor,2018,ATL,PG,23,"1167,0","67,0","17,4","0,6","10,9"
Troy Williams,2018,NYK,SF,23,"307,0","21,0","14,6","0,5","15,1"
Quinn Cook,2018,GSW,PG,24,"740,0","33,0","22,4","1,6","12,8"
Rodney McGruder,2018,MIA,SG,26,"299,0","18,0","16,6","0,8","12,0"
Malcolm Brogdon,2018,MIL,PG,25,"1436,0","48,0","29,9","2,7","14,3"
Trey Burke,2018,NYK,PG,25,"785,0","36,0","21,8","2,4","21,0"
Joffrey Lauvergne,2018,SAS,C,26,"534,0","55,0","9,7","1,3","16,5"
Tyler Ennis,2018,LAL,PG,23,"683,0","54,0","12,6","0,8","11,1"
Jerami Grant,2018,OKC,PF,23,"1647,0","81,0","20,3","5,4","16,2"
Tyus Jones,2018,MIN,PG,21,"1467,0","82,0","17,9","3,6","14,1"
Omri Casspi,2018,GSW,SF,29,"740,0","53,0","14,0","2,2","15,5"
Mario Chalmers,2018,MEM,PG,31,"1421,0","66,0","21,5","0,6","10,4"
Raymond Felton,2018,OKC,PG,33,"1365,0","82,0","16,6","2,2","13,0"
Nick Collison,2018,OKC,PF,37,"75,0","15,0","5,0","0,1","13,2"
Josh Huestis,2018,OKC,PF,26,"982,0","69,0","14,2","0,5","5,4"
Raul Neto,2018,UTA,PG,25,"498,0","41,0","12,1","0,9","11,9"
Aaron Brooks,2018,MIN,PG,33,"189,0","32,0","5,9","0,1","9,8"
Pat Connaughton,2018,POR,SG,25,"1488,0","82,0","18,1","2,5","9,3"
JaVale McGee,2018,GSW,C,30,"615,0","65,0","9,5","2,7","22,3"
Montrezl Harrell,2018,LAC,C,24,"1293,0","76,0","17,0","5,5","24,7"
Damien Wilkins,2018,IND,SF,38,"152,0","19,0","8,0","-0,1","4,9"
Luc Mbah a Moute,2018,HOU,PF,31,"1564,0","61,0","25,6","2,8","10,3"
Kevon Looney,2018,GSW,C,21,"910,0","66,0","13,8","2,8","14,8"
Andrew Bogut,2018,LAL,C,33,"216,0","24,0","9,0","0,4","10,9"
David West,2018,GSW,C,37,"999,0","73,0","13,7","3,5","20,9"
Chris McCullough,2018,WAS,PF,22,"90,0","19,0","4,7","0,2","15,8"
Salah Mejri,2018,DAL,C,31,"729,0","61,0","12,0","2,7","17,8"
Jarell Martin,2018,MEM,PF,23,"1661,0","73,0","22,8","1,3","10,5"
Willie Reed,2018,DET,C,27,"428,0","42,0","10,2","1,5","19,2"
Tony Allen,2018,NOP,SF,36,"273,0","22,0","12,4","0,1","8,7"
Ian Clark,2018,NOP,SG,26,"1455,0","74,0","19,7","1,1","9,4"
Caleb Swanigan,2018,POR,PF,20,"189,0","27,0","7,0","0,0","7,5"
Richard Jefferson,2018,DEN,SF,37,"163,0","20,0","8,2","0,1","6,4"
Kyle Kuzma,2018,LAL,PF,22,"2401,0","77,0","31,2","3,8","14,2"
Derrick White,2018,SAS,PG,23,"139,0","17,0","8,2","0,5","15,9"
Josh Hart,2018,LAL,SG,22,"1461,0","63,0","23,2","3,4","12,2"
Tyler Dorsey,2018,ATL,SG,21,"974,0","56,0","17,4","0,4","10,0"
Wes Iwundu,2018,ORL,SF,23,"1020,0","62,0","16,5","0,7","7,8"
Khem Birch,2018,ORL,C,25,"578,0","42,0","13,8","1,8","16,4"
Damyean Dotson,2018,NYK,SG,23,"474,0","44,0","10,8","0,6","11,6"
Sterling Brown,2018,MIL,SG,22,"776,0","54,0","14,4","0,7","9,1"
Rodney Purvis,2018,ORL,SG,23,"290,0","16,0","18,1","-0,3","4,5"
Ike Anigbogu,2018,IND,C,19,"30,0","11,0","2,7","0,1","21,6"
Antonius Cleveland,2018,ATL,SG,23,"123,0","17,0","7,2","0,0","4,5"
Jordan Bell,2018,GSW,C,23,"809,0","57,0","14,2","2,9","18,0"
Alfonzo McKinnie,2018,TOR,SF,25,"53,0","14,0","3,8","0,1","10,1"
Alex Poythress,2018,IND,PF,24,"104,0","25,0","4,2","0,1","7,8"
Brice Johnson,2018,MEM,PF,23,"98,0","18,0","5,4","0,2","18,2"
Patrick McCaw,2018,GSW,SG,22,"961,0","57,0","16,9","0,6","7,4"
Dejounte Murray,2018,SAS,PG,21,"1743,0","81,0","21,5","3,2","15,1"
Bryn Forbes,2018,SAS,SG,24,"1517,0","80,0","19,0","2,1","9,1"
Tyler Ulis,2018,PHO,PG,22,"1658,0","71,0","23,4","-0,2","10,1"
Yogi Ferrell,2018,DAL,SG,24,"2282,0","82,0","27,8","3,0","11,4"
Cheick Diallo,2018,NOP,PF,21,"581,0","52,0","11,2","1,9","17,0"
Jake Layman,2018,POR,SF,23,"160,0","35,0","4,6","-0,1","4,9"
Ivica Zubac,2018,LAL,C,20,"410,0","43,0","9,5","1,0","15,3"
Deyonta Davis,2018,MEM,C,21,"943,0","62,0","15,2","2,7","16,6"
Andrew Harrison,2018,MEM,PG,23,"1326,0","56,0","23,7","1,7","12,7"
Isaiah Whitehead,2018,BRK,PG,22,"180,0","16,0","11,2","-0,1","11,5"
Dorian Finney-Smith,2018,DAL,PF,24,"448,0","21,0","21,3","0,1","7,6"
Paul Zipser,2018,CHI,SF,23,"824,0","54,0","15,3","-0,6","5,2"
Wayne Selden,2018,MEM,SG,23,"692,0","35,0","19,8","0,3","11,8"
Marcus Georges-Hunt,2018,MIN,SG,23,"224,0","42,0","5,3","0,2","6,9"
Damian Jones,2018,GSW,C,22,"89,0","15,0","5,9","0,1","6,8"
Khris Middleton,2018,MIL,SF,26,"2982,0","82,0","36,4","6,9","17,4"
Semi Ojeleye,2018,BOS,PF,23,"1150,0","73,0","15,8","1,2","4,6"
Frank Mason III,2018,SAC,PG,23,"984,0","52,0","18,9","0,5","13,0"
Abdel Nader,2018,BOS,SF,24,"522,0","48,0","10,9","-0,1","5,1"
Isaiah Canaan,2018,PHO,PG-SG,26,"422,0","20,0","21,1","0,6","13,5"
Ivan Rabb,2018,MEM,PF,20,"516,0","36,0","14,3","1,2","16,6"
Gerald Green,2018,HOU,SG,32,"929,0","41,0","22,7","2,1","14,1"
Dillon Brooks,2018,MEM,SF,22,"2350,0","82,0","28,7","1,2","9,8"
Dakari Johnson,2018,OKC,C,22,"161,0","31,0","5,2","0,6","16,4"
Thomas Bryant,2018,LAL,C,20,"72,0","15,0","4,8","0,1","9,9"
Royce O'Neale,2018,UTA,SF,24,"1150,0","69,0","16,7","2,4","10,8"
Brandon Paul,2018,SAS,SG,26,"576,0","64,0","9,0","0,5","7,4"
Jawun Evans,2018,LAC,PG,21,"778,0","48,0","16,2","-0,2","7,2"
Davon Reed,2018,PHO,SG,22,"242,0","21,0","11,5","-0,3","4,8"
Zhou Qi,2018,HOU,C,22,"124,0","18,0","6,9","-0,3","1,9"
Maxi Kleber,2018,DAL,PF,26,"1206,0","72,0","16,8","2,8","13,4"
Sindarius Thornwell,2018,LAC,SG,23,"1156,0","73,0","15,8","1,0","8,2"
Daniel Theis,2018,BOS,C,25,"936,0","63,0","14,9","3,5","16,1"
Tyler Cavanaugh,2018,ATL,PF,23,"518,0","39,0","13,3","1,2","13,0"
Emeka Okafor,2018,NOP,C,35,"353,0","26,0","13,6","1,0","16,4"
DeAndre Liggins,2018,NOP,SG,29,"724,0","58,0","12,5","0,5","6,0"
Brandan Wright,2018,HOU,PF,30,"381,0","28,0","13,6","1,3","19,0"
Joe Johnson,2018,HOU,SF,36,"1205,0","55,0","21,9","1,0","8,1"
C.J. Williams,2018,LAC,SG,27,"707,0","38,0","18,6","0,7","9,5"
Derrick Rose,2018,MIN,PG,29,"420,0","25,0","16,8","-0,2","11,5"
Georgios Papagiannis,2018,POR,C,20,"122,0","17,0","7,2","0,0","12,2"
Shaquille Harrison,2018,PHO,PG,24,"384,0","23,0","16,7","0,8","15,6"
Travis Wear,2018,LAL,SF,27,"228,0","17,0","13,4","0,2","6,9"
Stephen Curry,2019,GSW,PG,30,"2331,0","69,0","33,8","9,7","24,4"
Chris Paul,2019,HOU,PG,33,"1857,0","58,0","32,0","6,6","19,7"
LeBron James,2019,LAL,SF,34,"1937,0","55,0","35,2","7,2","25,6"
Russell Westbrook,2019,OKC,PG,30,"2630,0","73,0","36,0","6,8","21,1"
Blake Griffin,2019,DET,PF,29,"2622,0","75,0","35,0","8,0","21,0"
Gordon Hayward,2019,BOS,PF,28,"1863,0","72,0","25,9","4,9","15,6"
Kyle Lowry,2019,TOR,PG,32,"2213,0","65,0","34,0","6,6","16,5"
Paul George,2019,OKC,SF,28,"2841,0","77,0","36,9","11,9","23,3"
Mike Conley,2019,MEM,PG,31,"2342,0","70,0","33,5","8,0","21,4"
James Harden,2019,HOU,PG,29,"2867,0","78,0","36,8","15,2","30,6"
Kevin Durant,2019,GSW,SF,30,"2702,0","78,0","34,6","11,5","24,2"
Paul Millsap,2019,DEN,PF,33,"1895,0","70,0","27,1","6,1","17,9"
Al Horford,2019,BOS,C,32,"1973,0","68,0","29,0","7,5","20,2"
Damian Lillard,2019,POR,PG,28,"2838,0","80,0","35,5","12,1","23,7"
DeMar DeRozan,2019,SAS,SG,29,"2688,0","77,0","34,9","6,3","19,6"
Otto Porter Jr.,2019,CHI,SF,25,"1683,0","56,0","30,1","3,2","15,9"
Jrue Holiday,2019,NOP,SG,28,"2402,0","67,0","35,9","5,4","19,4"
CJ McCollum,2019,POR,SG,27,"2375,0","70,0","33,9","5,6","17,0"
Joel Embiid,2019,PHI,C,24,"2154,0","64,0","33,7","8,7","26,1"
Andrew Wiggins,2019,MIN,SF,23,"2543,0","73,0","34,8","0,6","12,4"
Bradley Beal,2019,WAS,SG,25,"3028,0","82,0","36,9","7,6","20,8"
Anthony Davis,2019,NOP,C,25,"1850,0","56,0","33,0","9,5","30,3"
Andre Drummond,2019,DET,C,25,"2647,0","79,0","33,5","10,0","23,4"
Hassan Whiteside,2019,MIA,C,29,"1674,0","72,0","23,2","6,3","23,5"
Steven Adams,2019,OKC,C,25,"2669,0","80,0","33,4","9,1","18,5"
Giannis Antetokounmpo,2019,MIL,PF,24,"2358,0","72,0","32,8","14,4","30,9"
Marc Gasol,2019,TOR,C,34,"2436,0","79,0","30,8","6,0","16,7"
Kevin Love,2019,CLE,PF,30,"598,0","22,0","27,2","1,3","19,5"
Harrison Barnes,2019,SAC,PF-SF,26,"2533,0","77,0","32,9","3,6","12,8"
Chandler Parsons,2019,MEM,SF,30,"496,0","25,0","19,8","0,0","8,5"
Nicolas Batum,2019,CHO,SF,30,"2354,0","75,0","31,4","3,7","11,9"
Rudy Gobert,2019,UTA,C,26,"2577,0","81,0","31,8","14,4","24,6"
Kawhi Leonard,2019,TOR,SF,27,"2040,0","60,0","34,0","9,5","25,8"
DeAndre Jordan,2019,NYK,C,30,"2047,0","69,0","29,7","7,1","19,0"
LaMarcus Aldridge,2019,SAS,C,33,"2687,0","81,0","33,2","9,3","22,9"
Serge Ibaka,2019,TOR,C,29,"2010,0","74,0","27,2","6,1","18,7"
Aaron Gordon,2019,ORL,PF,23,"2633,0","78,0","33,8","5,1","15,1"
Danilo Gallinari,2019,LAC,SF,30,"2059,0","68,0","30,3","8,2","21,0"
Victor Oladipo,2019,IND,SG,26,"1147,0","36,0","31,9","2,3","17,6"
Jimmy Butler,2019,PHI,SF-SG,29,"2185,0","65,0","33,6","7,9","20,2"
Ryan Anderson,2019,MIA,PF,30,"322,0","25,0","12,9","-0,2","4,6"
Kyrie Irving,2019,BOS,PG,26,"2214,0","67,0","33,0","9,1","24,3"
Jabari Parker,2019,WAS,PF,23,"1724,0","64,0","26,9","1,4","15,5"
Zach LaVine,2019,CHI,SG,23,"2171,0","63,0","34,5","2,8","18,7"
Tyler Johnson,2019,PHO,PG,26,"1529,0","57,0","26,8","2,3","12,4"
Tim Hardaway Jr.,2019,DAL,SG,26,"2057,0","65,0","31,6","1,8","13,6"
John Wall,2019,WAS,PG,28,"1104,0","32,0","34,5","1,2","18,0"
George Hill,2019,MIL,PG,32,"1302,0","60,0","21,7","2,8","12,1"
Jeff Teague,2019,MIN,PG,30,"1264,0","42,0","30,1","2,2","15,4"
Klay Thompson,2019,GSW,SG,28,"2652,0","78,0","34,0","5,3","16,6"
Allen Crabbe,2019,BRK,SG,26,"1133,0","43,0","26,3","0,8","7,7"
Kent Bazemore,2019,ATL,SG,29,"1643,0","67,0","24,5","0,7","11,9"
Evan Turner,2019,POR,PG,30,"1605,0","73,0","22,0","2,0","11,6"
Draymond Green,2019,GSW,PF,28,"2065,0","66,0","31,3","4,3","12,9"
Tristan Thompson,2019,CLE,C,27,"1198,0","43,0","27,9","2,6","18,4"
Evan Fournier,2019,ORL,SG,26,"2553,0","81,0","31,5","3,2","12,3"
Reggie Jackson,2019,DET,PG,28,"2289,0","82,0","27,9","5,0","15,2"
Bismack Biyombo,2019,CHO,C,26,"783,0","54,0","14,5","2,0","14,4"
Derrick Favors,2019,UTA,C,27,"1766,0","76,0","23,2","7,9","21,8"
Gary Harris,2019,DEN,SG,24,"1639,0","57,0","28,8","2,6","12,2"
Andre Iguodala,2019,GSW,SF,35,"1578,0","68,0","23,2","4,2","13,1"
Ian Mahinmi,2019,WAS,C,32,"498,0","34,0","14,6","1,0","12,0"
DeMarre Carroll,2019,BRK,PF,32,"1703,0","67,0","25,4","3,1","12,1"
Gorgui Dieng,2019,MIN,C,29,"1031,0","76,0","13,6","2,8","18,1"
Eric Bledsoe,2019,MIL,PG,29,"2272,0","78,0","29,1","8,2","19,3"
Ricky Rubio,2019,UTA,PG,28,"1899,0","68,0","27,9","3,7","14,0"
Tobias Harris,2019,PHI,PF,26,"2847,0","82,0","34,7","7,1","17,2"
James Johnson,2019,MIA,PF,31,"1164,0","55,0","21,2","1,5","10,9"
Brandon Knight,2019,CLE,PG,27,"736,0","39,0","18,9","0,0","8,9"
Robin Lopez,2019,CHI,C,30,"1606,0","74,0","21,7","2,7","15,9"
Marvin Williams,2019,CHO,PF,32,"2133,0","75,0","28,4","3,8","12,6"
Taj Gibson,2019,MIN,PF,33,"1686,0","70,0","24,1","5,1","17,8"
Thaddeus Young,2019,IND,PF,30,"2489,0","81,0","30,7","6,9","16,2"
Clint Capela,2019,HOU,C,24,"2249,0","67,0","33,6","10,8","23,8"
Marcin Gortat,2019,LAC,C,34,"751,0","47,0","16,0","1,4","12,8"
Cody Zeller,2019,CHO,C,26,"1243,0","49,0","25,4","3,9","17,2"
Eric Gordon,2019,HOU,SG,30,"2158,0","68,0","31,7","2,6","12,2"
Joe Ingles,2019,UTA,PF,31,"2568,0","82,0","31,3","6,0","13,4"
Khris Middleton,2019,MIL,SF,27,"2393,0","77,0","31,1","6,1","16,5"
Michael Kidd-Gilchrist,2019,CHO,PF,25,"1179,0","64,0","18,4","2,5","13,3"
Mason Plumlee,2019,DEN,C,28,"1731,0","82,0","21,1","5,8","17,8"
Wilson Chandler,2019,LAC,PF-SF,31,"1177,0","51,0","23,1","1,5","8,5"
Kelly Olynyk,2019,MIA,PF,27,"1812,0","79,0","22,9","4,7","14,4"
Miles Plumlee,2019,ATL,C,30,"173,0","18,0","9,6","0,5","18,9"
Jordan Clarkson,2019,CLE,SG,26,"2214,0","81,0","27,3","1,8","16,8"
Tyreke Evans,2019,IND,SG,29,"1402,0","69,0","20,3","0,3","11,5"
Courtney Lee,2019,DAL,SG,33,"428,0","34,0","12,6","0,4","10,3"
Solomon Hill,2019,NOP,SF,27,"878,0","44,0","20,0","0,5","6,8"
Kentavious Caldwell-Pope,2019,LAL,SG,25,"2035,0","82,0","24,8","4,0","12,9"
Avery Bradley,2019,MEM,SG,28,"1905,0","63,0","30,2","0,3","7,6"
Kemba Walker,2019,CHO,PG,28,"2863,0","82,0","34,9","7,4","21,7"
Will Barton,2019,DEN,SF,28,"1189,0","43,0","27,7","1,2","11,0"
T.J. Warren,2019,PHO,SF,25,"1360,0","43,0","31,6","2,1","16,3"
Marcus Smart,2019,BOS,SG,24,"2200,0","80,0","27,5","5,3","13,1"
Patty Mills,2019,SAS,PG,30,"1908,0","82,0","23,3","3,5","13,2"
Dion Waiters,2019,MIA,SG,27,"1138,0","44,0","25,9","1,2","11,4"
Alec Burks,2019,SAC,SG,27,"1375,0","64,0","21,5","1,5","12,7"
John Henson,2019,MIL,C,28,"188,0","14,0","13,4","0,6","17,1"
Iman Shumpert,2019,HOU,SG,28,"1481,0","62,0","23,9","1,4","9,1"
Maurice Harkless,2019,POR,SF,25,"1415,0","60,0","23,6","3,4","13,2"
Tony Snell,2019,MIL,SF,27,"1304,0","74,0","17,6","3,2","10,7"
Meyers Leonard,2019,POR,C,26,"878,0","61,0","14,4","3,0","15,8"
Terrence Ross,2019,ORL,SG,27,"2150,0","81,0","26,5","4,3","15,4"
Robert Covington,2019,MIN,SF,28,"1203,0","35,0","34,4","2,5","13,3"
Rudy Gay,2019,SAS,PF,32,"1842,0","69,0","26,7","4,4","17,5"
Jon Leuer,2019,DET,PF,29,"402,0","41,0","9,8","0,9","13,2"
Danny Green,2019,TOR,SG,31,"2216,0","80,0","27,7","5,9","13,0"
Darren Collison,2019,IND,PG,31,"2143,0","76,0","28,2","6,8","16,7"
Dwight Powell,2019,DAL,C,27,"1662,0","77,0","21,6","7,5","20,4"
Matthew Dellavedova,2019,CLE,PG,28,"812,0","48,0","16,9","0,5","11,1"
Dante Exum,2019,UTA,PG,23,"664,0","42,0","15,8","1,0","11,2"
Jared Dudley,2019,BRK,PF,33,"1220,0","59,0","20,7","1,8","7,8"
Norman Powell,2019,TOR,SG,25,"1126,0","60,0","18,8","2,4","13,3"
Josh Richardson,2019,MIA,SG,25,"2539,0","73,0","34,8","5,6","14,0"
Rajon Rondo,2019,LAL,PG,32,"1369,0","46,0","29,8","1,3","12,1"
E'Twaun Moore,2019,NOP,SG,29,"1463,0","53,0","27,6","1,7","11,5"
Kosta Koufos,2019,SAC,C,29,"502,0","42,0","12,0","0,7","12,3"
Fred VanVleet,2019,TOR,PG,24,"1760,0","64,0","27,5","4,3","13,7"
Jerami Grant,2019,OKC,PF,24,"2612,0","80,0","32,6","7,3","13,8"
Kyle Anderson,2019,MEM,SF,25,"1281,0","43,0","29,8","2,7","12,8"
Julius Randle,2019,NOP,PF,24,"2232,0","73,0","30,6","6,1","20,9"
Jerryd Bayless,2019,MIN,PG,30,"657,0","34,0","19,3","0,0","8,5"
Markelle Fultz,2019,PHI,SG,20,"427,0","19,0","22,5","0,3","10,5"
C.J. Miles,2019,MEM,SF,31,"856,0","53,0","16,2","0,7","9,0"
Joe Harris,2019,BRK,SG,27,"2293,0","76,0","30,2","5,5","13,5"
Shaun Livingston,2019,GSW,PG,33,"967,0","64,0","15,1","2,0","11,7"
Garrett Temple,2019,LAC,SG,32,"2040,0","75,0","27,2","2,2","8,5"
Lou Williams,2019,LAC,SG,32,"1993,0","75,0","26,6","5,1","21,2"
P.J. Tucker,2019,HOU,PF,33,"2802,0","82,0","34,2","5,0","9,2"
Cory Joseph,2019,IND,PG,27,"2063,0","82,0","25,2","3,5","11,0"
Karl-Anthony Towns,2019,MIN,C,23,"2545,0","77,0","33,1","10,4","26,3"
JaMychal Green,2019,LAC,PF,28,"1371,0","65,0","21,1","2,9","14,7"
Kyle Korver,2019,UTA,SG-PF,37,"1334,0","70,0","19,1","2,3","11,2"
Jeremy Lamb,2019,CHO,SG,26,"2250,0","79,0","28,5","5,3","17,3"
Lonzo Ball,2019,LAL,PG,21,"1423,0","47,0","30,3","1,6","11,7"
Doug McDermott,2019,IND,SF,27,"1340,0","77,0","17,4","2,9","11,6"
Jae Crowder,2019,UTA,SF,28,"2166,0","80,0","27,1","4,4","12,1"
Marvin Bagley III,2019,SAC,PF,19,"1567,0","62,0","25,3","3,6","18,9"
Dewayne Dedmon,2019,ATL,C,29,"1609,0","64,0","25,1","4,0","16,0"
Lance Thomas,2019,NYK,PF,30,"783,0","46,0","17,0","0,1","6,4"
D'Angelo Russell,2019,BRK,PG,22,"2448,0","81,0","30,2","5,0","19,4"
Langston Galloway,2019,DET,SG,27,"1745,0","80,0","21,8","3,4","10,7"
Al-Farouq Aminu,2019,POR,PF,28,"2292,0","81,0","28,3","5,8","13,2"
Jayson Tatum,2019,BOS,SF,20,"2455,0","79,0","31,1","5,0","15,1"
Nemanja Bjelica,2019,SAC,PF,30,"1788,0","77,0","23,2","4,5","15,4"
Mario Hezonja,2019,NYK,SF,23,"1206,0","58,0","20,8","-0,1","10,8"
Ben Simmons,2019,PHI,PG,22,"2700,0","79,0","34,2","8,2","20,0"
Marco Belinelli,2019,SAS,SG,32,"1815,0","79,0","23,0","2,5","11,9"
Wesley Johnson,2019,WAS,SF,31,"534,0","38,0","14,1","0,0","5,5"
Josh Jackson,2019,PHO,SG,21,"1988,0","79,0","25,2","-1,7","10,6"
Jonathon Simmons,2019,PHI,SG-SF,29,"1064,0","56,0","19,0","0,3","8,5"
Ish Smith,2019,DET,PG,30,"1251,0","56,0","22,3","1,7","11,8"
Montrezl Harrell,2019,LAC,C,25,"2158,0","82,0","26,3","8,7","23,4"
Jaren Jackson Jr.,2019,MEM,PF,19,"1515,0","58,0","26,1","3,3","16,4"
Brandon Ingram,2019,LAL,SF,21,"1760,0","52,0","33,8","2,0","13,4"
De'Aaron Fox,2019,SAC,PG,21,"2546,0","81,0","31,4","5,6","18,1"
Ben McLemore,2019,SAC,SG,25,"158,0","19,0","8,3","0,2","10,5"
Patrick Patterson,2019,OKC,PF,29,"861,0","63,0","13,7","1,1","8,1"
Jason Smith,2019,NOP,PF-C,32,"190,0","20,0","9,5","0,2","9,8"
Trae Young,2019,ATL,PG,20,"2503,0","81,0","30,9","3,3","17,0"
DeMarcus Cousins,2019,GSW,C,28,"771,0","30,0","25,7","2,4","21,4"
Thabo Sefolosha,2019,UTA,SF,34,"609,0","50,0","12,2","1,5","12,1"
Aron Baynes,2019,BOS,C,32,"821,0","51,0","16,1","2,4","14,0"
Jaylen Brown,2019,BOS,SG,22,"1913,0","74,0","25,9","3,0","13,5"
Patrick Beverley,2019,LAC,PG,30,"2137,0","78,0","27,4","4,8","11,8"
Tony Parker,2019,CHO,PG,36,"1003,0","56,0","17,9","0,9","15,3"
Mike Muscala,2019,LAL,PF,27,"1306,0","64,0","20,4","2,5","10,8"
Dirk Nowitzki,2019,DAL,PF,40,"795,0","51,0","15,6","0,3","9,6"
Jonathan Isaac,2019,ORL,PF,21,"1996,0","75,0","26,6","4,0","13,0"
Mo Bamba,2019,ORL,C,20,"766,0","47,0","16,3","1,7","14,9"
Anthony Tolliver,2019,MIN,PF,33,"1079,0","65,0","16,6","1,2","8,6"
Willie Cauley-Stein,2019,SAC,C,25,"2213,0","81,0","27,3","6,7","18,0"
Dragan Bender,2019,PHO,PF,21,"826,0","46,0","18,0","0,5","9,5"
Lauri Markkanen,2019,CHI,PF,21,"1682,0","52,0","32,3","2,7","17,1"
Ed Davis,2019,BRK,C,29,"1446,0","81,0","17,9","5,7","17,3"
Kyle O'Quinn,2019,IND,C,28,"371,0","45,0","8,2","1,0","16,8"
Lance Stephenson,2019,LAL,SG,28,"1123,0","68,0","16,5","1,1","11,8"
Wendell Carter Jr.,2019,CHI,C,19,"1110,0","44,0","25,2","1,9","15,2"
Justin Holiday,2019,MEM,SG,29,"2607,0","82,0","31,8","2,1","10,0"
Alex Len,2019,ATL,C,25,"1544,0","77,0","20,1","3,2","17,2"
Mike Scott,2019,PHI,PF,30,"1395,0","79,0","17,7","1,6","8,6"
Emmanuel Mudiay,2019,NYK,PG,22,"1607,0","59,0","27,2","0,8","14,6"
Kris Dunn,2019,CHI,PG,24,"1389,0","46,0","30,2","0,6","12,4"
Frank Ntilikina,2019,NYK,PG,20,"904,0","43,0","21,0","-0,8","6,0"
Glenn Robinson III,2019,DET,SF,25,"610,0","47,0","13,0","0,7","8,7"
Collin Sexton,2019,CLE,PG,20,"2605,0","82,0","31,8","-0,6","12,0"
Stanley Johnson,2019,NOP,SF,22,"1208,0","66,0","18,3","0,5","9,6"
Buddy Hield,2019,SAC,SG,26,"2615,0","82,0","31,9","5,9","17,5"
Dennis Smith Jr.,2019,NYK,PG,21,"1508,0","53,0","28,5","0,0","12,3"
J.J. Barea,2019,DAL,PG,34,"752,0","38,0","19,8","1,0","16,3"
Zach Collins,2019,POR,C,21,"1356,0","77,0","17,6","2,9","13,5"
Frank Kaminsky,2019,CHO,C,25,"755,0","47,0","16,1","1,8","16,8"
Mikal Bridges,2019,PHO,SF,22,"2417,0","82,0","29,5","2,9","10,8"
Michael Beasley,2019,LAL,PF,30,"277,0","26,0","10,7","0,2","15,9"
Jamal Murray,2019,DEN,PG,21,"2447,0","75,0","32,6","5,1","16,0"
Rodney Hood,2019,POR,SG,26,"1893,0","72,0","26,3","2,6","12,3"
Justise Winslow,2019,MIA,SF,22,"1959,0","66,0","29,7","2,8","12,8"
Malik Monk,2019,CHO,SG,20,"1258,0","73,0","17,2","0,3","11,8"
Myles Turner,2019,IND,C,22,"2119,0","74,0","28,6","6,3","18,0"
Allonzo Trier,2019,NYK,SG,23,"1459,0","64,0","22,8","0,9","12,2"
Brook Lopez,2019,MIL,C,30,"2322,0","81,0","28,7","6,7","14,6"
Shai Gilgeous-Alexander,2019,LAC,PG,20,"2174,0","82,0","26,5","3,3","13,4"
Trey Lyles,2019,DEN,PF,23,"1120,0","64,0","17,5","1,2","12,7"
Ekpe Udoh,2019,UTA,C,31,"320,0","51,0","6,3","1,6","20,9"
Devin Booker,2019,PHO,SG,22,"2242,0","64,0","35,0","3,5","20,2"
Luke Kennard,2019,DET,SG,22,"1437,0","63,0","22,8","2,5","11,9"
Cameron Payne,2019,CLE,PG,24,"712,0","40,0","17,8","0,5","11,5"
Troy Daniels,2019,PHO,SG,27,"760,0","51,0","14,9","0,3","9,8"
Kelly Oubre Jr.,2019,PHO,SF,23,"1935,0","69,0","28,0","2,2","15,2"
Miles Bridges,2019,CHO,SF,20,"1696,0","80,0","21,2","2,9","13,1"
Marquese Chriss,2019,CLE,PF,21,"499,0","43,0","11,6","-0,2","9,2"
Bryn Forbes,2019,SAS,SG,25,"2293,0","82,0","28,0","3,8","12,0"
Donovan Mitchell,2019,UTA,SG,22,"2598,0","77,0","33,7","5,0","17,2"
Terry Rozier,2019,BOS,PG,24,"1791,0","79,0","22,7","3,2","12,9"
Jerome Robinson,2019,LAC,SG,21,"320,0","33,0","9,7","0,1","7,2"
Yogi Ferrell,2019,SAC,PG,25,"1067,0","71,0","15,0","1,9","12,7"
Elfrid Payton,2019,NOP,PG,24,"1250,0","42,0","29,8","1,5","14,0"
Bam Adebayo,2019,MIA,C,21,"1913,0","82,0","23,3","6,8","17,9"
Jakob Poeltl,2019,SAS,C,23,"1273,0","77,0","16,5","5,1","19,4"
Justin Jackson,2019,DAL,SF,23,"1614,0","81,0","19,9","2,9","11,3"
Thon Maker,2019,DET,C-PF,21,"972,0","64,0","15,2","2,0","11,3"
Seth Curry,2019,POR,SG,28,"1399,0","74,0","18,9","2,4","11,4"
Cedi Osman,2019,CLE,SF,23,"2444,0","76,0","32,2","1,5","11,5"
Sam Dekker,2019,WAS,PF,24,"788,0","47,0","16,8","1,0","13,3"
Troy Brown Jr.,2019,WAS,SF,19,"730,0","52,0","14,0","0,6","11,1"
Guerschon Yabusele,2019,BOS,PF,23,"251,0","41,0","6,1","0,5","12,4"
Domantas Sabonis,2019,IND,C,22,"1838,0","74,0","24,8","7,6","21,9"
Jerian Grant,2019,ORL,PG,26,"939,0","60,0","15,6","1,7","10,8"
Delon Wright,2019,MEM,PG,26,"1699,0","75,0","22,7","4,3","15,5"
D.J. Wilson,2019,MIL,PF,22,"882,0","48,0","18,4","1,7","10,3"
Taurean Prince,2019,ATL,SF,24,"1552,0","55,0","28,2","1,5","11,9"
Justin Anderson,2019,ATL,SF,25,"463,0","48,0","9,6","0,4","11,2"
Reggie Bullock,2019,LAL,SG,27,"1879,0","63,0","29,8","3,1","10,5"
Bobby Portis,2019,WAS,PF,23,"1299,0","50,0","26,0","1,6","16,1"
Dante Cunningham,2019,SAS,PF,31,"928,0","64,0","14,5","1,9","10,2"
Donte DiVincenzo,2019,MIL,SG,22,"411,0","27,0","15,2","0,6","9,1"
Rondae Hollis-Jefferson,2019,BRK,SF,24,"1234,0","59,0","20,9","1,2","12,5"
Tyus Jones,2019,MIN,PG,22,"1560,0","68,0","22,9","3,0","13,7"
Jarell Martin,2019,ORL,PF,24,"328,0","42,0","7,8","0,5","9,4"
T.J. Leaf,2019,IND,PF,21,"522,0","58,0","9,0","1,6","16,9"
Wayne Ellington,2019,DET,SG,31,"1297,0","53,0","24,5","2,6","11,8"
Lonnie Walker IV,2019,SAS,SG,20,"118,0","17,0","6,9","0,0","10,8"
John Collins,2019,ATL,PF,21,"1829,0","61,0","30,0","6,0","21,8"
Larry Nance Jr.,2019,CLE,C,26,"1795,0","67,0","26,8","4,9","18,6"
Kevin Huerter,2019,ATL,SG,20,"2048,0","75,0","27,3","1,5","10,1"
Darius Miller,2019,NOP,SF,28,"1757,0","69,0","25,5","1,6","8,4"
Josh Okogie,2019,MIN,SG,20,"1757,0","74,0","23,7","1,2","9,4"
Raul Neto,2019,UTA,PG,26,"474,0","37,0","12,8","1,1","13,5"
Terrance Ferguson,2019,OKC,SG,20,"1931,0","74,0","26,1","2,8","6,4"
Grayson Allen,2019,UTA,SG,23,"416,0","38,0","10,9","0,0","7,5"
OG Anunoby,2019,TOR,SF,21,"1352,0","67,0","20,2","2,0","9,8"
Jarrett Allen,2019,BRK,C,20,"2096,0","80,0","26,2","7,6","18,5"
Corey Brewer,2019,SAC,SF,32,"492,0","31,0","15,9","1,0","11,6"
Torrey Craig,2019,DEN,SF,28,"1503,0","75,0","20,0","3,0","10,4"
Chandler Hutchison,2019,CHI,SF,22,"895,0","44,0","20,3","0,6","8,8"
Shabazz Napier,2019,BRK,PG,27,"983,0","56,0","17,6","2,0","15,3"
Aaron Holiday,2019,IND,PG,22,"646,0","50,0","12,9","0,9","11,9"
Tyler Lydon,2019,DEN,PF,22,"94,0","25,0","3,8","0,2","9,3"
Trey Burke,2019,DAL,PG,26,"1125,0","58,0","19,4","1,9","16,5"
Malik Beasley,2019,DEN,SG,22,"1879,0","81,0","23,2","4,5","14,2"
Moritz Wagner,2019,LAL,C,21,"446,0","43,0","10,4","0,2","10,1"
Anfernee Simons,2019,POR,SG,19,"141,0","20,0","7,0","0,1","11,1"
Nerlens Noel,2019,OKC,C,24,"1055,0","77,0","13,7","4,3","19,3"
Caleb Swanigan,2019,SAC,PF,21,"178,0","21,0","8,5","-0,2","4,7"
Furkan Korkmaz,2019,PHI,SG,21,"679,0","48,0","14,1","1,1","11,5"
Landry Shamet,2019,LAC,SG,21,"1802,0","79,0","22,8","3,6","11,0"
Caris LeVert,2019,BRK,SF,24,"1063,0","40,0","26,6","1,7","14,9"
Jonah Bolden,2019,PHI,PF,23,"639,0","44,0","14,5","1,4","12,7"
Kyle Kuzma,2019,LAL,PF,23,"2314,0","70,0","33,1","3,1","14,0"
Derrick White,2019,SAS,PG,24,"1728,0","67,0","25,8","3,6","14,8"
Spencer Dinwiddie,2019,BRK,PG,25,"1914,0","68,0","28,1","4,8","16,3"
MarShon Brooks,2019,MEM,SG,30,"387,0","29,0","13,3","0,1","11,6"
Josh Hart,2019,LAL,SG,23,"1715,0","67,0","25,6","2,1","9,3"
Jacob Evans,2019,GSW,SG,21,"204,0","30,0","6,8","-0,1","3,5"
Pat Connaughton,2019,MIL,SG,26,"1261,0","61,0","20,7","3,9","13,6"
DeAndre' Bembry,2019,ATL,SG,24,"1931,0","82,0","23,5","0,9","10,8"
James Ennis III,2019,PHI,SF,28,"1230,0","58,0","21,2","2,6","11,0"
Omari Spellman,2019,ATL,PF,21,"805,0","46,0","17,5","1,2","12,4"
Luke Kornet,2019,NYK,PF,23,"784,0","46,0","17,0","1,4","14,8"
Rodions Kurucs,2019,BRK,SF,20,"1294,0","63,0","20,5","1,6","11,0"
Richaun Holmes,2019,PHO,C,25,"1184,0","70,0","16,9","4,3","20,7"
T.J. McConnell,2019,PHI,PG,26,"1470,0","76,0","19,3","2,9","13,4"
Malachi Richardson,2019,TOR,SG,23,"103,0","22,0","4,7","-0,1","0,9"
Jahlil Okafor,2019,NOP,C,23,"935,0","59,0","15,8","2,2","17,9"
Pascal Siakam,2019,TOR,PF,24,"2548,0","80,0","31,8","9,3","18,7"
Cheick Diallo,2019,NOP,PF,22,"896,0","64,0","14,0","2,6","17,5"
Jake Layman,2019,POR,SF,24,"1327,0","71,0","18,7","3,1","13,5"
Quinn Cook,2019,GSW,PG,25,"1059,0","74,0","14,3","1,8","13,1"
Ivica Zubac,2019,LAC,C,21,"1040,0","59,0","17,6","3,2","18,9"
Rodney McGruder,2019,MIA,SG,27,"1550,0","66,0","23,5","1,9","9,4"
Malcolm Brogdon,2019,MIL,SG,26,"1832,0","64,0","28,6","6,5","17,8"
Andrew Harrison,2019,NOP,PG,24,"187,0","17,0","11,0","-0,1","5,8"
Dorian Finney-Smith,2019,DAL,SF,25,"1985,0","81,0","24,5","3,3","11,0"
Wayne Selden,2019,CHI,SG,24,"1439,0","75,0","19,2","-0,3","8,3"
Damian Jones,2019,GSW,C,23,"410,0","24,0","17,1","1,5","15,3"
Alex Poythress,2019,ATL,PF,25,"305,0","21,0","14,5","0,5","12,2"
Shelvin Mack,2019,CHO,PG,28,"1246,0","57,0","21,9","0,9","10,4"
Omri Casspi,2019,MEM,SF,30,"520,0","36,0","14,4","1,3","15,7"
Georges Niang,2019,UTA,PF,25,"516,0","59,0","8,7","1,3","13,0"
Raymond Felton,2019,OKC,PG,34,"379,0","33,0","11,5","0,7","11,2"
Quincy Pondexter,2019,SAS,SF,30,"292,0","53,0","5,5","0,8","13,2"
Troy Williams,2019,SAC,SF,24,"312,0","21,0","14,9","0,4","10,5"
Carmelo Anthony,2019,HOU,PF,34,"294,0","10,0","29,4","0,3","10,9"
Amir Johnson,2019,PHI,C,31,"529,0","51,0","10,4","1,1","13,1"
David Nwaba,2019,CLE,SF,26,"984,0","51,0","19,3","1,4","12,5"
Jamal Crawford,2019,PHO,SG,38,"1211,0","64,0","18,9","0,2","11,7"
Luol Deng,2019,MIN,SF,33,"392,0","22,0","17,8","0,8","14,6"
Isaiah Canaan,2019,MIL,PG,27,"629,0","30,0","21,0","0,1","8,0"
Derrick Jones Jr.,2019,MIA,SF,21,"1153,0","60,0","19,2","2,9","14,0"
Udonis Haslem,2019,MIA,C,38,"74,0","10,0","7,4","-0,1","3,6"
Dwyane Wade,2019,MIA,SG,37,"1885,0","72,0","26,2","2,4","15,8"
JaVale McGee,2019,LAL,C,31,"1671,0","75,0","22,3","5,9","21,8"
Isaiah Thomas,2019,DEN,SG,29,"181,0","12,0","15,1","-0,3","7,0"
Jeff Green,2019,WAS,PF,32,"2097,0","77,0","27,2","3,6","13,6"
Kevon Looney,2019,GSW,C,22,"1481,0","80,0","18,5","6,0","17,3"
Jonas Jerebko,2019,GSW,PF,31,"1218,0","73,0","16,7","3,3","13,5"
Christian Wood,2019,NOP,PF,23,"251,0","21,0","12,0","0,8","21,9"
Derrick Rose,2019,MIN,PG,30,"1392,0","51,0","27,3","3,0","19,5"
Zaza Pachulia,2019,DET,C,34,"878,0","68,0","12,9","2,3","13,7"
Noah Vonleh,2019,NYK,PF,23,"1722,0","68,0","25,3","3,2","13,9"
Gerald Green,2019,HOU,SG,33,"1473,0","73,0","20,2","1,9","11,4"
Devin Harris,2019,DAL,PG,35,"1071,0","68,0","15,8","1,5","10,7"
Channing Frye,2019,CLE,C,35,"341,0","36,0","9,5","0,1","8,9"
Ian Clark,2019,NOP,SG,27,"973,0","60,0","16,2","-0,1","8,3"
Treveon Graham,2019,BRK,SG,25,"715,0","35,0","20,4","0,5","6,1"
Vince Carter,2019,ATL,PF,42,"1330,0","76,0","17,5","1,9","11,8"
Mitchell Robinson,2019,NYK,C,20,"1360,0","66,0","20,6","6,1","22,0"
Tyler Dorsey,2019,MEM,SG,22,"698,0","48,0","14,5","0,6","11,2"
Dillon Brooks,2019,MEM,SF,23,"330,0","18,0","18,3","0,0","7,6"
Thomas Bryant,2019,WAS,C,21,"1496,0","72,0","20,8","5,6","21,0"
Royce O'Neale,2019,UTA,SF,25,"1671,0","82,0","20,4","3,3","9,0"
Abdel Nader,2019,OKC,SF,25,"694,0","61,0","11,4","0,9","8,8"
Wes Iwundu,2019,ORL,SF,24,"1233,0","68,0","18,1","1,9","8,7"
Khem Birch,2019,ORL,C,26,"643,0","50,0","12,9","2,8","19,2"
Ivan Rabb,2019,MEM,PF,21,"721,0","49,0","14,7","2,1","16,1"
Damyean Dotson,2019,NYK,SG,24,"2004,0","73,0","27,5","1,5","10,8"
Frank Mason III,2019,SAC,PG,24,"435,0","38,0","11,4","0,3","12,4"
Sterling Brown,2019,MIL,SG,23,"1034,0","58,0","17,8","2,1","10,9"
Maxi Kleber,2019,DAL,PF,27,"1502,0","71,0","21,2","3,5","13,1"
Jordan Bell,2019,GSW,C,24,"788,0","68,0","11,6","1,6","12,9"
Frank Jackson,2019,NOP,PG,20,"1169,0","61,0","19,2","0,4","9,4"
Sindarius Thornwell,2019,LAC,SG,24,"313,0","64,0","4,9","0,0","5,2"
Semi Ojeleye,2019,BOS,PF,24,"594,0","56,0","10,6","0,7","8,5"
Daniel Theis,2019,BOS,C,26,"908,0","66,0","13,8","3,5","17,0"
Monte Morris,2019,DEN,PG,23,"1970,0","82,0","24,0","6,2","16,2"
Daniel Hamilton,2019,ATL,SG,23,"204,0","19,0","10,7","-0,1","7,1"
Alfonzo McKinnie,2019,GSW,SF,26,"1003,0","72,0","13,9","2,1","11,2"
Antonio Blakeney,2019,CHI,SG,22,"829,0","57,0","14,5","-0,5","10,6"
Tyrone Wallace,2019,LAC,PG,24,"628,0","62,0","10,1","-0,3","7,0"
Tyson Chandler,2019,LAL,C,36,"875,0","55,0","15,9","2,1","11,2"
Shaquille Harrison,2019,CHI,SG,25,"1430,0","73,0","19,6","1,4","12,4"
Elie Okobo,2019,PHO,PG,21,"958,0","53,0","18,1","-0,5","7,6"
Jalen Brunson,2019,DAL,PG,22,"1591,0","73,0","21,8","2,6","12,8"
Joakim Noah,2019,MEM,C,33,"693,0","42,0","16,5","2,2","18,6"
Isaac Bonga,2019,LAL,PG,19,"120,0","22,0","5,5","-0,1","6,0"
Devonte' Graham,2019,CHO,PG,23,"676,0","46,0","14,7","0,5","10,3"
De'Anthony Melton,2019,PHO,PG,20,"984,0","50,0","19,7","0,0","9,9"
Ron Baker,2019,NYK,SG,25,"152,0","15,0","10,1","-0,1","2,5"
Austin Rivers,2019,HOU,SG,26,"2028,0","76,0","26,7","1,2","7,7"
Chasson Randle,2019,WAS,PG,25,"743,0","49,0","15,2","0,6","9,9"
Hamidou Diallo,2019,OKC,SG,20,"526,0","51,0","10,3","0,8","10,1"
Chimezie Metu,2019,SAS,PF,21,"145,0","29,0","5,0","-0,3","6,4"
Gary Trent Jr.,2019,POR,SG,20,"111,0","15,0","7,4","-0,2","3,6"
Jevon Carter,2019,MEM,PG,23,"577,0","39,0","14,8","0,0","7,8"
Ryan Broekhoff,2019,DAL,SG,28,"453,0","42,0","10,8","0,8","10,7"
Isaiah Briscoe,2019,ORL,PG,22,"559,0","39,0","14,3","0,3","6,7"
Jarred Vanderbilt,2019,DEN,PF,19,"69,0","17,0","4,1","0,1","12,4"
Alize Johnson,2019,IND,PF,22,"64,0","14,0","4,6","0,0","6,3"
Isaiah Hartenstein,2019,HOU,PF,20,"221,0","28,0","7,9","0,5","10,0"
Bruce Brown,2019,DET,SG,22,"1449,0","74,0","19,6","1,5","6,9"
Khyri Thomas,2019,DET,SG,22,"195,0","26,0","7,5","0,0","6,2"
Keita Bates-Diop,2019,MIN,SF,23,"503,0","30,0","16,8","0,3","9,6"
Kenrich Williams,2019,NOP,SF,24,"1079,0","46,0","23,5","1,2","9,7"
Brad Wanamaker,2019,BOS,PG,29,"343,0","36,0","9,5","1,0","14,3"
Patrick McCaw,2019,TOR,SG,23,"397,0","29,0","13,7","0,5","7,5"
Kenneth Faried,2019,HOU,C,29,"728,0","37,0","19,7","2,9","21,6"
Brandon Goodwin,2019,DEN,PG,23,"57,0","16,0","3,6","0,0","8,3"
Gary Clark,2019,HOU,PF,24,"641,0","51,0","12,6","1,0","9,2"
Bruno Caboclo,2019,MEM,PF,23,"800,0","34,0","23,5","1,5","12,4"
Wesley Matthews,2019,IND,SF-SG,32,"2091,0","69,0","30,3","2,7","10,3"
Salah Mejri,2019,DAL,C,32,"399,0","36,0","11,1","1,1","16,1"
Nik Stauskas,2019,CLE,SG,25,"1015,0","68,0","14,9","1,1","10,9"
Jeremy Lin,2019,TOR,PG,30,"1436,0","74,0","19,4","2,1","13,5"
John Jenkins,2019,NYK,SG,27,"333,0","26,0","12,8","0,2","9,7"
Chris Boucher,2019,TOR,PF,26,"163,0","28,0","5,8","0,7","22,2"
Malcolm Miller,2019,TOR,SF,25,"67,0","10,0","6,7","0,2","13,7"
Markieff Morris,2019,OKC,PF,29,"1270,0","58,0","21,9","1,6","11,7"
Henry Ellenson,2019,NYK,PF,22,"259,0","19,0","13,6","0,4","13,1"
Pau Gasol,2019,MIL,C,38,"360,0","30,0","12,0","1,1","16,7"
Andrew Bogut,2019,GSW,C,34,"134,0","11,0","12,2","0,3","13,4"
Jaylen Adams,2019,ATL,PG,22,"428,0","34,0","12,6","0,1","7,6"
Danuel House Jr.,2019,HOU,SF,25,"979,0","39,0","25,1","2,3","12,2"
Tim Frazier,2019,MIL,PG,28,"1120,0","59,0","19,0","2,0","11,7"
Ray Spalding,2019,PHO,PF,21,"148,0","14,0","10,6","0,2","14,6"
Deonte Burton,2019,OKC,SG,25,"240,0","32,0","7,5","0,1","7,0"
Cameron Reynolds,2019,MIN,SG,23,"259,0","19,0","13,6","0,4","10,4"
Greg Monroe,2019,PHI,C,28,"480,0","43,0","11,2","1,1","16,0"
Michael Carter-Williams,2019,ORL,PG,27,"372,0","28,0","13,3","0,8","14,7"
Jordan McRae,2019,WAS,SG,27,"333,0","27,0","12,3","0,5","14,3"
Duncan Robinson,2019,MIA,SF,24,"161,0","15,0","10,7","0,2","7,6"
Theo Pinson,2019,BRK,SG,23,"211,0","18,0","11,7","0,0","8,1"
Chris Paul,2020,OKC,PG,34,"2208,0","70,0","31,5","8,9","21,7"
Russell Westbrook,2020,HOU,PG,31,"2049,0","57,0","35,9","4,2","21,0"
James Harden,2020,HOU,SG,30,"2483,0","68,0","36,5","13,1","29,1"
LeBron James,2020,LAL,PG,35,"2316,0","67,0","34,6","9,8","25,5"
Kyle Lowry,2020,TOR,PG,33,"2098,0","58,0","36,2","7,5","17,7"
Blake Griffin,2020,DET,PF,30,"512,0","18,0","28,4","-0,1","11,9"
Tobias Harris,2020,PHI,PF,27,"2469,0","72,0","34,3","6,2","17,2"
Jimmy Butler,2020,MIA,SF,30,"1959,0","58,0","33,8","9,0","23,6"
Kawhi Leonard,2020,LAC,SF,28,"1848,0","57,0","32,4","8,7","26,9"
Kemba Walker,2020,BOS,PG,29,"1742,0","56,0","31,1","5,9","20,0"
Gordon Hayward,2020,BOS,SF,29,"1740,0","52,0","33,5","5,7","18,1"
Mike Conley,2020,UTA,PG,32,"1363,0","47,0","29,0","2,5","14,1"
Kyrie Irving,2020,BRK,PG,27,"658,0","20,0","32,9","2,9","26,2"
Khris Middleton,2020,MIL,SF,28,"1853,0","62,0","29,9","7,9","21,1"
Paul George,2020,LAC,SF,29,"1419,0","48,0","29,6","4,8","21,1"
Paul Millsap,2020,DEN,PF,34,"1240,0","51,0","24,3","3,5","16,9"
Damian Lillard,2020,POR,PG,29,"2474,0","66,0","37,5","11,6","26,9"
Kevin Love,2020,CLE,PF,31,"1780,0","56,0","31,8","3,8","17,9"
Al Horford,2020,PHI,C,33,"2025,0","67,0","30,2","5,4","15,7"
DeMar DeRozan,2020,SAS,SF,30,"2316,0","68,0","34,1","7,3","21,6"
CJ McCollum,2020,POR,SG,28,"2556,0","70,0","36,5","4,1","17,0"
Joel Embiid,2020,PHI,C,25,"1506,0","51,0","29,5","6,0","25,8"
Andrew Wiggins,2020,GSW,SF,24,"1858,0","54,0","34,4","1,9","16,4"
Devin Booker,2020,PHO,SG,23,"2512,0","70,0","35,9","7,5","20,6"
D'Angelo Russell,2020,MIN,PG,23,"1452,0","45,0","32,3","1,8","18,7"
Karl-Anthony Towns,2020,MIN,C,24,"1187,0","35,0","33,9","5,1","26,5"
Otto Porter Jr.,2020,CHI,SF,26,"331,0","14,0","23,6","0,8","15,8"
Bradley Beal,2020,WAS,SG,26,"2053,0","57,0","36,0","5,1","23,2"
Andre Drummond,2020,CLE,C,26,"1879,0","57,0","33,0","4,2","22,0"
Anthony Davis,2020,LAL,PF,26,"2131,0","62,0","34,4","11,1","27,4"
Hassan Whiteside,2020,POR,C,30,"2008,0","67,0","30,0","8,5","25,0"
Jrue Holiday,2020,NOP,SG,29,"2117,0","61,0","34,7","3,9","17,0"
LaMarcus Aldridge,2020,SAS,C,34,"1754,0","53,0","33,1","4,5","19,7"
Steven Adams,2020,OKC,C,26,"1680,0","63,0","26,7","6,5","20,5"
Giannis Antetokounmpo,2020,MIL,PF,25,"1917,0","63,0","30,4","11,1","31,9"
Marc Gasol,2020,TOR,C,35,"1161,0","44,0","26,4","3,0","11,8"
Nicolas Batum,2020,CHO,SF,31,"505,0","22,0","23,0","0,6","9,2"
Serge Ibaka,2020,TOR,C,30,"1485,0","55,0","27,0","3,9","17,3"
Rudy Gobert,2020,UTA,C,27,"2333,0","68,0","34,3","10,7","21,7"
Danilo Gallinari,2020,OKC,PF,31,"1834,0","62,0","29,6","6,3","19,5"
Victor Oladipo,2020,IND,SG,27,"528,0","19,0","27,8","0,0","11,3"
Tim Hardaway Jr.,2020,DAL,SG,27,"2091,0","71,0","29,5","4,4","14,5"
Malcolm Brogdon,2020,IND,PG,27,"1666,0","54,0","30,9","4,0","17,7"
Terry Rozier,2020,CHO,PG,25,"2164,0","63,0","34,3","3,0","14,8"
Aaron Gordon,2020,ORL,PF,24,"2017,0","62,0","32,5","3,7","15,1"
Zach LaVine,2020,CHI,SF,24,"2085,0","60,0","34,8","4,0","19,4"
Kent Bazemore,2020,SAC,SF,30,"1688,0","68,0","24,8","0,6","9,3"
Jeff Teague,2020,ATL,PG,31,"1464,0","59,0","24,8","2,5","14,6"
Evan Turner,2020,ATL,SG,31,"251,0","19,0","13,2","-0,3","6,8"
Draymond Green,2020,GSW,PF,29,"1222,0","43,0","28,4","1,1","12,5"
Tristan Thompson,2020,CLE,PF,28,"1721,0","57,0","30,2","3,1","16,8"
Allen Crabbe,2020,MIN,SG-SF,27,"653,0","37,0","17,6","-0,1","6,0"
Julius Randle,2020,NYK,PF,25,"2080,0","64,0","32,5","2,7","17,5"
Myles Turner,2020,IND,C,23,"1826,0","62,0","29,5","4,2","14,8"
Gary Harris,2020,DEN,SG,25,"1780,0","56,0","31,8","1,9","9,7"
Derrick Favors,2020,NOP,C,28,"1243,0","51,0","24,4","4,2","18,5"
Andre Iguodala,2020,MIA,SF,36,"418,0","21,0","19,9","0,6","10,5"
Evan Fournier,2020,ORL,SF,27,"2076,0","66,0","31,5","4,6","16,4"
Bismack Biyombo,2020,CHO,C,27,"1029,0","53,0","19,4","2,4","16,1"
Gorgui Dieng,2020,MEM,C,30,"1096,0","63,0","17,4","2,9","17,1"
Ricky Rubio,2020,PHO,PG,29,"2016,0","65,0","31,0","4,9","16,5"
Brandon Knight,2020,DET,SG-PG,28,"462,0","25,0","18,5","-0,1","8,5"
Kelly Oubre Jr.,2020,PHO,SF,24,"1933,0","56,0","34,5","3,8","14,9"
Eric Bledsoe,2020,MIL,PG,30,"1646,0","61,0","27,0","5,4","17,6"
Ian Mahinmi,2020,WAS,C,33,"808,0","38,0","21,3","1,4","14,2"
James Johnson,2020,MIN,PF-C,32,"619,0","32,0","19,3","1,1","14,8"
Bobby Portis,2020,NYK,PF,24,"1393,0","66,0","21,1","1,9","14,6"
Clint Capela,2020,HOU,C,25,"1279,0","39,0","32,8","4,9","20,6"
Danny Green,2020,LAL,SG,32,"1687,0","68,0","24,8","3,4","10,8"
Rudy Gay,2020,SAS,PF,33,"1461,0","67,0","21,8","2,1","15,4"
Cody Zeller,2020,CHO,C,27,"1341,0","58,0","23,1","3,6","18,8"
Eric Gordon,2020,HOU,SF,31,"1016,0","36,0","28,2","0,5","10,3"
Mason Plumlee,2020,DEN,C,29,"1057,0","61,0","17,3","3,4","18,8"
Jordan Clarkson,2020,UTA,SG,27,"1705,0","71,0","24,0","3,4","17,3"
Dewayne Dedmon,2020,ATL,C,30,"774,0","44,0","17,6","0,1","9,4"
Justise Winslow,2020,MIA,SG,23,"352,0","11,0","32,0","0,0","8,5"
Thaddeus Young,2020,CHI,PF,31,"1591,0","64,0","24,9","1,9","13,3"
Will Barton,2020,DEN,SF,29,"1916,0","58,0","33,0","4,2","15,6"
Courtney Lee,2020,DAL,SG,34,"345,0","24,0","14,4","0,7","10,8"
Solomon Hill,2020,MIA,PF,28,"1088,0","59,0","18,4","1,4","9,8"
Larry Nance Jr.,2020,CLE,PF,27,"1472,0","56,0","26,3","3,9","17,3"
Kelly Olynyk,2020,MIA,C,28,"1300,0","67,0","19,4","3,7","14,6"
Marcus Smart,2020,BOS,SG,25,"1919,0","60,0","32,0","4,5","13,8"
Terrence Ross,2020,ORL,SG,28,"1889,0","69,0","27,4","3,0","14,0"
Patty Mills,2020,SAS,PG,31,"1485,0","66,0","22,5","2,8","14,8"
Patrick Beverley,2020,LAC,PG,31,"1342,0","51,0","26,3","3,6","12,5"
Trevor Ariza,2020,SAC,SF,34,"1493,0","53,0","28,2","2,5","11,0"
Brook Lopez,2020,MIL,C,31,"1817,0","68,0","26,7","5,5","15,0"
Cory Joseph,2020,SAC,PG,28,"1759,0","72,0","24,4","2,3","10,1"
Joe Ingles,2020,UTA,PF,32,"2137,0","72,0","29,7","4,8","12,6"
Tony Snell,2020,DET,SF,28,"1641,0","59,0","27,8","2,6","9,7"
Robert Covington,2020,HOU,PF-C,29,"2137,0","70,0","30,5","3,7","13,3"
Meyers Leonard,2020,MIA,C,27,"1034,0","51,0","20,3","2,1","10,6"
Maurice Harkless,2020,NYK,PF-SF,26,"1427,0","62,0","23,0","2,7","9,8"
T.J. Warren,2020,IND,SF,26,"2202,0","67,0","32,9","6,5","18,4"
Spencer Dinwiddie,2020,BRK,PG,26,"1994,0","64,0","31,2","4,8","17,8"
Jeremy Lamb,2020,IND,SG,27,"1291,0","46,0","28,1","2,7","14,0"
Dwight Powell,2020,DAL,C,28,"1061,0","40,0","26,5","3,6","15,9"
Norman Powell,2020,TOR,SG,26,"1479,0","52,0","28,4","4,6","16,8"
Josh Richardson,2020,PHI,SG,26,"1693,0","55,0","30,8","2,1","12,0"
DeAndre Jordan,2020,BRK,C,31,"1234,0","56,0","22,0","5,2","19,9"
Zion Williamson,2020,NOP,PF,19,"668,0","24,0","27,8","2,0","24,1"
Markelle Fultz,2020,ORL,PG,21,"1996,0","72,0","27,7","2,7","14,3"
John Henson,2020,DET,C,29,"600,0","40,0","15,0","1,4","17,0"
Matthew Dellavedova,2020,CLE,PG,29,"821,0","57,0","14,4","0,2","8,1"
Dante Exum,2020,CLE,SG,24,"485,0","35,0","13,9","0,4","10,3"
Deandre Ayton,2020,PHO,C,21,"1236,0","38,0","32,5","3,1","20,0"
Delon Wright,2020,DAL,PG,27,"1570,0","73,0","21,5","4,4","15,4"
Fred VanVleet,2020,TOR,SG,25,"1928,0","54,0","35,7","5,8","16,3"
Jerami Grant,2020,DEN,PF,25,"1892,0","71,0","26,6","4,4","14,4"
Tyus Jones,2020,MEM,PG,23,"1232,0","65,0","19,0","3,0","15,7"
Al-Farouq Aminu,2020,ORL,PF,29,"380,0","18,0","21,1","0,1","7,6"
George Hill,2020,MIL,PG,33,"1271,0","59,0","21,5","5,5","16,9"
Kyle Anderson,2020,MEM,SF,26,"1330,0","67,0","19,9","2,5","12,5"
Taj Gibson,2020,NYK,C,34,"1025,0","62,0","16,5","2,6","16,1"
Ja Morant,2020,MEM,PG,20,"2074,0","67,0","31,0","3,8","17,4"
E'Twaun Moore,2020,NOP,SG,30,"1020,0","56,0","18,2","0,9","11,3"
P.J. Tucker,2020,HOU,PF,34,"2467,0","72,0","34,3","4,0","8,3"
C.J. Miles,2020,WAS,SF,32,"161,0","10,0","16,1","0,1","11,1"
Ben Simmons,2020,PHI,PG,23,"2017,0","57,0","35,4","6,9","20,4"
Kentavious Caldwell-Pope,2020,LAL,SG,26,"1762,0","69,0","25,5","3,7","11,0"
Thomas Bryant,2020,WAS,C,22,"1147,0","46,0","24,9","3,9","21,1"
Elfrid Payton,2020,NYK,PG,25,"1246,0","45,0","27,7","1,7","16,0"
Wayne Ellington,2020,NYK,SG,32,"558,0","36,0","15,5","0,4","8,5"
Lou Williams,2020,LAC,PG,33,"1864,0","65,0","28,7","4,1","17,3"
Maxi Kleber,2020,DAL,PF,28,"1890,0","74,0","25,5","4,8","13,6"
Jayson Tatum,2020,BOS,PF,21,"2265,0","66,0","34,3","6,9","20,4"
Jae Crowder,2020,MIA,SF-PF,29,"1875,0","65,0","28,8","3,8","12,5"
Joe Harris,2020,BRK,SF,28,"2123,0","69,0","30,8","4,3","13,3"
Seth Curry,2020,DAL,SG,29,"1576,0","64,0","24,6","4,3","15,5"
Doug McDermott,2020,IND,PF,28,"1372,0","69,0","19,9","3,3","14,4"
Langston Galloway,2020,DET,SG,28,"1702,0","66,0","25,8","3,1","12,3"
Derrick Rose,2020,DET,PG,31,"1298,0","50,0","26,0","2,5","21,0"
Brandon Ingram,2020,NOP,PF,22,"2104,0","62,0","33,9","5,1","18,8"
D.J. Augustin,2020,ORL,PG,32,"1420,0","57,0","24,9","2,9","14,0"
De'Andre Hunter,2020,ATL,SF,22,"2018,0","63,0","32,0","0,1","8,6"
Josh Jackson,2020,MEM,SF,22,"381,0","22,0","17,3","0,5","14,1"
Jaren Jackson Jr.,2020,MEM,C,20,"1622,0","57,0","28,5","3,5","16,3"
Nemanja Bjelica,2020,SAC,PF,31,"2011,0","72,0","27,9","5,3","15,7"
Jaylen Brown,2020,BOS,SG,23,"1934,0","57,0","33,9","4,9","16,9"
Jabari Parker,2020,SAC,PF,24,"917,0","38,0","24,1","1,6","18,0"
Ivica Zubac,2020,LAC,C,22,"1326,0","72,0","18,4","6,6","21,7"
Darius Garland,2020,CLE,SG,20,"1824,0","59,0","30,9","-1,3","8,5"
De'Aaron Fox,2020,SAC,PG,22,"1634,0","51,0","32,0","4,0","20,6"
Trae Young,2020,ATL,PG,21,"2120,0","60,0","35,3","5,9","23,9"
Ish Smith,2020,WAS,PG,31,"1787,0","68,0","26,3","1,9","13,9"
Montrezl Harrell,2020,LAC,C,26,"1749,0","63,0","27,8","7,0","23,2"
Marco Belinelli,2020,SAS,SG,33,"883,0","57,0","15,5","0,8","10,8"
Jarrett Culver,2020,MIN,SG,20,"1506,0","63,0","23,9","-0,1","9,6"
Jonathan Isaac,2020,ORL,PF,22,"980,0","34,0","28,8","2,5","17,3"
Rodney Hood,2020,POR,SF,27,"619,0","21,0","29,5","1,1","12,2"
Trey Lyles,2020,SAS,PF,24,"1271,0","63,0","20,2","2,2","12,6"
Aron Baynes,2020,PHO,C,33,"934,0","42,0","22,2","2,1","15,2"
Kris Dunn,2020,CHI,PG,25,"1269,0","51,0","24,9","2,3","12,1"
Coby White,2020,CHI,PG,19,"1674,0","65,0","25,8","0,9","11,9"
Lauri Markkanen,2020,CHI,PF,22,"1492,0","50,0","29,8","2,6","14,3"
Wendell Carter Jr.,2020,CHI,C,20,"1256,0","43,0","29,2","3,3","15,5"
Daniel Theis,2020,BOS,C,27,"1566,0","65,0","24,1","6,5","17,9"
Jaxson Hayes,2020,NOP,C,19,"1080,0","64,0","16,9","3,9","17,6"
Buddy Hield,2020,SAC,SG,27,"2216,0","72,0","30,8","3,0","16,0"
Frank Ntilikina,2020,NYK,PG,21,"1187,0","57,0","20,8","0,9","9,8"
Rodney McGruder,2020,LAC,SG,28,"871,0","56,0","15,6","1,0","6,7"
Ed Davis,2020,UTA,C,30,"303,0","28,0","10,8","0,6","9,5"
Richaun Holmes,2020,SAC,C,26,"1242,0","44,0","28,2","4,9","19,7"
Frank Kaminsky,2020,PHO,C,26,"777,0","39,0","19,9","1,4","14,2"
Mike Scott,2020,PHI,PF,31,"1207,0","68,0","17,8","2,5","11,2"
Garrett Temple,2020,BRK,SG,33,"1730,0","62,0","27,9","2,4","10,5"
Robin Lopez,2020,MIL,C,31,"958,0","66,0","14,5","1,5","10,2"
Avery Bradley,2020,LAL,SG,29,"1186,0","49,0","24,2","1,5","8,9"
JaMychal Green,2020,LAC,PF,29,"1307,0","63,0","20,7","3,1","11,1"
Justin Holiday,2020,IND,SF,30,"1826,0","73,0","25,0","4,2","12,1"
Collin Sexton,2020,CLE,PG,21,"2143,0","65,0","33,0","2,5","16,3"
Rui Hachimura,2020,WAS,PF,21,"1444,0","48,0","30,1","1,8","13,5"
Kevon Looney,2020,GSW,C,23,"262,0","20,0","13,1","0,0","9,4"
Dennis Smith Jr.,2020,NYK,PG,22,"537,0","34,0","15,8","-0,9","7,4"
Jamal Murray,2020,DEN,PG,22,"1904,0","59,0","32,3","4,3","17,7"
Cam Reddish,2020,ATL,SF,20,"1551,0","58,0","26,7","-0,4","9,0"
Zach Collins,2020,POR,PF,22,"290,0","11,0","26,4","0,3","9,9"
Mikal Bridges,2020,PHO,SF,23,"2042,0","73,0","28,0","4,8","12,9"
Alex Len,2020,SAC,C,26,"970,0","55,0","17,6","2,5","17,7"
Cameron Johnson,2020,PHO,PF,23,"1255,0","57,0","22,0","2,7","12,9"
Malik Monk,2020,CHO,SG,21,"1169,0","55,0","21,3","0,7","12,6"
Patrick McCaw,2020,TOR,SF,24,"908,0","37,0","24,5","1,4","7,3"
Reggie Bullock,2020,NYK,SG,28,"684,0","29,0","23,6","0,5","9,3"
JaVale McGee,2020,LAL,C,32,"1130,0","68,0","16,6","4,7","19,4"
Dorian Finney-Smith,2020,DAL,PF,26,"2120,0","71,0","29,9","4,9","12,3"
Shai Gilgeous-Alexander,2020,OKC,SG,21,"2428,0","70,0","34,7","6,1","17,7"
Luke Kennard,2020,DET,SG,23,"922,0","28,0","32,9","1,9","14,4"
Miles Bridges,2020,CHO,SF,21,"1995,0","65,0","30,7","1,6","12,1"
Jakob Poeltl,2020,SAS,C,24,"1171,0","66,0","17,7","4,0","19,1"
Tyler Herro,2020,MIA,SG,20,"1508,0","55,0","27,4","1,6","12,5"
Donovan Mitchell,2020,UTA,SG,23,"2364,0","69,0","34,3","5,4","18,8"
Stanley Johnson,2020,TOR,PF,23,"150,0","25,0","6,0","0,0","9,9"
Jake Layman,2020,MIN,SF,25,"505,0","23,0","22,0","0,3","10,3"
Thon Maker,2020,DET,C,22,"776,0","60,0","12,9","1,5","13,7"
Jerome Robinson,2020,WAS,SG,22,"979,0","63,0","15,5","0,2","7,4"
Allonzo Trier,2020,NYK,SG,24,"291,0","24,0","12,1","0,5","14,5"
Danuel House Jr.,2020,HOU,SF,26,"1913,0","63,0","30,4","3,6","11,3"
Domantas Sabonis,2020,IND,PF,23,"2159,0","62,0","34,8","7,5","20,7"
T.J. McConnell,2020,IND,PG,27,"1326,0","71,0","18,7","3,3","16,5"
Taurean Prince,2020,BRK,PF,25,"1857,0","64,0","29,0","0,6","9,1"
Romeo Langford,2020,BOS,SG,20,"370,0","32,0","11,6","0,2","5,4"
Bam Adebayo,2020,MIA,PF,22,"2417,0","72,0","33,6","8,5","20,3"
Michael Porter Jr.,2020,DEN,SF,21,"903,0","55,0","16,4","2,9","19,8"
Denzel Valentine,2020,CHI,SF,26,"488,0","36,0","13,6","0,5","13,0"
Sekou Doumbouya,2020,DET,PF,19,"754,0","38,0","19,8","-0,3","6,2"
Justin Jackson,2020,DAL,PF,24,"1045,0","65,0","16,1","1,2","9,5"
Troy Brown Jr.,2020,WAS,SF,20,"1782,0","69,0","25,8","2,4","13,7"
Yogi Ferrell,2020,SAC,PG,26,"530,0","50,0","10,6","0,7","12,2"
Khem Birch,2020,ORL,C,27,"922,0","48,0","19,2","2,2","11,7"
Quinn Cook,2020,LAL,PG,26,"508,0","44,0","11,5","0,3","10,0"
Ryan Arcidiacono,2020,CHI,PG,25,"930,0","58,0","16,0","1,4","9,0"
Nickeil Alexander-Walker,2020,NOP,SG,21,"591,0","47,0","12,6","-0,2","8,9"
D.J. Wilson,2020,MIL,PF,23,"363,0","37,0","9,8","0,3","8,2"
Cedi Osman,2020,CLE,SF,24,"1910,0","65,0","29,4","1,6","10,7"
Donte DiVincenzo,2020,MIL,SG,23,"1520,0","66,0","23,0","4,3","14,1"
Bryn Forbes,2020,SAS,SG,26,"1579,0","63,0","25,1","1,5","11,1"
Goga Bitadze,2020,IND,C,20,"471,0","54,0","8,7","0,7","12,1"
T.J. Leaf,2020,IND,PF,22,"222,0","28,0","7,9","0,3","12,9"
Alex Caruso,2020,LAL,PG,25,"1175,0","64,0","18,4","2,3","10,8"
Malik Beasley,2020,MIN,SG,23,"1209,0","55,0","22,0","1,2","12,7"
Lonnie Walker IV,2020,SAS,SG,21,"988,0","61,0","16,2","0,3","10,5"
John Collins,2020,ATL,PF,22,"1363,0","41,0","33,2","4,9","23,5"
Kevin Huerter,2020,ATL,SG,21,"1760,0","56,0","31,4","1,6","11,5"
Caris LeVert,2020,BRK,SG,25,"1330,0","45,0","29,6","1,5","16,1"
DeAndre' Bembry,2020,ATL,SG,25,"915,0","43,0","21,3","0,2","9,6"
Matisse Thybulle,2020,PHI,SG,22,"1287,0","65,0","19,8","2,3","10,0"
Wesley Matthews,2020,MIL,SG,33,"1635,0","67,0","24,4","3,2","8,1"
Rajon Rondo,2020,LAL,PG,33,"984,0","48,0","20,5","1,4","12,4"
Josh Okogie,2020,MIN,SG,21,"1547,0","62,0","25,0","2,2","11,5"
Vincent Poirier,2020,BOS,C,26,"130,0","22,0","5,9","0,3","12,7"
Rondae Hollis-Jefferson,2020,TOR,PF,25,"1122,0","60,0","18,7","3,4","15,1"
Brandon Clarke,2020,MEM,PF,23,"1300,0","58,0","22,4","5,0","20,9"
Terrance Ferguson,2020,OKC,SF,21,"1257,0","56,0","22,4","0,6","3,7"
Grayson Allen,2020,MEM,SG,24,"718,0","38,0","18,9","1,2","12,0"
Grant Williams,2020,BOS,PF,21,"1043,0","69,0","15,1","1,6","7,9"
Jarrett Allen,2020,BRK,C,21,"1852,0","70,0","26,5","8,2","20,7"
Pascal Siakam,2020,TOR,PF,25,"2110,0","60,0","35,2","5,4","17,9"
Chandler Hutchison,2020,CHI,SF,23,"527,0","28,0","18,8","0,7","12,4"
Aaron Holiday,2020,IND,PG,23,"1617,0","66,0","24,5","2,1","11,6"
Dejounte Murray,2020,SAS,PG,23,"1687,0","66,0","25,6","2,6","16,2"
Damian Jones,2020,ATL,C,24,"887,0","55,0","16,1","2,8","15,6"
Darius Bazley,2020,OKC,PF,19,"1130,0","61,0","18,5","1,0","9,6"
OG Anunoby,2020,TOR,SF,22,"2066,0","69,0","29,9","5,7","13,2"
Luke Kornet,2020,CHI,C,24,"559,0","36,0","15,5","1,1","12,7"
Ty Jerome,2020,PHO,SG,22,"328,0","31,0","10,6","0,0","7,9"
Willie Cauley-Stein,2020,DAL,C,26,"1097,0","54,0","20,3","2,9","17,0"
Anfernee Simons,2020,POR,SG,20,"1449,0","70,0","20,7","0,2","9,0"
Austin Rivers,2020,HOU,SG,27,"1594,0","68,0","23,4","2,4","10,4"
Nassir Little,2020,POR,PF,19,"573,0","48,0","11,9","0,6","9,6"
Moritz Wagner,2020,WAS,C,22,"835,0","45,0","18,6","1,7","15,1"
Caleb Swanigan,2020,POR,PF-C,22,"288,0","27,0","10,7","0,0","7,6"
Mike Muscala,2020,OKC,C,28,"572,0","47,0","12,2","1,3","12,5"
Ben McLemore,2020,HOU,SF,26,"1619,0","71,0","22,8","3,3","11,8"
Edmond Sumner,2020,IND,SG,24,"447,0","31,0","14,4","0,4","10,1"
Noah Vonleh,2020,DEN,C,24,"377,0","36,0","10,5","1,0","15,5"
Torrey Craig,2020,DEN,SF,29,"1072,0","58,0","18,5","2,0","10,8"
Landry Shamet,2020,LAC,SG,22,"1452,0","53,0","27,4","2,6","8,5"
Mfiondu Kabengele,2020,LAC,C,22,"64,0","12,0","5,3","0,2","18,2"
Kyle Kuzma,2020,LAL,PF,24,"1526,0","61,0","25,0","2,0","12,2"
Jordan Poole,2020,GSW,SG,20,"1274,0","57,0","22,4","-1,2","7,2"
Tony Bradley,2020,UTA,C,22,"663,0","58,0","11,4","3,3","21,7"
Keldon Johnson,2020,SAS,SF,20,"301,0","17,0","17,7","1,1","19,1"
Derrick White,2020,SAS,SG,25,"1677,0","68,0","24,7","4,2","16,4"
Jacob Evans,2020,MIN,SG,22,"418,0","29,0","14,4","-0,5","5,5"
Omari Spellman,2020,GSW,C,22,"886,0","49,0","18,1","1,2","14,4"
James Ennis III,2020,ORL,SF-SG,29,"1265,0","69,0","18,3","2,4","11,5"
Shabazz Napier,2020,WAS,PG,28,"1344,0","56,0","24,0","1,7","13,8"
Bruno Caboclo,2020,HOU,C,24,"244,0","30,0","8,1","0,4","14,1"
Markieff Morris,2020,LAL,PF,30,"1187,0","58,0","20,5","1,4","12,5"
Mario Hezonja,2020,POR,PF,24,"871,0","53,0","16,4","0,8","9,5"
Pat Connaughton,2020,MIL,SG,27,"1243,0","67,0","18,6","3,4","11,5"
Jahlil Okafor,2020,NOP,C,24,"467,0","30,0","15,6","1,3","18,3"
Rodions Kurucs,2020,BRK,PF,21,"684,0","47,0","14,6","0,8","8,9"
Cheick Diallo,2020,PHO,C,23,"479,0","47,0","10,2","1,3","16,5"
Dragan Bender,2020,GSW,PF-C,22,"286,0","16,0","17,9","0,3","10,9"
Josh Hart,2020,NOP,SF,24,"1755,0","65,0","27,0","3,1","11,9"
Georges Niang,2020,UTA,PF,26,"923,0","66,0","14,0","1,8","11,7"
Derrick Jones Jr.,2020,MIA,SF,22,"1375,0","59,0","23,3","4,4","14,9"
Christian Wood,2020,DET,PF,24,"1325,0","62,0","21,4","5,1","23,2"
Jordan McRae,2020,DET,SG,28,"784,0","37,0","21,2","0,7","14,2"
Treveon Graham,2020,ATL,SF,26,"929,0","55,0","16,9","0,2","6,6"
Emmanuel Mudiay,2020,UTA,PG,23,"850,0","54,0","15,7","1,0","13,0"
Nerlens Noel,2020,OKC,C,25,"1127,0","61,0","18,5","4,9","20,4"
Furkan Korkmaz,2020,PHI,SG,22,"1559,0","72,0","21,7","2,8","12,0"
Glenn Robinson III,2020,PHI,SF,26,"1786,0","62,0","28,8","2,9","13,3"
Raul Neto,2020,PHI,PG,27,"668,0","54,0","12,4","1,2","12,7"
Kyle O'Quinn,2020,PHI,C,29,"313,0","29,0","10,8","1,1","18,6"
Alec Burks,2020,PHI,SF-SG,28,"1754,0","66,0","26,6","3,7","16,7"
Michael Carter-Williams,2020,ORL,SG,28,"833,0","45,0","18,5","1,9","15,3"
Wilson Chandler,2020,BRK,PF,32,"734,0","35,0","21,0","0,7","7,4"
Kyle Korver,2020,MIL,SF,38,"960,0","58,0","16,6","2,5","11,3"
Jared Dudley,2020,LAL,PF,34,"364,0","45,0","8,1","0,8","7,8"
Dwight Howard,2020,LAL,C,34,"1306,0","69,0","18,9","5,4","18,7"
Isaiah Thomas,2020,WAS,PG,30,"925,0","40,0","23,1","0,0","11,6"
Patrick Patterson,2020,LAC,PF,30,"776,0","59,0","13,2","1,9","11,5"
JaKarr Sampson,2020,IND,PF,26,"471,0","34,0","13,9","1,2","12,6"
Thabo Sefolosha,2020,HOU,PF,35,"436,0","41,0","10,6","0,7","9,4"
Tyson Chandler,2020,HOU,C,37,"219,0","26,0","8,4","0,6","10,8"
Tim Frazier,2020,DET,PG,29,"355,0","27,0","13,1","0,1","9,8"
Trey Burke,2020,DAL,PG,27,"520,0","33,0","15,8","1,3","15,6"
Jordan Bell,2020,MEM,C,25,"256,0","29,0","8,8","0,4","13,9"
Shaquille Harrison,2020,CHI,SG,26,"484,0","43,0","11,3","1,5","17,8"
Vince Carter,2020,ATL,PF,43,"876,0","60,0","14,6","-0,2","7,5"
Dillon Brooks,2020,MEM,SG,24,"2112,0","73,0","28,9","1,2","11,3"
Royce O'Neale,2020,UTA,SF,26,"2049,0","71,0","28,9","4,3","9,5"
Abdel Nader,2020,OKC,SF,26,"867,0","55,0","15,8","1,3","11,3"
Damyean Dotson,2020,NYK,SG,25,"836,0","48,0","17,4","0,9","10,9"
Sterling Brown,2020,MIL,SF,24,"767,0","52,0","14,8","1,1","9,5"
Frank Jackson,2020,NOP,PG,21,"797,0","59,0","13,5","0,2","9,1"
Semi Ojeleye,2020,BOS,PF,25,"1011,0","69,0","14,7","1,9","7,7"
Wes Iwundu,2020,ORL,SF,25,"953,0","52,0","18,3","1,7","10,3"
Mitchell Robinson,2020,NYK,C,21,"1412,0","61,0","23,1","6,8","23,5"
Chris Boucher,2020,TOR,C,27,"819,0","62,0","13,2","3,8","20,7"
Malcolm Miller,2020,TOR,SF,26,"162,0","28,0","5,8","0,3","6,7"
Monte Morris,2020,DEN,PG,24,"1636,0","73,0","22,4","3,8","14,9"
Tyrone Wallace,2020,ATL,SG,25,"160,0","14,0","11,4","-0,2","3,9"
Amile Jefferson,2020,ORL,PF,26,"74,0","18,0","4,1","0,0","8,9"
Nigel Williams-Goss,2020,UTA,PG,25,"50,0","10,0","5,0","0,0","8,1"
Alfonzo McKinnie,2020,CLE,SF,27,"593,0","40,0","14,8","0,2","8,7"
Shake Milton,2020,PHI,SG,23,"805,0","40,0","20,1","2,1","14,4"
Wenyen Gabriel,2020,POR,PF,22,"235,0","30,0","7,8","0,2","9,6"
Theo Pinson,2020,BRK,SG,24,"365,0","33,0","11,1","-0,6","5,2"
Thanasis Antetokounmpo,2020,MIL,SF,27,"129,0","20,0","6,4","0,2","12,2"
Brad Wanamaker,2020,BOS,PG,30,"1369,0","71,0","19,3","3,5","12,8"
Iman Shumpert,2020,BRK,SF,29,"241,0","13,0","18,5","0,0","5,3"
Devonte' Graham,2020,CHO,PG,24,"2211,0","63,0","35,1","3,4","15,8"
De'Anthony Melton,2020,MEM,PG,21,"1167,0","60,0","19,4","1,7","13,5"
Hamidou Diallo,2020,OKC,SF,21,"896,0","46,0","19,5","0,4","9,3"
Deonte Burton,2020,OKC,SF,26,"356,0","39,0","9,1","-0,5","4,3"
Chimezie Metu,2020,SAS,C,22,"105,0","18,0","5,8","0,3","22,2"
Gary Trent Jr.,2020,POR,SF,21,"1332,0","61,0","21,8","2,5","12,9"
Elie Okobo,2020,PHO,PG,22,"719,0","55,0","13,1","1,0","10,6"
Jevon Carter,2020,PHO,PG,24,"945,0","58,0","16,3","1,8","11,3"
Ryan Broekhoff,2020,DAL,SF,29,"180,0","17,0","10,6","0,4","13,1"
Jarred Vanderbilt,2020,MIN,PF,20,"46,0","11,0","4,2","0,0","7,6"
Duncan Robinson,2020,MIA,SG,25,"2166,0","73,0","29,7","5,3","13,1"
Kendrick Nunn,2020,MIA,PG,24,"1962,0","67,0","29,3","2,0","12,9"
Alize Johnson,2020,IND,PF,23,"118,0","17,0","6,9","0,3","13,3"
Isaiah Hartenstein,2020,HOU,C,21,"266,0","23,0","11,6","1,1","18,6"
Bruce Brown,2020,DET,PG,23,"1634,0","58,0","28,2","2,1","11,9"
Keita Bates-Diop,2020,MIN,PF-SF,24,"744,0","44,0","16,9","1,2","12,4"
Jalen Brunson,2020,DAL,PG,23,"1022,0","57,0","17,9","2,1","14,9"
Kenrich Williams,2020,NOP,PF,25,"832,0","39,0","21,3","0,9","7,5"
Isaac Bonga,2020,WAS,SF,20,"1250,0","66,0","18,9","1,8","10,2"
Jaylen Nowell,2020,MIN,SG,20,"151,0","15,0","10,1","0,2","10,5"
Bruno Fernando,2020,ATL,C,21,"713,0","56,0","12,7","0,8","11,9"
Carmelo Anthony,2020,POR,PF,35,"1902,0","58,0","32,8","1,3","12,4"
Kevin Porter Jr.,2020,CLE,SF,19,"1162,0","50,0","23,2","0,3","10,8"
Carsen Edwards,2020,BOS,SG,21,"351,0","37,0","9,5","0,1","6,9"
Cody Martin,2020,CHO,SF,24,"903,0","48,0","18,8","1,0","10,5"
Gary Payton II,2020,WAS,SF,27,"432,0","29,0","14,9","0,5","11,3"
Admiral Schofield,2020,WAS,PF,22,"368,0","33,0","11,2","0,1","6,1"
Terance Mann,2020,LAC,SF,23,"362,0","41,0","8,8","0,8","10,6"
David Nwaba,2020,BRK,SF,27,"268,0","20,0","13,4","0,8","14,0"
Jalen McDaniels,2020,CHO,SF,22,"293,0","16,0","18,3","0,5","10,7"
Caleb Martin,2020,CHO,SF,24,"317,0","18,0","17,6","0,5","12,0"
Terence Davis,2020,TOR,SG,22,"1209,0","72,0","16,8","3,1","13,8"
Matt Thomas,2020,TOR,SG,25,"440,0","41,0","10,7","1,2","13,3"
Miye Oni,2020,UTA,SF,22,"109,0","10,0","10,9","0,1","9,7"
Justin James,2020,SAC,SF,23,"232,0","36,0","6,4","0,1","11,0"
Naz Reid,2020,MIN,C,20,"495,0","30,0","16,5","0,8","15,3"
Eric Paschall,2020,GSW,PF,23,"1654,0","60,0","27,6","2,1","14,5"
Daniel Gafford,2020,CHI,C,21,"609,0","43,0","14,2","1,9","16,2"
Javonte Green,2020,BOS,SG,26,"468,0","48,0","9,8","1,1","13,1"
Damion Lee,2020,GSW,SG,27,"1423,0","49,0","29,0","1,7","12,7"
Juwan Morgan,2020,UTA,PF,22,"134,0","21,0","6,4","0,3","10,1"
Marquese Chriss,2020,GSW,PF,22,"1196,0","59,0","20,3","3,4","19,5"
Marvin Williams,2020,MIL,PF,33,"1129,0","58,0","19,5","2,4","11,2"
Michael Kidd-Gilchrist,2020,DAL,PF,26,"281,0","25,0","11,2","-0,2","4,2"
Rayjon Tucker,2020,UTA,SG,22,"161,0","20,0","8,0","0,2","9,7"
Chris Clemons,2020,HOU,SG,22,"291,0","33,0","8,8","0,4","13,1"
Gary Clark,2020,ORL,SF-PF,25,"567,0","42,0","13,5","1,2","10,7"
Brandon Goodwin,2020,ATL,PG,24,"430,0","34,0","12,6","0,1","11,6"
Reggie Jackson,2020,LAC,SG-PG,29,"743,0","31,0","24,0","1,1","13,7"
DeMarre Carroll,2020,HOU,SF-C,33,"290,0","24,0","12,1","0,3","9,1"
Chris Silva,2020,MIA,PF,23,"346,0","44,0","7,9","1,3","17,3"
Jeff Green,2020,HOU,PF-C,33,"960,0","48,0","20,0","2,1","13,7"
Troy Daniels,2020,DEN,SG,28,"532,0","47,0","11,3","0,6","8,4"
Dion Waiters,2020,LAL,SG,28,"207,0","10,0","20,7","0,1","11,5"
Norvel Pelle,2020,PHI,C,26,"232,0","24,0","9,7","0,3","10,5"
Juan Toscano-Anderson,2020,GSW,SG,26,"272,0","13,0","20,9","0,2","9,4"
Ky Bowman,2020,GSW,PG,22,"1015,0","45,0","22,6","-0,1","9,1"
Anthony Tolliver,2020,MEM,PF,34,"872,0","55,0","15,9","0,5","7,0"
Tyler Johnson,2020,BRK,PG-SG,27,"709,0","39,0","18,2","0,7","10,1"
Luguentz Dort,2020,OKC,SF,20,"820,0","36,0","22,8","0,8","7,6"
Stephen Curry,2021,GSW,PG,32,"2152,0","63,0","34,2","9,0","26,3"
Chris Paul,2021,PHO,PG,35,"2199,0","70,0","31,4","9,2","21,4"
Russell Westbrook,2021,WAS,PG,32,"2369,0","65,0","36,4","3,7","19,5"
James Harden,2021,BRK,PG-SG,31,"1609,0","44,0","36,6","7,0","24,5"
John Wall,2021,HOU,PG,30,"1288,0","40,0","32,2","-0,2","15,4"
Kevin Durant,2021,BRK,PF,32,"1157,0","35,0","33,1","5,0","26,4"
LeBron James,2021,LAL,PG,36,"1504,0","45,0","33,4","5,6","24,2"
Paul George,2021,LAC,SF,30,"1821,0","54,0","33,7","5,3","20,5"
Mike Conley,2021,UTA,PG,33,"1498,0","51,0","29,4","6,1","19,2"
Kemba Walker,2021,BOS,PG,30,"1369,0","43,0","31,8","3,3","17,7"
Kawhi Leonard,2021,LAC,SF,29,"1773,0","52,0","34,1","8,8","26,0"
Jimmy Butler,2021,MIA,SF,31,"1745,0","52,0","33,6","9,3","26,5"
Tobias Harris,2021,PHI,PF,28,"2014,0","62,0","32,5","7,1","20,0"
Blake Griffin,2021,BRK,PF,31,"1186,0","46,0","25,8","2,0","12,9"
Kyrie Irving,2021,BRK,PG,28,"1886,0","54,0","34,9","7,4","24,4"
Khris Middleton,2021,MIL,SF,29,"2269,0","68,0","33,4","6,4","18,2"
Anthony Davis,2021,LAL,PF,27,"1162,0","36,0","32,3","3,7","22,1"
Damian Lillard,2021,POR,PG,30,"2398,0","67,0","35,8","10,4","25,6"
Kevin Love,2021,CLE,PF,32,"622,0","25,0","24,9","0,9","15,1"
Ben Simmons,2021,PHI,PG,24,"1877,0","58,0","32,4","6,0","18,3"
Pascal Siakam,2021,TOR,PF,26,"2006,0","56,0","35,8","4,2","17,7"
Kyle Lowry,2021,TOR,PG,34,"1601,0","46,0","34,8","4,1","16,5"
Steven Adams,2021,NOP,C,27,"1605,0","58,0","27,7","4,0","15,1"
Andrew Wiggins,2021,GSW,PF,25,"2364,0","71,0","33,3","3,9","15,0"
Joel Embiid,2021,PHI,C,26,"1585,0","51,0","31,1","8,8","30,3"
Karl-Anthony Towns,2021,MIN,C,25,"1689,0","50,0","33,8","5,4","23,1"
Devin Booker,2021,PHO,SG,24,"2270,0","67,0","33,9","4,9","19,2"
CJ McCollum,2021,POR,SG,29,"1600,0","47,0","34,0","4,7","20,8"
Andre Drummond,2021,LAL,C,27,"1242,0","46,0","27,0","2,0","19,4"
Bradley Beal,2021,WAS,SG,27,"2147,0","60,0","35,8","5,9","22,7"
D'Angelo Russell,2021,MIN,PG,24,"1196,0","42,0","28,5","1,6","17,6"
Gordon Hayward,2021,CHO,SF,30,"1496,0","44,0","34,0","3,5","17,6"
DeMar DeRozan,2021,SAS,PF,31,"2056,0","61,0","33,7","7,4","22,0"
Giannis Antetokounmpo,2021,MIL,PF,26,"2013,0","61,0","33,0","10,2","29,2"
Rudy Gobert,2021,UTA,C,28,"2187,0","71,0","30,8","11,3","23,5"
Al Horford,2021,OKC,C,34,"782,0","28,0","27,9","1,6","17,4"
Jamal Murray,2021,DEN,PG,23,"1704,0","48,0","35,5","4,6","18,3"
Brandon Ingram,2021,NOP,SF,23,"2093,0","61,0","34,3","5,3","19,2"
Jrue Holiday,2021,MIL,PG,30,"1907,0","59,0","32,3","6,6","20,0"
Jaylen Brown,2021,BOS,SG,24,"1999,0","58,0","34,5","4,8","19,9"
Buddy Hield,2021,SAC,SG,28,"2433,0","71,0","34,3","2,2","12,8"
Draymond Green,2021,GSW,PF,30,"1982,0","63,0","31,5","4,6","13,3"
Harrison Barnes,2021,SAC,PF,28,"2102,0","58,0","36,2","4,5","15,4"
Fred VanVleet,2021,TOR,SG,26,"1899,0","52,0","36,5","4,3","16,8"
Victor Oladipo,2021,MIA,SG,28,"1080,0","33,0","32,7","0,4","14,3"
Malcolm Brogdon,2021,IND,PG,28,"1930,0","56,0","34,5","4,2","17,9"
Julius Randle,2021,NYK,PF,26,"2667,0","71,0","37,6","7,8","19,7"
Domantas Sabonis,2021,IND,PF,24,"2231,0","62,0","36,0","6,9","20,6"
Gary Harris,2021,ORL,SG,26,"1080,0","39,0","27,7","0,7","9,1"
Danilo Gallinari,2021,ATL,PF,32,"1222,0","51,0","24,0","3,7","16,3"
Zach LaVine,2021,CHI,SG,25,"2034,0","58,0","35,1","5,9","21,5"
Jerami Grant,2021,DET,SF,26,"1829,0","54,0","33,9","3,2","16,9"
Terry Rozier,2021,CHO,SG,26,"2383,0","69,0","34,5","5,2","17,1"
Aaron Gordon,2021,DEN,PF,25,"1384,0","50,0","27,7","1,9","14,5"
Clint Capela,2021,ATL,C,26,"1898,0","63,0","30,1","8,2","24,3"
Myles Turner,2021,IND,C,24,"1455,0","47,0","31,0","3,3","15,3"
LaMarcus Aldridge,2021,BRK,C,35,"674,0","26,0","25,9","1,1","15,7"
Gorgui Dieng,2021,SAS,C,31,"552,0","38,0","14,5","2,1","19,2"
Evan Fournier,2021,BOS,SF-SG,28,"1259,0","42,0","30,0","2,8","16,7"
Ricky Rubio,2021,MIN,PG,30,"1772,0","68,0","26,1","3,1","13,5"
Eric Bledsoe,2021,NOP,SG,31,"2111,0","71,0","29,7","2,3","11,5"
Eric Gordon,2021,HOU,SG,32,"789,0","27,0","29,2","0,8","14,4"
Caris LeVert,2021,IND,SG,26,"1486,0","47,0","31,6","2,4","17,8"
Joe Harris,2021,BRK,SF,29,"2141,0","69,0","31,0","5,2","14,1"
James Johnson,2021,NOP,PF,33,"1043,0","51,0","20,5","1,2","11,4"
Cody Zeller,2021,CHO,C,28,"1005,0","48,0","20,9","3,3","18,2"
Danny Green,2021,PHI,SF,33,"1934,0","69,0","28,0","4,6","12,1"
Andre Iguodala,2021,MIA,SF,37,"1339,0","63,0","21,3","1,7","9,2"
Marcus Morris,2021,LAC,PF,31,"1502,0","57,0","26,4","3,6","14,5"
Rudy Gay,2021,SAS,PF,34,"1358,0","63,0","21,6","1,7","14,7"
Dejounte Murray,2021,SAS,PG,24,"2139,0","67,0","31,9","3,3","16,5"
Will Barton,2021,DEN,SF,30,"1736,0","56,0","31,0","2,2","11,8"
Thaddeus Young,2021,CHI,PF,32,"1652,0","68,0","24,3","5,1","20,3"
Terrence Ross,2021,ORL,SG,29,"1347,0","46,0","29,3","0,9","13,2"
Malik Beasley,2021,MIN,SG,24,"1214,0","37,0","32,8","1,3","14,6"
Patrick Beverley,2021,LAC,PG,32,"832,0","37,0","22,5","2,1","12,0"
Christian Wood,2021,HOU,C,25,"1326,0","41,0","32,3","2,8","20,0"
Justise Winslow,2021,MEM,SF,24,"507,0","26,0","19,5","-0,7","6,2"
Marcus Smart,2021,BOS,PG,26,"1581,0","48,0","32,9","3,3","13,8"
Kelly Olynyk,2021,HOU,C-PF,29,"1997,0","70,0","28,5","5,1","16,4"
Brook Lopez,2021,MIL,C,32,"1902,0","70,0","27,2","5,3","15,4"
Cory Joseph,2021,DET,PG,29,"1446,0","63,0","23,0","2,1","12,5"
Taurean Prince,2021,CLE,PF,26,"905,0","41,0","22,1","1,0","12,1"
Tony Snell,2021,ATL,SG,29,"992,0","47,0","21,1","2,0","9,5"
Robert Covington,2021,POR,PF,30,"2243,0","70,0","32,0","3,7","11,2"
Kentavious Caldwell-Pope,2021,LAL,SG,27,"1902,0","67,0","28,4","4,2","10,7"
Nicolas Batum,2021,LAC,SF,32,"1835,0","67,0","27,4","5,0","12,9"
Jordan Clarkson,2021,UTA,SG,28,"1818,0","68,0","26,7","4,2","17,1"
Dillon Brooks,2021,MEM,SF,25,"1997,0","67,0","29,8","1,4","12,1"
Dwight Powell,2021,DAL,C,29,"966,0","58,0","16,7","3,8","16,8"
Lonzo Ball,2021,NOP,PG,23,"1747,0","55,0","31,8","3,2","15,2"
Josh Richardson,2021,DAL,SG,27,"1790,0","59,0","30,3","2,4","11,9"
Norman Powell,2021,POR,SG-SF,27,"2205,0","69,0","32,0","4,7","16,2"
Jeremy Lamb,2021,IND,SG,28,"765,0","36,0","21,2","2,1","15,8"
DeAndre Jordan,2021,BRK,C,32,"1246,0","57,0","21,9","3,9","17,1"
Joe Ingles,2021,UTA,SF,33,"1867,0","67,0","27,9","7,0","15,9"
Zion Williamson,2021,NOP,PF,20,"2026,0","61,0","33,2","8,7","27,1"
Paul Millsap,2021,DEN,PF,35,"1162,0","56,0","20,8","3,2","16,4"
Rodney Hood,2021,TOR,SF,28,"942,0","55,0","17,1","-0,4","5,6"
Jayson Tatum,2021,BOS,SF,22,"2290,0","64,0","35,8","6,5","21,3"
Anthony Edwards,2021,MIN,SG,19,"2314,0","72,0","32,1","0,8","13,9"
Al-Farouq Aminu,2021,CHI,PF,30,"434,0","23,0","18,9","0,1","8,9"
George Hill,2021,PHI,PG,34,"672,0","30,0","22,4","1,4","13,1"
De'Anthony Melton,2021,MEM,PG,22,"1045,0","52,0","20,1","2,2","15,2"
Kyle Anderson,2021,MEM,PF,27,"1887,0","69,0","27,3","5,6","17,2"
Tristan Thompson,2021,BOS,PF,29,"1287,0","54,0","23,8","2,9","14,2"
Serge Ibaka,2021,LAC,C,31,"955,0","41,0","23,3","3,0","18,2"
Montrezl Harrell,2021,LAL,C,27,"1580,0","69,0","22,9","7,3","22,7"
Jae Crowder,2021,PHO,PF,30,"1648,0","60,0","27,5","3,3","11,8"
Derrick Favors,2021,UTA,C,29,"1039,0","68,0","15,3","5,1","19,7"
Ja Morant,2021,MEM,PG,21,"2053,0","63,0","32,6","3,2","16,7"
Delon Wright,2021,SAC,SG-PG,28,"1748,0","63,0","27,7","4,3","16,3"
Cedi Osman,2021,CLE,SF,25,"1510,0","59,0","25,6","0,5","10,3"
Tyus Jones,2021,MEM,PG,24,"1222,0","70,0","17,5","2,8","15,0"
James Wiseman,2021,GSW,C,19,"836,0","39,0","21,4","0,7","13,1"
Royce O'Neale,2021,UTA,SF,27,"2241,0","71,0","31,6","5,6","9,9"
Maxi Kleber,2021,DAL,PF,29,"1341,0","50,0","26,8","2,9","10,6"
Thomas Bryant,2021,WAS,C,23,"271,0","10,0","27,1","1,0","18,7"
RJ Barrett,2021,NYK,SG,20,"2511,0","72,0","34,9","4,1","13,4"
Jakob Poeltl,2021,SAS,C,25,"1845,0","69,0","26,7","5,7","17,5"
De'Aaron Fox,2021,SAC,PG,23,"2036,0","58,0","35,1","4,2","20,7"
Mason Plumlee,2021,DET,C,30,"1499,0","56,0","26,8","5,1","18,7"
Seth Curry,2021,PHI,SG,30,"1638,0","57,0","28,7","4,0","12,9"
Derrick Rose,2021,NYK,PG,32,"1279,0","50,0","25,6","3,1","18,3"
Rajon Rondo,2021,LAC,PG,34,"770,0","45,0","17,1","1,3","13,2"
De'Andre Hunter,2021,ATL,SF,23,"678,0","23,0","29,5","1,7","15,7"
Doug McDermott,2021,IND,PF,29,"1619,0","66,0","24,5","3,8","15,6"
Robin Lopez,2021,WAS,C,32,"1354,0","71,0","19,1","3,7","16,7"
JaMychal Green,2021,DEN,PF,30,"1120,0","58,0","19,3","2,6","13,6"
Nemanja Bjelica,2021,MIA,PF,32,"595,0","37,0","16,1","0,9","12,9"
Patrick Williams,2021,CHI,PF,19,"1983,0","71,0","27,9","2,5","10,5"
Ivica Zubac,2021,LAC,C,23,"1609,0","72,0","22,3","6,9","19,1"
Darius Miller,2021,OKC,SF,30,"197,0","18,0","10,9","0,6","15,9"
Aron Baynes,2021,TOR,C,34,"980,0","53,0","18,5","1,0","10,5"
Jabari Parker,2021,BOS,PF,25,"165,0","13,0","12,7","0,3","14,7"
Lauri Markkanen,2021,CHI,PF,23,"1317,0","51,0","25,8","3,0","15,2"
Darius Garland,2021,CLE,PG,21,"1790,0","54,0","33,1","1,2","14,2"
Trae Young,2021,ATL,PG,22,"2125,0","63,0","33,7","7,2","23,0"
Chris Boucher,2021,TOR,C,28,"1453,0","60,0","24,2","6,1","21,9"
Isaac Okoro,2021,CLE,SG,20,"2173,0","67,0","32,4","0,9","7,9"
Frank Ntilikina,2021,NYK,PG,22,"322,0","33,0","9,8","0,5","7,7"
Jarrett Culver,2021,MIN,SG,21,"499,0","34,0","14,7","-0,1","8,8"
Alec Burks,2021,NYK,SG,29,"1255,0","49,0","25,6","3,3","14,8"
Mo Bamba,2021,ORL,C,22,"725,0","46,0","15,8","1,8","19,3"
Onyeka Okongwu,2021,ATL,C,20,"601,0","50,0","12,0","1,9","16,8"
Justin Holiday,2021,IND,SG,31,"2183,0","72,0","30,3","3,1","10,4"
Avery Bradley,2021,HOU,SG,30,"602,0","27,0","22,3","-0,1","6,3"
Coby White,2021,CHI,PG,20,"2156,0","69,0","31,2","2,4","12,0"
Trey Lyles,2021,SAS,PF,25,"358,0","23,0","15,6","0,6","11,4"
Malik Monk,2021,CHO,SG,22,"878,0","42,0","20,9","1,0","13,6"
Killian Hayes,2021,DET,PG,19,"670,0","26,0","25,8","-1,1","5,3"
Luke Kennard,2021,LAC,SG,24,"1232,0","63,0","19,6","2,7","12,7"
Donovan Mitchell,2021,UTA,PG,24,"1771,0","53,0","33,4","6,2","21,3"
Rodney McGruder,2021,DET,SG,29,"194,0","16,0","12,1","0,5","16,1"
Bam Adebayo,2021,MIA,C,23,"2143,0","64,0","33,5","8,8","22,7"
Justin Jackson,2021,MIL,SF,25,"577,0","34,0","17,0","0,2","10,4"
Jaxson Hayes,2021,NOP,C,20,"964,0","60,0","16,1","3,5","19,1"
Ed Davis,2021,MIN,C,31,"299,0","23,0","13,0","0,8","13,1"
Mike Scott,2021,PHI,PF,32,"852,0","51,0","16,7","1,0","6,8"
Richaun Holmes,2021,SAC,C,27,"1782,0","61,0","29,2","6,1","20,2"
Daniel Theis,2021,CHI,C,28,"1601,0","65,0","24,6","4,3","15,0"
Nerlens Noel,2021,NYK,C,26,"1547,0","64,0","24,2","5,2","14,8"
Collin Sexton,2021,CLE,SG,22,"2115,0","60,0","35,2","3,5","18,0"
Pat Connaughton,2021,MIL,SG,28,"1575,0","69,0","22,8","3,5","11,3"
Obi Toppin,2021,NYK,PF,22,"683,0","62,0","11,0","1,5","12,7"
Kevon Looney,2021,GSW,C,24,"1161,0","61,0","19,0","3,4","11,9"
Garrett Temple,2021,CHI,SG,34,"1528,0","56,0","27,3","1,6","8,2"
Josh Jackson,2021,DET,SG,23,"1560,0","62,0","25,2","0,1","12,0"
Elfrid Payton,2021,NYK,PG,26,"1484,0","63,0","23,6","1,0","11,7"
Rui Hachimura,2021,WAS,PF,22,"1797,0","57,0","31,5","2,1","11,4"
Denzel Valentine,2021,CHI,SG,27,"1036,0","62,0","16,7","0,7","10,1"
Kevin Knox,2021,NYK,SF,21,"464,0","42,0","11,0","0,6","9,1"
Cam Reddish,2021,ATL,SF,21,"750,0","26,0","28,8","0,4","9,3"
Mikal Bridges,2021,PHO,SF,24,"2348,0","72,0","32,6","8,0","16,4"
Jalen Smith,2021,PHO,PF,20,"156,0","27,0","5,8","0,1","8,4"
Cameron Johnson,2021,PHO,PF,24,"1437,0","60,0","24,0","2,6","11,8"
JaVale McGee,2021,DEN,C,33,"678,0","46,0","14,7","1,0","17,0"
Reggie Bullock,2021,NYK,SF,29,"1949,0","65,0","30,0","4,6","11,1"
Shai Gilgeous-Alexander,2021,OKC,SG,22,"1180,0","35,0","33,7","3,5","21,6"
John Collins,2021,ATL,PF,23,"1848,0","63,0","29,3","6,7","20,6"
Willie Cauley-Stein,2021,DAL,C,27,"906,0","53,0","17,1","2,8","14,3"
Devin Vassell,2021,SAS,SF,20,"1056,0","62,0","17,0","1,5","10,6"
Dorian Finney-Smith,2021,DAL,PF,27,"1921,0","60,0","32,0","4,4","12,0"
Alex Len,2021,WAS,C,27,"979,0","64,0","15,3","2,7","16,4"
Terrance Ferguson,2021,PHI,SG,22,"49,0","13,0","3,8","-0,2","-7,1"
Miles Bridges,2021,CHO,PF,22,"1932,0","66,0","29,3","4,2","14,7"
Austin Rivers,2021,DEN,SG,28,"845,0","36,0","23,5","1,3","9,9"
Jevon Carter,2021,PHO,PG,25,"717,0","60,0","12,0","1,6","12,2"
Jarrett Allen,2021,CLE,C,22,"1864,0","63,0","29,6","6,4","20,1"
Gabriel Deck,2021,OKC,PF,25,"212,0","10,0","21,2","0,5","16,1"
Tyrese Haliburton,2021,SAC,PG,20,"1746,0","58,0","30,1","3,5","16,2"
Tyler Herro,2021,MIA,SG,21,"1635,0","54,0","30,3","1,7","13,3"
Patrick Patterson,2021,LAC,PF,31,"582,0","38,0","15,3","1,2","10,9"
Stanley Johnson,2021,TOR,PF,24,"1006,0","61,0","16,5","1,0","8,8"
Jake Layman,2021,MIN,SF,26,"627,0","45,0","13,9","0,7","11,4"
Jerome Robinson,2021,WAS,SG,23,"305,0","17,0","17,9","-0,4","4,1"
Romeo Langford,2021,BOS,SG,21,"283,0","18,0","15,7","0,0","5,1"
Wesley Matthews,2021,LAL,SG,34,"1130,0","58,0","19,5","1,7","7,2"
Bobby Portis,2021,MIL,C,25,"1372,0","66,0","20,8","4,8","19,9"
Wayne Ellington,2021,DET,SG,33,"1012,0","46,0","22,0","1,9","12,2"
Kyle Kuzma,2021,LAL,SF,25,"1954,0","68,0","28,7","3,3","12,7"
Tony Bradley,2021,OKC,C,23,"684,0","42,0","16,3","2,7","20,7"
Derrick White,2021,SAS,SG,26,"1064,0","36,0","29,6","1,9","15,0"
Bismack Biyombo,2021,CHO,C,28,"1349,0","66,0","20,4","2,3","11,7"
Josh Hart,2021,NOP,SF,25,"1349,0","47,0","28,7","2,7","12,2"
Aaron Nesmith,2021,BOS,SF,21,"669,0","46,0","14,5","1,1","9,4"
Sekou Doumbouya,2021,DET,PF,20,"869,0","56,0","15,5","-0,2","6,9"
Dewayne Dedmon,2021,MIA,C,31,"210,0","16,0","13,1","1,1","24,5"
Jeff Teague,2021,MIL,PG,32,"950,0","55,0","17,3","1,6","12,3"
Michael Carter-Williams,2021,ORL,SG,29,"800,0","31,0","25,8","-0,5","9,5"
Cole Anthony,2021,ORL,PG,20,"1273,0","47,0","27,1","0,0","12,1"
Taj Gibson,2021,NYK,C,35,"936,0","45,0","20,8","3,8","16,0"
Facundo Campazzo,2021,DEN,PG,29,"1425,0","65,0","21,9","3,1","11,6"
Isaiah Stewart,2021,DET,C,19,"1455,0","68,0","21,4","4,0","16,4"
Chuma Okeke,2021,ORL,PF,22,"1133,0","45,0","25,2","1,3","11,8"
Nickeil Alexander-Walker,2021,NOP,SG,22,"1007,0","46,0","21,9","0,7","12,5"
DeMarcus Cousins,2021,LAC,C,30,"713,0","41,0","17,4","1,2","16,4"
Donte DiVincenzo,2021,MIL,SG,24,"1814,0","66,0","27,5","3,6","13,0"
Khem Birch,2021,TOR,C,28,"1529,0","67,0","22,8","3,8","15,1"
Ryan Arcidiacono,2021,CHI,PG,26,"450,0","44,0","10,2","0,9","9,8"
Trey Burke,2021,DAL,PG,28,"911,0","62,0","14,7","1,4","12,6"
Aleksej Pokusevski,2021,OKC,PF,19,"1090,0","45,0","24,2","-1,9","6,1"
Goga Bitadze,2021,IND,C,21,"561,0","45,0","12,5","1,5","16,3"
Ben McLemore,2021,LAL,SG,27,"905,0","53,0","17,1","0,2","8,5"
Josh Green,2021,DAL,SG,20,"445,0","39,0","11,4","0,5","8,8"
Kevin Huerter,2021,ATL,SG,22,"2126,0","69,0","30,8","3,6","12,2"
Alex Caruso,2021,LAL,PG,26,"1216,0","58,0","21,0","2,4","11,1"
Matisse Thybulle,2021,PHI,SG,23,"1298,0","65,0","20,0","2,8","10,1"
Saddiq Bey,2021,DET,SF,21,"1909,0","70,0","27,3","3,3","12,6"
Josh Okogie,2021,MIN,SG,22,"1197,0","59,0","20,3","1,3","9,1"
Vincent Poirier,2021,PHI,C,27,"39,0","10,0","3,9","-0,1","1,6"
Brandon Clarke,2021,MEM,PF,24,"1415,0","59,0","24,0","4,2","17,3"
Precious Achiuwa,2021,MIA,PF,21,"737,0","61,0","12,1","1,3","14,2"
Jeff Green,2021,BRK,C,34,"1835,0","68,0","27,0","4,1","13,0"
Jared Dudley,2021,LAL,PF,35,"81,0","12,0","6,8","0,1","4,4"
Marc Gasol,2021,LAL,C,36,"993,0","52,0","19,1","2,8","12,2"
Dwight Howard,2021,PHI,C,35,"1196,0","69,0","17,3","4,0","17,8"
Grayson Allen,2021,MEM,SG,25,"1259,0","50,0","25,2","2,7","12,8"
Grant Williams,2021,BOS,PF,22,"1138,0","63,0","18,1","1,1","7,5"
Tyrese Maxey,2021,PHI,SG,20,"935,0","61,0","15,3","1,9","14,5"
Chandler Hutchison,2021,WAS,SF,24,"346,0","25,0","13,8","-0,1","6,8"
Mfiondu Kabengele,2021,CLE,PF,23,"280,0","39,0","7,2","0,2","9,5"
Darius Bazley,2021,OKC,PF,20,"1714,0","55,0","31,2","-0,9","9,7"
Moritz Wagner,2021,ORL,C,23,"722,0","45,0","16,0","1,2","12,5"
Zeke Nnaji,2021,DEN,PF,20,"397,0","42,0","9,5","0,9","11,3"
Aaron Holiday,2021,IND,PG,24,"1176,0","66,0","17,8","0,2","9,2"
Bryn Forbes,2021,MIL,SG,27,"1354,0","70,0","19,3","2,7","12,8"
Reggie Jackson,2021,LAC,SG,30,"1544,0","67,0","23,0","3,7","14,2"
Markieff Morris,2021,LAL,PF,31,"1200,0","61,0","19,7","1,6","9,3"
E'Twaun Moore,2021,PHO,SG,31,"389,0","27,0","14,4","0,4","10,4"
Kent Bazemore,2021,GSW,SF,31,"1333,0","67,0","19,9","1,8","10,6"
Hassan Whiteside,2021,SAC,C,31,"546,0","36,0","15,2","0,9","19,2"
Ty Jerome,2021,OKC,SG,23,"788,0","33,0","23,9","1,3","13,4"
Mike Muscala,2021,OKC,C,29,"645,0","35,0","18,4","1,3","14,7"
Anfernee Simons,2021,POR,SG,21,"1104,0","64,0","17,2","1,8","12,3"
Luke Kornet,2021,BOS,C-PF,25,"348,0","31,0","11,2","0,7","13,3"
Brad Wanamaker,2021,CHO,PG,31,"1053,0","61,0","17,3","0,9","9,5"
Nassir Little,2021,POR,PF,20,"640,0","48,0","13,3","1,1","11,6"
Solomon Hill,2021,ATL,PF,29,"1513,0","71,0","21,3","1,3","6,7"
Matthew Dellavedova,2021,CLE,PG,30,"224,0","13,0","17,2","0,0","7,3"
Edmond Sumner,2021,IND,SG,25,"861,0","53,0","16,2","1,4","12,7"
Dylan Windler,2021,CLE,SF,24,"513,0","31,0","16,5","0,5","10,8"
Immanuel Quickley,2021,NYK,PG,21,"1243,0","64,0","19,4","3,2","15,8"
John Konchar,2021,MEM,SG,24,"575,0","43,0","13,4","1,7","14,8"
Landry Shamet,2021,BRK,SG,23,"1403,0","61,0","23,0","1,8","10,3"
Jordan Poole,2021,GSW,SG,21,"988,0","51,0","19,4","1,9","15,1"
Bol Bol,2021,DEN,PF,21,"160,0","32,0","5,0","0,0","9,4"
Keldon Johnson,2021,SAS,SF,21,"1968,0","69,0","28,5","3,3","13,8"
Payton Pritchard,2021,BOS,SG,23,"1268,0","66,0","19,2","2,5","12,4"
Robert Williams,2021,BOS,C,23,"985,0","52,0","18,9","5,3","25,7"
Tyler Johnson,2021,BRK,SG,28,"684,0","39,0","17,5","0,7","8,2"
Langston Galloway,2021,PHO,SG,29,"438,0","40,0","11,0","0,9","12,1"
Gary Clark,2021,PHI,PF-SF,26,"654,0","39,0","16,8","0,1","6,0"
Damyean Dotson,2021,CLE,SG,26,"907,0","46,0","19,7","0,0","8,1"
Kenrich Williams,2021,OKC,PF,26,"1426,0","66,0","21,6","2,8","14,0"
Quinn Cook,2021,CLE,PG,27,"157,0","23,0","6,8","0,2","12,7"
Cameron Payne,2021,PHO,PG,26,"1079,0","60,0","18,0","3,6","17,4"
Udoka Azubuike,2021,UTA,C,21,"57,0","15,0","3,8","0,1","10,3"
Jaden McDaniels,2021,MIN,PF,20,"1511,0","63,0","24,0","1,4","8,9"
Malachi Flynn,2021,TOR,PG,22,"928,0","47,0","19,7","0,8","10,9"
Desmond Bane,2021,MEM,SG,22,"1519,0","68,0","22,3","2,9","12,2"
Jontay Porter,2021,MEM,PF,21,"54,0","11,0","4,9","0,0","9,2"
Jahlil Okafor,2021,DET,C,25,"347,0","27,0","12,9","0,6","13,1"
JaKarr Sampson,2021,IND,PF,27,"316,0","29,0","10,9","0,3","10,9"
Raul Neto,2021,WAS,PG,28,"1403,0","64,0","21,9","2,8","13,0"
David Nwaba,2021,HOU,SF,28,"679,0","30,0","22,6","1,3","14,4"
Georges Niang,2021,UTA,PF,27,"1154,0","72,0","16,0","2,6","11,4"
Rodions Kurucs,2021,MIL,SF-PF,22,"125,0","21,0","6,0","-0,1","6,3"
PJ Dozier,2021,DEN,SG,24,"1088,0","50,0","21,8","1,1","10,4"
Damion Lee,2021,GSW,SG,28,"1079,0","57,0","18,9","2,7","11,8"
Alfonzo McKinnie,2021,LAL,SF,28,"258,0","39,0","6,6","0,8","15,5"
Furkan Korkmaz,2021,PHI,SG,23,"1062,0","55,0","19,3","2,0","12,8"
Semi Ojeleye,2021,BOS,PF,26,"950,0","56,0","17,0","1,2","8,3"
Abdel Nader,2021,PHO,SF,27,"355,0","24,0","14,8","0,7","13,4"
Frank Kaminsky,2021,PHO,C,27,"715,0","47,0","15,2","2,0","15,8"
Monte Morris,2021,DEN,PG,25,"1196,0","47,0","25,4","2,9","14,0"
Brandon Goodwin,2021,ATL,PG,25,"620,0","47,0","13,2","0,2","9,2"
Thanasis Antetokounmpo,2021,MIL,SF,28,"551,0","57,0","9,7","0,7","10,3"
Shake Milton,2021,PHI,SG,24,"1461,0","63,0","23,2","2,8","14,6"
Ignas Brazdeikis,2021,ORL,SF,22,"249,0","13,0","19,2","0,1","9,5"
Sterling Brown,2021,HOU,SG,25,"1229,0","51,0","24,1","1,8","11,1"
Dwayne Bacon,2021,ORL,SG,25,"1853,0","72,0","25,7","0,5","9,9"
Torrey Craig,2021,PHO,SF,30,"803,0","50,0","16,1","2,2","14,2"
Bruce Brown,2021,BRK,PG,24,"1451,0","65,0","22,3","4,4","16,1"
Jalen Brunson,2021,DAL,PG,24,"1697,0","68,0","25,0","5,1","17,1"
Hamidou Diallo,2021,DET,SG-SF,22,"1226,0","52,0","23,6","1,6","14,3"
Duncan Robinson,2021,MIA,SF,26,"2262,0","72,0","31,4","3,7","11,0"
Kendrick Nunn,2021,MIA,PG,25,"1650,0","56,0","29,5","2,9","14,2"
Jarred Vanderbilt,2021,MIN,PF,21,"1139,0","64,0","17,8","3,1","16,2"
Mitchell Robinson,2021,NYK,C,22,"853,0","31,0","27,5","3,4","17,7"
Isaac Bonga,2021,WAS,SF,21,"432,0","40,0","10,8","0,0","4,0"
Isaiah Hartenstein,2021,CLE,C,22,"559,0","46,0","12,2","1,6","17,9"
Wenyen Gabriel,2021,NOP,PF,23,"241,0","21,0","11,5","0,3","9,8"
Harry Giles,2021,POR,C,22,"348,0","38,0","9,2","0,5","12,4"
Drew Eubanks,2021,SAS,C,23,"755,0","54,0","14,0","2,3","17,9"
Bruno Fernando,2021,ATL,C,22,"226,0","33,0","6,8","-0,1","6,2"
Carsen Edwards,2021,BOS,SG,22,"276,0","31,0","8,9","0,3","10,2"
Cody Martin,2021,CHO,SF,25,"849,0","52,0","16,3","1,1","10,6"
Caleb Martin,2021,CHO,SF,25,"818,0","53,0","15,4","0,5","9,5"
Jalen McDaniels,2021,CHO,SF,23,"904,0","47,0","19,2","1,2","11,4"
Javonte Green,2021,CHI,SF-SG,27,"473,0","41,0","11,5","1,1","12,1"
Dean Wade,2021,CLE,PF,24,"1212,0","63,0","19,2","2,0","11,3"
Eric Paschall,2021,GSW,PF,24,"695,0","40,0","17,4","0,9","13,4"
Mychal Mulder,2021,GSW,PG,26,"766,0","60,0","12,8","1,2","10,8"
Terance Mann,2021,LAC,SG,24,"1263,0","67,0","18,9","3,7","13,8"
Talen Horton-Tucker,2021,LAL,SG,20,"1304,0","65,0","20,1","2,1","12,9"
KZ Okpala,2021,MIA,PF,21,"447,0","37,0","12,1","0,1","5,2"
Naz Reid,2021,MIN,C,21,"1347,0","70,0","19,2","3,2","18,2"
Jaylen Nowell,2021,MIN,SG,21,"759,0","42,0","18,1","0,7","12,3"
Luguentz Dort,2021,OKC,SG,21,"1543,0","52,0","29,7","0,3","10,1"
Isaiah Roby,2021,OKC,PF,22,"1425,0","61,0","23,4","1,3","11,9"
Justin James,2021,SAC,SF,24,"310,0","36,0","8,6","0,1","11,3"
Terence Davis,2021,SAC,SG,23,"1074,0","61,0","17,6","0,8","12,7"
Chris Silva,2021,SAC,PF,24,"92,0","15,0","6,1","0,2","11,5"
Matt Thomas,2021,UTA,SG,26,"326,0","45,0","7,2","0,2","9,1"
Miye Oni,2021,UTA,SG,23,"519,0","54,0","9,6","0,9","6,4"
Juwan Morgan,2021,UTA,PF,23,"147,0","29,0","5,1","0,3","8,5"
Daniel Gafford,2021,WAS,PF-C,22,"791,0","54,0","14,6","3,5","22,2"
Damian Jones,2021,SAC,C,25,"547,0","39,0","14,0","1,6","14,6"
Jae'Sean Tate,2021,HOU,SF,25,"2043,0","70,0","29,2","3,8","13,8"
DaQuan Jeffries,2021,HOU,SG,23,"493,0","31,0","15,9","0,3","7,9"
Kelan Martin,2021,IND,SF,25,"322,0","35,0","9,2","0,4","13,9"
Paul Watson,2021,TOR,SF,26,"297,0","27,0","11,0","0,6","10,9"
Tyrell Terry,2021,DAL,PG,20,"56,0","11,0","5,1","-0,1","6,0"
Oshae Brissett,2021,IND,SF,22,"519,0","21,0","24,7","1,8","17,2"
Moses Brown,2021,OKC,C,21,"920,0","43,0","21,4","2,6","18,8"
Sindarius Thornwell,2021,ORL,SG,26,"217,0","21,0","10,3","0,0","6,6"
Glenn Robinson III,2021,SAC,SF,27,"369,0","23,0","16,0","0,3","9,0"
Norvel Pelle,2021,NYK,C,27,"84,0","13,0","6,5","0,2","11,6"
Nick Richards,2021,CHO,PF,23,"63,0","18,0","3,5","0,0","5,5"
Lamar Stevens,2021,CLE,PF,23,"499,0","40,0","12,5","0,4","10,5"
Jahmi'us Ramsey,2021,SAC,SG,19,"94,0","13,0","7,2","0,0","10,5"
Juan Toscano-Anderson,2021,GSW,SG,27,"1107,0","53,0","20,9","3,0","12,6"
Shaquille Harrison,2021,DEN,SG,27,"333,0","34,0","9,8","0,2","6,8"
Chimezie Metu,2021,SAC,C,23,"488,0","36,0","13,6","0,6","14,5"
Deividas Sirvydis,2021,DET,SG,20,"133,0","20,0","6,6","0,0","5,7"
Daniel Oturu,2021,LAC,C,21,"161,0","30,0","5,4","0,3","12,5"
Jordan Nwora,2021,MIL,SF,22,"274,0","30,0","9,1","0,4","16,1"
Sam Merrill,2021,MIL,SG,24,"233,0","30,0","7,8","0,5","11,9"
Isaiah Joe,2021,PHI,SG,21,"383,0","41,0","9,3","0,6","9,5"
CJ Elleby,2021,POR,SF,20,"192,0","30,0","6,4","0,1","9,4"
Tre Jones,2021,SAS,PG,21,"269,0","37,0","7,3","0,4","12,1"
Elijah Hughes,2021,UTA,SF,22,"64,0","18,0","3,6","0,0","8,4"
Anthony Gill,2021,WAS,PF,28,"218,0","26,0","8,4","0,6","13,7"
Theo Pinson,2021,NYK,SG,25,"34,0","17,0","2,0","-0,1","-8,1"
Yuta Watanabe,2021,TOR,SF,26,"723,0","50,0","14,5","1,5","12,2"
Tremont Waters,2021,BOS,PG,23,"238,0","26,0","9,2","0,4","14,6"
Frank Jackson,2021,DET,PG,22,"738,0","40,0","18,4","1,2","13,2"
Rayjon Tucker,2021,PHI,PG,23,"68,0","14,0","4,9","0,2","15,1"
Tyler Cook,2021,DET,SF-PF,23,"438,0","32,0","13,7","0,8","12,8"
Garrison Mathews,2021,WAS,SG,24,"1038,0","64,0","16,2","2,3","9,7"
Gabe Vincent,2021,MIA,PG,24,"655,0","50,0","13,1","0,2","7,6"
Tacko Fall,2021,BOS,C,25,"136,0","19,0","7,2","0,5","19,6"
Max Strus,2021,MIA,SF,24,"507,0","39,0","13,0","0,9","12,1"
Alize Johnson,2021,BRK,PF,24,"189,0","18,0","10,5","0,9","23,5"
Anthony Tolliver,2021,PHI,PF,35,"99,0","11,0","9,0","0,1","4,0"
Paul Reed,2021,PHI,PF,21,"177,0","26,0","6,8","0,6","21,2"
Amir Coffey,2021,LAC,SG,23,"394,0","44,0","9,0","0,7","10,1"
Naji Marshall,2021,NOP,SF,23,"700,0","32,0","21,9","0,9","11,4"
Kyle Guy,2021,SAC,PG,23,"235,0","31,0","7,6","-0,1","8,5"
Markus Howard,2021,DEN,SG,21,"205,0","37,0","5,5","-0,3","6,4"
Skylar Mays,2021,ATL,SG,23,"269,0","33,0","8,2","0,8","16,8"
Mamadi Diakite,2021,MIL,PF,24,"141,0","14,0","10,1","0,3","12,3"
Nathan Knight,2021,ATL,PF,23,"279,0","33,0","8,5","0,4","13,9"
Saben Lee,2021,DET,PG,21,"781,0","48,0","16,3","1,5","13,8"
Jarrell Brantley,2021,UTA,PF,24,"138,0","28,0","4,9","0,5","16,6"
Jordan McLaughlin,2021,MIN,PG,24,"938,0","51,0","18,4","1,2","12,0"
Rondae Hollis-Jefferson,2021,POR,PF,26,"107,0","11,0","9,7","0,3","14,4"
Reggie Perry,2021,BRK,PF,20,"211,0","26,0","8,1","0,2","11,0"
Cassius Stanley,2021,IND,SG,21,"93,0","24,0","3,9","-0,1","5,5"
Trent Forrest,2021,UTA,PG,22,"302,0","30,0","10,1","0,7","11,2"
Chris Chiozza,2021,BRK,PG,25,"232,0","22,0","10,5","0,3","12,9"
Devon Dotson,2021,CHI,PG,21,"50,0","11,0","4,5","0,2","19,3"
Adam Mokoka,2021,CHI,SG,22,"56,0","14,0","4,0","-0,1","2,2"
Tyler Bey,2021,DAL,SF,22,"71,0","18,0","3,9","0,0","5,9"
Nate Hinton,2021,DAL,SG,21,"93,0","21,0","4,4","0,0","10,4"
Nico Mannion,2021,GSW,PG,19,"364,0","30,0","12,1","0,2","9,3"
Devontae Cacok,2021,LAL,PF,24,"98,0","20,0","4,9","0,3","17,2"
Kostas Antetokounmpo,2021,LAL,PF,23,"56,0","15,0","3,7","-0,2","0,0"
Killian Tillie,2021,MEM,C,22,"182,0","18,0","10,1","0,2","8,5"
Sean McDermott,2021,MEM,SF,24,"158,0","18,0","8,8","0,2","7,2"
Josh Hall,2021,OKC,SF,20,"336,0","21,0","16,0","-0,9","1,0"
Ty-Shon Alexander,2021,PHO,SG,22,"47,0","15,0","3,1","0,0","4,2"
Keljin Blevins,2021,POR,SF,25,"75,0","17,0","4,4","-0,2","-0,9"
Keita Bates-Diop,2021,SAS,SF,25,"245,0","30,0","8,2","0,3","12,0"
Quinndary Weatherspoon,2021,SAS,SG,24,"121,0","20,0","6,0","0,1","9,6"
Jalen Harris,2021,TOR,SG,22,"172,0","13,0","13,2","0,3","15,2"
Cassius Winston,2021,WAS,PG,22,"98,0","22,0","4,5","0,1","10,8"
Yogi Ferrell,2021,LAC,PG,27,"136,0","10,0","13,6","0,3","14,4"
Mason Jones,2021,PHI,SG,22,"334,0","32,0","10,4","0,2","12,1"
Brodric Thomas,2021,CLE,SG,24,"399,0","32,0","12,5","0,1","8,0"
Donta Hall,2021,ORL,PF,23,"179,0","13,0","13,8","0,8","22,3"
Freddie Gillespie,2021,TOR,PF,23,"392,0","20,0","19,6","0,9","13,4"
Chasson Randle,2021,ORL,PG,27,"837,0","41,0","20,4","0,0","7,4"
Justin Patton,2021,HOU,C,23,"247,0","13,0","19,0","0,4","11,6"
Gary Payton II,2021,GSW,PG,28,"40,0","10,0","4,0","0,3","29,2"
Mike James,2021,BRK,PG,30,"236,0","13,0","18,2","0,1","11,9"
Anthony Lamb,2021,HOU,SF,23,"415,0","24,0","17,3","0,2","8,7"
Armoni Brooks,2021,HOU,SG,22,"520,0","20,0","26,0","0,3","10,4"
Jordan Bone,2021,ORL,PG,23,"196,0","14,0","14,0","0,2","8,9"
Jaylen Hoard,2021,OKC,SF,21,"320,0","19,0","16,8","0,5","13,4"
Stephen Curry,2022,GSW,PG,33,"2211,0","64,0","34,5","8,0","21,4"
James Harden,2022,PHI,PG-SG,32,"2419,0","65,0","37,2","7,6","20,9"
Russell Westbrook,2022,LAL,PG,33,"2678,0","78,0","34,3","1,7","15,0"
Kevin Durant,2022,BRK,PF,33,"2047,0","55,0","37,2","8,4","25,6"
LeBron James,2022,LAL,SF,37,"2084,0","56,0","37,2","7,5","26,2"
Paul George,2022,LAC,SF,31,"1077,0","31,0","34,7","1,3","18,6"
Giannis Antetokounmpo,2022,MIL,PF,27,"2204,0","67,0","32,9","12,9","32,1"
Damian Lillard,2022,POR,PG,31,"1056,0","29,0","36,4","1,7","18,5"
Klay Thompson,2022,GSW,SG,31,"941,0","32,0","29,4","1,8","16,7"
Jimmy Butler,2022,MIA,SF,32,"1931,0","57,0","33,9","9,2","23,6"
Tobias Harris,2022,PHI,PF,29,"2543,0","73,0","34,8","5,6","15,9"
Khris Middleton,2022,MIL,SF,30,"2141,0","66,0","32,4","5,3","18,1"
Anthony Davis,2022,LAL,C,28,"1404,0","40,0","35,1","4,5","23,9"
Rudy Gobert,2022,UTA,C,29,"2120,0","66,0","32,1","11,7","24,7"
Kyrie Irving,2022,BRK,PG,29,"1091,0","29,0","37,6","3,3","21,4"
Kemba Walker,2022,NYK,PG,31,"948,0","37,0","25,6","1,8","13,9"
Bradley Beal,2022,WAS,SG,28,"1439,0","40,0","36,0","1,4","17,5"
Pascal Siakam,2022,TOR,PF,27,"2578,0","68,0","37,9","8,1","20,3"
Blake Griffin,2022,BRK,PF,32,"958,0","56,0","17,1","2,1","13,7"
Karl-Anthony Towns,2022,MIN,C,26,"2476,0","74,0","33,5","10,3","24,1"
Devin Booker,2022,PHO,SG,25,"2345,0","68,0","34,5","7,6","21,3"
Andrew Wiggins,2022,GSW,SF,26,"2329,0","73,0","31,9","5,1","15,0"
Joel Embiid,2022,PHI,C,27,"2297,0","68,0","33,8","12,0","31,2"
Kevin Love,2022,CLE,PF,33,"1665,0","74,0","22,5","5,7","19,6"
Jrue Holiday,2022,MIL,PG,31,"2207,0","67,0","32,9","6,9","19,8"
CJ McCollum,2022,NOP,SG,30,"2145,0","62,0","34,6","3,6","18,3"
Chris Paul,2022,PHO,PG,36,"2139,0","65,0","32,9","9,4","20,8"
D'Angelo Russell,2022,MIN,PG,25,"2077,0","65,0","32,0","4,4","16,3"
Gordon Hayward,2022,CHO,SF,31,"1564,0","49,0","31,9","2,8","15,1"
Brandon Ingram,2022,NOP,SF,24,"1869,0","55,0","34,0","3,9","18,7"
Jayson Tatum,2022,BOS,SF,23,"2731,0","76,0","35,9","9,6","21,8"
Bam Adebayo,2022,MIA,C,24,"1825,0","56,0","32,6","7,2","21,8"
De'Aaron Fox,2022,SAC,PG,24,"2083,0","59,0","35,3","2,5","17,4"
Donovan Mitchell,2022,UTA,SG,25,"2266,0","67,0","33,8","7,2","21,6"
Al Horford,2022,BOS,C,35,"2005,0","69,0","29,1","7,6","16,7"
Kyle Lowry,2022,MIA,PG,35,"2133,0","63,0","33,9","6,4","15,0"
Jaylen Brown,2022,BOS,SF,25,"2220,0","66,0","33,6","5,8","18,9"
DeMar DeRozan,2022,CHI,PF,32,"2743,0","76,0","36,1","8,8","23,1"
Draymond Green,2022,GSW,PF,31,"1329,0","46,0","28,9","3,6","14,3"
Buddy Hield,2022,IND,SG,29,"2499,0","81,0","30,9","1,9","12,9"
John Collins,2022,ATL,PF,24,"1663,0","54,0","30,8","5,1","18,7"
Malcolm Brogdon,2022,IND,PG,29,"1206,0","36,0","33,5","2,7","18,0"
Mike Conley,2022,UTA,PG,34,"2058,0","72,0","28,6","6,7","17,2"
Gary Harris,2022,ORL,SG,27,"1730,0","61,0","28,4","2,2","10,9"
Danilo Gallinari,2022,ATL,PF,33,"1672,0","66,0","25,3","3,6","14,3"
Harrison Barnes,2022,SAC,PF,29,"2587,0","77,0","33,6","6,0","15,7"
Jerami Grant,2022,DET,PF,27,"1500,0","47,0","31,9","2,3","16,1"
Jarrett Allen,2022,CLE,C,23,"1809,0","56,0","32,3","8,5","23,0"
Julius Randle,2022,NYK,PF,27,"2544,0","72,0","35,3","3,1","15,7"
Fred VanVleet,2022,TOR,PG,27,"2462,0","65,0","37,9","6,7","17,3"
Zach LaVine,2022,CHI,SF,26,"2328,0","67,0","34,7","5,8","20,0"
Spencer Dinwiddie,2022,DAL,PG,28,"1980,0","67,0","29,6","4,1","15,1"
Domantas Sabonis,2022,SAC,C-PF,25,"2136,0","62,0","34,5","7,1","21,9"
Eric Gordon,2022,HOU,SG,33,"1669,0","57,0","29,3","1,4","12,1"
Eric Bledsoe,2022,LAC,PG,32,"1361,0","54,0","25,2","1,3","12,5"
Myles Turner,2022,IND,C,25,"1235,0","42,0","29,4","3,1","17,4"
Terry Rozier,2022,CHO,SG,27,"2458,0","73,0","33,7","5,9","17,6"
Ricky Rubio,2022,CLE,PG,31,"970,0","34,0","28,5","1,3","14,0"
Clint Capela,2022,ATL,C,27,"2042,0","74,0","27,6","8,3","21,4"
Caris LeVert,2022,CLE,SG,27,"1781,0","58,0","30,7","2,2","15,1"
Joe Harris,2022,BRK,SF,30,"423,0","14,0","30,2","0,5","9,6"
Evan Fournier,2022,NYK,SG,29,"2358,0","80,0","29,5","3,7","12,3"
Steven Adams,2022,MEM,C,28,"1999,0","76,0","26,3","6,8","17,6"
Markelle Fultz,2022,ORL,PG,23,"360,0","18,0","20,0","0,4","17,7"
Aaron Gordon,2022,DEN,PF,26,"2376,0","75,0","31,7","5,2","15,3"
OG Anunoby,2022,TOR,SF,24,"1728,0","48,0","36,0","3,7","14,8"
Lauri Markkanen,2022,CLE,PF,24,"1878,0","61,0","30,8","5,0","14,7"
Derrick White,2022,BOS,SG,27,"2199,0","75,0","29,3","5,1","14,8"
Duncan Robinson,2022,MIA,SG,27,"2043,0","79,0","25,9","3,9","10,6"
Marcus Morris,2022,LAC,PF,32,"1564,0","54,0","29,0","2,4","13,7"
Will Barton,2022,DEN,SG,31,"2277,0","71,0","32,1","3,2","13,4"
Norman Powell,2022,LAC,SF-SG,28,"1458,0","45,0","32,4","2,8","16,3"
Dejounte Murray,2022,SAS,PG,25,"2366,0","68,0","34,8","7,3","22,3"
Malik Beasley,2022,MIN,SG,25,"1976,0","79,0","25,0","2,9","11,9"
Patrick Beverley,2022,MIN,PG,33,"1476,0","58,0","25,4","4,1","14,8"
Thaddeus Young,2022,TOR,PF,33,"845,0","52,0","16,2","2,2","17,0"
Marcus Smart,2022,BOS,PG,27,"2296,0","71,0","32,3","5,6","13,6"
Doug McDermott,2022,SAS,PF,30,"1223,0","51,0","24,0","1,6","11,4"
Christian Wood,2022,HOU,C,26,"2094,0","68,0","30,8","4,9","19,1"
Derrick Rose,2022,NYK,PG,33,"636,0","26,0","24,5","1,4","16,9"
Luke Kennard,2022,LAC,SG,25,"1919,0","70,0","27,4","4,5","13,3"
Taurean Prince,2022,MIN,PF,27,"1177,0","69,0","17,1","2,2","12,4"
Brook Lopez,2022,MIL,C,33,"298,0","13,0","22,9","0,7","16,0"
Kentavious Caldwell-Pope,2022,WAS,SG,28,"2329,0","77,0","30,2","2,8","12,6"
Joe Ingles,2022,UTA,SF,34,"1122,0","45,0","24,9","2,2","10,0"
Kyle Kuzma,2022,WAS,PF,26,"2204,0","66,0","33,4","2,0","15,2"
Robert Covington,2022,LAC,PF-SF,31,"1940,0","71,0","27,3","3,2","12,4"
Terrence Ross,2022,ORL,SG,30,"1448,0","63,0","23,0","0,3","10,0"
Jordan Clarkson,2022,UTA,SG,29,"2141,0","79,0","27,1","3,5","14,9"
Dillon Brooks,2022,MEM,SF,26,"885,0","32,0","27,7","1,6","15,5"
Kelly Olynyk,2022,DET,C,30,"764,0","40,0","19,1","1,6","16,7"
Nicolas Batum,2022,LAC,PF,33,"1462,0","59,0","24,8","3,7","13,5"
Josh Hart,2022,POR,SG-SF,26,"1791,0","54,0","33,2","4,4","16,1"
Josh Richardson,2022,SAS,SG,28,"1600,0","65,0","24,6","3,5","12,8"
DeAndre Jordan,2022,PHI,C,33,"622,0","48,0","13,0","1,9","17,2"
Dwight Powell,2022,DAL,C,30,"1798,0","82,0","21,9","8,2","18,1"
Jeremy Lamb,2022,SAC,SF-SG,29,"935,0","56,0","16,7","1,2","13,3"
Reggie Jackson,2022,LAC,SG,31,"2337,0","75,0","31,2","0,4","12,1"
Richaun Holmes,2022,SAC,C,28,"1074,0","45,0","23,9","3,2","17,8"
Anthony Edwards,2022,MIN,SG,20,"2466,0","72,0","34,2","4,3","16,5"
Cade Cunningham,2022,DET,PG,20,"2088,0","64,0","32,6","-0,5","13,1"
Danny Green,2022,PHI,SF,34,"1353,0","62,0","21,8","1,9","9,5"
Tristan Thompson,2022,CHI,PF,30,"897,0","57,0","15,7","1,6","14,9"
Kyle Anderson,2022,MEM,PF,28,"1484,0","69,0","21,5","3,5","14,4"
Montrezl Harrell,2022,CHO,C,28,"1641,0","71,0","23,1","7,3","23,2"
Serge Ibaka,2022,MIL,C-PF,32,"877,0","54,0","16,2","2,0","14,4"
Derrick Favors,2022,OKC,C,30,"653,0","39,0","16,7","1,4","13,6"
Jae Crowder,2022,PHO,PF,31,"1886,0","67,0","28,1","4,3","11,3"
Ja Morant,2022,MEM,PG,22,"1889,0","57,0","33,1","6,7","24,4"
Reggie Bullock,2022,DAL,SF,30,"1902,0","68,0","28,0","3,2","9,2"
Alec Burks,2022,NYK,SG,30,"2318,0","81,0","28,6","6,1","13,7"
Talen Horton-Tucker,2022,LAL,SG,21,"1511,0","60,0","25,2","1,1","11,0"
Mason Plumlee,2022,CHO,C,31,"1793,0","73,0","24,6","4,7","14,7"
Jalen Green,2022,HOU,SG,19,"2138,0","67,0","31,9","0,7","12,5"
De'Anthony Melton,2022,MEM,SG,23,"1657,0","73,0","22,7","3,7","15,2"
Nerlens Noel,2022,NYK,C,27,"562,0","25,0","22,5","1,5","11,8"
Royce O'Neale,2022,UTA,SF,28,"2406,0","77,0","31,2","5,5","10,3"
Maxi Kleber,2022,DAL,PF,30,"1450,0","59,0","24,6","3,0","11,0"
Jakob Poeltl,2022,SAS,C,26,"1970,0","68,0","29,0","6,9","20,8"
Thomas Bryant,2022,WAS,C,24,"439,0","27,0","16,3","1,1","16,6"
RJ Barrett,2022,NYK,SF,21,"2417,0","70,0","34,5","2,3","13,7"
Alex Caruso,2022,CHI,SG,27,"1147,0","41,0","28,0","2,0","11,7"
Delon Wright,2022,ATL,SG,29,"1452,0","77,0","18,9","3,6","13,8"
Monte Morris,2022,DEN,PG,26,"2239,0","75,0","29,9","5,4","14,7"
Tyus Jones,2022,MEM,PG,25,"1549,0","73,0","21,2","5,1","16,5"
Trae Young,2022,ATL,PG,23,"2652,0","76,0","34,9","10,0","25,4"
Daniel Theis,2022,BOS,C,29,"977,0","47,0","20,8","1,9","13,2"
LaMelo Ball,2022,CHO,PG,20,"2422,0","75,0","32,3","5,8","19,7"
Seth Curry,2022,BRK,SG,31,"2135,0","64,0","33,4","4,2","13,7"
JaMychal Green,2022,DEN,PF,31,"1085,0","67,0","16,2","2,7","14,1"
Cedi Osman,2022,CLE,SF,26,"1462,0","66,0","22,2","2,9","13,3"
Evan Mobley,2022,CLE,PF,20,"2331,0","69,0","33,8","5,2","16,1"
De'Andre Hunter,2022,ATL,SF,24,"1577,0","53,0","29,8","1,1","10,6"
Mo Bamba,2022,ORL,C,23,"1824,0","71,0","25,7","4,5","16,5"
Ivica Zubac,2022,LAC,C,24,"1852,0","76,0","24,4","7,2","19,2"
Rajon Rondo,2022,CLE,PG,35,"697,0","39,0","17,9","0,7","10,9"
Patrick Williams,2022,CHI,PF,20,"422,0","17,0","24,8","0,9","12,7"
Cory Joseph,2022,DET,PG,30,"1600,0","65,0","24,6","2,5","11,4"
Scottie Barnes,2022,TOR,PF,20,"2617,0","74,0","35,4","6,6","16,3"
Darius Garland,2022,CLE,PG,22,"2430,0","68,0","35,7","6,3","19,0"
Chris Boucher,2022,TOR,PF,29,"1690,0","80,0","21,1","6,0","17,9"
Zach Collins,2022,SAS,PF,24,"502,0","28,0","17,9","1,2","16,4"
Isaac Okoro,2022,CLE,SF,21,"1981,0","67,0","29,6","4,2","10,4"
Jalen Suggs,2022,ORL,PG,20,"1307,0","48,0","27,2","-1,6","8,6"
Cameron Payne,2022,PHO,PG,27,"1278,0","58,0","22,0","1,9","13,8"
Jarrett Culver,2022,MEM,SG,22,"338,0","37,0","9,1","0,1","8,7"
Khem Birch,2022,TOR,C,29,"991,0","55,0","18,0","2,6","13,2"
Collin Sexton,2022,CLE,SG,23,"316,0","11,0","28,7","-0,1","11,2"
Onyeka Okongwu,2022,ATL,C,21,"992,0","48,0","20,7","4,2","19,8"
Justin Holiday,2022,SAC,SF-SG,32,"2057,0","74,0","27,8","1,4","9,5"
Josh Giddey,2022,OKC,SG,19,"1700,0","54,0","31,5","0,4","13,3"
Rudy Gay,2022,UTA,PF,35,"1038,0","55,0","18,9","2,1","13,0"
Kevin Knox,2022,ATL,SF,22,"222,0","30,0","7,4","0,2","10,9"
Coby White,2022,CHI,PG,21,"1675,0","61,0","27,5","2,4","12,6"
Killian Hayes,2022,DET,PG,20,"1647,0","66,0","25,0","0,5","9,3"
Mikal Bridges,2022,PHO,SF,25,"2854,0","82,0","34,8","8,9","14,4"
Shai Gilgeous-Alexander,2022,OKC,PG,23,"1942,0","56,0","34,7","4,6","20,9"
Jonathan Kuminga,2022,GSW,SF,19,"1185,0","70,0","16,9","3,0","15,2"
Miles Bridges,2022,CHO,PF,23,"2837,0","80,0","35,5","7,2","17,9"
Jaxson Hayes,2022,NOP,C,21,"1398,0","70,0","20,0","5,1","18,5"
Pat Connaughton,2022,MIL,SG,29,"1691,0","65,0","26,0","4,4","13,4"
Kris Dunn,2022,POR,PG,27,"336,0","14,0","24,0","0,2","12,5"
George Hill,2022,MIL,SG,35,"1253,0","54,0","23,2","2,3","10,2"
Dewayne Dedmon,2022,MIA,C,32,"1065,0","67,0","15,9","3,5","15,9"
Hamidou Diallo,2022,DET,SG,23,"1269,0","58,0","21,9","2,1","15,7"
Kevon Looney,2022,GSW,C,25,"1732,0","82,0","21,1","6,8","15,7"
Obi Toppin,2022,NYK,PF,23,"1230,0","72,0","17,1","3,9","18,3"
Franz Wagner,2022,ORL,SF,20,"2429,0","79,0","30,7","4,0","14,7"
Josh Jackson,2022,SAC,SF,24,"830,0","51,0","16,3","0,0","9,5"
Robin Lopez,2022,ORL,C,33,"612,0","36,0","17,0","0,8","13,7"
JaVale McGee,2022,PHO,C,34,"1172,0","74,0","15,8","4,9","22,6"
Rui Hachimura,2022,WAS,PF,23,"943,0","42,0","22,5","1,4","14,9"
Garrett Temple,2022,NOP,SG,35,"1098,0","59,0","18,6","0,8","8,6"
Taj Gibson,2022,NYK,C,36,"946,0","52,0","18,2","2,7","12,0"
Torrey Craig,2022,PHO,SF,31,"1596,0","78,0","20,5","2,3","11,0"
Bruce Brown,2022,BRK,SF,25,"1774,0","72,0","24,6","4,8","15,0"
Donte DiVincenzo,2022,SAC,SG,25,"1006,0","42,0","24,0","0,7","11,3"
Cam Reddish,2022,NYK,SF,22,"1012,0","49,0","20,7","1,0","12,8"
David Nwaba,2022,HOU,SF,29,"609,0","46,0","13,2","1,3","15,3"
Furkan Korkmaz,2022,PHI,SG,24,"1414,0","67,0","21,1","1,2","10,2"
Davion Mitchell,2022,SAC,PG,23,"2076,0","75,0","27,7","0,1","10,8"
Bryn Forbes,2022,DEN,SG,28,"1286,0","75,0","17,1","1,4","11,5"
Jeff Green,2022,DEN,C,35,"1849,0","75,0","24,7","3,9","12,5"
Jalen Smith,2022,IND,PF,21,"925,0","51,0","18,1","2,8","18,4"
Cameron Johnson,2022,PHO,PF,25,"1730,0","66,0","26,2","5,6","15,2"
Ziaire Williams,2022,MEM,SF,20,"1346,0","62,0","21,7","2,2","9,7"
Bobby Portis,2022,MIL,C,26,"2028,0","72,0","28,2","5,5","17,7"
Kevin Huerter,2022,ATL,SG,23,"2188,0","74,0","29,6","2,8","11,9"
Devin Vassell,2022,SAS,SF,21,"1937,0","71,0","27,3","3,3","13,3"
Willie Cauley-Stein,2022,PHI,C,28,"183,0","20,0","9,2","0,2","8,3"
James Bouknight,2022,CHO,SG,21,"304,0","31,0","9,8","0,0","10,1"
Jevon Carter,2022,MIL,PG,26,"905,0","66,0","13,7","1,2","9,6"
Josh Okogie,2022,MIN,SG,23,"516,0","49,0","10,5","0,7","9,0"
Grayson Allen,2022,MIL,SG,26,"1805,0","66,0","27,3","4,2","12,7"
Jarred Vanderbilt,2022,MIN,PF,22,"1880,0","74,0","25,4","6,0","15,3"
Tyrese Haliburton,2022,IND,SG-PG,21,"2695,0","77,0","35,0","7,0","18,2"
Tyler Herro,2022,MIA,SG,22,"2151,0","66,0","32,6","3,8","16,2"
Gorgui Dieng,2022,ATL,C,32,"371,0","44,0","8,4","1,2","17,3"
Dorian Finney-Smith,2022,DAL,PF,28,"2644,0","80,0","33,0","6,6","12,5"
Terence Davis,2022,SAC,SG,24,"536,0","30,0","17,9","0,5","14,6"
Aaron Holiday,2022,PHO,PG,25,"1021,0","63,0","16,2","1,5","12,6"
Jake Layman,2022,MIN,SF,27,"231,0","34,0","6,8","0,1","9,0"
Anfernee Simons,2022,POR,SG,22,"1681,0","57,0","29,5","1,9","15,3"
Justise Winslow,2022,POR,SF,25,"774,0","48,0","16,1","0,8","13,1"
Romeo Langford,2022,SAS,SG,22,"771,0","48,0","16,1","1,3","9,2"
Landry Shamet,2022,PHO,SG,24,"1437,0","69,0","20,8","2,6","10,2"
Chris Duarte,2022,IND,SG,24,"1541,0","55,0","28,0","0,9","12,3"
Alex Len,2022,SAC,C,28,"620,0","39,0","15,9","0,9","13,1"
Robert Williams,2022,BOS,C,24,"1804,0","61,0","29,6","9,9","22,1"
Aaron Nesmith,2022,BOS,SF,22,"574,0","52,0","11,0","0,4","7,3"
Moses Moody,2022,GSW,SG,19,"607,0","52,0","11,7","1,3","10,5"
Mike Muscala,2022,OKC,C,30,"592,0","43,0","13,8","2,1","19,7"
Cole Anthony,2022,ORL,PG,21,"2059,0","65,0","31,7","1,6","13,5"
Corey Kispert,2022,WAS,SF,22,"1801,0","77,0","23,4","2,3","10,9"
Georges Niang,2022,PHI,PF,28,"1736,0","76,0","22,8","2,8","10,7"
Isaiah Stewart,2022,DET,C,20,"1816,0","71,0","25,6","3,4","14,0"
Chuma Okeke,2022,ORL,PF,23,"1749,0","70,0","25,0","2,2","12,0"
Nickeil Alexander-Walker,2022,UTA,SG,23,"1466,0","65,0","22,6","0,1","10,5"
Trey Burke,2022,DAL,PG,29,"441,0","42,0","10,5","0,0","10,0"
Aleksej Pokusevski,2022,OKC,PF,20,"1233,0","61,0","20,2","0,4","12,0"
Facundo Campazzo,2022,DEN,PG,30,"1184,0","65,0","18,2","2,0","11,1"
Goga Bitadze,2022,IND,C,22,"729,0","50,0","14,6","1,9","18,0"
Sterling Brown,2022,DAL,SG,26,"628,0","49,0","12,8","0,8","8,4"
Frank Jackson,2022,DET,PG,23,"1164,0","53,0","22,0","0,7","10,6"
Josh Green,2022,DAL,SG,21,"1039,0","67,0","15,5","2,4","11,9"
Tre Mann,2022,OKC,PG,20,"1367,0","60,0","22,8","0,1","10,2"
Matisse Thybulle,2022,PHI,SG,24,"1685,0","66,0","25,5","3,7","11,2"
Saddiq Bey,2022,DET,SF,22,"2704,0","82,0","33,0","4,0","14,0"
Kai Jones,2022,CHO,C,21,"63,0","21,0","3,0","0,0","9,2"
Brandon Clarke,2022,MEM,PF,25,"1246,0","64,0","19,5","6,3","23,7"
Precious Achiuwa,2022,TOR,C,22,"1725,0","73,0","23,6","2,5","12,7"
Jalen Johnson,2022,ATL,PF,20,"120,0","22,0","5,5","0,0","11,3"
LaMarcus Aldridge,2022,BRK,C,36,"1050,0","47,0","22,3","3,1","19,6"
James Johnson,2022,BRK,PF,34,"1191,0","62,0","19,2","1,7","10,3"
Ed Davis,2022,CLE,C,32,"201,0","31,0","6,5","0,5","9,3"
Andre Iguodala,2022,GSW,SF,38,"603,0","31,0","19,5","1,6","12,3"
Avery Bradley,2022,LAL,SG,31,"1406,0","62,0","22,7","1,2","7,8"
Carmelo Anthony,2022,LAL,PF,37,"1793,0","69,0","26,0","3,6","14,8"
Wayne Ellington,2022,LAL,SG,34,"810,0","43,0","18,8","1,0","9,9"
Trevor Ariza,2022,LAL,SF,36,"462,0","24,0","19,2","0,2","7,0"
Dwight Howard,2022,LAL,C,36,"971,0","60,0","16,2","3,5","18,2"
Udonis Haslem,2022,MIA,C,41,"83,0","13,0","6,4","0,1","8,6"
Markieff Morris,2022,MIA,PF,32,"298,0","17,0","17,5","0,3","10,9"
Paul Millsap,2022,PHI,PF,36,"376,0","33,0","11,4","0,5","10,8"
Grant Williams,2022,BOS,PF,23,"1875,0","77,0","24,4","5,1","11,2"
Tyrese Maxey,2022,PHI,PG,21,"2650,0","75,0","35,3","7,3","16,2"
Keon Johnson,2022,POR,SG,19,"697,0","37,0","18,8","-0,5","8,7"
Darius Bazley,2022,OKC,PF,21,"1924,0","69,0","27,9","1,8","12,6"
Trey Lyles,2022,SAC,PF,26,"1537,0","75,0","20,5","3,5","16,4"
Zeke Nnaji,2022,DEN,PF,21,"698,0","41,0","17,0","1,8","13,5"
Isaiah Jackson,2022,IND,PF,20,"541,0","36,0","15,0","1,4","20,5"
Ty Jerome,2022,OKC,SG,24,"801,0","48,0","16,7","0,5","11,3"
Andre Drummond,2022,BRK,C,28,"1437,0","73,0","19,7","5,1","21,0"
Austin Rivers,2022,DEN,SG,29,"1480,0","67,0","22,1","1,2","7,2"
Kent Bazemore,2022,LAL,SF,32,"545,0","39,0","14,0","0,1","6,0"
Hassan Whiteside,2022,UTA,C,32,"1162,0","65,0","17,9","5,8","22,9"
Tony Snell,2022,NOP,SG,30,"823,0","53,0","15,5","0,4","6,3"
Solomon Hill,2022,ATL,PF,30,"139,0","13,0","10,7","0,0","3,3"
Ben McLemore,2022,POR,SG,28,"1285,0","64,0","20,1","0,8","11,7"
Cody Zeller,2022,POR,C,29,"355,0","27,0","13,1","1,1","17,2"
Usman Garuba,2022,HOU,PF,19,"239,0","24,0","10,0","0,5","12,9"
Leandro Bolmaro,2022,MIN,SF,21,"241,0","35,0","6,9","0,0","5,4"
Nassir Little,2022,POR,SF,21,"1088,0","42,0","25,9","1,7","13,5"
Josh Christopher,2022,HOU,SG,20,"1334,0","74,0","18,0","0,3","12,2"
Drew Eubanks,2022,POR,C,24,"1245,0","71,0","17,5","3,4","18,0"
Rodney Hood,2022,LAC,SF-SG,29,"709,0","52,0","13,6","0,7","7,2"
Elfrid Payton,2022,PHO,PG,27,"549,0","50,0","11,0","-0,2","7,9"
Dylan Windler,2022,CLE,SF,25,"459,0","50,0","9,2","0,8","8,8"
Immanuel Quickley,2022,NYK,PG,22,"1802,0","78,0","23,1","4,2","14,6"
John Konchar,2022,MEM,SG,25,"1292,0","72,0","17,9","4,2","14,0"
Quentin Grimes,2022,NYK,SG,21,"786,0","46,0","17,1","1,4","10,7"
Jordan Poole,2022,GSW,SG,22,"2283,0","76,0","30,0","6,0","16,1"
Bol Bol,2022,DEN,PF,22,"81,0","14,0","5,8","0,1","13,5"
Keldon Johnson,2022,SAS,SF,22,"2392,0","75,0","31,9","4,9","15,2"
Payton Pritchard,2022,BOS,SG,24,"1001,0","71,0","14,1","3,1","15,0"
Bones Hyland,2022,DEN,PG,21,"1310,0","69,0","19,0","2,4","14,4"
Nemanja Bjelica,2022,GSW,C,33,"1142,0","71,0","16,1","3,0","14,2"
Raul Neto,2022,WAS,PG,29,"1372,0","70,0","19,6","1,5","12,4"
Jaden McDaniels,2022,MIN,PF,21,"1803,0","70,0","25,8","2,4","10,3"
Malachi Flynn,2022,TOR,PG,23,"537,0","44,0","12,2","1,0","11,7"
DeMarcus Cousins,2022,DEN,C,31,"718,0","48,0","15,0","1,6","18,2"
Cam Thomas,2022,BRK,SG,20,"1176,0","67,0","17,6","0,8","11,7"
Desmond Bane,2022,MEM,SF,23,"2266,0","76,0","29,8","7,2","17,6"
Day'Ron Sharpe,2022,BRK,PF,20,"391,0","32,0","12,2","1,2","20,7"
Garrison Mathews,2022,HOU,SG,25,"1712,0","65,0","26,3","2,8","11,0"
Jordan McLaughlin,2022,MIN,PG,25,"902,0","62,0","14,5","2,3","13,4"
Jeremiah Robinson-Earl,2022,OKC,C,21,"1087,0","49,0","22,2","1,5","11,7"
Kenrich Williams,2022,OKC,SF,27,"1072,0","49,0","21,9","1,8","13,3"
Abdel Nader,2022,PHO,SF,28,"145,0","14,0","10,4","0,0","4,9"
Damian Jones,2022,SAC,C,26,"1017,0","56,0","18,2","3,3","18,3"
Wesley Matthews,2022,MIL,SG,35,"1002,0","49,0","20,4","1,2","6,9"
Rodney McGruder,2022,DET,SG,30,"754,0","51,0","14,8","1,2","11,6"
Moses Brown,2022,CLE,C,22,"345,0","40,0","8,6","1,2","18,5"
Jose Alvarado,2022,NOP,PG,23,"834,0","54,0","15,4","2,1","16,4"
Damion Lee,2022,GSW,SG,29,"1256,0","63,0","19,9","2,7","10,9"
PJ Dozier,2022,DEN,SG,25,"340,0","18,0","18,9","0,3","8,7"
Killian Tillie,2022,MEM,C,23,"461,0","36,0","12,8","0,6","7,6"
Shake Milton,2022,PHI,PG,25,"1179,0","55,0","21,4","1,7","11,9"
Jalen Brunson,2022,DAL,PG,25,"2524,0","79,0","31,9","7,5","17,1"
Mitchell Robinson,2022,NYK,C,23,"1848,0","72,0","25,7","8,5","20,7"
Tony Bradley,2022,CHI,C,24,"549,0","55,0","10,0","1,3","14,9"
Frank Ntilikina,2022,DAL,PG,23,"685,0","58,0","11,8","0,9","10,4"
Semi Ojeleye,2022,LAC,PF,27,"406,0","30,0","13,5","0,2","6,7"
Malik Monk,2022,LAL,SG,23,"2139,0","76,0","28,1","3,6","14,4"
Jalen McDaniels,2022,CHO,SF,24,"895,0","55,0","16,3","1,7","12,7"
Cody Martin,2022,CHO,SF,26,"1866,0","71,0","26,3","3,9","12,7"
Dean Wade,2022,CLE,PF,25,"980,0","51,0","19,2","2,3","10,1"
Bruno Fernando,2022,HOU,C,23,"152,0","30,0","5,1","0,4","21,2"
Terance Mann,2022,LAC,SF,25,"2317,0","81,0","28,6","5,5","13,4"
Jaylen Nowell,2022,MIN,SG,22,"975,0","62,0","15,7","2,8","16,8"
Naz Reid,2022,MIN,C,22,"1215,0","77,0","15,8","3,2","17,2"
KZ Okpala,2022,MIA,PF,22,"244,0","21,0","11,6","0,5","10,4"
Isaiah Roby,2022,OKC,PF,23,"948,0","45,0","21,1","2,9","18,3"
Luguentz Dort,2022,OKC,SF,22,"1665,0","51,0","32,6","1,4","12,3"
Eric Paschall,2022,UTA,PF,25,"736,0","58,0","12,7","2,0","13,9"
Daniel Gafford,2022,WAS,C,23,"1444,0","72,0","20,1","6,0","21,8"
Chimezie Metu,2022,SAC,C,24,"1279,0","60,0","21,3","1,5","13,4"
Yuta Watanabe,2022,TOR,SF,27,"445,0","38,0","11,7","0,7","11,5"
Armoni Brooks,2022,TOR,SG-PG,23,"844,0","54,0","15,6","0,2","8,4"
Isaiah Hartenstein,2022,LAC,C,23,"1216,0","68,0","17,9","5,5","22,0"
Thanasis Antetokounmpo,2022,MIL,SF,29,"473,0","48,0","9,9","0,9","12,5"
Moritz Wagner,2022,ORL,C,24,"960,0","63,0","15,2","2,8","18,1"
Keita Bates-Diop,2022,SAS,SF,26,"956,0","59,0","16,2","1,6","12,4"
Isaac Bonga,2022,TOR,SF,22,"69,0","15,0","4,6","0,1","8,7"
Juan Toscano-Anderson,2022,GSW,SF,28,"994,0","73,0","13,6","2,0","11,0"
Oshae Brissett,2022,IND,SF,23,"1564,0","67,0","23,3","2,2","12,9"
Matt Thomas,2022,CHI,SG,27,"459,0","40,0","11,5","0,6","9,9"
Javonte Green,2022,CHI,SF,28,"1519,0","65,0","23,4","4,4","14,0"
Gary Payton II,2022,GSW,PG,29,"1247,0","71,0","17,6","5,2","17,8"
Max Strus,2022,MIA,SF,25,"1587,0","68,0","23,3","3,6","12,7"
Gabe Vincent,2022,MIA,PG,25,"1589,0","68,0","23,4","2,5","10,6"
Lance Stephenson,2022,IND,SG-SF,31,"814,0","46,0","17,7","0,8","13,6"
Kevin Pangos,2022,CLE,PG,29,"166,0","24,0","6,9","0,1","6,5"
Bismack Biyombo,2022,PHO,C,29,"506,0","36,0","14,1","1,8","17,3"
Nick Richards,2022,CHO,C,24,"367,0","50,0","7,3","1,0","15,9"
Lamar Stevens,2022,CLE,PF,24,"1015,0","63,0","16,1","1,6","11,3"
Jae'Sean Tate,2022,HOU,SF,26,"2056,0","78,0","26,4","3,0","14,3"
Jordan Nwora,2022,MIL,SF,23,"1185,0","62,0","19,1","0,6","9,9"
Naji Marshall,2022,NOP,SF,24,"735,0","55,0","13,4","0,8","12,3"
Paul Reed,2022,PHI,C,22,"302,0","38,0","7,9","1,3","21,4"
Isaiah Joe,2022,PHI,SG,22,"609,0","55,0","11,1","0,4","7,7"
Elijah Hughes,2022,POR,SG-SF,23,"434,0","36,0","12,1","-0,4","5,4"
CJ Elleby,2022,POR,SF,21,"1174,0","58,0","20,2","0,4","9,2"
Jahmi'us Ramsey,2022,SAC,SG,20,"134,0","19,0","7,1","-0,1","7,9"
Tre Jones,2022,SAS,PG,22,"1148,0","69,0","16,6","2,9","15,0"
Anthony Gill,2022,WAS,PF,29,"463,0","44,0","10,5","1,4","14,7"
Isaiah Todd,2022,WAS,PF,20,"74,0","12,0","6,2","-0,2","4,7"
Saben Lee,2022,DET,PG,22,"604,0","37,0","16,3","0,9","13,8"
Omer Yurtseven,2022,MIA,C,23,"706,0","56,0","12,6","2,1","17,4"
Stanley Johnson,2022,LAL,PF,25,"1094,0","48,0","22,8","1,8","10,5"
Aaron Wiggins,2022,OKC,SG,23,"1209,0","50,0","24,2","1,2","10,3"
Marquese Chriss,2022,DAL,PF,24,"346,0","34,0","10,2","0,8","14,8"
JT Thor,2022,CHO,PF,19,"262,0","33,0","7,9","0,3","9,7"
Jabari Parker,2022,BOS,PF,26,"112,0","12,0","9,3","0,3","14,8"
Alfonzo McKinnie,2022,CHI,SF,29,"206,0","17,0","12,1","-0,1","5,6"
Isaiah Livers,2022,DET,SF,23,"383,0","19,0","20,2","0,7","11,1"
Denzel Valentine,2022,UTA,SG,28,"222,0","24,0","9,2","0,2","8,1"
Alize Johnson,2022,NOP,PF,25,"167,0","23,0","7,3","0,1","10,7"
Kelan Martin,2022,BOS,SF,26,"450,0","30,0","15,0","0,0","9,4"
Miye Oni,2022,UTA,SG,24,"44,0","16,0","2,8","0,0","0,4"
Ayo Dosunmu,2022,CHI,SG,22,"2110,0","77,0","27,4","3,0","11,2"
Luka Garza,2022,DET,C,23,"389,0","32,0","12,2","0,8","15,6"
Austin Reaves,2022,LAL,SG,23,"1418,0","61,0","23,2","2,9","11,5"
Miles McBride,2022,NYK,PG,21,"372,0","40,0","9,3","0,2","6,1"
Vit Krejci,2022,OKC,SG,21,"690,0","30,0","23,0","0,6","8,5"
Charles Bassey,2022,PHI,PF,21,"168,0","23,0","7,3","0,8","21,5"
Jock Landale,2022,SAS,C,26,"589,0","54,0","10,9","1,5","16,0"
Dalano Banton,2022,TOR,SF,22,"696,0","64,0","10,9","0,4","10,0"
Jared Butler,2022,UTA,SG,21,"360,0","42,0","8,6","0,4","12,1"
Daishen Nix,2022,HOU,SG,19,"261,0","24,0","10,9","-0,2","8,1"
Isaiah Thomas,2022,CHO,PG,32,"333,0","22,0","15,1","0,2","12,0"
Terry Taylor,2022,IND,SG,22,"714,0","33,0","21,6","2,4","19,0"
Mamadi Diakite,2022,OKC,PF,25,"188,0","13,0","14,5","0,3","11,6"
Caleb Martin,2022,MIA,SF,26,"1372,0","60,0","22,9","4,0","14,8"
Brad Wanamaker,2022,WAS,PG,32,"320,0","23,0","13,9","0,0","7,5"
Luke Kornet,2022,BOS,C,26,"103,0","15,0","6,9","0,4","16,6"
Gary Clark,2022,NOP,PF,27,"378,0","38,0","9,9","0,7","11,4"
Trendon Watford,2022,POR,SF,21,"869,0","48,0","18,1","1,9","15,8"
Devontae Cacok,2022,SAS,PF,25,"121,0","15,0","8,1","0,5","20,2"
Admiral Schofield,2022,ORL,SF,24,"469,0","38,0","12,3","0,3","7,5"
Malik Fitts,2022,BOS,PF,24,"63,0","15,0","4,2","0,1","10,7"
Sam Hauser,2022,BOS,SF,24,"158,0","26,0","6,1","0,6","14,8"
Greg Monroe,2022,UTA,C,31,"195,0","14,0","13,9","0,7","19,5"
Amir Coffey,2022,LAC,SG,24,"1567,0","69,0","22,7","3,8","13,0"
Joe Wieskamp,2022,SAS,SG,22,"205,0","29,0","7,1","0,1","7,1"
Keifer Sykes,2022,IND,PG,28,"566,0","32,0","17,7","-0,5","5,9"
Haywood Highsmith,2022,MIA,SF,25,"163,0","19,0","8,6","0,1","7,0"
Davon Reed,2022,DEN,SG,26,"668,0","48,0","13,9","1,6","12,2"
Wenyen Gabriel,2022,LAL,PF,24,"358,0","26,0","13,8","0,7","12,5"
Skylar Mays,2022,ATL,SG,24,"220,0","28,0","7,9","0,3","11,7"
Georgios Kalaitzakis,2022,OKC,SF,23,"214,0","13,0","16,5","-0,1","8,6"
Chris Silva,2022,MIA,PF,25,"91,0","10,0","9,1","0,3","11,6"
Kessler Edwards,2022,BRK,SF,21,"987,0","48,0","20,6","0,6","8,3"
Trent Forrest,2022,UTA,PG,23,"765,0","60,0","12,8","1,3","10,9"
Sharife Cooper,2022,ATL,PG,20,"39,0","13,0","3,0","-0,2","-5,4"
Brodric Thomas,2022,BOS,SG,25,"60,0","12,0","5,0","0,1","10,0"
Tyler Cook,2022,CHI,PF,24,"200,0","20,0","10,0","0,5","13,0"
Markus Howard,2022,DEN,SG,22,"176,0","31,0","5,7","0,3","16,1"
Jamorko Pickett,2022,DET,PF,24,"176,0","13,0","13,5","0,1","7,6"
Chris Chiozza,2022,GSW,PG,26,"372,0","34,0","10,9","0,0","4,4"
Jay Scrubb,2022,LAC,SG,21,"121,0","18,0","6,7","0,0","9,3"
Yves Pons,2022,MEM,SF,22,"71,0","12,0","5,9","0,0","5,9"
Sandro Mamukelashvili,2022,MIL,PF,22,"407,0","41,0","9,9","1,1","14,7"
Nathan Knight,2022,MIN,PF,24,"267,0","37,0","7,2","1,0","18,7"
Jericho Sims,2022,NYK,PF,23,"555,0","41,0","13,5","1,5","11,6"
Ignas Brazdeikis,2022,ORL,SF,23,"536,0","42,0","12,8","0,5","10,2"
Keljin Blevins,2022,POR,SF,26,"349,0","31,0","11,3","-0,5","4,8"
Neemias Queta,2022,SAC,C,22,"120,0","15,0","8,0","0,1","12,7"
Justin Champagnie,2022,TOR,SF,20,"281,0","36,0","7,8","0,8","13,6"
Justin Anderson,2022,IND,SF,28,"316,0","16,0","19,8","0,4","10,4"
Theo Pinson,2022,DAL,SF,26,"148,0","19,0","7,8","0,4","11,9"
Tim Frazier,2022,CLE,PG,31,"208,0","12,0","17,3","-0,2","3,3"
Kyle Guy,2022,MIA,SG,24,"186,0","19,0","9,8","0,1","9,5"
Quinndary Weatherspoon,2022,GSW,SG,25,"73,0","11,0","6,6","0,2","12,0"
Brandon Goodwin,2022,CLE,PG,26,"502,0","36,0","13,9","0,7","11,8"
Malcolm Hill,2022,CHI,SF-SG,26,"212,0","19,0","11,2","0,6","12,7"
Louis King,2022,SAC,SF,22,"104,0","10,0","10,4","0,0","8,1"
Trevelin Queen,2022,HOU,SG,24,"74,0","10,0","7,4","0,1","18,2"
Myles Powell,2022,PHI,PG,24,"52,0","11,0","4,7","-0,1","0,2"
Justin Robinson,2022,DET,PG,24,"304,0","25,0","12,2","-0,3","3,6"
Mychal Mulder,2022,MIA,PG,27,"239,0","17,0","14,1","-0,2","3,7"
Devon Dotson,2022,CHI,PG,22,"85,0","11,0","7,7","0,1","9,8"
Marcus Garrett,2022,MIA,SG,23,"128,0","12,0","10,7","0,1","4,7"
Lindell Wigginton,2022,MIL,PG,23,"199,0","19,0","10,5","0,2","10,2"
Olivier Sarr,2022,OKC,C,22,"421,0","22,0","19,1","1,0","14,0"
Tacko Fall,2022,CLE,C,26,"59,0","11,0","5,4","0,1","11,3"
Petr Cornelie,2022,DEN,PF,26,"38,0","13,0","2,9","0,0","9,6"
Xavier Moon,2022,LAC,SG,27,"137,0","10,0","13,7","0,3","16,2"
Reggie Perry,2022,IND,PF,21,"187,0","10,0","18,7","0,2","15,6"
Brandon Williams,2022,POR,PG,22,"640,0","24,0","26,7","-0,5","11,0"
Lindy Waters III,2022,OKC,SG,24,"465,0","25,0","18,6","0,8","13,0"
Braxton Key,2022,DET,SF,24,"197,0","11,0","17,9","0,2","13,7"
Stephen Curry,2023,GSW,PG,34,"1941,0","56,0","34,7","7,8","24,1"
John Wall,2023,LAC,PG,32,"755,0","34,0","22,2","0,3","13,6"
Russell Westbrook,2023,LAC,PG,34,"2126,0","73,0","29,1","1,9","16,1"
LeBron James,2023,LAL,PF,38,"1954,0","55,0","35,5","5,6","23,9"
Kevin Durant,2023,PHO,PF-SF,34,"1672,0","47,0","35,6","6,8","25,9"
Bradley Beal,2023,WAS,SG,29,"1673,0","50,0","33,5","3,4","19,7"
Kawhi Leonard,2023,LAC,SF,31,"1748,0","52,0","33,6","7,1","23,9"
Paul George,2023,LAC,SG,32,"1939,0","56,0","34,6","4,6","19,6"
Giannis Antetokounmpo,2023,MIL,PF,28,"2024,0","63,0","32,1","8,6","29,0"
Damian Lillard,2023,POR,PG,32,"2107,0","58,0","36,3","9,0","26,7"
Klay Thompson,2023,GSW,SG,32,"2279,0","69,0","33,0","3,1","14,7"
Kyrie Irving,2023,DAL,PG,30,"2241,0","60,0","37,4","7,4","22,4"
Rudy Gobert,2023,MIN,C,30,"2148,0","70,0","30,7","7,8","18,9"
Khris Middleton,2023,MIL,SF,31,"801,0","33,0","24,3","1,9","17,4"
Anthony Davis,2023,LAL,C,29,"1904,0","56,0","34,0","9,0","27,8"
Jimmy Butler,2023,MIA,SF,33,"2138,0","64,0","33,4","12,3","27,6"
Tobias Harris,2023,PHI,PF,30,"2436,0","74,0","32,9","5,9","14,8"
Trae Young,2023,ATL,PG,24,"2541,0","73,0","34,8","6,7","22,0"
Zach LaVine,2023,CHI,SG,27,"2768,0","77,0","35,9","7,1","19,0"
Ben Simmons,2023,BRK,PG,26,"1105,0","42,0","26,3","2,2","13,4"
Pascal Siakam,2023,TOR,C,28,"2652,0","71,0","37,4","7,8","20,3"
Myles Turner,2023,IND,C,26,"1825,0","62,0","29,4","5,4","20,0"
Jrue Holiday,2023,MIL,PG,32,"2183,0","67,0","32,6","6,7","19,2"
Karl-Anthony Towns,2023,MIN,PF,27,"957,0","29,0","33,0","2,7","18,8"
Devin Booker,2023,PHO,SG,26,"1835,0","53,0","34,6","6,0","22,0"
Andrew Wiggins,2023,GSW,SF,27,"1190,0","37,0","32,2","2,3","14,7"
Joel Embiid,2023,PHI,C,28,"2284,0","66,0","34,6","12,3","31,4"
CJ McCollum,2023,NOP,SG,31,"2649,0","75,0","35,3","4,3","15,6"
James Harden,2023,PHI,PG,33,"2135,0","58,0","36,8","8,4","21,6"
Jamal Murray,2023,DEN,PG,25,"2133,0","65,0","32,8","5,1","18,0"
Brandon Ingram,2023,NOP,SF,25,"1538,0","45,0","34,2","3,5","19,2"
D'Angelo Russell,2023,LAL,PG,26,"2304,0","71,0","32,5","5,1","16,3"
Donovan Mitchell,2023,CLE,SG,26,"2432,0","68,0","35,8","8,9","22,9"
Shai Gilgeous-Alexander,2023,OKC,PG,24,"2416,0","68,0","35,5","11,4","27,2"
Deandre Ayton,2023,PHO,C,24,"2035,0","67,0","30,4","6,2","19,9"
Kevin Love,2023,MIA,PF,34,"1240,0","62,0","20,0","2,6","13,1"
Jayson Tatum,2023,BOS,PF,24,"2732,0","74,0","36,9","10,5","23,7"
Bam Adebayo,2023,MIA,C,25,"2598,0","75,0","34,6","7,4","20,1"
De'Aaron Fox,2023,SAC,PG,25,"2435,0","73,0","33,4","7,4","21,8"
Gordon Hayward,2023,CHO,SF,32,"1577,0","50,0","31,5","2,0","13,5"
Jaylen Brown,2023,BOS,SF,26,"2405,0","67,0","35,9","5,0","19,1"
Chris Paul,2023,PHO,PG,37,"1889,0","59,0","32,0","6,2","17,7"
Kyle Lowry,2023,MIA,PG,36,"1718,0","55,0","31,2","3,4","12,6"
Jalen Brunson,2023,NYK,PG,26,"2379,0","68,0","35,0","8,7","21,2"
DeMar DeRozan,2023,CHI,SF,33,"2682,0","74,0","36,2","8,5","20,6"
Al Horford,2023,BOS,C,36,"1922,0","63,0","30,5","6,3","13,8"
Draymond Green,2023,GSW,PF,32,"2297,0","73,0","31,5","4,7","12,2"
Julius Randle,2023,NYK,PF,28,"2737,0","77,0","35,5","8,1","20,3"
John Collins,2023,ATL,PF,25,"2130,0","71,0","30,0","4,2","13,6"
Mike Conley,2023,MIN,PG,35,"2029,0","67,0","30,3","5,5","14,7"
Malcolm Brogdon,2023,BOS,PG,30,"1744,0","67,0","26,0","5,8","18,2"
Anfernee Simons,2023,POR,SG,23,"2171,0","62,0","35,0","2,5","14,8"
Terry Rozier,2023,CHO,SG,28,"2221,0","63,0","35,3","1,7","14,7"
Fred VanVleet,2023,TOR,PG,28,"2535,0","69,0","36,7","6,5","17,0"
Buddy Hield,2023,IND,SF,30,"2482,0","80,0","31,0","4,4","15,4"
Domantas Sabonis,2023,SAC,C,26,"2736,0","79,0","34,6","12,6","23,5"
Jerami Grant,2023,POR,PF,28,"2246,0","63,0","35,7","4,1","16,0"
Aaron Gordon,2023,DEN,PF,27,"2055,0","68,0","30,2","6,8","19,5"
Mikal Bridges,2023,BRK,SF,26,"2963,0","83,0","35,7","7,5","16,8"
Jarrett Allen,2023,CLE,C,24,"2220,0","68,0","32,6","9,5","19,9"
Nicolas Batum,2023,LAC,PF,34,"1709,0","78,0","21,9","3,6","11,0"
Eric Gordon,2023,LAC,SG,34,"1965,0","69,0","28,5","2,3","11,8"
Spencer Dinwiddie,2023,BRK,PG,29,"2725,0","79,0","34,5","6,3","16,0"
Caris LeVert,2023,CLE,SG,28,"2237,0","74,0","30,2","4,4","12,4"
Joe Harris,2023,BRK,SG,31,"1527,0","74,0","20,6","2,6","10,6"
Harrison Barnes,2023,SAC,PF,30,"2662,0","82,0","32,5","6,5","14,1"
Clint Capela,2023,ATL,C,28,"1730,0","65,0","26,6","7,2","22,1"
Evan Fournier,2023,NYK,SG,30,"459,0","27,0","17,0","0,1","6,9"
Steven Adams,2023,MEM,C,29,"1133,0","42,0","27,0","3,4","17,5"
Jonathan Isaac,2023,ORL,PF,25,"124,0","11,0","11,3","0,3","20,3"
OG Anunoby,2023,TOR,SF,25,"2386,0","67,0","35,6","4,7","14,6"
Marcus Smart,2023,BOS,PG,28,"1957,0","61,0","32,1","3,7","12,1"
Derrick White,2023,BOS,SG,28,"2319,0","82,0","28,3","7,4","15,4"
Dejounte Murray,2023,ATL,SG,26,"2693,0","74,0","36,4","4,7","17,0"
Mitchell Robinson,2023,NYK,C,24,"1591,0","59,0","27,0","6,5","18,9"
Duncan Robinson,2023,MIA,SF,28,"691,0","42,0","16,5","0,5","7,8"
Norman Powell,2023,LAC,SG,29,"1567,0","60,0","26,1","3,5","17,1"
Collin Sexton,2023,UTA,SG,24,"1145,0","48,0","23,9","2,5","15,9"
Markelle Fultz,2023,ORL,PG,24,"1778,0","60,0","29,6","3,7","16,6"
Lauri Markkanen,2023,UTA,SF,25,"2273,0","66,0","34,4","8,2","22,1"
Marcus Morris,2023,LAC,PF,33,"1825,0","65,0","28,1","2,0","10,5"
Malik Beasley,2023,LAL,SG,26,"2093,0","81,0","25,8","1,4","10,9"
Luguentz Dort,2023,OKC,SG,23,"2272,0","74,0","30,7","2,9","11,3"
Will Barton,2023,TOR,SG,32,"993,0","56,0","17,7","0,4","10,0"
Tyus Jones,2023,MEM,PG,26,"1940,0","80,0","24,2","5,7","16,0"
Derrick Rose,2023,NYK,PG,34,"338,0","27,0","12,5","0,0","10,1"
Kevin Huerter,2023,SAC,SG,24,"2203,0","75,0","29,4","4,9","15,2"
Christian Wood,2023,DAL,C,27,"1738,0","67,0","25,9","4,8","20,6"
Kentavious Caldwell-Pope,2023,DEN,SG,29,"2381,0","76,0","31,3","4,5","11,5"
Brook Lopez,2023,MIL,C,34,"2373,0","78,0","30,4","8,0","18,4"
Patrick Beverley,2023,CHI,PG,34,"1816,0","67,0","27,1","3,0","8,9"
Doug McDermott,2023,SAS,SF,31,"1314,0","64,0","20,5","1,0","11,1"
Luke Kennard,2023,MEM,SG,26,"1315,0","59,0","22,3","3,4","13,0"
Zion Williamson,2023,NOP,PF,22,"956,0","29,0","33,0","3,6","25,2"
Jordan Clarkson,2023,UTA,SG,30,"1988,0","61,0","32,6","1,7","14,7"
Gary Harris,2023,ORL,SG,28,"1184,0","48,0","24,7","2,3","10,5"
Kyle Kuzma,2023,WAS,PF,27,"2239,0","64,0","35,0","0,9","14,3"
Josh Hart,2023,NYK,SF-SG,27,"2454,0","76,0","32,3","6,0","14,1"
Dorian Finney-Smith,2023,BRK,PF,29,"2009,0","66,0","30,4","2,1","9,2"
Kelly Olynyk,2023,UTA,C,31,"1942,0","68,0","28,6","4,3","14,4"
Chris Boucher,2023,TOR,PF,30,"1523,0","76,0","20,0","5,0","18,0"
Robert Covington,2023,LAC,PF,32,"779,0","48,0","16,2","1,9","14,2"
Josh Richardson,2023,NOP,SG,29,"1530,0","65,0","23,5","1,8","12,3"
Ja Morant,2023,MEM,PG,23,"1948,0","61,0","31,9","6,0","23,3"
Danny Green,2023,CLE,SG,35,"138,0","11,0","12,5","0,2","10,8"
Terrence Ross,2023,PHO,SG,31,"1330,0","63,0","21,1","1,6","10,2"
Reggie Jackson,2023,DEN,PG,32,"1657,0","68,0","24,4","0,6","10,0"
Dillon Brooks,2023,MEM,SF,27,"2214,0","73,0","30,3","1,6","9,4"
Richaun Holmes,2023,SAC,C,29,"348,0","42,0","8,3","0,8","12,9"
Dwight Powell,2023,DAL,C,31,"1458,0","76,0","19,2","5,1","15,5"
Paolo Banchero,2023,ORL,PF,20,"2430,0","72,0","33,8","2,4","14,9"
RJ Barrett,2023,NYK,SG,22,"2475,0","73,0","33,9","2,2","12,9"
Bobby Portis,2023,MIL,PF,27,"1818,0","70,0","26,0","5,3","17,8"
DeAndre Jordan,2023,DEN,C,34,"586,0","39,0","15,0","1,4","14,7"
Anthony Edwards,2023,MIN,SG,21,"2842,0","79,0","36,0","3,8","17,4"
Robert Williams,2023,BOS,C,25,"824,0","35,0","23,5","3,8","19,8"
Cade Cunningham,2023,DET,PG,21,"400,0","12,0","33,3","-0,1","14,0"
Mo Bamba,2023,LAL,C,24,"769,0","49,0","15,7","2,2","15,7"
Talen Horton-Tucker,2023,UTA,SG,22,"1313,0","65,0","20,2","0,8","13,7"
Jae Crowder,2023,MIL,SF,32,"340,0","18,0","18,9","1,2","14,6"
Ivica Zubac,2023,LAC,C,25,"2170,0","76,0","28,6","6,7","16,7"
Reggie Bullock,2023,DAL,SF,31,"2364,0","78,0","30,3","2,8","7,7"
Alec Burks,2023,DET,SG,31,"1122,0","51,0","22,0","2,5","16,5"
De'Andre Hunter,2023,ATL,SF,25,"2126,0","67,0","31,7","2,5","11,5"
James Wiseman,2023,DET,C,21,"867,0","45,0","19,3","1,4","15,6"
Landry Shamet,2023,PHO,SG,25,"807,0","40,0","20,2","1,2","10,9"
Malik Monk,2023,SAC,SG,24,"1719,0","77,0","22,3","3,2","16,6"
Jalen Green,2023,HOU,SG,20,"2602,0","76,0","34,2","1,8","14,5"
Jakob Poeltl,2023,TOR,C,27,"1906,0","72,0","26,5","6,0","21,0"
Nerlens Noel,2023,BRK,C,28,"195,0","17,0","11,5","0,0","7,9"
Royce O'Neale,2023,BRK,SF,29,"2409,0","76,0","31,7","2,9","9,2"
Monte Morris,2023,WAS,PG,27,"1695,0","62,0","27,3","4,2","15,0"
Mason Plumlee,2023,LAC,C,32,"2054,0","79,0","26,0","7,9","19,6"
Alex Caruso,2023,CHI,PG,28,"1575,0","67,0","23,5","3,6","11,5"
Maxi Kleber,2023,DAL,C,31,"930,0","37,0","25,1","1,3","8,7"
Grayson Allen,2023,MIL,SG,27,"1972,0","72,0","27,4","5,1","12,3"
Darius Garland,2023,CLE,PG,23,"2447,0","69,0","35,5","7,6","18,8"
Isaiah Hartenstein,2023,NYK,C,24,"1626,0","82,0","19,8","4,6","14,2"
Kyle Anderson,2023,MIN,PF,29,"1957,0","69,0","28,4","5,1","14,8"
Victor Oladipo,2023,MIA,SG,30,"1106,0","42,0","26,3","0,6","10,6"
LaMelo Ball,2023,CHO,PG,21,"1268,0","36,0","35,2","1,8","17,9"
Seth Curry,2023,BRK,SG,32,"1211,0","61,0","19,9","1,8","12,3"
Evan Mobley,2023,CLE,PF,21,"2715,0","79,0","34,4","8,5","17,9"
Gary Payton II,2023,GSW,PG,30,"367,0","22,0","16,7","1,0","13,3"
Dewayne Dedmon,2023,PHI,C,33,"426,0","38,0","11,2","1,0","15,5"
De'Anthony Melton,2023,PHI,PG,24,"2150,0","77,0","27,9","4,2","12,7"
JaMychal Green,2023,GSW,PF,32,"797,0","57,0","14,0","2,2","15,5"
Keegan Murray,2023,SAC,SF,22,"2382,0","80,0","29,8","4,3","12,3"
Kevon Looney,2023,GSW,C,26,"1958,0","82,0","23,9","8,7","17,8"
Thaddeus Young,2023,TOR,PF,34,"795,0","54,0","14,7","1,8","14,1"
Delon Wright,2023,WAS,PG,30,"1221,0","50,0","24,4","3,7","16,3"
Patrick Williams,2023,CHI,PF,21,"2323,0","82,0","28,3","3,5","11,2"
Scottie Barnes,2023,TOR,PF,21,"2678,0","77,0","34,8","5,0","15,5"
Cedi Osman,2023,CLE,SF,27,"1548,0","77,0","20,1","3,3","12,0"
Coby White,2023,CHI,SG,22,"1730,0","74,0","23,4","3,1","12,5"
Zach Collins,2023,SAS,C,25,"1441,0","63,0","22,9","2,2","16,4"
Jaden Ivey,2023,DET,SG,20,"2304,0","74,0","31,1","0,0","12,1"
Taurean Prince,2023,MIN,SF,28,"1192,0","54,0","22,1","1,3","10,0"
Jae'Sean Tate,2023,HOU,SF,27,"677,0","31,0","21,8","0,7","12,2"
Isaac Okoro,2023,CLE,SF,22,"1652,0","76,0","21,7","4,2","10,7"
Jalen Suggs,2023,ORL,PG,21,"1246,0","53,0","23,5","1,4","12,5"
Jaxson Hayes,2023,NOP,C,22,"610,0","47,0","13,0","1,5","13,7"
Khem Birch,2023,TOR,C,30,"162,0","20,0","8,1","0,2","9,4"
Bennedict Mathurin,2023,IND,SF,20,"2222,0","78,0","28,5","1,8","13,1"
Bruce Brown,2023,DEN,SG,26,"2280,0","80,0","28,5","4,3","13,3"
Caleb Martin,2023,MIA,PF,27,"2077,0","71,0","29,3","3,7","11,4"
Joe Ingles,2023,MIL,SF,35,"1044,0","46,0","22,7","2,3","10,7"
Onyeka Okongwu,2023,ATL,C,22,"1849,0","80,0","23,1","7,1","19,4"
Josh Giddey,2023,OKC,SG,20,"2367,0","76,0","31,1","4,0","17,1"
Rui Hachimura,2023,LAL,PF,24,"1466,0","63,0","23,3","1,8","13,2"
Rudy Gay,2023,UTA,PF,36,"816,0","56,0","14,6","0,3","9,0"
Jevon Carter,2023,MIL,PG,27,"1810,0","81,0","22,3","3,5","10,9"
Shaedon Sharpe,2023,POR,SG,19,"1779,0","80,0","22,2","1,2","11,5"
Cameron Payne,2023,PHO,PG,28,"968,0","48,0","20,2","1,1","13,2"
Justin Holiday,2023,DAL,SG,33,"706,0","46,0","15,3","0,1","6,6"
Cam Reddish,2023,POR,SF,23,"990,0","40,0","24,8","0,9","10,6"
Cameron Johnson,2023,BRK,PF,26,"1199,0","42,0","28,5","3,5","17,1"
Ricky Rubio,2023,CLE,PG,32,"566,0","33,0","17,2","0,7","10,4"
Killian Hayes,2023,DET,PG,21,"2154,0","76,0","28,3","-0,5","10,2"
Jonathan Kuminga,2023,GSW,PF,20,"1394,0","67,0","20,8","2,4","13,3"
Pat Connaughton,2023,MIL,SG,30,"1443,0","61,0","23,7","2,5","10,0"
Tyler Herro,2023,MIA,SG,23,"2337,0","67,0","34,9","3,5","15,3"
Romeo Langford,2023,SAS,SG,23,"844,0","43,0","19,6","0,5","10,4"
Dyson Daniels,2023,NOP,PG,19,"1042,0","59,0","17,7","1,3","8,8"
JaVale McGee,2023,DAL,C,35,"355,0","42,0","8,5","0,6","17,2"
Goga Bitadze,2023,ORL,C,23,"457,0","38,0","12,0","1,3","17,1"
Obi Toppin,2023,NYK,PF,24,"1050,0","67,0","15,7","2,1","13,6"
Franz Wagner,2023,ORL,SF,21,"2609,0","80,0","32,6","5,4","15,9"
Kendrick Nunn,2023,WAS,SG-PG,27,"964,0","70,0","13,8","0,2","11,1"
Hamidou Diallo,2023,DET,SG,24,"996,0","56,0","17,8","1,3","15,7"
Cory Joseph,2023,DET,PG,31,"1227,0","62,0","19,8","1,8","12,1"
Garrett Temple,2023,NOP,SG,36,"162,0","25,0","6,5","0,3","10,5"
Torrey Craig,2023,PHO,SF,32,"1948,0","79,0","24,7","4,0","11,6"
Jeremy Sochan,2023,SAS,PF,19,"1458,0","56,0","26,0","0,2","11,4"
Nickeil Alexander-Walker,2023,MIN,SG,24,"884,0","59,0","15,0","1,1","11,6"
Furkan Korkmaz,2023,PHI,SG,25,"353,0","37,0","9,5","0,1","9,3"
Deni Avdija,2023,WAS,SF,22,"2020,0","76,0","26,6","2,3","11,2"
Davion Mitchell,2023,SAC,PG,24,"1447,0","80,0","18,1","1,5","9,4"
Johnny Davis,2023,WAS,SG,20,"423,0","28,0","15,1","-0,3","7,2"
Ty Jerome,2023,GSW,SG,25,"816,0","45,0","18,1","2,1","12,8"
Jalen Smith,2023,IND,PF,22,"1279,0","68,0","18,8","2,3","15,9"
Ziaire Williams,2023,MEM,SF,21,"561,0","37,0","15,2","0,1","7,4"
Ousmane Dieng,2023,OKC,SF,19,"569,0","39,0","14,6","0,4","9,3"
Jeff Green,2023,DEN,PF,36,"1091,0","56,0","19,5","1,7","11,0"
Donte DiVincenzo,2023,GSW,SG,26,"1894,0","72,0","26,3","4,2","12,8"
Devin Vassell,2023,SAS,SG,22,"1178,0","38,0","31,0","1,2","15,5"
Matisse Thybulle,2023,POR,SG,25,"1200,0","71,0","16,9","2,1","10,5"
Jarred Vanderbilt,2023,LAL,PF,23,"1879,0","78,0","24,1","5,2","15,1"
James Bouknight,2023,CHO,SG,22,"515,0","34,0","15,1","-0,4","6,2"
Brandon Clarke,2023,MEM,PF,26,"1090,0","56,0","19,5","4,5","20,0"
Jalen Williams,2023,OKC,SG,21,"2276,0","75,0","30,3","5,6","15,6"
Grant Williams,2023,BOS,PF,24,"2045,0","79,0","25,9","4,4","10,3"
Darius Bazley,2023,PHO,PF,22,"616,0","43,0","14,3","1,0","13,1"
Tyrese Haliburton,2023,IND,PG,22,"1883,0","56,0","33,6","7,6","23,6"
Nassir Little,2023,POR,SF,22,"976,0","54,0","18,1","0,7","10,2"
Jalen Duren,2023,DET,C,19,"1670,0","67,0","24,9","4,5","17,3"
Gorgui Dieng,2023,SAS,C,33,"358,0","31,0","11,5","0,0","9,9"
Justise Winslow,2023,POR,SF,26,"776,0","29,0","26,8","0,4","9,3"
Stanley Johnson,2023,SAS,SF,26,"469,0","30,0","15,6","0,7","13,5"
George Hill,2023,IND,PG,36,"834,0","46,0","18,1","1,9","10,6"
Terence Davis,2023,SAC,SG,25,"841,0","64,0","13,1","0,9","12,9"
Chris Duarte,2023,IND,SF,25,"897,0","46,0","19,5","0,0","8,6"
Alex Len,2023,SAC,C,29,"161,0","26,0","6,2","0,3","12,8"
Ochai Agbaji,2023,UTA,SG,22,"1209,0","59,0","20,5","1,3","9,5"
Jordan Poole,2023,GSW,PG,23,"2458,0","82,0","30,0","3,2","14,6"
Keldon Johnson,2023,SAS,SF,23,"2063,0","63,0","32,7","1,3","15,3"
James Johnson,2023,IND,PF,35,"162,0","18,0","9,0","0,1","8,4"
Aaron Nesmith,2023,IND,SF,23,"1816,0","73,0","24,9","2,0","10,5"
Moses Moody,2023,GSW,SG,20,"817,0","63,0","13,0","1,3","10,3"
Mark Williams,2023,CHO,C,21,"828,0","43,0","19,3","2,8","19,8"
Cole Anthony,2023,ORL,PG,22,"1552,0","60,0","25,9","3,7","16,0"
Corey Kispert,2023,WAS,SF,23,"2093,0","74,0","28,3","3,8","11,5"
AJ Griffin,2023,ATL,SF,19,"1401,0","72,0","19,5","2,2","12,6"
Mike Muscala,2023,BOS,C,31,"945,0","63,0","15,0","2,5","13,0"
Georges Niang,2023,PHI,PF,29,"1512,0","78,0","19,4","2,5","10,9"
Isaiah Stewart,2023,DET,C,21,"1414,0","50,0","28,3","2,0","13,1"
Chuma Okeke,2023,ORL,SF,24,"518,0","27,0","19,2","0,7","9,1"
Amir Coffey,2023,LAC,SG,25,"625,0","50,0","12,5","0,4","7,0"
Tari Eason,2023,HOU,PF,21,"1767,0","82,0","21,5","2,6","15,2"
Aleksej Pokusevski,2023,OKC,PF,21,"701,0","34,0","20,6","1,0","13,4"
Simone Fontecchio,2023,UTA,SF,27,"766,0","52,0","14,7","-0,1","8,0"
Andre Drummond,2023,CHI,C,29,"849,0","67,0","12,7","2,8","20,8"
Dalen Terry,2023,CHI,SG,20,"214,0","38,0","5,6","0,5","14,1"
Josh Green,2023,DAL,SG,22,"1539,0","60,0","25,6","2,6","11,2"
Jake LaRavia,2023,MEM,PF,21,"414,0","35,0","11,8","0,5","6,7"
Tre Mann,2023,OKC,PG,21,"1183,0","67,0","17,7","0,5","10,0"
Kevin Knox,2023,POR,PF-SF,23,"952,0","63,0","15,1","0,7","11,1"
Saddiq Bey,2023,ATL,SF,23,"2129,0","77,0","27,6","3,9","14,6"
Malaki Branham,2023,SAS,SF,19,"1550,0","66,0","23,5","-0,1","9,5"
Kai Jones,2023,CHO,C,22,"550,0","46,0","12,0","0,7","10,8"
Blake Griffin,2023,BOS,C,33,"569,0","41,0","13,9","1,8","13,1"
Robin Lopez,2023,CLE,C,34,"299,0","37,0","8,1","0,6","11,6"
Markieff Morris,2023,DAL,PF,33,"355,0","35,0","10,1","0,4","10,4"
Serge Ibaka,2023,MIL,C,33,"185,0","16,0","11,6","0,2","9,8"
Wesley Matthews,2023,MIL,SG,36,"820,0","52,0","15,8","1,2","7,0"
Austin Rivers,2023,MIN,SG,30,"1016,0","52,0","19,5","1,3","7,4"
Bismack Biyombo,2023,PHO,C,30,"874,0","61,0","14,3","1,9","14,4"
Taj Gibson,2023,WAS,C,37,"480,0","49,0","9,8","0,8","11,4"
Precious Achiuwa,2023,TOR,C,23,"1140,0","55,0","20,7","2,2","15,2"
Christian Braun,2023,DEN,SG,21,"1181,0","76,0","15,5","1,9","10,3"
Jordan Nwora,2023,IND,SF,24,"1188,0","62,0","19,2","1,5","12,2"
Jalen Johnson,2023,ATL,SF,21,"1042,0","70,0","14,9","2,1","14,1"
Tyrese Maxey,2023,PHI,SG,22,"2016,0","60,0","33,6","5,4","17,0"
Bruno Fernando,2023,ATL,C,24,"405,0","39,0","10,4","0,9","16,6"
Walker Kessler,2023,UTA,C,21,"1703,0","74,0","23,0","7,1","21,5"
Keon Johnson,2023,POR,SG,20,"416,0","40,0","10,4","-0,5","9,0"
Charles Bassey,2023,SAS,C,22,"508,0","35,0","14,5","1,3","18,8"
Matthew Dellavedova,2023,SAC,PG,32,"213,0","32,0","6,7","0,1","6,7"
Trey Lyles,2023,SAC,PF,27,"1247,0","74,0","16,9","2,6","14,2"
Zeke Nnaji,2023,DEN,PF,22,"728,0","53,0","13,7","1,6","12,5"
David Roddy,2023,MEM,PF,21,"1258,0","70,0","18,0","1,1","8,8"
Isaiah Jackson,2023,IND,C,21,"1042,0","63,0","16,5","2,7","17,5"
MarJon Beauchamp,2023,MIL,SF,22,"701,0","52,0","13,5","0,4","8,2"
Usman Garuba,2023,HOU,PF,20,"970,0","75,0","12,9","1,8","12,9"
Raul Neto,2023,CLE,PG,30,"505,0","48,0","10,5","1,5","12,6"
Frank Kaminsky,2023,HOU,C,29,"235,0","36,0","6,5","0,7","15,3"
Montrezl Harrell,2023,PHI,C,29,"681,0","57,0","11,9","2,2","17,6"
Blake Wesley,2023,SAS,SG,19,"669,0","37,0","18,1","-1,6","3,5"
Josh Christopher,2023,HOU,SG,21,"786,0","64,0","12,3","0,0","11,5"
Isaiah Roby,2023,SAS,PF,24,"474,0","42,0","11,3","-0,1","9,3"
Lindy Waters III,2023,OKC,SG,25,"531,0","41,0","13,0","1,1","11,8"
Immanuel Quickley,2023,NYK,PG,23,"2344,0","81,0","28,9","6,7","16,3"
John Konchar,2023,MEM,SG,26,"1494,0","72,0","20,8","3,5","10,8"
Rodney McGruder,2023,DET,SG,31,"524,0","32,0","16,4","0,7","10,7"
Bryn Forbes,2023,MIN,SG,29,"268,0","25,0","10,7","0,0","6,2"
Damian Jones,2023,UTA,C,27,"477,0","41,0","11,6","1,2","12,9"
Quentin Grimes,2023,NYK,SG,22,"2121,0","71,0","29,9","4,8","11,7"
Saben Lee,2023,PHO,PG,23,"373,0","25,0","14,9","0,7","13,1"
Andrew Nembhard,2023,IND,SG,23,"2073,0","75,0","27,6","1,2","10,0"
Payton Pritchard,2023,BOS,PG,25,"643,0","48,0","13,4","0,6","10,3"
Bones Hyland,2023,LAC,PG,22,"1085,0","56,0","19,4","1,4","14,9"
Bol Bol,2023,ORL,PF,23,"1505,0","70,0","21,5","2,3","14,4"
Peyton Watson,2023,DEN,SG,20,"186,0","23,0","8,1","0,3","12,8"
Udoka Azubuike,2023,UTA,C,23,"359,0","36,0","10,0","1,0","16,1"
Jaden McDaniels,2023,MIN,SF,22,"2416,0","79,0","30,6","4,4","12,0"
Jordan McLaughlin,2023,MIN,PG,26,"678,0","43,0","15,8","1,3","11,8"
Malachi Flynn,2023,TOR,PG,24,"691,0","53,0","13,0","0,5","8,7"
Cam Thomas,2023,BRK,SG,21,"948,0","57,0","16,6","1,0","14,7"
Luke Kornet,2023,BOS,C,27,"804,0","69,0","11,7","3,3","16,7"
Damion Lee,2023,PHO,SG,30,"1506,0","74,0","20,4","2,6","10,7"
Juan Toscano-Anderson,2023,UTA,SF,29,"700,0","52,0","13,5","0,5","7,2"
Desmond Bane,2023,MEM,SG,24,"1841,0","58,0","31,7","5,8","19,1"
Jaden Springer,2023,PHI,SG,20,"89,0","16,0","5,6","0,3","17,2"
Day'Ron Sharpe,2023,BRK,C,21,"552,0","48,0","11,5","1,6","17,8"
Tony Bradley,2023,CHI,C,25,"33,0","12,0","2,8","0,2","21,7"
Frank Ntilikina,2023,DAL,PG,24,"607,0","47,0","12,9","-0,1","5,2"
Garrison Mathews,2023,ATL,SG,26,"686,0","54,0","12,7","1,0","9,7"
Kenrich Williams,2023,OKC,PF,28,"1206,0","53,0","22,8","3,3","14,4"
Jaylin Williams,2023,OKC,PF,20,"914,0","49,0","18,7","1,9","11,2"
Jeremiah Robinson-Earl,2023,OKC,PF,22,"814,0","43,0","18,9","1,9","13,0"
Caleb Houstan,2023,ORL,SF,20,"812,0","51,0","15,9","0,7","6,2"
Shake Milton,2023,PHI,SG,26,"1567,0","76,0","20,6","2,9","12,7"
Aaron Holiday,2023,ATL,PG,26,"845,0","63,0","13,4","0,9","9,4"
Yuta Watanabe,2023,BRK,SF,28,"928,0","58,0","16,0","2,1","12,1"
Edmond Sumner,2023,BRK,SG,27,"736,0","53,0","13,9","1,3","14,0"
Theo Pinson,2023,DAL,SG,27,"323,0","40,0","8,1","0,5","10,1"
Thomas Bryant,2023,DEN,C,25,"1081,0","59,0","18,3","4,1","19,7"
Josh Okogie,2023,PHO,SG,24,"1350,0","72,0","18,8","2,8","13,3"
Drew Eubanks,2023,POR,C,25,"1584,0","78,0","20,3","4,4","16,2"
Dean Wade,2023,CLE,PF,26,"891,0","44,0","20,2","1,8","8,5"
Terance Mann,2023,LAC,SG,26,"1872,0","81,0","23,1","4,3","13,4"
Jaylen Nowell,2023,MIN,SG,23,"1252,0","65,0","19,3","1,2","13,7"
Naz Reid,2023,MIN,C,23,"1251,0","68,0","18,4","3,0","18,5"
Jalen McDaniels,2023,PHI,SF,25,"1913,0","80,0","23,9","2,7","11,8"
Daniel Gafford,2023,WAS,C,24,"1604,0","78,0","20,6","6,1","19,7"
Chimezie Metu,2023,SAC,C,25,"689,0","66,0","10,4","2,1","17,3"
Davon Reed,2023,LAL,SG,27,"342,0","43,0","8,0","0,1","6,2"
KZ Okpala,2023,SAC,PF,23,"248,0","35,0","7,1","0,3","6,2"
Wenyen Gabriel,2023,LAL,PF,25,"1024,0","68,0","15,1","2,8","14,4"
Thanasis Antetokounmpo,2023,MIL,SF,30,"206,0","37,0","5,6","0,1","6,7"
Moritz Wagner,2023,ORL,C,25,"1109,0","57,0","19,5","3,4","17,4"
Keita Bates-Diop,2023,SAS,SF,27,"1452,0","67,0","21,7","2,7","14,9"
Oshae Brissett,2023,IND,SF,24,"1083,0","65,0","16,7","1,1","10,6"
Nathan Knight,2023,MIN,PF,25,"291,0","38,0","7,7","0,7","14,5"
Justin Jackson,2023,BOS,SF,27,"107,0","23,0","4,7","0,1","6,3"
Isaiah Joe,2023,OKC,SG,23,"1395,0","73,0","19,1","3,8","14,5"
Ryan Arcidiacono,2023,POR,PG,28,"172,0","20,0","8,6","-0,2","2,7"
Anthony Gill,2023,WAS,PF,30,"624,0","59,0","10,6","1,3","11,1"
Javonte Green,2023,CHI,SG,29,"480,0","32,0","15,0","1,4","14,5"
Gabe Vincent,2023,MIA,PG,26,"1759,0","68,0","25,9","1,4","9,0"
Max Strus,2023,MIA,SF,26,"2272,0","80,0","28,4","3,4","10,8"
Nick Richards,2023,CHO,C,25,"1217,0","65,0","18,7","4,2","18,3"
Lamar Stevens,2023,CLE,PF,25,"1120,0","62,0","18,1","1,9","9,5"
Naji Marshall,2023,NOP,SF,25,"1792,0","77,0","23,3","2,5","11,4"
Paul Reed,2023,PHI,C,23,"755,0","69,0","10,9","2,8","19,2"
Tre Jones,2023,SAS,PG,23,"1984,0","68,0","29,2","3,4","16,0"
Haywood Highsmith,2023,MIA,SF,26,"969,0","54,0","17,9","0,9","8,5"
Leandro Bolmaro,2023,UTA,SG,22,"68,0","14,0","4,9","-0,3","-5,0"
Terry Taylor,2023,CHI,PF,23,"264,0","31,0","8,5","0,3","11,0"
Jericho Sims,2023,NYK,C,24,"812,0","52,0","15,6","2,6","13,8"
Sam Hauser,2023,BOS,PF,25,"1290,0","80,0","16,1","3,4","12,7"
Kessler Edwards,2023,SAC,SF,22,"385,0","36,0","10,7","0,4","8,4"
Vit Krejci,2023,ATL,PG,22,"165,0","29,0","5,7","0,1","7,7"
JT Thor,2023,CHO,PF,20,"969,0","69,0","14,0","0,2","7,0"
Ayo Dosunmu,2023,CHI,SG,23,"2098,0","80,0","26,2","2,9","10,2"
Isaiah Livers,2023,DET,PF,24,"1199,0","52,0","23,1","1,0","8,4"
Daishen Nix,2023,HOU,PG,20,"914,0","57,0","16,0","-1,2","5,3"
Jason Preston,2023,LAC,PG,23,"124,0","14,0","8,9","0,1","10,3"
Austin Reaves,2023,LAL,SG,24,"1843,0","64,0","28,8","5,4","14,9"
Jose Alvarado,2023,NOP,PG,24,"1310,0","61,0","21,5","1,8","11,8"
Miles McBride,2023,NYK,PG,22,"760,0","64,0","11,9","0,7","8,4"
Aaron Wiggins,2023,OKC,SG,24,"1297,0","70,0","18,5","2,6","12,2"
Jock Landale,2023,PHO,C,27,"979,0","69,0","14,2","2,7","16,4"
Trendon Watford,2023,POR,PF,22,"1182,0","62,0","19,1","2,1","13,6"
Dalano Banton,2023,TOR,PG,23,"279,0","31,0","9,0","0,4","14,9"
Christian Koloko,2023,TOR,C,22,"802,0","58,0","13,8","1,7","11,4"
Bryce McGowens,2023,CHO,SG,20,"787,0","46,0","17,1","0,1","7,2"
Jordan Goodwin,2023,WAS,PG,24,"1106,0","62,0","17,8","2,2","14,8"
Kennedy Chandler,2023,MEM,PG,20,"281,0","36,0","7,8","0,3","10,6"
Noah Vonleh,2023,BOS,C,27,"171,0","23,0","7,4","0,2","5,9"
Sandro Mamukelashvili,2023,SAS,C,23,"660,0","43,0","15,3","0,9","13,4"
Tyrese Martin,2023,ATL,SG,23,"66,0","16,0","4,1","0,0","7,7"
Jaden Hardy,2023,DAL,SG,20,"708,0","48,0","14,8","0,7","14,6"
Ryan Rollins,2023,GSW,PG,20,"62,0","12,0","5,2","-0,3","-1,4"
Max Christie,2023,LAL,SG,19,"512,0","41,0","12,5","0,6","7,4"
Josh Minott,2023,MIN,SF,20,"96,0","15,0","6,4","0,3","17,9"
Jabari Walker,2023,POR,SF,20,"619,0","56,0","11,1","0,2","9,6"
Eugene Omoruyi,2023,DET,SF,25,"645,0","40,0","16,1","0,6","10,9"
Kris Dunn,2023,UTA,PG,28,"568,0","22,0","25,8","1,9","19,1"
Admiral Schofield,2023,ORL,PF,25,"451,0","37,0","12,2","0,8","10,1"
Moses Brown,2023,BRK,C,23,"294,0","36,0","8,2","1,1","22,2"
Matt Ryan,2023,MIN,SF,25,"310,0","34,0","9,1","0,3","8,1"
PJ Dozier,2023,SAC,SG,26,"79,0","16,0","4,9","-0,2","5,2"
Cody Zeller,2023,MIA,C,30,"217,0","15,0","14,5","0,7","16,4"
Anthony Lamb,2023,GSW,SF,25,"1195,0","62,0","19,3","2,4","10,9"
Trent Forrest,2023,ATL,PG,24,"277,0","23,0","12,0","-0,1","6,1"
JD Davison,2023,BOS,PG,20,"66,0","12,0","5,5","0,1","10,1"
Mamadi Diakite,2023,CLE,PF,26,"176,0","22,0","8,0","0,2","9,0"
Isaiah Mobley,2023,CLE,PF,23,"84,0","12,0","7,0","0,2","14,1"
Jack White,2023,DEN,SF,25,"66,0","17,0","3,9","0,1","12,6"
Buddy Boeheim,2023,DET,PG,23,"90,0","10,0","9,0","-0,2","0,5"
Jamal Cain,2023,MIA,SF,23,"240,0","18,0","13,3","0,8","16,5"
Luka Garza,2023,MIN,C,24,"243,0","28,0","8,7","1,1","23,0"
Kevon Harris,2023,ORL,SG,25,"457,0","34,0","13,4","0,6","9,2"
Keon Ellis,2023,SAC,SG,23,"71,0","16,0","4,4","0,2","14,0"
Julian Champagnie,2023,SAS,SF,21,"320,0","17,0","18,8","0,4","13,4"
Dominick Barlow,2023,SAS,SF,19,"408,0","28,0","14,6","0,7","12,4"
Jeff Dowtin,2023,TOR,PG,25,"259,0","25,0","10,4","0,4","9,9"
Johnny Juzang,2023,UTA,SF,21,"232,0","18,0","12,9","-0,2","6,5"
John Butler,2023,POR,C,20,"221,0","19,0","11,6","0,0","5,7"
Orlando Robinson,2023,MIA,C,22,"425,0","31,0","13,7","1,1","13,4"
Dru Smith,2023,BRK,SG,25,"158,0","15,0","10,5","0,3","11,4"
Jared Rhoden,2023,DET,SG,23,"198,0","14,0","14,1","0,1","6,5"
Jarrett Culver,2023,ATL,SG,23,"137,0","10,0","13,7","0,0","9,5"
Xavier Cooks,2023,WAS,PF,27,"126,0","10,0","12,6","0,2","14,3"
Stephen Curry,2024,GSW,PG,35,"2421,0","74,0","32,7","7,2","20,6"
Kevin Durant,2024,PHO,PF,35,"2791,0","75,0","37,2","8,3","21,2"
LeBron James,2024,LAL,PF,39,"2504,0","71,0","35,3","8,5","23,7"
Joel Embiid,2024,PHI,C,29,"1309,0","39,0","33,6","7,5","34,1"
Bradley Beal,2024,PHO,SG,30,"1767,0","53,0","33,3","3,9","16,3"
Paul George,2024,LAC,PF,33,"2502,0","74,0","33,8","7,3","19,3"
Kawhi Leonard,2024,LAC,SF,32,"2330,0","68,0","34,3","8,9","23,2"
Giannis Antetokounmpo,2024,MIL,PF,29,"2567,0","73,0","35,2","13,2","29,9"
Damian Lillard,2024,MIL,PG,33,"2579,0","73,0","35,3","7,7","19,6"
Jimmy Butler,2024,MIA,PF,34,"2042,0","60,0","34,0","9,1","22,0"
Klay Thompson,2024,GSW,SF,33,"2284,0","77,0","29,7","3,6","13,9"
Rudy Gobert,2024,MIN,C,31,"2593,0","76,0","34,1","11,6","19,3"
Fred VanVleet,2024,HOU,PG,29,"2684,0","73,0","36,8","8,4","16,7"
Anthony Davis,2024,LAL,C,30,"2700,0","76,0","35,5","11,8","25,8"
Trae Young,2024,ATL,PG,25,"1942,0","54,0","36,0","4,6","20,3"
Zach LaVine,2024,CHI,SG,28,"872,0","25,0","34,9","1,5","15,1"
Tobias Harris,2024,PHI,PF,31,"2368,0","70,0","33,8","5,9","16,5"
Kyrie Irving,2024,DAL,SG,31,"2030,0","58,0","35,0","6,9","21,9"
Ben Simmons,2024,BRK,PG,27,"359,0","15,0","23,9","1,0","16,3"
Pascal Siakam,2024,IND,PF,29,"2657,0","80,0","33,2","6,9","19,7"
Jrue Holiday,2024,BOS,PG,33,"2263,0","69,0","32,8","6,3","14,4"
Karl-Anthony Towns,2024,MIN,PF,28,"2026,0","62,0","32,7","6,3","18,8"
Devin Booker,2024,PHO,PG,27,"2447,0","68,0","36,0","9,2","21,9"
CJ McCollum,2024,NOP,PG,32,"2159,0","66,0","32,7","5,9","17,9"
James Harden,2024,LAC,PG,34,"2470,0","72,0","34,3","8,4","18,6"
Darius Garland,2024,CLE,PG,24,"1901,0","57,0","33,4","2,7","14,5"
Zion Williamson,2024,NOP,PF,23,"2207,0","70,0","31,5","7,5","22,8"
Jamal Murray,2024,DEN,PG,26,"1861,0","59,0","31,5","5,9","20,7"
Brandon Ingram,2024,NOP,SF,26,"2103,0","64,0","32,9","5,1","18,2"
Shai Gilgeous-Alexander,2024,OKC,PG,25,"2553,0","75,0","34,0","14,6","29,3"
Gordon Hayward,2024,OKC,SF,33,"1245,0","51,0","24,4","1,5","12,8"
Donovan Mitchell,2024,CLE,SG,27,"1942,0","55,0","35,3","6,4","22,1"
Jayson Tatum,2024,BOS,PF,25,"2645,0","74,0","35,7","10,4","22,3"
Bam Adebayo,2024,MIA,C,26,"2416,0","71,0","34,0","7,2","19,8"
De'Aaron Fox,2024,SAC,PG,26,"2659,0","74,0","35,9","6,5","20,1"
Deandre Ayton,2024,POR,C,25,"1784,0","55,0","32,4","3,9","18,9"
Jaylen Brown,2024,BOS,SF,27,"2343,0","70,0","33,5","5,9","18,6"
Chris Paul,2024,GSW,PG,38,"1531,0","58,0","26,4","4,3","14,7"
Kyle Lowry,2024,PHI,PG,37,"1690,0","60,0","28,2","3,5","10,9"
Khris Middleton,2024,MIL,SF,32,"1487,0","55,0","27,0","3,4","17,0"
Domantas Sabonis,2024,SAC,C,27,"2928,0","82,0","35,7","12,6","23,2"
DeMar DeRozan,2024,CHI,SF,34,"2989,0","79,0","37,8","9,2","19,7"
Jordan Poole,2024,WAS,SG,24,"2346,0","78,0","30,1","-0,6","12,1"
Jerami Grant,2024,POR,PF,29,"1830,0","54,0","33,9","2,7","15,4"
Tyler Herro,2024,MIA,SG,24,"1407,0","42,0","33,5","2,0","15,7"
Julius Randle,2024,NYK,PF,29,"1630,0","46,0","35,4","3,8","18,9"
Jalen Brunson,2024,NYK,PG,27,"2726,0","77,0","35,4","11,2","23,4"
Cameron Johnson,2024,BRK,PF,27,"1599,0","58,0","27,6","3,3","14,5"
Kyle Kuzma,2024,WAS,PF,28,"2281,0","70,0","32,6","0,2","15,7"
John Collins,2024,UTA,PF,26,"1901,0","68,0","28,0","4,4","17,5"
Brook Lopez,2024,MIL,C,35,"2411,0","79,0","30,5","5,9","14,8"
Mike Conley,2024,MIN,PG,36,"2193,0","76,0","28,9","8,2","15,8"
Andrew Wiggins,2024,GSW,SF,28,"1920,0","71,0","27,0","2,8","12,7"
Anfernee Simons,2024,POR,SG,24,"1582,0","46,0","34,4","2,2","15,9"
RJ Barrett,2024,TOR,SG,23,"1838,0","58,0","31,7","2,9","16,4"
Jordan Clarkson,2024,UTA,SG,31,"1682,0","55,0","30,6","0,2","12,7"
Terry Rozier,2024,MIA,PG-SG,29,"2040,0","61,0","33,4","3,9","17,3"
Dillon Brooks,2024,HOU,SF,28,"2227,0","72,0","30,9","2,7","9,4"
Malcolm Brogdon,2024,POR,PG,31,"1121,0","39,0","28,7","2,6","17,0"
Draymond Green,2024,GSW,PF,33,"1490,0","55,0","27,1","3,6","14,5"
Bruce Brown,2024,TOR,PG-SG,27,"1866,0","67,0","27,9","2,2","11,6"
Mikal Bridges,2024,BRK,SF,27,"2854,0","82,0","34,8","4,2","14,9"
Aaron Gordon,2024,DEN,PF,28,"2297,0","73,0","31,5","7,1","16,8"
Myles Turner,2024,IND,C,27,"2076,0","77,0","27,0","5,8","19,3"
Clint Capela,2024,ATL,C,29,"1883,0","73,0","25,8","6,3","20,7"
Spencer Dinwiddie,2024,LAL,PG,30,"2152,0","76,0","28,3","3,6","11,7"
De'Andre Hunter,2024,ATL,SF,26,"1681,0","57,0","29,5","2,2","12,7"
Jarrett Allen,2024,CLE,C,25,"2442,0","77,0","31,7","10,7","21,8"
Keldon Johnson,2024,SAS,SF,24,"2038,0","69,0","29,5","3,0","14,2"
Joe Harris,2024,DET,SG,32,"170,0","16,0","10,6","0,0","4,6"
Jakob Poeltl,2024,TOR,C,28,"1319,0","50,0","26,4","3,8","18,9"
Buddy Hield,2024,PHI,SF-SG,31,"2160,0","84,0","25,7","3,5","13,3"
Derrick White,2024,BOS,SG,29,"2381,0","73,0","32,6","8,5","16,9"
Evan Fournier,2024,DET,SG,31,"580,0","32,0","18,1","-0,1","8,5"
OG Anunoby,2024,NYK,SF,26,"1702,0","50,0","34,0","2,6","12,8"
Marcus Smart,2024,MEM,PG,29,"605,0","20,0","30,2","0,2","11,8"
Dejounte Murray,2024,ATL,SG,27,"2783,0","78,0","35,7","4,9","17,7"
Duncan Robinson,2024,MIA,SF,29,"1905,0","68,0","28,0","3,6","12,2"
Norman Powell,2024,LAC,SG,30,"1990,0","76,0","26,2","4,1","13,9"
Marcus Morris,2024,CLE,PF,34,"817,0","49,0","16,7","1,0","9,9"
Collin Sexton,2024,UTA,SG,25,"2075,0","78,0","26,6","5,5","19,9"
Jonathan Isaac,2024,ORL,PF,26,"914,0","58,0","15,8","3,6","19,2"
D'Angelo Russell,2024,LAL,PG,27,"2484,0","76,0","32,7","5,1","16,0"
Lauri Markkanen,2024,UTA,PF,26,"1820,0","55,0","33,1","6,2","21,5"
Markelle Fultz,2024,ORL,PG,25,"910,0","43,0","21,2","1,3","12,6"
Harrison Barnes,2024,SAC,PF,31,"2381,0","82,0","29,0","4,7","11,9"
Rui Hachimura,2024,LAL,PF,25,"1826,0","68,0","26,9","4,1","15,0"
Mitchell Robinson,2024,NYK,C,25,"768,0","31,0","24,8","2,5","16,1"
Kevin Huerter,2024,SAC,SG,25,"1562,0","64,0","24,4","2,9","12,4"
Caris LeVert,2024,CLE,SG,29,"1958,0","68,0","28,8","3,6","14,6"
Luguentz Dort,2024,OKC,SF,24,"2246,0","79,0","28,4","4,6","11,1"
Luke Kennard,2024,MEM,SG,27,"999,0","39,0","25,6","2,1","13,1"
Kentavious Caldwell-Pope,2024,DEN,SG,30,"2402,0","76,0","31,6","4,8","10,7"
Max Strus,2024,CLE,SF,27,"2239,0","70,0","32,0","3,9","11,7"
Reggie Bullock,2024,HOU,SF,32,"417,0","44,0","9,5","0,6","7,7"
Doug McDermott,2024,IND,SF,32,"904,0","64,0","14,1","0,9","9,1"
Tyus Jones,2024,WAS,PG,27,"1933,0","66,0","29,3","4,5","16,5"
Dorian Finney-Smith,2024,BRK,PF,30,"1934,0","68,0","28,4","2,6","10,1"
Anthony Edwards,2024,MIN,SG,22,"2770,0","79,0","35,1","7,5","19,7"
Gary Harris,2024,ORL,SG,29,"1297,0","54,0","24,0","2,7","9,4"
Josh Hart,2024,NYK,SF,28,"2707,0","81,0","33,4","5,7","11,8"
Naz Reid,2024,MIN,C,24,"1964,0","81,0","24,2","4,9","16,0"
Grant Williams,2024,CHO,PF,25,"2130,0","76,0","28,0","2,6","10,6"
Daniel Gafford,2024,DAL,C-PF,25,"1815,0","74,0","24,5","7,8","21,7"
Kelly Olynyk,2024,TOR,C,32,"1759,0","78,0","22,6","4,9","17,4"
Victor Wembanyama,2024,SAS,C,20,"2106,0","71,0","29,7","3,7","23,1"
James Wiseman,2024,DET,C,22,"1091,0","63,0","17,3","2,1","14,8"
Richaun Holmes,2024,WAS,C-PF,30,"555,0","40,0","13,9","1,3","14,5"
Austin Reaves,2024,LAL,SG,25,"2629,0","82,0","32,1","5,9","15,5"
Chris Boucher,2024,TOR,PF,31,"705,0","50,0","14,1","1,7","16,0"
Bobby Portis,2024,MIL,PF,28,"2008,0","82,0","24,5","4,7","17,5"
Nicolas Batum,2024,PHI,PF,35,"1529,0","60,0","25,5","3,3","10,2"
Robert Covington,2024,PHI,SF-PF,33,"488,0","29,0","16,8","1,5","13,6"
Paolo Banchero,2024,ORL,PF,21,"2799,0","80,0","35,0","5,3","17,3"
Coby White,2024,CHI,PG,23,"2881,0","79,0","36,5","4,7","14,5"
Cade Cunningham,2024,DET,PG,22,"2074,0","62,0","33,5","1,8","17,1"
Talen Horton-Tucker,2024,UTA,PG,23,"1009,0","51,0","19,8","0,8","13,4"
Maxi Kleber,2024,DAL,C,32,"871,0","43,0","20,3","1,4","8,8"
Joe Ingles,2024,ORL,SF,36,"1169,0","68,0","17,2","2,6","10,6"
Ivica Zubac,2024,LAC,C,26,"1794,0","68,0","26,4","6,8","19,3"
LaMelo Ball,2024,CHO,PG,22,"711,0","22,0","32,3","1,1","20,8"
Donte DiVincenzo,2024,NYK,SG,27,"2360,0","81,0","29,1","6,6","16,0"
Brandon Miller,2024,CHO,SF,21,"2383,0","74,0","32,2","0,8","13,0"
Terance Mann,2024,LAC,SG,27,"1873,0","75,0","25,0","4,2","12,0"
Gabe Vincent,2024,LAL,PG,27,"218,0","11,0","19,8","-0,1","3,1"
Matisse Thybulle,2024,POR,SF,26,"1487,0","65,0","22,9","2,2","10,4"
Alec Burks,2024,NYK,SG,32,"1212,0","66,0","18,4","1,4","12,9"
Chet Holmgren,2024,OKC,C,21,"2413,0","82,0","29,4","8,9","20,4"
Landry Shamet,2024,WAS,SG,26,"726,0","46,0","15,8","0,3","10,5"
Al Horford,2024,BOS,C,37,"1740,0","65,0","26,8","6,2","15,0"
Malik Monk,2024,SAC,SG,25,"1872,0","72,0","26,0","3,5","16,0"
Tre Jones,2024,SAS,PG,24,"2138,0","77,0","27,8","4,9","14,7"
Jalen Green,2024,HOU,SG,21,"2601,0","82,0","31,7","3,1","14,7"
Patrick Williams,2024,CHI,PF,22,"1174,0","43,0","27,3","1,2","11,0"
Monte Morris,2024,MIN,PG,28,"476,0","33,0","14,4","1,2","13,2"
Scoot Henderson,2024,POR,PG,19,"1765,0","62,0","28,5","-1,7","9,5"
Royce O'Neale,2024,PHO,SF,30,"1954,0","79,0","24,7","3,4","11,1"
Alex Caruso,2024,CHI,SG,29,"2040,0","71,0","28,7","4,9","14,5"
Pat Connaughton,2024,MIL,SF,31,"1676,0","76,0","22,1","2,8","9,6"
Cameron Payne,2024,PHI,PG,29,"1304,0","78,0","16,7","2,4","12,8"
Isaiah Hartenstein,2024,NYK,C,25,"1896,0","75,0","25,3","8,1","18,9"
Kyle Anderson,2024,MIN,PF,30,"1782,0","79,0","22,6","4,5","12,7"
Daniel Theis,2024,LAC,C,31,"1015,0","60,0","16,9","2,5","14,4"
Thaddeus Young,2024,PHO,PF,35,"439,0","33,0","13,3","1,3","15,9"
Grayson Allen,2024,PHO,SG,28,"2513,0","75,0","33,5","6,9","13,8"
Isaac Okoro,2024,CLE,SF,23,"1887,0","69,0","27,3","4,2","11,4"
Evan Mobley,2024,CLE,PF,22,"1532,0","50,0","30,6","5,5","20,1"
Amen Thompson,2024,HOU,SF,21,"1388,0","62,0","22,4","4,3","18,2"
Georges Niang,2024,CLE,PF,30,"1831,0","82,0","22,3","2,4","9,9"
Gary Payton II,2024,GSW,SG,31,"680,0","44,0","15,5","1,8","13,9"
Keegan Murray,2024,SAC,SF,23,"2588,0","77,0","33,6","5,2","13,3"
Delon Wright,2024,MIA,PG,31,"742,0","47,0","15,8","1,7","13,6"
Onyeka Okongwu,2024,ATL,C,23,"1405,0","55,0","25,5","4,5","16,9"
Scottie Barnes,2024,TOR,SG,22,"2094,0","60,0","34,9","4,3","19,5"
Jock Landale,2024,HOU,C,28,"763,0","56,0","13,6","2,3","15,6"
Jeff Green,2024,HOU,PF,37,"1307,0","78,0","16,8","2,6","11,3"
Moritz Wagner,2024,ORL,C,26,"1415,0","80,0","17,7","5,6","20,6"
De'Anthony Melton,2024,PHI,SG,25,"1023,0","38,0","26,9","2,1","13,4"
Trey Lyles,2024,SAC,PF,28,"1158,0","58,0","20,0","2,4","11,9"
Ausar Thompson,2024,DET,SF,21,"1583,0","63,0","25,1","1,8","12,8"
Miles Bridges,2024,CHO,SF,25,"2581,0","69,0","37,4","2,2","15,4"
Danilo Gallinari,2024,MIL,PF-SF,35,"630,0","49,0","12,9","1,3","13,4"
Paul Reed,2024,PHI,C,24,"1590,0","82,0","19,4","5,1","17,4"
Zach Collins,2024,SAS,C,26,"1526,0","69,0","22,1","1,8","14,3"
Jaden Ivey,2024,DET,SG,21,"2217,0","77,0","28,8","0,5","12,4"
Cody Martin,2024,CHO,SF,28,"753,0","28,0","26,9","-0,2","9,2"
Kevon Looney,2024,GSW,C,27,"1195,0","74,0","16,1","4,0","15,1"
Killian Hayes,2024,DET,PG,22,"1008,0","42,0","24,0","0,7","10,5"
Jalen Suggs,2024,ORL,SG,22,"2025,0","75,0","27,0","4,7","14,1"
Anthony Black,2024,ORL,PG,20,"1164,0","69,0","16,9","1,6","8,4"
Jae'Sean Tate,2024,HOU,SF,28,"1031,0","65,0","15,9","1,8","9,3"
Bennedict Mathurin,2024,IND,SF,21,"1538,0","59,0","26,1","1,4","13,0"
Obi Toppin,2024,IND,PF,25,"1730,0","82,0","21,1","4,8","16,5"
Caleb Martin,2024,MIA,SF,28,"1756,0","64,0","27,4","2,4","10,8"
Cedi Osman,2024,SAS,SF,28,"1269,0","72,0","17,6","1,9","11,2"
Bilal Coulibaly,2024,WAS,SF,19,"1715,0","63,0","27,2","0,4","8,9"
Josh Giddey,2024,OKC,SG,21,"2011,0","80,0","25,1","4,3","16,6"
Ayo Dosunmu,2024,CHI,SG,24,"2212,0","76,0","29,1","4,1","13,4"
Sasha Vezenkov,2024,SAC,PF,28,"511,0","42,0","12,2","1,0","13,3"
Shaedon Sharpe,2024,POR,SG,20,"1059,0","32,0","33,1","0,5","11,4"
Deni Avdija,2024,WAS,SF,23,"2257,0","75,0","30,1","3,2","14,9"
Nassir Little,2024,PHO,SF,23,"458,0","45,0","10,2","0,7","9,9"
Bismack Biyombo,2024,OKC,C,31,"791,0","40,0","19,8","1,1","9,9"
Jevon Carter,2024,CHI,PG,28,"1004,0","72,0","13,9","0,2","8,5"
Kenrich Williams,2024,OKC,PF,29,"1029,0","69,0","14,9","2,5","11,9"
Jarace Walker,2024,IND,PF,20,"340,0","33,0","10,3","0,4","11,8"
Jonathan Kuminga,2024,GSW,PF,21,"1949,0","74,0","26,3","4,6","17,0"
Devin Vassell,2024,SAS,SG,23,"2248,0","68,0","33,1","3,6","15,7"
Tyrese Haliburton,2024,IND,PG,23,"2224,0","69,0","32,2","9,0","23,3"
Dyson Daniels,2024,NOP,PG,20,"1358,0","61,0","22,3","2,9","12,0"
Dean Wade,2024,CLE,PF,27,"1108,0","54,0","20,5","2,5","10,2"
Aaron Nesmith,2024,IND,SF,24,"1995,0","72,0","27,7","4,1","12,8"
Aleksej Pokusevski,2024,CHO,PF,22,"405,0","28,0","14,5","0,4","12,7"
Taylor Hendricks,2024,UTA,PF,20,"856,0","40,0","21,4","1,2","11,8"
Shake Milton,2024,NYK,SG,27,"581,0","48,0","12,1","0,6","9,2"
JaVale McGee,2024,SAC,C,36,"339,0","46,0","7,4","0,7","19,0"
Cole Anthony,2024,ORL,PG,23,"1817,0","81,0","22,4","3,6","14,6"
Franz Wagner,2024,ORL,SF,22,"2337,0","72,0","32,5","6,4","17,6"
Furkan Korkmaz,2024,PHI,SG,26,"300,0","35,0","8,6","0,4","9,2"
Jeremy Sochan,2024,SAS,PF,20,"2193,0","74,0","29,6","1,4","11,4"
Cason Wallace,2024,OKC,SG,20,"1692,0","82,0","20,6","4,0","12,0"
Isaiah Stewart,2024,DET,PF,22,"1423,0","46,0","30,9","1,7","11,3"
Chuma Okeke,2024,ORL,SF,25,"432,0","47,0","9,2","0,3","6,9"
Davion Mitchell,2024,SAC,PG,25,"1101,0","72,0","15,3","1,3","9,3"
Johnny Davis,2024,WAS,SG,21,"613,0","50,0","12,3","-0,1","6,2"
Jalen Smith,2024,IND,C,23,"1047,0","61,0","17,2","4,0","20,7"
Jett Howard,2024,ORL,SF,20,"67,0","18,0","3,7","0,0","8,6"
Reggie Jackson,2024,DEN,PG,33,"1817,0","82,0","22,2","2,1","11,7"
Mason Plumlee,2024,LAC,C,33,"674,0","46,0","14,7","2,0","15,8"
Ziaire Williams,2024,MEM,SF,22,"1038,0","51,0","20,4","0,2","9,3"
Ousmane Dieng,2024,OKC,PF,20,"365,0","33,0","11,1","0,4","10,1"
Taj Gibson,2024,DET,PF,38,"204,0","20,0","10,2","0,2","5,9"
Josh Green,2024,DAL,SG,23,"1505,0","57,0","26,4","2,2","9,9"
Nickeil Alexander-Walker,2024,MIN,SG,25,"1921,0","82,0","23,4","4,3","10,9"
Jarred Vanderbilt,2024,LAL,PF,24,"581,0","29,0","20,0","1,1","11,6"
James Bouknight,2024,CHO,SG,23,"81,0","14,0","5,8","0,1","15,9"
Jalen Williams,2024,OKC,PF,22,"2223,0","71,0","31,3","7,3","19,1"
Saddiq Bey,2024,ATL,SF,24,"2062,0","63,0","32,7","3,5","13,1"
Gradey Dick,2024,TOR,SG,20,"1268,0","60,0","21,1","0,3","8,9"
Taurean Prince,2024,LAL,PF,29,"2108,0","78,0","27,0","1,9","8,8"
Jalen McDaniels,2024,TOR,SF,26,"538,0","50,0","10,8","-0,8","5,0"
Precious Achiuwa,2024,NYK,PF-C,24,"1624,0","74,0","21,9","3,4","14,6"
Tyrese Maxey,2024,PHI,PG,23,"2626,0","70,0","37,5","8,1","19,8"
Jalen Duren,2024,DET,C,20,"1777,0","61,0","29,1","4,8","18,7"
Jordan Hawkins,2024,NOP,SG,21,"1160,0","67,0","17,3","1,3","10,2"
Mike Muscala,2024,OKC,C,32,"600,0","53,0","11,3","0,1","7,5"
Zeke Nnaji,2024,DEN,PF,23,"576,0","58,0","9,9","1,2","12,4"
Immanuel Quickley,2024,TOR,PG-SG,24,"1985,0","68,0","29,2","4,7","16,7"
Chris Duarte,2024,SAC,SF,26,"719,0","59,0","12,2","0,7","8,4"
Ochai Agbaji,2024,TOR,SG,23,"1641,0","78,0","21,0","0,1","7,7"
Kobe Bufkin,2024,ATL,SG,20,"196,0","17,0","11,5","-0,1","9,1"
Payton Pritchard,2024,BOS,PG,26,"1825,0","82,0","22,3","6,1","15,3"
Seth Curry,2024,CHO,SG,33,"616,0","44,0","14,0","0,5","9,9"
Dwight Powell,2024,DAL,C,32,"836,0","63,0","13,3","3,1","14,5"
Moses Moody,2024,GSW,SG,21,"1156,0","66,0","17,5","2,4","13,7"
Mark Williams,2024,CHO,C,22,"508,0","19,0","26,7","2,1","22,5"
Jaden McDaniels,2024,MIN,SF,23,"2105,0","72,0","29,2","3,4","9,4"
Keyonte George,2024,UTA,PG,20,"2023,0","75,0","27,0","-0,3","10,4"
Malachi Flynn,2024,DET,PG,25,"876,0","69,0","12,7","0,5","11,9"
Desmond Bane,2024,MEM,SG,25,"1443,0","42,0","34,4","3,1","18,5"
Russell Westbrook,2024,LAC,PG,35,"1529,0","68,0","22,5","2,1","16,2"
Kevin Love,2024,MIA,PF,35,"924,0","55,0","16,8","3,3","18,5"
Corey Kispert,2024,WAS,SF,24,"2067,0","80,0","25,8","2,1","12,8"
AJ Griffin,2024,ATL,SF,20,"171,0","20,0","8,6","-0,4","1,2"
Jalen Hood-Schifino,2024,LAL,SG,20,"109,0","21,0","5,2","-0,5","-1,5"
Amir Coffey,2024,LAC,SF,26,"1460,0","70,0","20,9","2,6","10,0"
Tari Eason,2024,HOU,PF,22,"480,0","22,0","21,8","1,3","17,1"
Andre Drummond,2024,CHI,C,30,"1351,0","79,0","17,1","4,9","23,0"
Brandin Podziemski,2024,GSW,SG,20,"1968,0","74,0","26,6","4,1","13,0"
Dalen Terry,2024,CHI,SG,21,"681,0","59,0","11,5","0,8","10,2"
Jake LaRavia,2024,MEM,PF,22,"806,0","35,0","23,0","1,0","12,6"
Wesley Matthews,2024,ATL,SG,37,"413,0","36,0","11,5","0,4","8,2"
Tristan Thompson,2024,CLE,C,32,"549,0","49,0","11,2","1,4","13,9"
Markieff Morris,2024,DAL,PF,34,"216,0","26,0","8,3","-0,1","6,6"
Justin Holiday,2024,DEN,SG,34,"862,0","58,0","14,9","1,8","9,7"
DeAndre Jordan,2024,DEN,C,35,"396,0","36,0","11,0","1,2","16,0"
Cory Joseph,2024,GSW,PG,32,"296,0","26,0","11,4","0,2","6,2"
Derrick Rose,2024,MEM,PG,35,"399,0","24,0","16,6","0,4","13,1"
Jae Crowder,2024,MIL,PF,33,"1156,0","50,0","23,1","1,6","8,9"
Patrick Beverley,2024,MIL,PG,35,"1462,0","73,0","20,0","2,7","11,6"
Cody Zeller,2024,NOP,C,31,"320,0","43,0","7,4","0,8","12,8"
Eric Gordon,2024,PHO,SG,35,"1893,0","68,0","27,8","2,5","10,8"
Alex Len,2024,SAC,C,30,"444,0","48,0","9,2","1,3","14,7"
Robin Lopez,2024,MIL,C,35,"65,0","16,0","4,1","0,0","6,6"
Garrett Temple,2024,TOR,SG,37,"289,0","27,0","10,7","0,2","9,5"
Tre Mann,2024,CHO,PG,22,"987,0","41,0","24,1","1,2","13,7"
Noah Clowney,2024,BRK,PF,19,"370,0","23,0","16,1","0,9","14,2"
Malaki Branham,2024,SAS,PG,20,"1594,0","75,0","21,3","-0,3","8,7"
Simone Fontecchio,2024,DET,SF,28,"1644,0","66,0","24,9","2,1","12,1"
Dante Exum,2024,DAL,PG,28,"1088,0","55,0","19,8","2,9","13,7"
Julian Champagnie,2024,SAS,SF,22,"1468,0","74,0","19,8","1,8","10,6"
Jordan Nwora,2024,TOR,SF,25,"712,0","52,0","13,7","0,5","13,7"
Christian Braun,2024,DEN,SG,22,"1655,0","82,0","20,2","3,4","12,1"
Jalen Johnson,2024,ATL,SF,22,"1889,0","56,0","33,7","3,8","16,3"
Josh Richardson,2024,MIA,SG,30,"1103,0","43,0","25,7","2,1","11,4"
Kris Murray,2024,POR,SF,23,"1348,0","62,0","21,7","0,7","9,0"
Walker Kessler,2024,UTA,C,22,"1493,0","64,0","23,3","4,1","18,0"
Josh Okogie,2024,PHO,SG,25,"960,0","60,0","16,0","2,1","12,0"
Omer Yurtseven,2024,UTA,C,25,"545,0","48,0","11,4","0,7","15,0"
Olivier-Maxence Prosper,2024,DAL,PF,21,"336,0","40,0","8,4","0,5","11,6"
David Roddy,2024,PHO,PF,22,"1177,0","65,0","18,1","0,1","8,7"
Christian Wood,2024,LAL,PF,28,"872,0","50,0","17,4","1,2","12,3"
Malik Beasley,2024,MIL,SG,27,"2337,0","79,0","29,6","3,5","10,3"
Chimezie Metu,2024,DET,C,26,"859,0","51,0","16,8","1,5","13,3"
Isaiah Jackson,2024,IND,C,22,"771,0","59,0","13,1","3,3","21,5"
Marcus Sasser,2024,DET,PG,23,"1351,0","71,0","19,0","0,9","11,8"
MarJon Beauchamp,2024,MIL,SF,23,"608,0","48,0","12,7","0,7","9,7"
Charles Bassey,2024,SAS,C,23,"205,0","19,0","10,8","0,7","17,7"
Damian Jones,2024,CLE,C,28,"270,0","39,0","6,9","0,8","15,8"
Kris Dunn,2024,UTA,PG,29,"1249,0","66,0","18,9","2,0","12,8"
Bruno Fernando,2024,ATL,C,25,"682,0","45,0","15,2","1,5","15,2"
Jeremiah Robinson-Earl,2024,NOP,PF,23,"334,0","39,0","8,6","0,6","11,8"
Ben Sheppard,2024,IND,SG,22,"814,0","57,0","14,3","0,8","8,1"
Torrey Craig,2024,CHI,SF,33,"1049,0","53,0","19,8","1,9","10,8"
Ryan Arcidiacono,2024,NYK,PG,29,"45,0","20,0","2,2","-0,1","-2,0"
Thomas Bryant,2024,MIA,C,26,"441,0","38,0","11,6","1,6","19,0"
Blake Wesley,2024,SAS,SG,20,"876,0","61,0","14,4","0,9","10,1"
Lamar Stevens,2024,MEM,PF,26,"559,0","38,0","14,7","0,8","14,6"
Brice Sensabaugh,2024,UTA,SF,20,"584,0","32,0","18,2","-0,3","8,6"
Julian Strawther,2024,DEN,SF,21,"545,0","50,0","10,9","0,2","8,2"
Tristan Vukcevic,2024,WAS,C,20,"153,0","10,0","15,3","0,1","13,9"
Jordan McLaughlin,2024,MIN,PG,27,"626,0","56,0","11,2","2,5","15,5"
Kobe Brown,2024,LAC,PF,24,"394,0","44,0","9,0","0,5","7,6"
Luke Kornet,2024,BOS,C,28,"983,0","63,0","15,6","5,1","19,8"
John Konchar,2024,MEM,SF,27,"1173,0","55,0","21,3","2,2","11,4"
Quentin Grimes,2024,DET,SG,23,"1025,0","51,0","20,1","1,3","8,9"
Keita Bates-Diop,2024,BRK,SF,28,"665,0","53,0","12,5","1,3","11,5"
Aaron Holiday,2024,HOU,PG,27,"1269,0","78,0","16,3","2,5","11,5"
Yuta Watanabe,2024,MEM,SF,29,"464,0","34,0","13,6","-0,1","4,7"
Thanasis Antetokounmpo,2024,MIL,PF,31,"155,0","34,0","4,6","0,0","5,5"
Mo Bamba,2024,PHI,C,25,"740,0","57,0","13,0","2,0","15,4"
Drew Eubanks,2024,PHO,C,26,"1169,0","75,0","15,6","3,1","14,4"
Harry Giles,2024,LAL,C,25,"100,0","23,0","4,3","0,1","14,8"
Bones Hyland,2024,LAC,PG,23,"540,0","37,0","14,6","0,0","10,8"
Peyton Watson,2024,DEN,SF,21,"1488,0","80,0","18,6","2,5","11,8"
Cam Thomas,2024,BRK,SG,22,"2075,0","66,0","31,4","2,5","16,1"
Jaden Springer,2024,BOS,SG-PG,21,"507,0","49,0","10,3","0,6","10,7"
Day'Ron Sharpe,2024,BRK,C,22,"921,0","61,0","15,1","2,9","20,0"
Jordan Goodwin,2024,MEM,PG,25,"1055,0","57,0","18,5","1,2","12,6"
Oshae Brissett,2024,BOS,SF,25,"630,0","55,0","11,5","1,7","12,8"
Cam Reddish,2024,LAL,SF,24,"984,0","48,0","20,5","0,6","7,7"
Jaxson Hayes,2024,LAL,C,23,"877,0","70,0","12,5","2,5","14,0"
Bol Bol,2024,PHO,PF,24,"469,0","43,0","10,9","1,6","18,7"
Moses Brown,2024,POR,C,24,"200,0","22,0","9,1","0,2","14,5"
Kevin Knox,2024,DET,SF,24,"560,0","31,0","18,1","0,4","9,9"
Andrew Nembhard,2024,IND,PG,24,"1697,0","68,0","25,0","2,0","11,3"
Goga Bitadze,2024,ORL,C,24,"957,0","62,0","15,4","3,7","17,8"
Matt Ryan,2024,NOP,SF,26,"390,0","28,0","13,9","0,5","9,0"
Trendon Watford,2024,BRK,PF,23,"856,0","63,0","13,6","1,8","15,7"
Terry Taylor,2024,CHI,PF,24,"188,0","31,0","6,1","0,3","10,1"
Dalano Banton,2024,POR,PG,24,"1047,0","54,0","19,4","0,5","13,3"
Colby Jones,2024,SAC,SG,21,"192,0","30,0","6,4","0,0","8,9"
Sandro Mamukelashvili,2024,SAS,C,24,"451,0","46,0","9,8","1,0","15,8"
Garrison Mathews,2024,ATL,SG,27,"992,0","66,0","15,0","1,6","8,9"
Jaylin Williams,2024,OKC,C,21,"897,0","69,0","13,0","2,4","12,7"
Caleb Houstan,2024,ORL,SF,21,"815,0","59,0","13,8","1,5","8,3"
Sam Merrill,2024,CLE,SG,27,"1069,0","61,0","17,5","2,8","13,1"
Isaiah Joe,2024,OKC,SG,24,"1445,0","78,0","18,5","3,5","13,4"
Anthony Gill,2024,WAS,PF,31,"466,0","50,0","9,3","0,4","12,1"
Duop Reath,2024,POR,C,27,"1214,0","68,0","17,9","2,4","15,1"
Naji Marshall,2024,NOP,SF,26,"1257,0","66,0","19,0","2,6","12,7"
KJ Martin,2024,PHI,SF,23,"746,0","60,0","12,4","1,1","9,9"
Sam Hauser,2024,BOS,SF,26,"1741,0","79,0","22,0","4,9","13,0"
Jericho Sims,2024,NYK,C,25,"585,0","45,0","13,0","1,5","10,9"
Kessler Edwards,2024,SAC,SF,23,"275,0","54,0","5,1","0,5","10,3"
Haywood Highsmith,2024,MIA,PF,27,"1366,0","66,0","20,7","3,1","11,1"
Ryan Rollins,2024,MIL,PG,21,"78,0","13,0","6,0","0,3","22,0"
JT Thor,2024,CHO,PF,21,"781,0","63,0","12,4","0,6","9,1"
Jose Alvarado,2024,NOP,PG,25,"1028,0","56,0","18,4","2,1","12,5"
Miles McBride,2024,NYK,PG,23,"1328,0","68,0","19,5","3,6","13,1"
Aaron Wiggins,2024,OKC,SG,25,"1228,0","78,0","15,7","3,7","15,6"
Isaiah Livers,2024,DET,PF,25,"469,0","23,0","20,4","-0,1","5,1"
Jared Butler,2024,WAS,SG,23,"566,0","40,0","14,2","0,6","14,1"
Orlando Robinson,2024,MIA,C,23,"304,0","36,0","8,4","0,9","14,0"
Leonard Miller,2024,MIN,SF,20,"52,0","17,0","3,1","0,3","27,0"
Bryce McGowens,2024,CHO,SG,21,"882,0","59,0","14,9","0,6","9,3"
Jaden Hardy,2024,DAL,SG,21,"989,0","73,0","13,5","0,3","11,2"
Max Christie,2024,LAL,SG,20,"944,0","67,0","14,1","0,7","8,4"
Josh Minott,2024,MIN,SF,21,"91,0","32,0","2,8","0,4","20,4"
Jabari Walker,2024,POR,SF,21,"1700,0","72,0","23,6","2,9","13,0"
Jalen Pickett,2024,DEN,SG,24,"122,0","27,0","4,5","0,2","9,7"
Julian Phillips,2024,CHI,SF,20,"323,0","40,0","8,1","0,2","7,0"
Eugene Omoruyi,2024,WAS,SF,26,"393,0","43,0","9,1","0,6","16,0"
DaQuan Jeffries,2024,NYK,SG,26,"46,0","17,0","2,7","-0,1","3,1"
Skylar Mays,2024,LAL,PG-SG,26,"433,0","38,0","11,4","0,4","12,0"
Hunter Tyson,2024,DEN,PF,23,"48,0","18,0","2,7","0,0","6,0"
Trayce Jackson-Davis,2024,GSW,PF,23,"1130,0","68,0","16,6","4,8","21,6"
Maxwell Lewis,2024,LAL,SF,21,"103,0","34,0","3,0","-0,4","-3,9"
Chris Livingston,2024,MIL,SF,20,"90,0","21,0","4,3","0,1","6,9"
Rayan Rupert,2024,POR,SG,19,"633,0","39,0","16,2","-0,1","5,8"
Toumani Camara,2024,POR,PF,23,"1739,0","70,0","24,8","2,0","10,6"
Sidy Cissoko,2024,SAS,SF,19,"141,0","12,0","11,8","0,3","12,0"
Dylan Windler,2024,ATL,SF,27,"108,0","17,0","6,4","0,3","14,2"
Trent Forrest,2024,ATL,SG,25,"414,0","38,0","10,9","0,2","8,9"
Kendall Brown,2024,IND,SG,20,"63,0","15,0","4,2","0,1","7,6"
Stanley Umude,2024,DET,SG,24,"307,0","24,0","12,8","0,5","11,4"
Gui Santos,2024,GSW,PF,21,"192,0","23,0","8,3","0,7","15,6"
Dominick Barlow,2024,SAS,PF,20,"420,0","33,0","12,7","1,1","14,6"
Neemias Queta,2024,BOS,C,24,"333,0","28,0","11,9","1,8","22,9"
Jalen Wilson,2024,BRK,PF,23,"664,0","43,0","15,4","1,1","10,8"
Javon Freeman-Liberty,2024,TOR,PG,24,"403,0","22,0","18,3","0,2","10,7"
Lindy Waters III,2024,OKC,SG,26,"280,0","38,0","7,4","0,9","15,3"
Jacob Gilyard,2024,BRK,PG,25,"699,0","41,0","17,0","1,4","11,1"
Luka Garza,2024,MIN,C,25,"122,0","25,0","4,9","0,4","21,8"
Keon Ellis,2024,SAC,SG,24,"978,0","57,0","17,2","2,3","12,0"
Amari Bailey,2024,CHO,PG,19,"65,0","10,0","6,5","-0,1","9,7"
Leaky Black,2024,CHO,SF,24,"284,0","26,0","10,9","0,5","11,5"
Isaiah Mobley,2024,CLE,PF,24,"72,0","10,0","7,2","0,0","8,1"
Emoni Bates,2024,CLE,SF,20,"133,0","15,0","8,9","-0,3","2,6"
Collin Gillespie,2024,DEN,PG,24,"225,0","24,0","9,4","0,4","11,0"
Braxton Key,2024,DEN,SF,26,"60,0","20,0","3,0","0,2","16,5"
Jay Huff,2024,DEN,C,25,"49,0","20,0","2,4","0,2","18,5"
Jared Rhoden,2024,DET,SG,24,"245,0","17,0","14,4","0,3","10,3"
Jerome Robinson,2024,GSW,SG,26,"81,0","22,0","3,7","-0,1","5,7"
Jermaine Samuels,2024,HOU,SF,25,"60,0","14,0","4,3","0,2","15,1"
Nate Hinton,2024,HOU,SG,24,"75,0","15,0","5,0","0,3","17,6"
Colin Castleton,2024,LAL,C,23,"59,0","16,0","3,7","0,2","13,0"
Cole Swider,2024,MIA,SF,24,"87,0","18,0","4,8","-0,1","7,1"
Jamal Cain,2024,MIA,PF,24,"259,0","26,0","10,0","0,5","11,5"
Daishen Nix,2024,MIN,PG,21,"50,0","15,0","3,3","0,0","12,3"
Olivier Sarr,2024,OKC,C,24,"98,0","15,0","6,5","0,4","14,8"
Trevelin Queen,2024,ORL,SG,26,"165,0","14,0","11,8","0,2","8,3"
Admiral Schofield,2024,ORL,PF,26,"84,0","23,0","3,7","0,0","6,0"
Terquavion Smith,2024,PHI,PG,21,"84,0","16,0","5,2","0,1","14,8"
Saben Lee,2024,PHO,PG,24,"185,0","24,0","7,7","0,4","13,5"
Udoka Azubuike,2024,PHO,C,24,"113,0","16,0","7,1","0,2","12,3"
Justin Minaya,2024,POR,SF,24,"381,0","34,0","11,2","0,1","5,8"
Jalen Slawson,2024,SAC,SF,24,"37,0","12,0","3,1","0,0","6,6"
Johnny Juzang,2024,UTA,SG,22,"372,0","20,0","18,6","0,4","9,6"
Micah Potter,2024,UTA,PF,25,"186,0","16,0","11,6","0,3","11,0"
Marques Bolden,2024,CHO,C,25,"121,0","11,0","11,0","0,3","16,0"
Onuralp Bitim,2024,CHI,SG,24,"268,0","23,0","11,7","-0,1","5,0"
Xavier Moon,2024,LAC,SG,29,"119,0","14,0","8,5","-0,1","8,1"
Ibou Badji,2024,POR,C,21,"226,0","22,0","10,3","0,2","8,1"
Juan Toscano-Anderson,2024,SAC,SF,30,"53,0","11,0","4,8","0,0","2,5"
Jules Bernard,2024,WAS,SG,24,"149,0","19,0","7,8","0,1","12,7"
Jontay Porter,2024,TOR,PF,24,"360,0","26,0","13,8","0,7","14,9"
Jaylen Nowell,2024,DET,SG,24,"214,0","13,0","16,5","0,1","9,2"
Nathan Mensah,2024,CHO,C,25,"307,0","25,0","12,3","0,1","5,0"
Vit Krejci,2024,ATL,PG,23,"541,0","22,0","24,6","0,6","8,4"
Brandon Williams,2024,DAL,PG,24,"113,0","17,0","6,6","-0,1","9,3"
Trey Jemison,2024,MEM,C,24,"573,0","25,0","22,9","0,9","11,8"
Tosan Evbuomwan,2024,DET,SF,22,"367,0","17,0","21,6","0,5","9,9"
Ashton Hagans,2024,POR,PG,24,"316,0","19,0","16,6","0,0","8,5"
Jeff Dowtin,2024,PHI,PG,26,"142,0","12,0","11,8","0,6","18,2"
Justin Champagnie,2024,WAS,SF,22,"235,0","15,0","15,7","0,3","13,6"
Armoni Brooks,2024,BRK,PG,25,"104,0","10,0","10,4","0,0","8,3"
Mouhamadou Gueye,2024,TOR,PF,25,"120,0","11,0","10,9","-0,4","4,6"
Buddy Boeheim,2024,DET,SF,24,"84,0","10,0","8,4","0,1","9,1"
Stephen Curry,2025,GSW,PG,36,"2252,0","70,0","32,2","7,9","21,5"
Joel Embiid,2025,PHI,C,30,"574,0","19,0","30,2","1,4","23,4"
Kevin Durant,2025,PHO,PF,36,"2265,0","62,0","36,5","5,2","21,2"
Bradley Beal,2025,PHO,SG,31,"1702,0","53,0","32,1","2,4","15,2"
Jaylen Brown,2025,BOS,SF,28,"2158,0","63,0","34,3","5,2","17,8"
Devin Booker,2025,PHO,SG,28,"2795,0","75,0","37,3","6,4","19,3"
Karl-Anthony Towns,2025,NYK,C,29,"2517,0","72,0","35,0","10,1","23,4"
Paul George,2025,PHI,PF,34,"1334,0","41,0","32,5","1,0","14,5"
Kawhi Leonard,2025,LAC,SF,33,"1180,0","37,0","31,9","3,5","20,5"
Jimmy Butler,2025,GSW,SF,35,"1746,0","55,0","31,7","8,7","22,4"
Giannis Antetokounmpo,2025,MIL,PF,30,"2289,0","67,0","34,2","11,5","30,5"
Damian Lillard,2025,MIL,PG,34,"2093,0","58,0","36,1","7,6","21,3"
LeBron James,2025,LAL,SF,40,"2444,0","70,0","34,9","7,7","22,7"
Zach LaVine,2025,SAC,SF,29,"2602,0","74,0","35,2","5,1","17,3"
Rudy Gobert,2025,MIN,C,32,"2388,0","72,0","33,2","10,1","18,3"
Anthony Davis,2025,DAL,PF,31,"1706,0","51,0","33,5","6,7","26,3"
Trae Young,2025,ATL,PG,26,"2739,0","76,0","36,0","5,7","18,3"
Fred VanVleet,2025,HOU,PG,30,"2111,0","60,0","35,2","5,2","12,8"
Anthony Edwards,2025,MIN,SG,23,"2871,0","79,0","36,3","8,4","20,1"
Tyrese Haliburton,2025,IND,PG,24,"2451,0","73,0","33,6","10,4","21,8"
Lauri Markkanen,2025,UTA,PF,27,"1476,0","47,0","31,4","2,2","15,6"
Pascal Siakam,2025,IND,PF,30,"2548,0","78,0","32,7","7,5","19,2"
Kyrie Irving,2025,DAL,SG,32,"1804,0","50,0","36,1","4,6","19,9"
Domantas Sabonis,2025,SAC,C,28,"2429,0","70,0","34,7","10,1","22,9"
Zion Williamson,2025,NOP,PF,24,"857,0","30,0","28,6","2,5","27,3"
Ja Morant,2025,MEM,PG,25,"1519,0","50,0","30,4","3,5","19,3"
Darius Garland,2025,CLE,PG,25,"2301,0","75,0","30,7","8,1","19,9"
OG Anunoby,2025,NYK,PF,27,"2706,0","74,0","36,6","6,5","15,4"
Jamal Murray,2025,DEN,PG,27,"2418,0","67,0","36,1","6,2","17,8"
Brandon Ingram,2025,NOP,SF,27,"595,0","18,0","33,1","0,0","16,0"
Shai Gilgeous-Alexander,2025,OKC,PG,26,"2598,0","76,0","34,2","16,7","30,7"
Michael Porter Jr.,2025,DEN,SF,26,"2593,0","77,0","33,7","6,4","16,2"
Donovan Mitchell,2025,CLE,SG,28,"2232,0","71,0","31,4","7,6","20,9"
Tyrese Maxey,2025,PHI,PG,24,"1960,0","52,0","37,7","3,8","19,5"
LaMelo Ball,2025,CHO,PG,23,"1505,0","47,0","32,0","2,0","19,1"
Jayson Tatum,2025,BOS,PF,26,"2624,0","72,0","36,4","9,5","21,7"
Bam Adebayo,2025,MIA,C,27,"2674,0","78,0","34,3","7,5","18,9"
De'Aaron Fox,2025,SAS,PG,27,"2241,0","62,0","36,1","4,3","18,3"
Desmond Bane,2025,MEM,SG,26,"2205,0","69,0","32,0","6,5","17,9"
Deandre Ayton,2025,POR,C,26,"1206,0","40,0","30,2","2,8","17,7"
James Harden,2025,LAC,PG,35,"2789,0","79,0","35,3","8,3","20,0"
CJ McCollum,2025,NOP,PG,33,"1832,0","56,0","32,7","1,5","15,8"
Julius Randle,2025,MIN,PF,30,"2226,0","69,0","32,3","6,2","17,5"
Immanuel Quickley,2025,TOR,PG,25,"918,0","33,0","27,8","2,5","17,5"
Khris Middleton,2025,WAS,SF,33,"843,0","37,0","22,8","2,0","16,7"
Jrue Holiday,2025,BOS,PG,34,"1896,0","62,0","30,6","5,1","13,5"
Isaiah Hartenstein,2025,OKC,C,26,"1590,0","57,0","27,9","6,8","18,9"
Jerami Grant,2025,POR,PF,30,"1524,0","47,0","32,4","1,8","10,9"
Jordan Poole,2025,WAS,SG,25,"2001,0","68,0","29,4","2,0","16,6"
Dejounte Murray,2025,NOP,PG,28,"1012,0","31,0","32,6","0,2","15,4"
Devin Vassell,2025,SAS,SG,24,"1983,0","64,0","31,0","2,2","14,2"
Tyler Herro,2025,MIA,SG,25,"2725,0","77,0","35,4","7,4","19,7"
Nic Claxton,2025,BRK,C,25,"1882,0","70,0","26,9","4,3","16,5"
Miles Bridges,2025,CHO,PF,26,"2029,0","64,0","31,7","3,2","17,7"
John Collins,2025,UTA,PF,27,"1220,0","40,0","30,5","2,5","19,0"
Andrew Wiggins,2025,MIA,SF,29,"1842,0","60,0","30,7","4,0","16,4"
Anfernee Simons,2025,POR,SG,25,"2292,0","70,0","32,7","4,2","14,9"
RJ Barrett,2025,TOR,SF,24,"1869,0","58,0","32,2","2,4","16,5"
Tobias Harris,2025,DET,PF,32,"2305,0","73,0","31,6","5,2","13,9"
Jaren Jackson Jr.,2025,MEM,C,25,"2207,0","74,0","29,8","6,4","19,6"
Jonathan Isaac,2025,ORL,PF,27,"1090,0","71,0","15,4","3,4","16,6"
Jalen Brunson,2025,NYK,PG,28,"2301,0","65,0","35,4","8,3","21,6"
Terry Rozier,2025,MIA,PG,30,"1658,0","64,0","25,9","1,0","10,5"
Kyle Kuzma,2025,MIL,PF,29,"1936,0","65,0","29,8","-0,9","10,6"
Draymond Green,2025,GSW,PF,34,"1983,0","68,0","29,2","3,7","12,4"
DeMar DeRozan,2025,SAC,SF,35,"2768,0","77,0","35,9","7,1","17,7"
Mikal Bridges,2025,NYK,SF,28,"3036,0","82,0","37,0","5,7","14,0"
Jaden McDaniels,2025,MIN,PF,24,"2614,0","82,0","31,9","6,3","13,3"
Bruce Brown,2025,NOP,PG,28,"922,0","41,0","22,5","0,7","10,9"
Brook Lopez,2025,MIL,C,36,"2546,0","80,0","31,8","6,6","14,8"
Aaron Gordon,2025,DEN,PF,29,"1447,0","51,0","28,4","4,3","17,0"
Kentavious Caldwell-Pope,2025,ORL,SG,31,"2279,0","77,0","29,6","4,6","9,9"
Cameron Johnson,2025,BRK,PF,28,"1800,0","57,0","31,6","5,1","18,2"
Malcolm Brogdon,2025,WAS,PG,32,"564,0","24,0","23,5","0,7","15,8"
Clint Capela,2025,ATL,C,30,"1176,0","55,0","21,4","3,2","17,7"
Dillon Brooks,2025,HOU,SF,29,"2388,0","75,0","31,8","5,1","11,0"
De'Andre Hunter,2025,CLE,SF,27,"1740,0","64,0","27,2","4,4","15,9"
Lonzo Ball,2025,CHI,PG,27,"777,0","35,0","22,2","1,2","12,2"
Marcus Smart,2025,WAS,PG,30,"680,0","34,0","20,0","0,7","12,4"
Derrick White,2025,BOS,SG,30,"2574,0","76,0","33,9","8,5","16,6"
Jarrett Allen,2025,CLE,C,26,"2296,0","82,0","28,0","11,6","22,1"
Myles Turner,2025,IND,C,28,"2174,0","72,0","30,2","4,7","16,1"
Jakob Poeltl,2025,TOR,C,29,"1686,0","57,0","29,6","5,5","20,0"
Duncan Robinson,2025,MIA,SF,30,"1785,0","74,0","24,1","2,7","11,8"
Norman Powell,2025,LAC,SG,31,"1958,0","60,0","32,6","5,3","17,5"
Keldon Johnson,2025,SAS,SF,25,"1838,0","77,0","23,9","3,2","15,6"
D'Angelo Russell,2025,BRK,PG,28,"1480,0","58,0","25,5","1,9","14,0"
Collin Sexton,2025,UTA,SG,26,"1758,0","63,0","27,9","2,4","16,6"
Josh Hart,2025,NYK,SG,29,"2897,0","77,0","37,6","9,2","16,5"
Patrick Williams,2025,CHI,PF,23,"1576,0","63,0","25,0","0,4","9,0"
Harrison Barnes,2025,SAS,PF,32,"2230,0","82,0","27,2","5,6","14,9"
Malik Monk,2025,SAC,SG,26,"2054,0","65,0","31,6","2,8","15,0"
Rui Hachimura,2025,LAL,PF,26,"1869,0","59,0","31,7","4,3","13,6"
Kevin Huerter,2025,CHI,SG,26,"1679,0","69,0","24,3","1,9","11,3"
Zach Collins,2025,CHI,PF,27,"977,0","64,0","15,3","2,7","16,0"
Caris LeVert,2025,ATL,SG,30,"1596,0","64,0","24,9","4,0","15,2"
Luguentz Dort,2025,OKC,SF,25,"2073,0","71,0","29,2","5,6","11,3"
Tim Hardaway Jr.,2025,DET,SG,32,"2153,0","77,0","28,0","3,5","9,8"
Klay Thompson,2025,DAL,SF,34,"1965,0","72,0","27,3","1,8","12,9"
Deni Avdija,2025,POR,SF,24,"2161,0","72,0","30,0","5,6","17,7"
Grayson Allen,2025,PHO,SG,29,"1544,0","64,0","24,1","2,5","13,7"
P.J. Washington,2025,DAL,PF,26,"1835,0","57,0","32,2","2,4","14,0"
Max Strus,2025,CLE,SF,28,"1273,0","50,0","25,5","3,4","12,6"
Isaiah Stewart,2025,DET,C,23,"1434,0","72,0","19,9","4,3","14,6"
Dorian Finney-Smith,2025,LAL,PF,31,"1818,0","63,0","28,9","2,9","10,1"
Mitchell Robinson,2025,NYK,C,26,"290,0","17,0","17,1","1,3","20,4"
Jordan Clarkson,2025,UTA,SG,32,"962,0","37,0","26,0","0,4","14,5"
Onyeka Okongwu,2025,ATL,C,24,"2064,0","74,0","27,9","7,2","19,0"
Naz Reid,2025,MIN,C,25,"2200,0","80,0","27,5","5,7","15,8"
Cade Cunningham,2025,DET,PG,23,"2452,0","70,0","35,0","5,9","20,6"
Daniel Gafford,2025,DAL,C,26,"1226,0","57,0","21,5","5,9","24,7"
Grant Williams,2025,CHO,PF,26,"479,0","16,0","29,9","0,7","11,5"
Isaiah Joe,2025,OKC,SG,25,"1604,0","74,0","21,7","5,1","14,0"
Herbert Jones,2025,NOP,SF,26,"648,0","20,0","32,4","0,4","10,4"
Austin Reaves,2025,LAL,SG,26,"2550,0","73,0","34,9","7,6","18,1"
Obi Toppin,2025,IND,PF,26,"1545,0","79,0","19,6","4,3","17,4"
Cole Anthony,2025,ORL,PG,24,"1234,0","67,0","18,4","2,0","14,2"
Kelly Olynyk,2025,NOP,C,33,"891,0","44,0","20,2","1,7","14,9"
Victor Wembanyama,2025,SAS,C,21,"1527,0","46,0","33,2","3,8","24,2"
Josh Green,2025,CHO,SG,24,"1887,0","68,0","27,8","1,5","7,8"
Richaun Holmes,2025,WAS,PF,31,"534,0","31,0","17,2","2,0","19,8"
Steven Adams,2025,HOU,C,31,"794,0","58,0","13,7","2,3","16,6"
Bobby Portis,2025,MIL,PF,29,"1244,0","49,0","25,4","2,7","17,7"
Zaccharie Risacher,2025,ATL,SF,19,"1843,0","75,0","24,6","1,8","12,2"
Brandon Clarke,2025,MEM,PF,28,"1207,0","64,0","18,9","4,4","17,6"
Marvin Bagley III,2025,MEM,PF,25,"265,0","31,0","8,5","0,6","18,4"
Jalen Green,2025,HOU,SG,22,"2697,0","82,0","32,9","5,1","15,1"
Robert Williams,2025,POR,C,27,"351,0","20,0","17,6","1,3","18,9"
Paolo Banchero,2025,ORL,PF,22,"1582,0","46,0","34,4","3,5","20,0"
Coby White,2025,CHI,SG,24,"2450,0","74,0","33,1","4,5","15,5"
Wendell Carter Jr.,2025,ORL,C,25,"1758,0","68,0","25,9","4,6","13,7"
Ivica Zubac,2025,LAC,C,27,"2624,0","80,0","32,8","11,7","22,3"
Donte DiVincenzo,2025,MIN,SG,28,"1606,0","62,0","25,9","3,9","14,1"
Brandon Miller,2025,CHO,SF,22,"924,0","27,0","34,2","0,4","14,0"
Terance Mann,2025,ATL,SG,28,"1414,0","67,0","21,1","3,0","12,0"
Alex Sarr,2025,WAS,C,19,"1814,0","67,0","27,1","-0,3","12,9"
Evan Mobley,2025,CLE,PF,23,"2167,0","71,0","30,5","9,0","22,3"
Larry Nance Jr.,2025,ATL,PF,32,"463,0","24,0","19,3","1,3","16,0"
Matisse Thybulle,2025,POR,SG,27,"312,0","15,0","20,8","0,9","17,0"
Aaron Nesmith,2025,IND,SF,25,"1123,0","45,0","25,0","2,9","14,6"
Gabe Vincent,2025,LAL,PG,28,"1527,0","72,0","21,2","1,3","7,4"
Maxi Kleber,2025,DAL,PF,33,"637,0","34,0","18,7","0,3","5,6"
Moritz Wagner,2025,ORL,C,27,"564,0","30,0","18,8","2,0","22,3"
Chet Holmgren,2025,OKC,C,22,"877,0","32,0","27,4","3,2","19,2"
Chris Boucher,2025,TOR,PF,32,"862,0","50,0","17,2","2,7","18,7"
Jarred Vanderbilt,2025,LAL,PF,25,"581,0","36,0","16,1","1,4","13,2"
Aaron Wiggins,2025,OKC,SG,26,"1744,0","76,0","22,9","5,4","16,1"
Chris Paul,2025,SAS,PG,39,"2292,0","82,0","28,0","5,7","14,7"
Scoot Henderson,2025,POR,PG,20,"1759,0","66,0","26,7","1,8","12,5"
Isaac Okoro,2025,CLE,SG,24,"1053,0","55,0","19,1","2,5","10,7"
Scottie Barnes,2025,TOR,PF,23,"2134,0","65,0","32,8","3,5","17,8"
Reed Sheppard,2025,HOU,PG,20,"654,0","52,0","12,6","0,8","9,7"
Mike Conley,2025,MIN,PG,37,"1756,0","71,0","24,7","5,2","13,3"
Alex Caruso,2025,OKC,SG,30,"1041,0","54,0","19,3","3,9","15,9"
Jabari Smith Jr.,2025,HOU,PF,21,"1716,0","57,0","30,1","4,2","12,6"
Derrick Jones Jr.,2025,LAC,SF,27,"1873,0","77,0","24,3","4,7","13,5"
Al Horford,2025,BOS,C,38,"1659,0","60,0","27,6","4,4","12,9"
Pat Connaughton,2025,MIL,SG,32,"603,0","41,0","14,7","1,2","12,1"
Royce O'Neale,2025,PHO,SF,31,"1837,0","75,0","24,5","2,8","12,6"
T.J. McConnell,2025,IND,PG,32,"1415,0","79,0","17,9","3,2","18,4"
Luke Kennard,2025,MEM,SG,28,"1472,0","65,0","22,6","3,9","13,6"
Amen Thompson,2025,HOU,SF,22,"2225,0","69,0","32,2","8,0","18,7"
Jalen Suggs,2025,ORL,PG,23,"1002,0","35,0","28,6","1,1","14,4"
Caleb Martin,2025,DAL,SF,29,"1218,0","45,0","27,1","0,6","9,6"
Gary Payton II,2025,GSW,SG,32,"927,0","62,0","15,0","3,0","16,2"
Stephon Castle,2025,SAS,PG,20,"2162,0","81,0","26,7","1,1","13,7"
Tre Jones,2025,CHI,PG,25,"905,0","46,0","19,7","2,9","16,3"
Goga Bitadze,2025,ORL,C,25,"1430,0","70,0","20,4","5,8","19,2"
Zeke Nnaji,2025,DEN,PF,24,"608,0","57,0","10,7","1,2","12,0"
Keegan Murray,2025,SAC,PF,24,"2610,0","76,0","34,3","4,4","12,0"
Buddy Hield,2025,GSW,SG,32,"1863,0","82,0","22,7","2,8","12,3"
Kyle Anderson,2025,MIA,PF,31,"1002,0","61,0","16,4","2,8","15,1"
Naji Marshall,2025,DAL,SF,27,"1919,0","69,0","27,8","3,5","15,1"
Jalen Smith,2025,CHI,C,24,"962,0","64,0","15,0","2,9","18,7"
Georges Niang,2025,ATL,PF,31,"1697,0","79,0","21,5","2,9","11,2"
Ausar Thompson,2025,DET,SF,22,"1328,0","59,0","22,5","3,8","17,2"
Josh Giddey,2025,CHI,PG,22,"2117,0","70,0","30,2","5,3","18,1"
Josh Okogie,2025,CHO,SG,26,"625,0","40,0","15,6","1,3","16,3"
Ron Holland,2025,DET,SF,19,"1266,0","81,0","15,6","1,8","11,1"
Cody Martin,2025,PHO,SF,29,"1173,0","53,0","22,1","1,3","11,3"
Jock Landale,2025,HOU,C,29,"500,0","42,0","11,9","1,7","16,0"
Trey Lyles,2025,SAC,PF,29,"1349,0","69,0","19,6","2,6","12,3"
Jeff Green,2025,HOU,PF,38,"396,0","32,0","12,4","1,3","13,6"
Kevon Looney,2025,GSW,C,28,"1142,0","76,0","15,0","4,3","17,0"
Kelly Oubre Jr.,2025,PHI,SF,29,"2078,0","60,0","34,6","2,6","13,5"
Jaden Ivey,2025,DET,SG,22,"898,0","30,0","29,9","1,2","14,7"
KJ Martin,2025,UTA,PF,24,"912,0","43,0","21,2","1,3","10,2"
Simone Fontecchio,2025,DET,SF,29,"1237,0","75,0","16,5","1,6","9,7"
Jonathan Kuminga,2025,GSW,PF,22,"1144,0","47,0","24,3","1,9","15,7"
Anthony Black,2025,ORL,PG,21,"1887,0","78,0","24,2","2,4","11,6"
Jae'Sean Tate,2025,HOU,SF,29,"588,0","52,0","11,3","1,6","12,3"
Gary Harris,2025,ORL,SG,30,"711,0","48,0","14,8","1,0","6,9"
Bennedict Mathurin,2025,IND,SF,22,"2149,0","72,0","29,8","3,0","13,6"
Max Christie,2025,DAL,SG,21,"2127,0","78,0","27,3","2,7","10,4"
Franz Wagner,2025,ORL,SF,23,"2023,0","60,0","33,7","5,6","20,1"
Ayo Dosunmu,2025,CHI,SG,25,"1394,0","46,0","30,3","2,5","12,8"
Bilal Coulibaly,2025,WAS,SF,20,"1948,0","59,0","33,0","0,3","10,8"
Donovan Clingan,2025,POR,C,20,"1324,0","67,0","19,8","4,0","17,4"
Payton Pritchard,2025,BOS,PG,27,"2271,0","80,0","28,4","8,6","17,6"
Kenrich Williams,2025,OKC,PF,30,"1132,0","69,0","16,4","3,6","13,7"
Shaedon Sharpe,2025,POR,SG,21,"2252,0","72,0","31,3","3,0","14,5"
Jevon Carter,2025,CHI,PG,29,"321,0","36,0","8,9","0,3","12,2"
Davion Mitchell,2025,MIA,PG,26,"2027,0","74,0","27,4","3,0","10,2"
Jarace Walker,2025,IND,PF,21,"1187,0","75,0","15,8","1,6","11,9"
Rob Dillingham,2025,MIN,PG,20,"516,0","49,0","10,5","0,1","10,2"
Dean Wade,2025,CLE,PF,28,"1252,0","59,0","21,2","3,0","10,1"
John Konchar,2025,MEM,SG,28,"558,0","46,0","12,1","1,5","12,1"
Ziaire Williams,2025,BRK,SF,23,"1541,0","63,0","24,5","2,1","11,9"
Dyson Daniels,2025,ATL,SG,21,"2571,0","76,0","33,8","5,0","15,6"
Precious Achiuwa,2025,NYK,C,25,"1170,0","57,0","20,5","2,3","13,6"
Malik Beasley,2025,DET,SG,28,"2283,0","82,0","27,8","4,7","14,4"
Chris Duarte,2025,CHI,SG,27,"74,0","17,0","4,4","0,3","16,5"
Moses Moody,2025,GSW,SG,22,"1649,0","74,0","22,3","3,5","12,4"
Zach Edey,2025,MEM,C,22,"1416,0","66,0","21,5","4,9","18,2"
Corey Kispert,2025,WAS,SF,25,"1602,0","61,0","26,3","1,1","11,0"
Jeremy Sochan,2025,SAS,PF,21,"1364,0","54,0","25,3","2,7","15,9"
Cason Wallace,2025,OKC,SG,21,"1876,0","68,0","27,6","5,2","12,3"
Cody Williams,2025,UTA,SG,20,"1060,0","50,0","21,2","-1,2","3,7"
Johnny Davis,2025,WAS,SG,22,"242,0","34,0","7,1","0,1","10,2"
Jett Howard,2025,ORL,SF,21,"701,0","60,0","11,7","0,1","7,1"
Haywood Highsmith,2025,MIA,SF,28,"1818,0","74,0","24,6","3,3","9,9"
Matas Buzelis,2025,CHI,SF,20,"1511,0","80,0","18,9","1,9","12,5"
Kris Dunn,2025,LAC,PG,30,"1783,0","74,0","24,1","4,0","11,3"
Trey Murphy III,2025,NOP,SF,24,"1854,0","53,0","35,0","3,5","17,3"
Ousmane Dieng,2025,OKC,C,21,"405,0","37,0","10,9","0,9","11,5"
Dereck Lively II,2025,DAL,C,20,"833,0","36,0","23,1","3,4","20,1"
Nick Richards,2025,PHO,C,27,"1256,0","57,0","22,0","3,0","16,6"
Andre Drummond,2025,PHI,C,31,"751,0","40,0","18,8","1,2","16,0"
Drew Eubanks,2025,LAC,C,27,"746,0","61,0","12,2","1,7","15,6"
Tre Mann,2025,CHO,PG,23,"319,0","13,0","24,5","0,1","13,3"
Jalen Williams,2025,OKC,SG,23,"2237,0","69,0","32,4","7,8","20,3"
Gradey Dick,2025,TOR,SG,21,"1587,0","54,0","29,4","1,4","10,9"
Miles McBride,2025,NYK,PG,24,"1593,0","64,0","24,9","3,2","12,6"
Devin Carter,2025,SAC,PG,22,"396,0","36,0","11,0","0,4","10,8"
Nicolas Batum,2025,LAC,PF,36,"1367,0","78,0","17,5","3,5","10,3"
Aaron Holiday,2025,HOU,PG,28,"792,0","62,0","12,8","2,0","12,2"
Jalen Duren,2025,DET,C,21,"2034,0","78,0","26,1","9,2","21,4"
Jordan Hawkins,2025,NOP,SG,22,"1321,0","56,0","23,6","-0,5","9,6"
Jalen Johnson,2025,ATL,SF,23,"1284,0","36,0","35,7","2,4","17,3"
Bub Carrington,2025,WAS,PG,19,"2458,0","82,0","30,0","0,2","9,0"
Nickeil Alexander-Walker,2025,MIN,SG,26,"2073,0","82,0","25,3","4,3","11,6"
Ochai Agbaji,2025,TOR,SG,24,"1739,0","64,0","27,2","3,1","12,0"
Kobe Bufkin,2025,ATL,SG,21,"124,0","10,0","12,4","0,0","10,5"
Quentin Grimes,2025,PHI,SG,24,"2013,0","75,0","26,8","3,4","15,9"
Kel'el Ware,2025,MIA,C,20,"1422,0","64,0","22,2","4,1","17,4"
Bones Hyland,2025,MIN,PG,24,"239,0","24,0","10,0","0,5","16,0"
Mark Williams,2025,CHO,C,23,"1171,0","44,0","26,6","4,7","23,9"
Keyonte George,2025,UTA,PG,21,"2109,0","67,0","31,5","1,1","12,9"
Cam Thomas,2025,BRK,SG,23,"781,0","25,0","31,2","1,2","18,0"
Jared McCain,2025,PHI,SG,20,"592,0","23,0","25,7","0,7","15,2"
Dwight Powell,2025,DAL,C,33,"551,0","55,0","10,0","1,7","12,9"
Day'Ron Sharpe,2025,BRK,C,23,"907,0","50,0","18,1","2,7","19,7"
Santi Aldama,2025,MEM,PF,24,"1660,0","65,0","25,5","5,0","16,8"
Amir Coffey,2025,LAC,SG,27,"1748,0","72,0","24,3","4,0","11,2"
Jalen Hood-Schifino,2025,PHI,SG,21,"315,0","15,0","21,0","-0,1","7,9"
Kevin Love,2025,MIA,PF,36,"251,0","23,0","10,9","0,4","16,2"
Dalton Knecht,2025,LAL,SF,23,"1494,0","78,0","19,2","2,7","12,7"
Tari Eason,2025,HOU,PF,23,"1420,0","57,0","24,9","5,0","18,5"
Jaime Jaquez Jr.,2025,MIA,SF,23,"1368,0","66,0","20,7","2,3","14,3"
Tristan Da Silva,2025,ORL,SF,23,"1629,0","74,0","22,0","2,5","9,9"
Brandin Podziemski,2025,GSW,SG,21,"1716,0","64,0","26,8","4,2","14,4"
Dalen Terry,2025,CHI,SG,22,"987,0","73,0","13,5","1,1","9,6"
Svi Mykhailiuk,2025,UTA,SF,27,"760,0","38,0","20,0","-0,1","9,8"
Ja'Kobe Walter,2025,TOR,SG,20,"1103,0","52,0","21,2","1,2","10,8"
Cam Whitmore,2025,HOU,SF,20,"827,0","51,0","16,2","1,8","15,5"
Jake LaRavia,2025,SAC,PF,23,"1349,0","66,0","20,4","2,9","12,6"
Jaylon Tyson,2025,CLE,SG,22,"453,0","47,0","9,6","0,8","11,1"
Eric Gordon,2025,PHI,SG,36,"768,0","39,0","19,7","0,9","10,8"
Cory Joseph,2025,ORL,PG,33,"612,0","50,0","12,2","1,5","10,9"
Noah Clowney,2025,BRK,PF,20,"1042,0","46,0","22,7","0,5","9,2"
Malaki Branham,2025,SAS,SG,21,"427,0","47,0","9,1","0,1","12,0"
Yves Missi,2025,NOP,C,20,"1956,0","73,0","26,8","3,6","15,4"
Dante Exum,2025,DAL,PG,29,"372,0","20,0","18,6","0,6","13,6"
Dariq Whitehead,2025,BRK,SF,20,"246,0","20,0","12,3","0,1","9,4"
Christian Braun,2025,DEN,SG,23,"2675,0","79,0","33,9","8,0","16,0"
Johnny Juzang,2025,UTA,SG,23,"1270,0","64,0","19,8","1,6","11,8"
Kyle Filipowski,2025,UTA,C,21,"1522,0","72,0","21,1","2,5","14,9"
Julian Champagnie,2025,SAS,SF,23,"1932,0","82,0","23,6","2,5","12,2"
Ajay Mitchell,2025,OKC,SG,22,"597,0","36,0","16,6","1,5","12,0"
Kris Murray,2025,POR,SF,24,"1040,0","69,0","15,1","0,7","9,1"
Walker Kessler,2025,UTA,C,23,"1740,0","58,0","30,0","5,4","20,0"
Shake Milton,2025,LAL,SG,28,"837,0","57,0","14,7","1,3","11,9"
Olivier-Maxence Prosper,2025,DAL,PF,22,"584,0","52,0","11,2","0,9","12,6"
Kyshawn George,2025,WAS,SG,21,"1802,0","68,0","26,5","0,1","8,8"
AJ Johnson,2025,WAS,SG,20,"639,0","29,0","22,0","-0,4","7,1"
Marcus Sasser,2025,DET,PG,24,"811,0","57,0","14,2","1,8","14,0"
MarJon Beauchamp,2025,NYK,SF,24,"156,0","35,0","4,5","0,1","12,3"
Trendon Watford,2025,BRK,PF,24,"913,0","44,0","20,8","0,7","13,0"
Ben Sheppard,2025,IND,SG,23,"1228,0","63,0","19,5","2,1","9,2"
Blake Wesley,2025,SAS,SG,21,"683,0","58,0","11,8","0,2","9,9"
Dillon Jones,2025,OKC,SF,23,"551,0","54,0","10,2","0,8","8,1"
Nick Smith Jr.,2025,CHO,SG,20,"1369,0","60,0","22,8","-0,5","8,3"
Brice Sensabaugh,2025,UTA,SF,21,"1432,0","71,0","20,2","1,2","13,4"
Ty Jerome,2025,CLE,SG,27,"1392,0","70,0","19,9","5,9","21,0"
Julian Strawther,2025,DEN,SG,22,"1384,0","65,0","21,3","1,3","9,5"
Terrence Shannon Jr.,2025,MIN,SG,24,"339,0","32,0","10,6","0,6","11,9"
Wendell Moore Jr.,2025,CHO,SG,23,"499,0","36,0","13,9","0,7","11,0"
Kobe Brown,2025,LAC,PF,25,"272,0","40,0","6,8","0,5","10,8"
Ryan Dunn,2025,PHO,SF,22,"1410,0","74,0","19,1","1,0","10,7"
Isaiah Collier,2025,UTA,PG,20,"1839,0","71,0","25,9","-0,8","9,7"
Baylor Scheierman,2025,BOS,SG,24,"384,0","31,0","12,4","0,7","10,3"
Cam Reddish,2025,LAL,SF,25,"589,0","33,0","17,8","0,7","7,4"
Jaxson Hayes,2025,LAL,C,24,"1093,0","56,0","19,5","3,7","15,8"
Patrick Baldwin Jr.,2025,LAC,SF,22,"107,0","24,0","4,5","0,2","16,2"
DaQuan Jeffries,2025,CHO,SG,27,"1071,0","47,0","22,8","0,6","7,9"
Peyton Watson,2025,DEN,SF,22,"1656,0","68,0","24,4","2,5","11,4"
Russell Westbrook,2025,DEN,PG,36,"2092,0","75,0","27,9","1,9","14,3"
Xavier Tillman Sr.,2025,BOS,C,26,"231,0","33,0","7,0","-0,3","2,4"
Anthony Gill,2025,WAS,PF,32,"397,0","51,0","7,8","0,5","10,2"
Garrison Mathews,2025,ATL,SG,28,"830,0","47,0","17,7","1,5","11,2"
Jeremiah Robinson-Earl,2025,NOP,PF,24,"1239,0","66,0","18,8","1,7","12,9"
Lindy Waters III,2025,DET,SG,27,"778,0","52,0","15,0","1,0","8,8"
Dalano Banton,2025,POR,PG,25,"1120,0","67,0","16,7","0,8","12,9"
Sam Merrill,2025,CLE,SG,28,"1401,0","71,0","19,7","3,3","11,1"
Luka Garza,2025,MIN,C,26,"219,0","39,0","5,6","0,7","18,8"
Keon Johnson,2025,BRK,SG,22,"1925,0","79,0","24,4","0,5","10,4"
Neemias Queta,2025,BOS,C,25,"863,0","62,0","13,9","3,2","16,3"
Vit Krejci,2025,ATL,PG,24,"1153,0","57,0","20,2","2,6","12,7"
Vince Williams Jr.,2025,MEM,SG,24,"499,0","27,0","18,5","0,4","9,2"
Colby Jones,2025,WAS,SG,22,"515,0","39,0","13,2","0,6","11,4"
Keon Ellis,2025,SAC,SG,25,"1948,0","80,0","24,4","5,0","13,5"
A.J. Green,2025,MIL,SG,25,"1659,0","73,0","22,7","2,8","9,2"
Sam Hauser,2025,BOS,PF,27,"1541,0","71,0","21,7","4,4","12,8"
Jericho Sims,2025,MIL,C,26,"632,0","53,0","11,9","1,3","10,0"
Jay Huff,2025,MEM,C,26,"748,0","64,0","11,7","2,5","18,2"
Tyler Kolek,2025,NYK,PG,23,"296,0","41,0","7,2","0,4","10,3"
Scotty Pippen Jr.,2025,MEM,PG,24,"1683,0","79,0","21,3","4,7","15,8"
Garrett Temple,2025,TOR,SG,38,"227,0","28,0","8,1","0,2","8,5"
Charles Bassey,2025,SAS,C,24,"376,0","36,0","10,4","1,1","19,0"
Jordan McLaughlin,2025,SAS,PG,28,"314,0","46,0","6,8","0,6","12,3"
Sandro Mamukelashvili,2025,SAS,PF,25,"681,0","61,0","11,2","2,2","19,7"
Doug McDermott,2025,SAC,SF,33,"342,0","42,0","8,1","0,4","9,5"
Tyus Jones,2025,PHO,PG,28,"2174,0","81,0","26,8","4,4","14,5"
Bol Bol,2025,PHO,PF,25,"448,0","36,0","12,4","0,9","18,4"
Monte Morris,2025,PHO,PG,29,"571,0","45,0","12,7","0,8","13,1"
Mason Plumlee,2025,PHO,C,34,"1300,0","74,0","17,6","3,7","14,8"
Damion Lee,2025,PHO,SG,32,"144,0","25,0","5,8","-0,1","11,9"
Guerschon Yabusele,2025,PHI,C,29,"1895,0","70,0","27,1","3,9","14,7"
Kyle Lowry,2025,PHI,PG,38,"659,0","35,0","18,8","1,0","9,8"
Daniel Theis,2025,NOP,C,32,"621,0","38,0","16,3","1,0","12,1"
Cameron Payne,2025,NYK,PG,30,"1090,0","72,0","15,1","2,3","13,8"
Delon Wright,2025,NYK,PG,32,"635,0","40,0","15,9","0,7","9,2"
Joe Ingles,2025,MIN,SF,37,"114,0","19,0","6,0","-0,1","2,4"
Gary Trent Jr.,2025,MIL,SG,26,"1893,0","74,0","25,6","3,3","11,7"
Taurean Prince,2025,MIL,SF,30,"2166,0","80,0","27,1","3,5","9,8"
Alec Burks,2025,MIA,SG,33,"863,0","49,0","17,6","1,8","12,8"
Markieff Morris,2025,LAL,PF,35,"165,0","15,0","11,0","-0,2","6,0"
Patty Mills,2025,LAC,PG,36,"321,0","29,0","11,1","0,1","8,4"
James Johnson,2025,IND,PF,37,"37,0","12,0","3,1","-0,1","0,0"
Thomas Bryant,2025,IND,C,27,"963,0","66,0","14,6","3,1","17,2"
DeAndre Jordan,2025,DEN,C,36,"691,0","56,0","12,3","1,8","15,4"
Spencer Dinwiddie,2025,DAL,PG,31,"2136,0","79,0","27,0","3,7","13,0"
Tristan Thompson,2025,CLE,C,33,"328,0","40,0","8,2","0,4","9,1"
Seth Curry,2025,CHO,SG,34,"1062,0","68,0","15,6","1,8","12,2"
Taj Gibson,2025,CHO,C,39,"409,0","37,0","11,1","0,4","10,8"
Talen Horton-Tucker,2025,CHI,SG,24,"724,0","58,0","12,5","1,1","13,8"
Luke Kornet,2025,BOS,C,29,"1361,0","73,0","18,6","7,0","19,6"
Duop Reath,2025,POR,C,28,"469,0","46,0","10,2","1,0","13,7"
Andrew Nembhard,2025,IND,SG,25,"1881,0","65,0","28,9","2,8","11,7"
Jaden Hardy,2025,DAL,SG,22,"907,0","57,0","15,9","-0,3","10,4"
Jabari Walker,2025,POR,SF,22,"749,0","60,0","12,5","2,0","15,0"
Caleb Houstan,2025,ORL,SF,22,"788,0","58,0","13,6","1,8","9,4"
Jaylin Williams,2025,OKC,PF,22,"784,0","47,0","16,7","3,3","16,4"
Josh Minott,2025,MIN,SF,22,"276,0","46,0","6,0","0,9","15,5"
Jose Alvarado,2025,NOP,PG,26,"1366,0","56,0","24,4","1,2","13,4"
Reggie Jackson,2025,PHI,PG,34,"384,0","31,0","12,4","0,1","9,8"
Ricky Council IV,2025,PHI,SF,23,"1250,0","73,0","17,1","0,6","11,6"
GG Jackson II,2025,MEM,PF,20,"459,0","29,0","15,8","0,1","9,3"
Jalen Pickett,2025,DEN,SG,25,"666,0","49,0","13,6","1,1","10,9"
Hunter Tyson,2025,DEN,PF,24,"400,0","51,0","7,8","0,4","9,0"
Julian Phillips,2025,CHI,SF,21,"1123,0","79,0","14,2","1,9","10,2"
Jordan Walsh,2025,BOS,PF,20,"403,0","52,0","7,8","0,4","6,9"
Sidy Cissoko,2025,POR,SF,20,"114,0","22,0","5,2","-0,1","6,7"
Toumani Camara,2025,POR,PF,24,"2548,0","78,0","32,7","5,2","12,5"
Rayan Rupert,2025,POR,SG,20,"460,0","52,0","8,8","0,1","8,1"
Leonard Miller,2025,MIN,SF,21,"32,0","13,0","2,5","0,1","19,9"
Chris Livingston,2025,MIL,SF,21,"106,0","21,0","5,0","0,1","9,8"
Andre Jackson Jr.,2025,MIL,SG,23,"980,0","67,0","14,6","1,2","8,6"
Trayce Jackson-Davis,2025,GSW,C,24,"967,0","62,0","15,6","3,4","18,5"
Gui Santos,2025,GSW,PF,22,"762,0","56,0","13,6","1,7","11,7"
Craig Porter Jr.,2025,CLE,PG,24,"513,0","51,0","10,1","1,1","13,1"
Maxwell Lewis,2025,BRK,SF,22,"327,0","28,0","11,7","0,2","9,9"
Jalen Wilson,2025,BRK,PF,24,"2031,0","79,0","25,7","1,9","9,5"
Mouhamed Gueye,2025,ATL,PF,22,"533,0","33,0","16,2","1,2","14,4"
Jonathan Mogbo,2025,TOR,PF,23,"1286,0","63,0","20,4","1,9","11,9"
Jamal Shead,2025,TOR,PG,22,"1467,0","75,0","19,6","0,8","9,9"
Johnny Furphy,2025,IND,SG,20,"379,0","50,0","7,6","0,5","9,8"
Pacome Dadiet,2025,NYK,SG,19,"111,0","18,0","6,2","0,0","6,3"
Justin Champagnie,2025,WAS,SF,23,"1340,0","62,0","21,6","2,8","15,7"
Paul Reed,2025,DET,C,25,"438,0","45,0","9,7","1,6","18,6"
Landry Shamet,2025,NYK,SG,27,"762,0","50,0","15,2","1,0","9,7"
Tyler Smith,2025,MIL,PF,20,"122,0","23,0","5,3","0,2","15,2"
Oso Ighodaro,2025,PHO,PF,22,"1045,0","61,0","17,1","1,6","11,1"
Jaylen Wells,2025,MEM,SG,21,"2043,0","79,0","25,9","3,5","10,5"
Bronny James,2025,LAL,SG,20,"181,0","27,0","6,7","-0,2","7,1"
Cam Christie,2025,LAC,SG,19,"59,0","13,0","4,5","0,0","9,1"
Adem Bona,2025,PHI,C,21,"905,0","58,0","15,6","2,3","16,5"
Antonio Reeves,2025,NOP,SG,24,"660,0","44,0","15,0","0,4","11,7"
Pelle Larsson,2025,MIA,SG,23,"782,0","55,0","14,2","1,4","10,2"
Bruno Fernando,2025,TOR,C,26,"147,0","17,0","8,6","0,3","15,3"
Ariel Hukporti,2025,NYK,C,22,"217,0","25,0","8,7","0,1","7,6"
Jordan Miller,2025,LAC,SF,25,"420,0","37,0","11,4","0,4","10,5"
Jamison Battle,2025,TOR,SF,23,"1042,0","59,0","17,7","1,7","10,7"
Kevin Porter Jr.,2025,MIL,SG,24,"1482,0","75,0","19,8","2,2","15,4"
Lonnie Walker IV,2025,PHI,SG,26,"477,0","20,0","23,8","0,3","13,1"
Torrey Craig,2025,BOS,SF,34,"314,0","26,0","12,1","0,8","12,9"
Ben Simmons,2025,LAC,PG,28,"1120,0","51,0","22,0","1,8","12,4"
Jared Butler,2025,PHI,SG,24,"1044,0","60,0","17,4","1,4","15,6"
Alex Len,2025,LAL,C,31,"380,0","46,0","8,3","0,7","10,6"
Markelle Fultz,2025,SAC,PG,26,"184,0","21,0","8,8","-0,1","8,9"
Keshad Johnson,2025,MIA,SF,23,"98,0","16,0","6,1","0,4","19,1"
E.J. Liddell,2025,CHI,PF,24,"53,0","12,0","4,4","0,1","11,1"
Tyrese Martin,2025,BRK,SG,25,"1315,0","60,0","21,9","0,9","10,9"
Matt Ryan,2025,NYK,SF,27,"68,0","19,0","3,6","-0,1","6,1"
Javonte Green,2025,CLE,SG,31,"1258,0","68,0","18,5","1,6","10,7"
Brandon Boston Jr.,2025,NOP,SG,23,"993,0","42,0","23,6","0,7","12,7"
Jeenathan Williams,2025,HOU,SG,25,"147,0","20,0","7,4","0,0","8,6"
Jaylen Clark,2025,MIN,SG,23,"522,0","40,0","13,0","1,6","12,0"
Dominick Barlow,2025,ATL,SF,21,"375,0","35,0","10,7","1,0","14,6"
Ryan Rollins,2025,MIL,PG,22,"820,0","56,0","14,6","1,7","14,0"
Quinten Post,2025,GSW,PF,24,"686,0","42,0","16,3","1,7","14,2"
Pat Spencer,2025,GSW,PG,28,"250,0","39,0","6,4","0,3","12,6"
Justin Edwards,2025,PHI,SF,21,"1155,0","44,0","26,2","0,9","11,3"
Jordan Goodwin,2025,LAL,PG,26,"543,0","29,0","18,7","1,0","12,1"
Isaac Jones,2025,SAC,PF,24,"304,0","40,0","7,6","0,7","15,2"
Bismack Biyombo,2025,SAS,C,32,"528,0","28,0","18,9","0,8","12,2"
Jaden Springer,2025,UTA,SG,22,"365,0","43,0","8,5","0,5","10,7"
Orlando Robinson,2025,TOR,C,24,"770,0","44,0","17,5","1,2","12,9"
Lamar Stevens,2025,MEM,PF,27,"155,0","17,0","9,1","0,2","11,5"
Tony Bradley,2025,IND,C,27,"113,0","14,0","8,1","0,4","23,2"
Kevin Knox,2025,GSW,SF,25,"84,0","14,0","6,0","0,2","17,1"
Jared Rhoden,2025,TOR,SG,25,"227,0","14,0","16,2","0,6","16,4"
David Roddy,2025,HOU,PF,23,"410,0","33,0","12,4","0,5","11,9"
Mo Bamba,2025,NOP,C,26,"413,0","32,0","12,9","1,0","13,9"
Moses Brown,2025,DAL,C,25,"119,0","13,0","9,2","0,4","22,4"
Cole Swider,2025,TOR,SF,25,"169,0","10,0","16,9","0,0","6,5"
Colin Castleton,2025,PHI,C,24,"432,0","26,0","16,6","0,7","11,3"
A.J. Lawson,2025,TOR,SG,24,"486,0","26,0","18,7","0,8","12,7"
Branden Carlson,2025,OKC,C,25,"246,0","32,0","7,7","0,9","17,6"
Marcus Bagley,2025,PHI,SF,23,"253,0","10,0","25,3","0,2","11,8"
Brandon Williams,2025,DAL,PG,25,"487,0","33,0","14,8","1,3","18,3"
Elfrid Payton,2025,CHO,PG,30,"511,0","24,0","21,3","-0,6","8,5"
JD Davison,2025,BOS,PG,22,"93,0","16,0","5,8","-0,2","6,5"
Kylor Kelley,2025,NOP,C,27,"126,0","11,0","11,5","0,3","12,1"
