player,season,team,pos,age,salario_millones,ws,ws_por_millon,per,vorp,categoria_valor,nombre_completo,ciudad,latitud,longitud
Kobe Bryant,2010,LAL,SG,31,"23,034375","9,4","0,4080857414190748","21,9","4,4",Valor de mercado,LA Lakers,Los Angeles,"34,043","-118,2673"
Jermaine O'Neal,2010,MIA,C,31,"23,016","5,6","0,24330900243309003","17,9","1,0",Sobrepagado,Miami Heat,Miami,"25,7814","-80,187"
Tracy McGrady,2010,NYK,SG,30,"22,843124","0,3","0,013133054830854134","12,2","0,0",Sobrepagado,New York Knicks,New York,"40,7505","-73,9934"
Tim Duncan,2010,SAS,C,33,"22,18322","10,9","0,4913623901309188","24,7","5,0",Valor de mercado,San Antonio Spurs,San Antonio,"29,427","-98,4375"
Shaquille O'Neal,2010,CLE,C,37,"21,0","3,1","0,14761904761904762","17,9","0,6",Sobrepagado,Cleveland Cavaliers,Cleveland,"41,4965","-81,6882"
Dirk Nowitzki,2010,DAL,PF,31,"19,795714","12,3","0,6213466207887223","22,9","4,7",Valor de mercado,Dallas Mavericks,Dallas,"32,7905","-96,8103"
Paul Pierce,2010,BOS,SF,32,"19,795712","8,3","0,41928272142977224","18,2","3,0",Valor de mercado,Boston Celtics,Boston,"42,3662","-71,0621"
Ray Allen,2010,BOS,SG,34,"18,77686","7,9","0,42073062269197303","15,2","2,3",Valor de mercado,Boston Celtics,Boston,"42,3662","-71,0621"
Rashard Lewis,2010,ORL,PF,30,"18,010791","6,5","0,36089475470566507","14,0","2,3",Valor de mercado,Orlando Magic,Orlando,"28,5392","-81,3839"
Michael Redd,2010,MIL,SG,30,"17,04","0,6","0,035211267605633804","12,1","0,2",Sobrepagado,Milwaukee Bucks,Milwaukee,"43,045","-87,917"
Pau Gasol,2010,LAL,C,29,"16,452","11,0","0,6686117189399464","22,9","4,2",Valor de mercado,LA Lakers,Los Angeles,"34,043","-118,2673"
Andrei Kirilenko,2010,UTA,SF,28,"16,452","6,0","0,3646973012399708","18,2","3,0",Valor de mercado,Utah Jazz,Salt Lake City,"40,7683","-111,9011"
Kevin Garnett,2010,BOS,PF,33,"16,417044","7,3","0,4446598303567926","19,4","2,9",Valor de mercado,Boston Celtics,Boston,"42,3662","-71,0621"
Amar'e Stoudemire,2010,PHO,PF,27,"16,378325","10,7","0,6533024591953084","22,6","2,2",Valor de mercado,Phoenix Suns,Phoenix,"33,4457","-112,0712"
Gilbert Arenas,2010,WAS,PG,28,"16,19208","1,8","0,11116545866868247","18,7","1,1",Sobrepagado,Washington Wizards,Washington,"38,8981","-77,0209"
Vince Carter,2010,ORL,SG,33,"16,12325","7,4","0,45896453878715526","17,1","2,3",Valor de mercado,Orlando Magic,Orlando,"28,5392","-81,3839"
Zach Randolph,2010,MEM,PF,28,"16,0","9,7","0,60625","21,2","2,5",Valor de mercado,Memphis Grizzlies,Memphis,"35,1382","-90,0505"
Kenyon Martin,2010,DEN,PF,32,"15,852511","3,3","0,20816891406036556","13,4","0,6",Sobrepagado,Denver Nuggets,Denver,"39,7487","-105,0077"
Carmelo Anthony,2010,DEN,SF,25,"15,779912","7,9","0,5006365054507276","22,2","2,9",Valor de mercado,Denver Nuggets,Denver,"39,7487","-105,0077"
Dwyane Wade,2010,MIA,SG,28,"15,779912","13,0","0,823832224159425","28,0","7,9",Infravalorado,Miami Heat,Miami,"25,7814","-80,187"
Chris Bosh,2010,TOR,C,25,"15,779912","9,6","0,60836841168696","25,0","3,6",Valor de mercado,Toronto Raptors,Toronto,"43,6435","-79,3791"
LeBron James,2010,CLE,SF,25,"15,779912","18,5","1,1723766266884126","31,1","10,3",Infravalorado,Cleveland Cavaliers,Cleveland,"41,4965","-81,6882"
Dwight Howard,2010,ORL,C,24,"15,20259","13,2","0,868273103464607","24,0","4,6",Infravalorado,Orlando Magic,Orlando,"28,5392","-81,3839"
Joe Johnson,2010,ATL,SG,28,"14,976754","8,4","0,5608691976913022","19,3","3,4",Valor de mercado,Atlanta Hawks,Atlanta,"33,7573","-84,3963"
Elton Brand,2010,PHI,PF,30,"14,858472","3,5","0,23555584988819844","15,7","0,1",Sobrepagado,Philadelphia 76ers,Philadelphia,"39,9012","-75,172"
Richard Jefferson,2010,SAS,SF,29,"14,2","6,0","0,4225352112676057","13,1","1,2",Valor de mercado,San Antonio Spurs,San Antonio,"29,427","-98,4375"
Chris Paul,2010,NOH,PG,24,"13,5205","7,3","0,539920860914907","23,7","3,5",Valor de mercado,New Orleans Hornets,New Orleans,"29,949","-90,0821"
Deron Williams,2010,UTA,PG,25,"13,5205","10,3","0,7618061462224031","20,6","4,1",Infravalorado,Utah Jazz,Salt Lake City,"40,7683","-111,9011"
Jason Richardson,2010,PHO,SG,29,"13,333332","6,6","0,4950000495000049","16,6","2,3",Valor de mercado,Phoenix Suns,Phoenix,"33,4457","-112,0712"
Steve Nash,2010,PHO,PG,35,"13,125","9,9","0,7542857142857143","21,6","4,2",Infravalorado,Phoenix Suns,Phoenix,"33,4457","-112,0712"
Tony Parker,2010,SAS,PG,27,"12,6","3,6","0,28571428571428575","16,4","0,6",Valor de mercado,San Antonio Spurs,San Antonio,"29,427","-98,4375"
Andrew Bynum,2010,LAL,C,22,"12,5","7,8","0,624","20,2","1,8",Valor de mercado,LA Lakers,Los Angeles,"34,043","-118,2673"
Carlos Boozer,2010,UTA,PF,28,"12,3239","9,9","0,8033171317521239","21,3","3,7",Infravalorado,Utah Jazz,Salt Lake City,"40,7683","-111,9011"
Brad Miller,2010,CHI,C,33,"12,25","4,0","0,32653061224489793","12,9","0,6",Valor de mercado,Chicago Bulls,Chicago,"41,8807","-87,6742"
Andre Iguodala,2010,PHI,SF,26,"12,2","6,7","0,5491803278688525","17,8","3,5",Valor de mercado,Philadelphia 76ers,Philadelphia,"39,9012","-75,172"
Erick Dampier,2010,DAL,C,34,"12,1155","3,7","0,3053939168833313","14,0","0,5",Valor de mercado,Dallas Mavericks,Dallas,"32,7905","-96,8103"
Baron Davis,2010,LAC,PG,30,"12,1","4,5","0,37190082644628103","17,4","2,2",Valor de mercado,LA Clippers,Los Angeles,"34,043","-118,2673"
Chauncey Billups,2010,DEN,PG,33,"12,1","9,5","0,7851239669421488","20,2","3,6",Infravalorado,Denver Nuggets,Denver,"39,7487","-105,0077"
Samuel Dalembert,2010,PHI,C,28,"12,025694","5,2","0,4324074768574687","16,8","0,6",Valor de mercado,Philadelphia 76ers,Philadelphia,"39,9012","-75,172"
Al Jefferson,2010,MIN,C,25,"12,0","4,6","0,3833333333333333","19,0","1,5",Valor de mercado,Minnesota Timberwolves,Minneapolis,"44,9795","-93,276"
Tyson Chandler,2010,CHA,C,27,"11,7","2,9","0,24786324786324787","12,5","0,0",Valor de mercado,Charlotte Hornets,Charlotte,"35,2251","-80,8392"
Antawn Jamison,2010,CLE,PF,33,"11,641095","5,8","0,49823491690429467","17,3","1,3",Valor de mercado,Cleveland Cavaliers,Cleveland,"41,4965","-81,6882"
Richard Hamilton,2010,DET,SG,31,"11,375","1,4","0,12307692307692307","14,9","0,0",Sobrepagado,Detroit Pistons,Detroit,"42,341","-83,0552"
Bobby Simmons,2010,NJN,PF,29,"11,242666","0,1","0,008894687434457272","8,0","-0,2",Sobrepagado,New Jersey Nets,Newark,"40,7357","-74,1724"
Troy Murphy,2010,IND,PF,29,"11,047619","7,8","0,7060344858018728","18,0","2,9",Valor de mercado,Indiana Pacers,Indianapolis,"39,764","-86,1555"
Monta Ellis,2010,GSW,SG,24,"11,0","1,3","0,11818181818181818","16,7","0,4",Sobrepagado,Golden State Warriors,San Francisco,"37,768","-122,3877"
Josh Howard,2010,WAS,SF,29,"10,89","1,0","0,09182736455463728","12,7","-0,3",Sobrepagado,Washington Wizards,Washington,"38,8981","-77,0209"
Josh Smith,2010,ATL,PF,24,"10,8","9,3","0,8611111111111112","21,0","5,1",Infravalorado,Atlanta Hawks,Atlanta,"33,7573","-84,3963"
Emeka Okafor,2010,NOH,C,27,"10,7975","5,5","0,5093771706413522","16,5","0,4",Valor de mercado,New Orleans Hornets,New Orleans,"29,949","-90,0821"
Chris Kaman,2010,LAC,C,27,"10,4","2,4","0,23076923076923075","16,5","-0,3",Sobrepagado,LA Clippers,Los Angeles,"34,043","-118,2673"
Luol Deng,2010,CHI,SF,24,"10,365","5,9","0,5692233478051134","16,1","2,0",Valor de mercado,Chicago Bulls,Chicago,"41,8807","-87,6742"
Tayshaun Prince,2010,DET,SF,29,"10,32438","3,2","0,3099459725426612","16,0","1,2",Valor de mercado,Detroit Pistons,Detroit,"42,341","-83,0552"
Danny Granger,2010,IND,SF,26,"10,1305","6,2","0,6120132273826564","19,8","2,9",Valor de mercado,Indiana Pacers,Indianapolis,"39,764","-86,1555"
Al Harrington,2010,NYK,PF,29,"10,026875","3,5","0,3490618961540859","16,8","0,6",Valor de mercado,New York Knicks,New York,"40,7505","-73,9934"
Andrew Bogut,2010,MIL,C,25,"10,0","7,5","0,75","20,7","2,8",Infravalorado,Milwaukee Bucks,Milwaukee,"43,045","-87,917"
Ben Gordon,2010,DET,SG,26,"10,0","2,1","0,21000000000000002","14,0","0,2",Sobrepagado,Detroit Pistons,Detroit,"42,341","-83,0552"
Mike Dunleavy,2010,IND,SF,29,"9,780992","2,3","0,23514997251812494","13,1","0,4",Sobrepagado,Indiana Pacers,Indianapolis,"39,764","-86,1555"
Caron Butler,2010,DAL,SF,29,"9,78097","3,5","0,35783771957178073","13,7","0,5",Valor de mercado,Dallas Mavericks,Dallas,"32,7905","-96,8103"
Mike Miller,2010,WAS,SG,29,"9,780937","3,9","0,3987348042421703","13,9","1,5",Valor de mercado,Washington Wizards,Washington,"38,8981","-77,0209"
Kevin Martin,2010,HOU,SG,26,"9,68017","4,2","0,4338766777856174","17,0","0,6",Valor de mercado,Houston Rockets,Houston,"29,7508","-95,3621"
Gerald Wallace,2010,CHA,SF,27,"9,5","11,5","1,2105263157894737","18,3","3,7",Infravalorado,Charlotte Hornets,Charlotte,"35,2251","-80,8392"
Kirk Hinrich,2010,CHI,SG,29,"9,5","4,0","0,42105263157894735","11,6","0,9",Valor de mercado,Chicago Bulls,Chicago,"41,8807","-87,6742"
Jamal Crawford,2010,ATL,SG,29,"9,36","7,3","0,7799145299145299","18,4","2,7",Infravalorado,Atlanta Hawks,Atlanta,"33,7573","-84,3963"
Marcus Camby,2010,POR,PF,35,"9,15","6,8","0,7431693989071038","17,9","3,1",Infravalorado,Portland Trail Blazers,Portland,"45,5316","-122,6668"
Jason Terry,2010,DAL,SG,32,"9,075","6,5","0,7162534435261708","16,5","2,2",Valor de mercado,Dallas Mavericks,Dallas,"32,7905","-96,8103"
David West,2010,NOH,PF,29,"9,075","7,5","0,8264462809917356","18,9","2,1",Infravalorado,New Orleans Hornets,New Orleans,"29,949","-90,0821"
Boris Diaw,2010,CHA,PF,27,"9,0","6,2","0,6888888888888889","12,8","2,0",Valor de mercado,Charlotte Hornets,Charlotte,"35,2251","-80,8392"
Mehmet Okur,2010,UTA,C,30,"9,0","5,6","0,6222222222222222","15,6","1,4",Valor de mercado,Utah Jazz,Salt Lake City,"40,7683","-111,9011"
Corey Maggette,2010,GSW,PF,30,"8,937931","6,3","0,7048611138304827","20,3","1,2",Valor de mercado,Golden State Warriors,San Francisco,"37,768","-122,3877"
Mo Williams,2010,CLE,PG,27,"8,86","6,7","0,7562076749435667","16,1","2,3",Infravalorado,Cleveland Cavaliers,Cleveland,"41,4965","-81,6882"
Kenny Thomas,2010,SAC,PF,32,"8,775","0,4","0,045584045584045586","9,0","-0,1",Sobrepagado,Sacramento Kings,Sacramento,"38,5802","-121,4997"
Quentin Richardson,2010,MIA,SF,29,"8,7","5,8","0,6666666666666667","12,9","1,7",Valor de mercado,Miami Heat,Miami,"25,7814","-80,187"
T.J. Ford,2010,IND,PG,26,"8,5","1,4","0,16470588235294117","13,4","0,2",Sobrepagado,Indiana Pacers,Indianapolis,"39,764","-86,1555"
Devin Harris,2010,NJN,PG,26,"8,4","2,7","0,32142857142857145","16,2","0,7",Valor de mercado,New Jersey Nets,Newark,"40,7357","-74,1724"
Jason Kidd,2010,DAL,PG,36,"8,1","8,9","1,0987654320987654","17,2","4,5",Infravalorado,Dallas Mavericks,Dallas,"32,7905","-96,8103"
Jameer Nelson,2010,ORL,PG,27,"8,1","5,0","0,617283950617284","15,5","1,3",Valor de mercado,Orlando Magic,Orlando,"28,5392","-81,3839"
Etan Thomas,2010,OKC,C,31,"7,906088","0,2","0,02529696102547809","6,9","-0,2",Sobrepagado,Oklahoma City Thunder,Oklahoma City,"35,4634","-97,5151"
Paul Millsap,2010,UTA,PF,24,"7,692932","7,2","0,9359240404048808","16,7","1,4",Infravalorado,Utah Jazz,Salt Lake City,"40,7683","-111,9011"
Stephen Jackson,2010,CHA,SG,31,"7,65","5,0","0,6535947712418301","15,6","1,9",Valor de mercado,Charlotte Hornets,Charlotte,"35,2251","-80,8392"
Lamar Odom,2010,LAL,PF,30,"7,5","7,7","1,0266666666666666","15,9","2,9",Infravalorado,LA Lakers,Los Angeles,"34,043","-118,2673"
Marvin Williams,2010,ATL,SF,23,"7,5","5,7","0,76","13,0","1,0",Infravalorado,Atlanta Hawks,Atlanta,"33,7573","-84,3963"
Udonis Haslem,2010,MIA,PF,29,"7,1","6,0","0,8450704225352114","14,6","0,2",Infravalorado,Miami Heat,Miami,"25,7814","-80,187"
David Lee,2010,NYK,C,26,"7,0","10,3","1,4714285714285715","22,2","3,5",Infravalorado,New York Knicks,New York,"40,7505","-73,9934"
Shane Battier,2010,HOU,SG,31,"6,9392","4,3","0,619667973253401","11,1","1,9",Valor de mercado,Houston Rockets,Houston,"29,7508","-95,3621"
Joel Przybilla,2010,POR,C,30,"6,857725","1,4","0,2041493352387271","11,2","0,1",Sobrepagado,Portland Trail Blazers,Portland,"45,5316","-122,6668"
Dan Gadzuric,2010,MIL,C,31,"6,74926","0,5","0,07408219567774837","10,5","-0,2",Sobrepagado,Milwaukee Bucks,Milwaukee,"43,045","-87,917"
Andre Miller,2010,POR,PG,33,"6,7308","7,0","1,0399952457360195","18,1","2,4",Infravalorado,Portland Trail Blazers,Portland,"45,5316","-122,6668"
Shawn Marion,2010,DAL,SF,31,"6,635068","5,0","0,7535717795205715","14,7","0,9",Infravalorado,Dallas Mavericks,Dallas,"32,7905","-96,8103"
Tony Battie,2010,NJN,C,33,"6,6066","0,0","0,0","6,1","-0,2",Sobrepagado,New Jersey Nets,Newark,"40,7357","-74,1724"
Leandro Barbosa,2010,PHO,PG,27,"6,6","1,1","0,16666666666666669","14,0","0,0",Sobrepagado,Phoenix Suns,Phoenix,"33,4457","-112,0712"
Luke Ridnour,2010,MIL,PG,28,"6,5","6,2","0,9538461538461539","17,7","1,8",Infravalorado,Milwaukee Bucks,Milwaukee,"43,045","-87,917"
Charlie Villanueva,2010,DET,PF,25,"6,5","3,5","0,5384615384615384","16,0","0,9",Valor de mercado,Detroit Pistons,Detroit,"42,341","-83,0552"
Nazr Mohammed,2010,CHA,C,32,"6,4666","3,6","0,5567067701728884","19,6","0,6",Valor de mercado,Charlotte Hornets,Charlotte,"35,2251","-80,8392"
Jared Jeffries,2010,HOU,PF,28,"6,4666","2,2","0,34020969288343184","9,8","0,0",Valor de mercado,Houston Rockets,Houston,"29,7508","-95,3621"
John Salmons,2010,MIL,SG,30,"6,429151","7,1","1,1043448816181172","14,7","2,5",Infravalorado,Milwaukee Bucks,Milwaukee,"43,045","-87,917"
Nick Collison,2010,OKC,C,29,"6,25","4,7","0,752","13,1","0,3",Infravalorado,Oklahoma City Thunder,Oklahoma City,"35,4634","-97,5151"
Mike Bibby,2010,ATL,PG,31,"6,217617","4,8","0,7719999478900035","12,7","1,0",Infravalorado,Atlanta Hawks,Atlanta,"33,7573","-84,3963"
Jason Kapono,2010,PHI,SF,28,"6,21296","0,5","0,08047693852849527","8,4","-0,5",Sobrepagado,Philadelphia 76ers,Philadelphia,"39,9012","-75,172"
Jeff Foster,2010,IND,C,33,"6,0775","0,4","0,06581653640477171","9,6","-0,1",Sobrepagado,Indiana Pacers,Indianapolis,"39,764","-86,1555"
Chris Duhon,2010,NYK,PG,27,"6,0318","1,9","0,3149971816041646","10,7","-0,3",Valor de mercado,New York Knicks,New York,"40,7505","-73,9934"
James Posey,2010,NOH,SF,33,"6,0318","2,4","0,3978911767631553","8,7","0,1",Valor de mercado,New Orleans Hornets,New Orleans,"29,949","-90,0821"
Beno Udrih,2010,SAC,PG,27,"6,0318","5,5","0,9118339467488976","15,7","1,5",Infravalorado,Sacramento Kings,Sacramento,"38,5802","-121,4997"
DeSagana Diop,2010,CHA,C,28,"6,0318","0,4","0,06631519612719255","7,8","0,0",Sobrepagado,Charlotte Hornets,Charlotte,"35,2251","-80,8392"
Brendan Haywood,2010,DAL,C,30,"6,0","6,7","1,1166666666666667","16,1","1,1",Infravalorado,Dallas Mavericks,Dallas,"32,7905","-96,8103"
Trevor Ariza,2010,HOU,SF,24,"5,854","3,2","0,5466347796378545","13,3","1,7",Valor de mercado,Houston Rockets,Houston,"29,7508","-95,3621"
Rasheed Wallace,2010,BOS,C,35,"5,854","3,6","0,6149641270925863","13,1","0,9",Valor de mercado,Boston Celtics,Boston,"42,3662","-71,0621"
Metta World Peace,2010,LAL,SF,30,"5,854","5,3","0,9053638537751963","12,1","1,6",Infravalorado,LA Lakers,Los Angeles,"34,043","-118,2673"
Marcin Gortat,2010,ORL,C,25,"5,854","3,4","0,5807994533652203","13,9","0,6",Valor de mercado,Orlando Magic,Orlando,"28,5392","-81,3839"
LaMarcus Aldridge,2010,POR,PF,24,"5,844827","8,8","1,50560487076863","18,2","2,3",Infravalorado,Portland Trail Blazers,Portland,"45,5316","-122,6668"
Morris Peterson,2010,NOH,SG,32,"5,8","0,8","0,13793103448275862","9,3","-0,3",Sobrepagado,New Orleans Hornets,New Orleans,"29,949","-90,0821"
Raymond Felton,2010,CHA,PG,25,"5,501196","6,5","1,181561245954516","15,2","2,3",Infravalorado,Charlotte Hornets,Charlotte,"35,2251","-80,8392"
Greg Oden,2010,POR,C,22,"5,36124","2,2","0,41035282882318275","23,1","0,7",Valor de mercado,Portland Trail Blazers,Portland,"45,5316","-122,6668"
Adam Morrison,2010,LAL,SF,25,"5,257229","0,0","0,0","7,4","-0,2",Sobrepagado,LA Lakers,Los Angeles,"34,043","-118,2673"
Derrick Rose,2010,CHI,PG,21,"5,18448","6,0","1,157300249976854","18,6","2,7",Infravalorado,Chicago Bulls,Chicago,"41,8807","-87,6742"
Kyle Korver,2010,UTA,SG,28,"5,163636","2,6","0,5035211622198001","13,9","0,8",Valor de mercado,Utah Jazz,Salt Lake City,"40,7683","-111,9011"
Derek Fisher,2010,LAL,PG,35,"5,048","3,9","0,7725832012678289","9,3","0,2",Infravalorado,LA Lakers,Los Angeles,"34,043","-118,2673"
Jason Maxiell,2010,DET,C,26,"5,0","2,6","0,52","14,0","-0,3",Valor de mercado,Detroit Pistons,Detroit,"42,341","-83,0552"
Nate Robinson,2010,BOS,PG,25,"5,0","2,2","0,44000000000000006","16,3","0,7",Valor de mercado,Boston Celtics,Boston,"42,3662","-71,0621"
Jarrett Jack,2010,TOR,PG,26,"5,0","4,8","0,96","16,3","1,4",Infravalorado,Toronto Raptors,Toronto,"43,6435","-79,3791"
Lou Williams,2010,PHI,PG,23,"4,9725","5,2","1,0457516339869282","18,2","1,7",Infravalorado,Philadelphia 76ers,Philadelphia,"39,9012","-75,172"
Reggie Evans,2010,TOR,PF,29,"4,96","0,2","0,040322580645161296","11,4","-0,2",Sobrepagado,Toronto Raptors,Toronto,"43,6435","-79,3791"
Luke Walton,2010,LAL,SF,29,"4,84","0,3","0,06198347107438017","9,7","0,0",Sobrepagado,LA Lakers,Los Angeles,"34,043","-118,2673"
Kevin Durant,2010,OKC,SF,21,"4,79688","16,1","3,356348293057154","26,2","7,5",Infravalorado,Oklahoma City Thunder,Oklahoma City,"35,4634","-97,5151"
Zaza Pachulia,2010,ATL,C,25,"4,75","2,7","0,5684210526315789","13,1","-0,1",Valor de mercado,Atlanta Hawks,Atlanta,"33,7573","-84,3963"
Tyrus Thomas,2010,CHA,PF,23,"4,743598","2,6","0,5481071541053858","16,8","0,9",Valor de mercado,Charlotte Hornets,Charlotte,"35,2251","-80,8392"
Matt Carroll,2010,DAL,SG,29,"4,7","-0,1","-0,02127659574468085","7,1","-0,2",Sobrepagado,Dallas Mavericks,Dallas,"32,7905","-96,8103"
Michael Beasley,2010,MIA,PF,21,"4,6386","4,6","0,9916785236924933","16,1","0,7",Infravalorado,Miami Heat,Miami,"25,7814","-80,187"
Drew Gooden,2010,LAC,C,28,"4,580735","4,4","0,9605445414327615","16,9","-0,1",Infravalorado,LA Clippers,Los Angeles,"34,043","-118,2673"
Marcus Banks,2010,TOR,PG,28,"4,553793","0,5","0,10979857889895303","15,3","0,1",Sobrepagado,Toronto Raptors,Toronto,"43,6435","-79,3791"
Darius Songaila,2010,NOH,C,31,"4,526","1,3","0,28722934158197083","11,6","-0,6",Valor de mercado,New Orleans Hornets,New Orleans,"29,949","-90,0821"
Antonio McDyess,2010,SAS,PF,35,"4,5","3,2","0,7111111111111111","12,2","0,4",Valor de mercado,San Antonio Spurs,San Antonio,"29,427","-98,4375"
Kendrick Perkins,2010,BOS,C,25,"4,5","5,2","1,1555555555555557","15,0","0,7",Infravalorado,Boston Celtics,Boston,"42,3662","-71,0621"
Hasheem Thabeet,2010,MEM,C,22,"4,45884","2,0","0,4485471557624853","12,9","0,2",Valor de mercado,Memphis Grizzlies,Memphis,"35,1382","-90,0505"
Trenton Hassell,2010,NJN,SF,30,"4,35","-0,1","-0,02298850574712644","6,5","-0,9",Sobrepagado,New Jersey Nets,Newark,"40,7357","-74,1724"
Martell Webster,2010,POR,SF,23,"4,344","4,4","1,0128913443830572","12,5","1,0",Infravalorado,Portland Trail Blazers,Portland,"45,5316","-122,6668"
James Jones,2010,MIA,SF,29,"4,33","1,0","0,23094688221709006","8,8","0,1",Sobrepagado,Miami Heat,Miami,"25,7814","-80,187"
Al Horford,2010,ATL,C,23,"4,30764","10,9","2,530387868995552","19,4","3,1",Infravalorado,Atlanta Hawks,Atlanta,"33,7573","-84,3963"
Delonte West,2010,CLE,SG,26,"4,25425","3,3","0,7756948933419522","13,8","1,0",Infravalorado,Cleveland Cavaliers,Cleveland,"41,4965","-81,6882"
O.J. Mayo,2010,MEM,SG,22,"4,16556","5,6","1,344357061235464","14,6","1,6",Infravalorado,Memphis Grizzlies,Memphis,"35,1382","-90,0505"
Ronny Turiaf,2010,GSW,C,27,"4,14","1,4","0,33816425120772947","12,6","0,5",Valor de mercado,Golden State Warriors,San Francisco,"37,768","-122,3877"
Daniel Gibson,2010,CLE,PG,23,"4,0885","2,6","0,6359300476947536","11,3","0,5",Valor de mercado,Cleveland Cavaliers,Cleveland,"41,4965","-81,6882"
James Harden,2010,OKC,SG,20,"4,00416","4,5","1,1238312155358428","14,0","1,1",Infravalorado,Oklahoma City Thunder,Oklahoma City,"35,4634","-97,5151"
Kwame Brown,2010,DET,C,27,"4,0","-0,1","-0,025","7,9","-0,6",Sobrepagado,Detroit Pistons,Detroit,"42,341","-83,0552"
Brandon Bass,2010,ORL,PF,24,"4,0","2,0","0,5","16,5","0,2",Valor de mercado,Orlando Magic,Orlando,"28,5392","-81,3839"
Steve Blake,2010,LAC,PG,29,"4,0","3,3","0,825","11,6","0,8",Infravalorado,LA Clippers,Los Angeles,"34,043","-118,2673"
Rasual Butler,2010,LAC,SF,30,"3,945","2,7","0,6844106463878328","10,7","0,1",Valor de mercado,LA Clippers,Los Angeles,"34,043","-118,2673"
Amir Johnson,2010,TOR,PF,22,"3,941667","4,5","1,141648952080427","16,7","0,5",Infravalorado,Toronto Raptors,Toronto,"43,6435","-79,3791"
Brandon Roy,2010,POR,SG,25,"3,910816","9,1","2,326880119136262","21,3","4,1",Infravalorado,Portland Trail Blazers,Portland,"45,5316","-122,6668"
Ryan Gomes,2010,MIN,SF,27,"3,8925","2,4","0,6165703275529865","12,1","0,1",Valor de mercado,Minnesota Timberwolves,Minneapolis,"44,9795","-93,276"
DeShawn Stevenson,2010,DAL,SG,28,"3,883929","-0,4","-0,10298849438287878","3,3","-0,8",Sobrepagado,Dallas Mavericks,Dallas,"32,7905","-96,8103"
Mike Conley,2010,MEM,PG,22,"3,8838","4,0","1,0299191513466193","13,9","0,9",Infravalorado,Memphis Grizzlies,Memphis,"35,1382","-90,0505"
Kurt Thomas,2010,MIL,C,37,"3,8","2,1","0,5526315789473685","9,9","-0,1",Valor de mercado,Milwaukee Bucks,Milwaukee,"43,045","-87,917"
Russell Westbrook,2010,OKC,PG,21,"3,75564","6,1","1,6242238340203","17,8","2,3",Infravalorado,Oklahoma City Thunder,Oklahoma City,"35,4634","-97,5151"
C.J. Miles,2010,UTA,SF,22,"3,7","1,9","0,5135135135135135","10,8","0,0",Valor de mercado,Utah Jazz,Salt Lake City,"40,7683","-111,9011"
Steven Hunter,2010,MEM,C,28,"3,696","0,1","0,027056277056277056","11,6","-0,1",Sobrepagado,Memphis Grizzlies,Memphis,"35,1382","-90,0505"
Willie Green,2010,PHI,SG,28,"3,682","2,2","0,5975013579576318","12,8","-0,1",Valor de mercado,Philadelphia 76ers,Philadelphia,"39,9012","-75,172"
Ramon Sessions,2010,MIN,PG,23,"3,670667","1,1","0,2996730566951456","12,9","-0,4",Valor de mercado,Minnesota Timberwolves,Minneapolis,"44,9795","-93,276"
Chris Andersen,2010,DEN,PF,31,"3,65","5,9","1,6164383561643838","15,8","1,6",Infravalorado,Denver Nuggets,Denver,"39,7487","-105,0077"
Damien Wilkins,2010,MIN,SF,30,"3,63","1,9","0,5234159779614325","11,5","0,3",Valor de mercado,Minnesota Timberwolves,Minneapolis,"44,9795","-93,276"
Tyreke Evans,2010,SAC,SG,20,"3,61008","5,4","1,495811727163941","18,2","2,2",Infravalorado,Sacramento Kings,Sacramento,"38,5802","-121,4997"
Charlie Bell,2010,MIL,SG,30,"3,60296","2,0","0,5550991407065302","7,9","-0,2",Valor de mercado,Milwaukee Bucks,Milwaukee,"43,045","-87,917"
Travis Outlaw,2010,LAC,SF,25,"3,6","0,9","0,25","13,3","0,2",Valor de mercado,LA Clippers,Los Angeles,"34,043","-118,2673"
Randy Foye,2010,WAS,PG,26,"3,575761","2,2","0,6152536481045574","13,2","0,3",Valor de mercado,Washington Wizards,Washington,"38,8981","-77,0209"
Keyon Dooling,2010,NJN,PG,29,"3,564","0,7","0,19640852974186307","11,6","-0,2",Sobrepagado,New Jersey Nets,Newark,"40,7357","-74,1724"
Jeff Green,2010,OKC,PF,23,"3,51696","6,6","1,8766207178927254","13,8","1,7",Infravalorado,Oklahoma City Thunder,Oklahoma City,"35,4634","-97,5151"
Carlos Delfino,2010,MIL,SF,27,"3,5","4,8","1,3714285714285714","12,9","2,0",Infravalorado,Milwaukee Bucks,Milwaukee,"43,045","-87,917"
Brian Cook,2010,HOU,PF,29,"3,5","-0,2","-0,05714285714285715","2,4","-0,1",Sobrepagado,Houston Rockets,Houston,"29,7508","-95,3621"
Brian Scalabrine,2010,BOS,PF,31,"3,413793","0,2","0,05858586036118769","3,6","-0,3",Sobrepagado,Boston Celtics,Boston,"42,3662","-71,0621"
Kevin Love,2010,MIN,PF,21,"3,40104","4,9","1,4407357749394303","20,7","1,5",Infravalorado,Minnesota Timberwolves,Minneapolis,"44,9795","-93,276"
Marc Gasol,2010,MEM,C,25,"3,333333","8,4","2,5200002520000253","19,3","3,0",Infravalorado,Memphis Grizzlies,Memphis,"35,1382","-90,0505"
Luis Scola,2010,HOU,PF,29,"3,284667","6,3","1,9180026468436526","17,2","1,1",Infravalorado,Houston Rockets,Houston,"29,7508","-95,3621"
Rudy Gay,2010,MEM,SF,23,"3,280997","6,4","1,9506265930752147","16,2","2,0",Infravalorado,Memphis Grizzlies,Memphis,"35,1382","-90,0505"
Matt Bonner,2010,SAS,PF,29,"3,2565","3,7","1,136189160141256","14,9","1,3",Infravalorado,San Antonio Spurs,San Antonio,"29,427","-98,4375"
Yi Jianlian,2010,NJN,PF,22,"3,1944","1,3","0,406962183821688","12,3","-0,9",Valor de mercado,New Jersey Nets,Newark,"40,7357","-74,1724"
Danilo Gallinari,2010,NYK,SF,21,"3,08904","5,6","1,8128609535648617","14,8","1,7",Infravalorado,New York Knicks,New York,"40,7505","-73,9934"
Glen Davis,2010,BOS,PF,24,"3,000004","1,6","0,5333326222231703","11,5","-0,6",Valor de mercado,Boston Celtics,Boston,"42,3662","-71,0621"
Jamario Moon,2010,CLE,SF,29,"3,0","2,9","0,9666666666666667","12,6","0,9",Infravalorado,Cleveland Cavaliers,Cleveland,"41,4965","-81,6882"
Carl Landry,2010,SAC,PF,26,"3,0","7,7","2,566666666666667","19,0","1,7",Infravalorado,Sacramento Kings,Sacramento,"38,5802","-121,4997"
Hakim Warrick,2010,CHI,PF,27,"3,0","4,0","1,3333333333333333","15,6","0,3",Infravalorado,Chicago Bulls,Chicago,"41,8807","-87,6742"
Andray Blatche,2010,WAS,PF,23,"3,0","3,4","1,1333333333333333","17,6","1,5",Infravalorado,Washington Wizards,Washington,"38,8981","-77,0209"
Grant Hill,2010,PHO,SF,37,"3,0","5,5","1,8333333333333333","14,0","1,6",Infravalorado,Phoenix Suns,Phoenix,"33,4457","-112,0712"
Chris Wilcox,2010,DET,PF,27,"3,0","0,2","0,06666666666666667","12,0","-0,2",Sobrepagado,Detroit Pistons,Detroit,"42,341","-83,0552"
Jonny Flynn,2010,MIN,PG,20,"2,96928","0,1","0,03367819808168984","13,0","-0,5",Sobrepagado,Minnesota Timberwolves,Minneapolis,"44,9795","-93,276"
Corey Brewer,2010,MIN,SG,23,"2,91612","1,0","0,3429214161282801","12,1","-0,1",Valor de mercado,Minnesota Timberwolves,Minneapolis,"44,9795","-93,276"
Kris Humphries,2010,NJN,PF,24,"2,9","1,9","0,6551724137931034","15,1","-0,5",Valor de mercado,New Jersey Nets,Newark,"40,7357","-74,1724"
Dorell Wright,2010,MIA,SF,24,"2,887165","4,3","1,489350279599538","14,5","1,5",Infravalorado,Miami Heat,Miami,"25,7814","-80,187"
Eddie House,2010,NYK,PG,31,"2,862","1,1","0,3843466107617051","10,5","0,0",Valor de mercado,New York Knicks,New York,"40,7505","-73,9934"
Eric Gordon,2010,LAC,SG,21,"2,81988","3,2","1,1348000624140036","14,1","0,6",Infravalorado,LA Clippers,Los Angeles,"34,043","-118,2673"
Hilton Armstrong,2010,SAC,PF,25,"2,801198","-0,1","-0,03569901163716382","6,9","-0,4",Sobrepagado,Sacramento Kings,Sacramento,"38,5802","-121,4997"
Earl Watson,2010,IND,PG,30,"2,8","2,6","0,9285714285714287","10,9","-0,2",Infravalorado,Indiana Pacers,Indianapolis,"39,764","-86,1555"
Thabo Sefolosha,2010,OKC,SG,25,"2,759628","4,0","1,449470725764487","9,8","1,3",Infravalorado,Oklahoma City Thunder,Oklahoma City,"35,4634","-97,5151"
Ronnie Brewer,2010,MEM,SG,24,"2,717161","3,7","1,3617154081042677","12,5","1,4",Infravalorado,Memphis Grizzlies,Memphis,"35,1382","-90,0505"
Stephen Curry,2010,GSW,PG,21,"2,71056","4,7","1,7339590342954962","16,3","2,0",Infravalorado,Golden State Warriors,San Francisco,"37,768","-122,3877"
Anthony Parker,2010,CLE,SG,34,"2,644231","4,9","1,8530907473666258","9,9","1,0",Infravalorado,Cleveland Cavaliers,Cleveland,"41,4965","-81,6882"
Maurice Evans,2010,ATL,SF,31,"2,5","3,1","1,24","12,2","0,4",Infravalorado,Atlanta Hawks,Atlanta,"33,7573","-84,3963"
Sebastian Telfair,2010,CLE,PG,24,"2,5","0,3","0,12","10,3","-0,4",Sobrepagado,Cleveland Cavaliers,Cleveland,"41,4965","-81,6882"
Dahntay Jones,2010,IND,SF,29,"2,5","1,8","0,72","10,8","-0,8",Valor de mercado,Indiana Pacers,Indianapolis,"39,764","-86,1555"
Tony Allen,2010,BOS,SG,28,"2,5","1,9","0,76","14,2","0,5",Infravalorado,Boston Celtics,Boston,"42,3662","-71,0621"
Michael Finley,2010,BOS,SF,36,"2,5","1,0","0,4","9,0","0,1",Valor de mercado,Boston Celtics,Boston,"42,3662","-71,0621"
Jordan Hill,2010,HOU,PF,22,"2,48328","1,4","0,5637704970845011","15,0","-0,2",Valor de mercado,Houston Rockets,Houston,"29,7508","-95,3621"
Joakim Noah,2010,CHI,C,24,"2,45568","6,2","2,524758926244462","17,9","1,7",Infravalorado,Chicago Bulls,Chicago,"41,8807","-87,6742"
Ricky Davis,2010,LAC,SF,30,"2,4","0,1","0,04166666666666667","8,5","-0,2",Sobrepagado,LA Clippers,Los Angeles,"34,043","-118,2673"
Spencer Hawes,2010,SAC,C,21,"2,3328","2,1","0,9002057613168724","13,8","0,4",Infravalorado,Sacramento Kings,Sacramento,"38,5802","-121,4997"
David Andersen,2010,HOU,C,29,"2,314815","1,3","0,5615999550720037","12,1","-0,1",Valor de mercado,Houston Rockets,Houston,"29,7508","-95,3621"
Craig Smith,2010,LAC,PF,26,"2,3","3,0","1,3043478260869565","16,9","0,4",Infravalorado,LA Clippers,Los Angeles,"34,043","-118,2673"
DeMar DeRozan,2010,TOR,SG,20,"2,28264","2,3","1,0076052290330495","12,5","-0,3",Infravalorado,Toronto Raptors,Toronto,"43,6435","-79,3791"
Brook Lopez,2010,NJN,C,21,"2,25588","7,9","3,501959324077522","20,1","2,5",Infravalorado,New Jersey Nets,Newark,"40,7357","-74,1724"
Acie Law,2010,CHI,PG,25,"2,21616","0,6","0,2707385748321421","16,0","0,1",Valor de mercado,Chicago Bulls,Chicago,"41,8807","-87,6742"
Ryan Hollins,2010,MIN,C,25,"2,183333","1,2","0,5496184045218937","11,0","-0,8",Valor de mercado,Minnesota Timberwolves,Minneapolis,"44,9795","-93,276"
Brandon Jennings,2010,MIL,PG,20,"2,16852","4,2","1,9368048254108794","14,5","1,8",Infravalorado,Milwaukee Bucks,Milwaukee,"43,045","-87,917"
Chuck Hayes,2010,HOU,C,26,"2,14775","3,6","1,6761727389128158","11,7","0,8",Infravalorado,Houston Rockets,Houston,"29,7508","-95,3621"
Jerryd Bayless,2010,POR,SG,21,"2,14308","2,7","1,259868973626743","14,3","0,1",Infravalorado,Portland Trail Blazers,Portland,"45,5316","-122,6668"
Thaddeus Young,2010,PHI,PF,21,"2,1054","2,1","0,9974351667141637","14,0","0,1",Infravalorado,Philadelphia 76ers,Philadelphia,"39,9012","-75,172"
Rajon Rondo,2010,BOS,PG,23,"2,094923","9,6","4,5825073284316415","19,1","4,2",Infravalorado,Boston Celtics,Boston,"42,3662","-71,0621"
Anthony Johnson,2010,ORL,PG,35,"2,0628","1,0","0,4847779716889664","12,4","0,2",Valor de mercado,Orlando Magic,Orlando,"28,5392","-81,3839"
Jarvis Hayes,2010,NJN,SF,28,"2,0628","0,8","0,38782237735117314","9,7","-0,2",Valor de mercado,New Jersey Nets,Newark,"40,7357","-74,1724"
Terrence Williams,2010,NJN,SF,22,"2,06004","-0,3","-0,14562824022834508","11,5","-0,4",Sobrepagado,New Jersey Nets,Newark,"40,7357","-74,1724"
Josh Boone,2010,NJN,PF,25,"2,056968","1,8","0,8750743813224124","13,7","0,0",Infravalorado,New Jersey Nets,Newark,"40,7357","-74,1724"
Jason Thompson,2010,SAC,C,23,"2,03592","4,0","1,964713741207906","14,5","-0,2",Infravalorado,Sacramento Kings,Sacramento,"38,5802","-121,4997"
Kyle Lowry,2010,HOU,PG,23,"2,034996","4,3","2,1130262663906954","15,5","1,2",Infravalorado,Houston Rockets,Houston,"29,7508","-95,3621"
Julian Wright,2010,NOH,SF,22,"2,00004","0,8","0,39999200015999686","11,8","0,0",Valor de mercado,New Orleans Hornets,New Orleans,"29,949","-90,0821"
Jannero Pargo,2010,CHI,PG,30,"1,99","-0,3","-0,1507537688442211","8,9","-0,6",Sobrepagado,Chicago Bulls,Chicago,"41,8807","-87,6742"
Ronald Murray,2010,CHI,SG,30,"1,99","1,8","0,9045226130653267","11,7","-0,1",Infravalorado,Chicago Bulls,Chicago,"41,8807","-87,6742"
Fabricio Oberto,2010,WAS,C,34,"1,99","0,6","0,3015075376884422","5,7","-0,4",Valor de mercado,Washington Wizards,Washington,"38,8981","-77,0209"
Marquis Daniels,2010,BOS,SF,29,"1,99","1,3","0,6532663316582915","9,6","-0,2",Valor de mercado,Boston Celtics,Boston,"42,3662","-71,0621"
Shannon Brown,2010,LAL,SG,24,"1,99","3,4","1,7085427135678393","12,4","0,7",Infravalorado,LA Lakers,Los Angeles,"34,043","-118,2673"
Channing Frye,2010,PHO,C,26,"1,99","6,4","3,2160804020100504","15,0","2,6",Infravalorado,Phoenix Suns,Phoenix,"33,4457","-112,0712"
Gerald Henderson,2010,CHA,SG,22,"1,95708","0,4","0,20438612626974884","9,7","0,0",Sobrepagado,Charlotte Hornets,Charlotte,"35,2251","-80,8392"
Jordan Farmar,2010,LAL,PG,23,"1,94724","2,8","1,4379326636675498","12,3","0,6",Infravalorado,LA Lakers,Los Angeles,"34,043","-118,2673"
Brandon Rush,2010,IND,SG,24,"1,93416","2,5","1,2925507713943003","9,6","0,4",Infravalorado,Indiana Pacers,Indianapolis,"39,764","-86,1555"
Al Thornton,2010,WAS,SF,26,"1,9002","2,2","1,157772866014104","11,8","-0,6",Infravalorado,Washington Wizards,Washington,"38,8981","-77,0209"
Mardy Collins,2010,LAC,SG,25,"1,867742","-0,5","-0,2677029268496398","5,7","-0,4",Sobrepagado,LA Clippers,Los Angeles,"34,043","-118,2673"
Tyler Hansbrough,2010,IND,PF,24,"1,85916","0,7","0,3765141246584479","14,6","-0,2",Valor de mercado,Indiana Pacers,Indianapolis,"39,764","-86,1555"
Anthony Randolph,2010,GSW,C,20,"1,83756","1,5","0,8162998759224188","18,7","0,3",Infravalorado,Golden State Warriors,San Francisco,"37,768","-122,3877"
Rodney Stuckey,2010,DET,PG,23,"1,80504","2,7","1,495811727163941","15,6","1,0",Infravalorado,Detroit Pistons,Detroit,"42,341","-83,0552"
Antoine Wright,2010,TOR,SF,25,"1,8","0,3","0,16666666666666666","8,6","-0,4",Sobrepagado,Toronto Raptors,Toronto,"43,6435","-79,3791"
Earl Clark,2010,PHO,PF,22,"1,76628","-0,3","-0,16984849514233302","8,5","-0,3",Sobrepagado,Phoenix Suns,Phoenix,"33,4457","-112,0712"
Robin Lopez,2010,PHO,C,21,"1,74552","3,2","1,8332645859113619","17,6","0,4",Infravalorado,Phoenix Suns,Phoenix,"33,4457","-112,0712"
Nick Young,2010,WAS,SG,24,"1,7148","1,4","0,8164217401446232","10,7","-0,6",Infravalorado,Washington Wizards,Washington,"38,8981","-77,0209"
Francisco Elson,2010,PHI,C,33,"1,7","0,0","0,0","5,5","-0,1",Sobrepagado,Philadelphia 76ers,Philadelphia,"39,9012","-75,172"
Austin Daye,2010,DET,SF,21,"1,67784","1,3","0,7748057025699709","12,8","0,1",Infravalorado,Detroit Pistons,Detroit,"42,341","-83,0552"
Marreese Speights,2010,PHI,C,22,"1,65828","2,1","1,266372385845575","17,6","-0,2",Infravalorado,Philadelphia 76ers,Philadelphia,"39,9012","-75,172"
J.J. Barea,2010,DAL,PG,25,"1,6575","2,2","1,3273001508295628","12,8","0,3",Infravalorado,Dallas Mavericks,Dallas,"32,7905","-96,8103"
Sean Williams,2010,NJN,PF,23,"1,62912","-0,2","-0,12276566489884111","7,0","-0,3",Sobrepagado,New Jersey Nets,Newark,"40,7357","-74,1724"
Hamed Haddadi,2010,MEM,C,24,"1,627779","0,0","0,0","7,2","-0,3",Sobrepagado,Memphis Grizzlies,Memphis,"35,1382","-90,0505"
Solomon Jones,2010,IND,C,25,"1,62","0,8","0,49382716049382713","9,9","-0,4",Valor de mercado,Indiana Pacers,Indianapolis,"39,764","-86,1555"
Matt Barnes,2010,ORL,SF,29,"1,6","5,9","3,6875","13,6","1,7",Infravalorado,Orlando Magic,Orlando,"28,5392","-81,3839"
Devean George,2010,GSW,SF,32,"1,6","1,3","0,8125","11,6","0,2",Infravalorado,Golden State Warriors,San Francisco,"37,768","-122,3877"
James Johnson,2010,CHI,PF,22,"1,59408","0,8","0,5018568704205562","10,4","-0,1",Valor de mercado,Chicago Bulls,Chicago,"41,8807","-87,6742"
Roy Hibbert,2010,IND,C,23,"1,57536","4,1","2,6025797278082465","16,2","0,6",Infravalorado,Indiana Pacers,Indianapolis,"39,764","-86,1555"
Marco Belinelli,2010,TOR,SG,23,"1,54764","1,2","0,7753741180119408","12,6","0,2",Infravalorado,Toronto Raptors,Toronto,"43,6435","-79,3791"
Oleksiy Pecherov,2010,MIN,C,24,"1,54764","0,1","0,0646145098343284","12,0","-0,3",Sobrepagado,Minnesota Timberwolves,Minneapolis,"44,9795","-93,276"
Jrue Holiday,2010,PHI,PG,19,"1,51428","1,2","0,7924558205880021","12,3","0,1",Infravalorado,Philadelphia 76ers,Philadelphia,"39,9012","-75,172"
JaVale McGee,2010,WAS,C,22,"1,49664","2,1","1,4031430404105196","17,0","0,3",Infravalorado,Washington Wizards,Washington,"38,8981","-77,0209"
Ty Lawson,2010,DEN,PG,22,"1,43868","3,7","2,571801929546529","16,4","1,0",Infravalorado,Denver Nuggets,Denver,"39,7487","-105,0077"
Jason Smith,2010,PHI,PF,23,"1,41888","0,7","0,4933468651330627","10,6","-0,4",Valor de mercado,Philadelphia 76ers,Philadelphia,"39,9012","-75,172"
Jeff Teague,2010,ATL,PG,21,"1,37388","0,6","0,4367193641366058","11,0","-0,3",Valor de mercado,Atlanta Hawks,Atlanta,"33,7573","-84,3963"
Daequan Cook,2010,MIA,SG,22,"1,36212","0,1","0,07341497078084164","7,5","-0,2",Sobrepagado,Miami Heat,Miami,"25,7814","-80,187"
Eric Maynor,2010,OKC,PG,22,"1,31892","1,9","1,4405725896945984","11,8","0,1",Infravalorado,Oklahoma City Thunder,Oklahoma City,"35,4634","-97,5151"
Ryan Anderson,2010,ORL,PF,21,"1,31712","3,1","2,353620019436346","18,1","1,0",Infravalorado,Orlando Magic,Orlando,"28,5392","-81,3839"
Jared Dudley,2010,PHO,SF,24,"1,30764","5,3","4,053103300602612","13,6","2,1",Infravalorado,Phoenix Suns,Phoenix,"33,4457","-112,0712"
Malik Allen,2010,DEN,PF,31,"1,3","0,1","0,07692307692307693","5,9","-0,4",Sobrepagado,Denver Nuggets,Denver,"39,7487","-105,0077"
Darren Collison,2010,NOH,PG,22,"1,26612","2,9","2,2904621994755634","16,5","0,6",Infravalorado,New Orleans Hornets,New Orleans,"29,949","-90,0821"
Courtney Lee,2010,NJN,SG,24,"1,26444","3,1","2,4516782132801875","12,8","0,4",Infravalorado,New Jersey Nets,Newark,"40,7357","-74,1724"
Wilson Chandler,2010,NYK,SG,22,"1,25544","2,7","2,1506404129229595","13,7","0,0",Infravalorado,New York Knicks,New York,"40,7505","-73,9934"
Ronnie Price,2010,UTA,PG,26,"1,25","0,9","0,72","10,3","0,1",Valor de mercado,Utah Jazz,Salt Lake City,"40,7683","-111,9011"
Kosta Koufos,2010,UTA,C,20,"1,21404","0,0","0,0","7,7","-0,2",Sobrepagado,Utah Jazz,Salt Lake City,"40,7683","-111,9011"
Omri Casspi,2010,SAC,SF,21,"1,167","2,5","2,1422450728363325","13,0","0,4",Infravalorado,Sacramento Kings,Sacramento,"38,5802","-121,4997"
Serge Ibaka,2010,OKC,PF,20,"1,1202","3,7","3,3029816104267096","15,2","0,2",Infravalorado,Oklahoma City Thunder,Oklahoma City,"35,4634","-97,5151"
Byron Mullens,2010,OKC,PF,20,"1,1202","-0,1","-0,08926977325477593","0,7","-0,1",Sobrepagado,Oklahoma City Thunder,Oklahoma City,"35,4634","-97,5151"
Nicolas Batum,2010,POR,SF,21,"1,11876","3,5","3,1284636561907826","17,3","1,4",Infravalorado,Portland Trail Blazers,Portland,"45,5316","-122,6668"
Aaron Brooks,2010,HOU,PG,25,"1,11852","5,5","4,917212030182742","16,0","1,9",Infravalorado,Houston Rockets,Houston,"29,7508","-95,3621"
Devin Brown,2010,CHI,SG,31,"1,107572","0,4","0,3611503360503877","10,0","-0,2",Valor de mercado,Chicago Bulls,Chicago,"41,8807","-87,6742"
Arron Afflalo,2010,DEN,SG,24,"1,08624","4,3","3,9586095153925465","10,9","0,9",Infravalorado,Denver Nuggets,Denver,"39,7487","-105,0077"
George Hill,2010,SAS,PG,23,"1,08168","6,7","6,194068486058724","14,7","1,7",Infravalorado,San Antonio Spurs,San Antonio,"29,427","-98,4375"
Rodrigue Beaubois,2010,DAL,PG,21,"1,07544","2,0","1,8597039351335267","18,5","0,6",Infravalorado,Dallas Mavericks,Dallas,"32,7905","-96,8103"
Alando Tucker,2010,MIN,SF,25,"1,07172","0,1","0,09330795356996231","13,4","0,0",Sobrepagado,Minnesota Timberwolves,Minneapolis,"44,9795","-93,276"
Chris Quinn,2010,NJN,PG,26,"1,050387","0,1","0,09520300613012157","9,3","0,0",Sobrepagado,New Jersey Nets,Newark,"40,7357","-74,1724"
Royal Ivey,2010,MIL,SG,28,"1,05","0,6","0,5714285714285714","11,0","0,1",Valor de mercado,Milwaukee Bucks,Milwaukee,"43,045","-87,917"
Taj Gibson,2010,CHI,PF,24,"1,0398","4,7","4,5201000192344685","13,8","0,0",Infravalorado,Chicago Bulls,Chicago,"41,8807","-87,6742"
D.J. White,2010,OKC,PF,23,"1,03644","0,6","0,5789047122843579","25,9","0,2",Valor de mercado,Oklahoma City Thunder,Oklahoma City,"35,4634","-97,5151"
Quinton Ross,2010,WAS,SF,28,"1,033342","-0,1","-0,09677338190066793","3,0","-0,6",Sobrepagado,Washington Wizards,Washington,"38,8981","-77,0209"
Steve Novak,2010,LAC,SF,26,"1,031","0,3","0,2909796314258002","8,3","-0,2",Valor de mercado,LA Clippers,Los Angeles,"34,043","-118,2673"
James Singleton,2010,WAS,PF,28,"1,030189","1,1","1,0677652353111906","11,4","-0,3",Infravalorado,Washington Wizards,Washington,"38,8981","-77,0209"
J.R. Giddens,2010,NYK,SF,24,"1,02888","0,1","0,09719306430293134","9,2","-0,2",Sobrepagado,New York Knicks,New York,"40,7505","-73,9934"
DeMarre Carroll,2010,MEM,SF,23,"1,00968","0,5","0,49520640202836547","8,5","-0,4",Valor de mercado,Memphis Grizzlies,Memphis,"35,1382","-90,0505"
Wayne Ellington,2010,MIN,SG,22,"1,00356","0,4","0,3985810514568138","9,6","-0,5",Valor de mercado,Minnesota Timberwolves,Minneapolis,"44,9795","-93,276"
C.J. Watson,2010,GSW,PG,25,"1,000497","3,1","3,0984600653475223","13,8","0,7",Infravalorado,Golden State Warriors,San Francisco,"37,768","-122,3877"
Aaron Gray,2010,NOH,C,25,"1,000497","0,9","0,8995529221976678","16,6","0,1",Infravalorado,New Orleans Hornets,New Orleans,"29,949","-90,0821"
Toney Douglas,2010,NYK,PG,23,"0,99624","2,2","2,208303220107605","14,9","0,5",Infravalorado,New York Knicks,New York,"40,7505","-73,9934"
Ian Mahinmi,2010,SAS,C,23,"0,98967","0,7","0,7073064758960057","21,6","0,1",Valor de mercado,San Antonio Spurs,San Antonio,"29,427","-98,4375"
Josh Powell,2010,LAL,PF,27,"0,959111","0,0","0,0","6,7","-0,6",Sobrepagado,LA Lakers,Los Angeles,"34,043","-118,2673"
Zydrunas Ilgauskas,2010,CLE,C,34,"0,925","2,5","2,7027027027027026","11,9","-0,6",Infravalorado,Cleveland Cavaliers,Cleveland,"41,4965","-81,6882"
Kyle Weaver,2010,OKC,SG,23,"0,870968","0,3","0,3444443423868615","10,7","0,1",Valor de mercado,Oklahoma City Thunder,Oklahoma City,"35,4634","-97,5151"
Kyrylo Fesenko,2010,UTA,C,23,"0,87","0,6","0,689655172413793","9,7","-0,3",Valor de mercado,Utah Jazz,Salt Lake City,"40,7683","-111,9011"
Patrick O'Bryant,2010,TOR,C,23,"0,855189","0,0","0,0","9,9","-0,1",Sobrepagado,Toronto Raptors,Toronto,"43,6435","-79,3791"
Leon Powe,2010,CLE,SF,26,"0,855189","0,5","0,5846660796619227","10,2","-0,2",Valor de mercado,Cleveland Cavaliers,Cleveland,"41,4965","-81,6882"
Marcus Haislip,2010,SAS,SF,29,"0,855189","0,1","0,11693321593238455","15,4","0,0",Sobrepagado,San Antonio Spurs,San Antonio,"29,427","-98,4375"
Lou Amundson,2010,PHO,PF,27,"0,855189","2,9","3,3910632620391516","14,4","0,3",Infravalorado,Phoenix Suns,Phoenix,"33,4457","-112,0712"
Randolph Morris,2010,ATL,PF,24,"0,855189","0,3","0,3507996477971536","14,6","-0,1",Valor de mercado,Atlanta Hawks,Atlanta,"33,7573","-84,3963"
DeJuan Blair,2010,SAS,PF,20,"0,85","4,6","5,411764705882352","17,7","0,5",Infravalorado,San Antonio Spurs,San Antonio,"29,427","-98,4375"
Sean Marks,2010,NOH,C,34,"0,825497","0,2","0,24227828811007188","9,0","-0,1",Sobrepagado,New Orleans Hornets,New Orleans,"29,949","-90,0821"
Jason Williams,2010,ORL,PG,34,"0,825497","4,5","5,451261482476617","12,9","1,3",Infravalorado,Orlando Magic,Orlando,"28,5392","-81,3839"
Brian Skinner,2010,LAC,PF,33,"0,825497","0,0","0,0","5,5","-0,2",Sobrepagado,LA Clippers,Los Angeles,"34,043","-118,2673"
Jamaal Magloire,2010,MIA,C,31,"0,825497","0,6","0,7268348643302156","9,4","-0,3",Valor de mercado,Miami Heat,Miami,"25,7814","-80,187"
Dominic McGuire,2010,SAC,SF,24,"0,825497","-0,2","-0,24227828811007188","3,8","-0,3",Sobrepagado,Sacramento Kings,Sacramento,"38,5802","-121,4997"
Kevin Ollie,2010,OKC,PG,37,"0,825497","0,3","0,3634174321651078","7,0","0,0",Valor de mercado,Oklahoma City Thunder,Oklahoma City,"35,4634","-97,5151"
Luther Head,2010,IND,SG,27,"0,825497","0,6","0,7268348643302156","11,5","-0,1",Valor de mercado,Indiana Pacers,Indianapolis,"39,764","-86,1555"
Jarron Collins,2010,PHO,C,31,"0,825497","0,1","0,12113914405503594","3,7","-0,3",Sobrepagado,Phoenix Suns,Phoenix,"33,4457","-112,0712"
Keith Bogans,2010,SAS,SF,29,"0,825497","2,6","3,1496177454309344","7,7","0,3",Infravalorado,San Antonio Spurs,San Antonio,"29,427","-98,4375"
Mikki Moore,2010,GSW,C,34,"0,825497","0,6","0,7268348643302156","11,2","0,0",Valor de mercado,Golden State Warriors,San Francisco,"37,768","-122,3877"
Jason Collins,2010,ATL,C,31,"0,825497","-0,1","-0,12113914405503594","0,9","-0,2",Sobrepagado,Atlanta Hawks,Atlanta,"33,7573","-84,3963"
Shelden Williams,2010,BOS,PF,26,"0,825497","2,0","2,422782881100719","14,1","0,1",Infravalorado,Boston Celtics,Boston,"42,3662","-71,0621"
Joel Anthony,2010,MIA,C,27,"0,825497","3,1","3,755313465706114","10,2","0,1",Infravalorado,Miami Heat,Miami,"25,7814","-80,187"
Stephen Graham,2010,CHA,SG,27,"0,825497","1,6","1,938226304880575","11,2","0,1",Infravalorado,Charlotte Hornets,Charlotte,"35,2251","-80,8392"
Juwan Howard,2010,POR,C,36,"0,825497","2,6","3,1496177454309344","10,0","-0,6",Infravalorado,Portland Trail Blazers,Portland,"45,5316","-122,6668"
Joe Smith,2010,ATL,PF,34,"0,825497","0,9","1,0902522964953234","11,2","-0,5",Infravalorado,Atlanta Hawks,Atlanta,"33,7573","-84,3963"
Theo Ratliff,2010,CHA,C,36,"0,825497","1,4","1,695948016770503","10,3","0,0",Infravalorado,Charlotte Hornets,Charlotte,"35,2251","-80,8392"
Ben Wallace,2010,DET,C,35,"0,825497","4,7","5,693539770586689","15,8","1,9",Infravalorado,Detroit Pistons,Detroit,"42,341","-83,0552"
Marcus Williams,2010,MEM,PG,24,"0,825497","0,0","0,0","10,6","-0,2",Sobrepagado,Memphis Grizzlies,Memphis,"35,1382","-90,0505"
Pops Mensah-Bonsu,2010,TOR,PF,26,"0,825497","0,0","0,0","11,4","-0,1",Sobrepagado,Toronto Raptors,Toronto,"43,6435","-79,3791"
Anthony Carter,2010,DEN,PG,34,"0,825497","0,9","1,0902522964953234","10,3","0,3",Infravalorado,Denver Nuggets,Denver,"39,7487","-105,0077"
Josh McRoberts,2010,IND,C,22,"0,825497","1,5","1,817087160825539","14,8","0,2",Infravalorado,Indiana Pacers,Indianapolis,"39,764","-86,1555"
Tim Thomas,2010,DAL,SF,32,"0,825497","0,7","0,8479740083852515","15,1","0,1",Infravalorado,Dallas Mavericks,Dallas,"32,7905","-96,8103"
Joey Graham,2010,DEN,SF,27,"0,825497","1,1","1,3325305846053954","10,6","-0,2",Infravalorado,Denver Nuggets,Denver,"39,7487","-105,0077"
Lindsey Hunter,2010,CHI,PG,39,"0,825497","-0,3","-0,3634174321651078","-2,2","-0,3",Sobrepagado,Chicago Bulls,Chicago,"41,8807","-87,6742"
Rodney Carney,2010,PHI,SG,25,"0,825497","1,5","1,817087160825539","12,7","0,2",Infravalorado,Philadelphia 76ers,Philadelphia,"39,9012","-75,172"
Carlos Arroyo,2010,MIA,PG,30,"0,825497","3,7","4,482148330036329","12,3","0,2",Infravalorado,Miami Heat,Miami,"25,7814","-80,187"
Will Bynum,2010,DET,PG,27,"0,825497","1,9","2,3016437370456826","13,8","-0,1",Infravalorado,Detroit Pistons,Detroit,"42,341","-83,0552"
Johan Petro,2010,DEN,C,24,"0,825497","0,8","0,9691131524402875","10,7","-0,2",Infravalorado,Denver Nuggets,Denver,"39,7487","-105,0077"
Sean May,2010,SAC,C,25,"0,825479","0,3","0,3634253566717021","11,7","-0,1",Valor de mercado,Sacramento Kings,Sacramento,"38,5802","-121,4997"
Sam Young,2010,MEM,SF,24,"0,8242","1,2","1,4559572919194368","13,0","-0,4",Infravalorado,Memphis Grizzlies,Memphis,"35,1382","-90,0505"
Ime Udoka,2010,SAC,SG,32,"0,78665","0,8","1,0169706985317486","9,6","0,0",Infravalorado,Sacramento Kings,Sacramento,"38,5802","-121,4997"
Mario Chalmers,2010,MIA,PG,23,"0,756","2,7","3,5714285714285716","10,7","0,3",Infravalorado,Miami Heat,Miami,"25,7814","-80,187"
Earl Boykins,2010,WAS,PG,33,"0,752659","1,0","1,3286229221998276","12,9","-0,1",Infravalorado,Washington Wizards,Washington,"38,8981","-77,0209"
Jamaal Tinsley,2010,MEM,PG,31,"0,738091","-0,3","-0,40645394673556506","7,8","-0,3",Sobrepagado,Memphis Grizzlies,Memphis,"35,1382","-90,0505"
Malik Hairston,2010,SAS,SG,22,"0,73642","0,7","0,9505445262214497","11,6","0,0",Infravalorado,San Antonio Spurs,San Antonio,"29,427","-98,4375"
Anthony Morrow,2010,GSW,SG,24,"0,73642","3,5","4,752722631107249","14,0","0,8",Infravalorado,Golden State Warriors,San Francisco,"37,768","-122,3877"
Sonny Weems,2010,TOR,SG,23,"0,73642","1,3","1,7652969772684068","12,9","0,0",Infravalorado,Toronto Raptors,Toronto,"43,6435","-79,3791"
DeAndre Jordan,2010,LAC,C,21,"0,73642","1,5","2,0368811276173924","12,7","-0,5",Infravalorado,LA Clippers,Los Angeles,"34,043","-118,2673"
Nathan Jawai,2010,MIN,C,23,"0,73642","0,3","0,40737622552347846","11,0","-0,2",Valor de mercado,Minnesota Timberwolves,Minneapolis,"44,9795","-93,276"
Henry Walker,2010,NYK,SG,22,"0,73642","1,9","2,5800494283153634","14,6","0,3",Infravalorado,New York Knicks,New York,"40,7505","-73,9934"
Darnell Jackson,2010,MIL,PF,24,"0,73642","-0,3","-0,40737622552347846","-0,1","-0,3",Sobrepagado,Milwaukee Bucks,Milwaukee,"43,045","-87,917"
Bobby Brown,2010,LAC,PG,25,"0,73642","-0,5","-0,6789603758724642","9,3","-0,4",Sobrepagado,LA Clippers,Los Angeles,"34,043","-118,2673"
Luc Mbah a Moute,2010,MIL,PF,23,"0,73642","4,7","6,382227533201163","11,8","0,8",Infravalorado,Milwaukee Bucks,Milwaukee,"43,045","-87,917"
Jawad Williams,2010,CLE,PG,26,"0,73642","1,1","1,493712826919421","8,2","-0,4",Infravalorado,Cleveland Cavaliers,Cleveland,"41,4965","-81,6882"
Chris Douglas-Roberts,2010,NJN,SF,23,"0,73642","0,7","0,9505445262214497","11,5","-0,5",Infravalorado,New Jersey Nets,Newark,"40,7357","-74,1724"
Chase Budinger,2010,HOU,SF,21,"0,725","3,1","4,275862068965518","14,1","0,9",Infravalorado,Houston Rockets,Houston,"29,7508","-95,3621"
Jermaine Taylor,2010,HOU,SG,23,"0,725","0,1","0,13793103448275862","11,4","-0,2",Sobrepagado,Houston Rockets,Houston,"29,7508","-95,3621"
Allen Iverson,2010,PHI,SG,34,"0,650686","0,7","1,0757877071275546","13,4","-0,2",Infravalorado,Philadelphia 76ers,Philadelphia,"39,9012","-75,172"
Jodie Meeks,2010,PHI,SG,22,"0,65","0,9","1,3846153846153846","10,8","0,0",Infravalorado,Philadelphia 76ers,Philadelphia,"39,9012","-75,172"
Chris Hunter,2010,GSW,C,25,"0,632455","1,3","2,0554822082203477","12,2","-0,4",Infravalorado,Golden State Warriors,San Francisco,"37,768","-122,3877"
Jonathan Bender,2010,NYK,SF,29,"0,597271","0,0","0,0","10,8","-0,2",Sobrepagado,New York Knicks,New York,"40,7505","-73,9934"
Rafer Alston,2010,MIA,PG,33,"0,475875","-0,4","-0,8405568689256633","8,2","-0,6",Sobrepagado,Miami Heat,Miami,"25,7814","-80,187"
Patty Mills,2010,POR,PG,21,"0,457588","0,0","0,0","11,9","-0,1",Sobrepagado,Portland Trail Blazers,Portland,"45,5316","-122,6668"
Dante Cunningham,2010,POR,PF,22,"0,457588","1,9","4,152206788639562","14,3","0,0",Infravalorado,Portland Trail Blazers,Portland,"45,5316","-122,6668"
Derrick Brown,2010,CHA,SF,22,"0,457588","1,3","2,840983592227069","12,6","0,2",Infravalorado,Charlotte Hornets,Charlotte,"35,2251","-80,8392"
A.J. Price,2010,IND,PG,23,"0,457588","1,2","2,622446392824987","14,0","0,3",Infravalorado,Indiana Pacers,Indianapolis,"39,764","-86,1555"
DaJuan Summers,2010,DET,SF,22,"0,457588","0,0","0,0","7,5","-0,3",Sobrepagado,Detroit Pistons,Detroit,"42,341","-83,0552"
Marcus Thornton,2010,NOH,SG,22,"0,457588","4,0","8,741487976083288","17,4","1,4",Infravalorado,New Orleans Hornets,New Orleans,"29,949","-90,0821"
Wesley Matthews,2010,UTA,SG,23,"0,457588","4,6","10,052711172495782","12,3","0,8",Infravalorado,Utah Jazz,Salt Lake City,"40,7683","-111,9011"
Marcus Landry,2010,BOS,SF,24,"0,457588","-0,1","-0,21853719940208224","7,2","-0,1",Sobrepagado,Boston Celtics,Boston,"42,3662","-71,0621"
Danny Green,2010,CLE,SG,22,"0,457588","0,2","0,4370743988041645","12,3","0,1",Valor de mercado,Cleveland Cavaliers,Cleveland,"41,4965","-81,6882"
Lester Hudson,2010,MEM,PG,25,"0,457588","0,1","0,21853719940208224","13,2","0,0",Sobrepagado,Memphis Grizzlies,Memphis,"35,1382","-90,0505"
Jon Brockman,2010,SAC,PF,22,"0,457588","1,7","3,715132389835398","12,4","-0,2",Infravalorado,Sacramento Kings,Sacramento,"38,5802","-121,4997"
Jonas Jerebko,2010,DET,PF,22,"0,457588","4,4","9,61563677369162","13,9","0,4",Infravalorado,Detroit Pistons,Detroit,"42,341","-83,0552"
Mario West,2010,ATL,SG,25,"0,451595","0,3","0,6643120495133914","9,9","0,0",Valor de mercado,Atlanta Hawks,Atlanta,"33,7573","-84,3963"
Anthony Tolliver,2010,GSW,PF,24,"0,427316","2,5","5,850471313969054","13,6","0,1",Infravalorado,Golden State Warriors,San Francisco,"37,768","-122,3877"
Jerry Stackhouse,2010,MIL,SG,35,"0,42246","0,9","2,130379207498935","11,1","0,1",Infravalorado,Milwaukee Bucks,Milwaukee,"43,045","-87,917"
Sundiata Gaines,2010,UTA,PG,23,"0,269169","0,5","1,8575690365532436","17,3","0,2",Infravalorado,Utah Jazz,Salt Lake City,"40,7683","-111,9011"
Shaun Livingston,2010,WAS,PG,24,"0,228226","1,2","5,257946070999798","12,8","0,1",Infravalorado,Washington Wizards,Washington,"38,8981","-77,0209"
Chris Richard,2010,CHI,PF,25,"0,186271","0,3","1,6105566620676326","6,5","-0,2",Infravalorado,Chicago Bulls,Chicago,"41,8807","-87,6742"
Larry Hughes,2010,CHA,SG,31,"0,160244","0,7","4,368338284116722","12,0","0,0",Infravalorado,Charlotte Hornets,Charlotte,"35,2251","-80,8392"
Reggie Williams,2010,GSW,SF,23,"0,118435","1,7","14,353864989234602","16,1","0,3",Infravalorado,Golden State Warriors,San Francisco,"37,768","-122,3877"
Othyus Jeffers,2010,UTA,SG,24,"0,113051","0,1","0,8845565275848953","13,6","0,0",Infravalorado,Utah Jazz,Salt Lake City,"40,7683","-111,9011"
Brian Cardinal,2010,MIN,PF,32,"0,111685","0,4","3,581501544522541","6,9","-0,2",Infravalorado,Minnesota Timberwolves,Minneapolis,"44,9795","-93,276"
Mike Harris,2010,WAS,PF,26,"0,095301","-0,1","-1,0493069327709048","7,2","-0,1",Sobrepagado,Washington Wizards,Washington,"38,8981","-77,0209"
Garrett Temple,2010,SAS,SG,23,"0,088826","0,4","4,503186004097899","10,5","-0,1",Infravalorado,San Antonio Spurs,San Antonio,"29,427","-98,4375"
Cartier Martin,2010,WAS,SF,25,"0,06931","0,1","1,4427932477276009","9,0","-0,2",Infravalorado,Washington Wizards,Washington,"38,8981","-77,0209"
Joey Dorsey,2010,SAC,PF,26,"0,047651","0,1","2,098591844872091","9,8","-0,1",Infravalorado,Sacramento Kings,Sacramento,"38,5802","-121,4997"
Alonzo Gee,2010,WAS,SG,22,"0,045759","0,4","8,741449769444262","16,2","0,2",Infravalorado,Washington Wizards,Washington,"38,8981","-77,0209"
Cedric Jackson,2010,WAS,PG,23,"0,040375","-0,2","-4,953560371517028","5,5","-0,1",Sobrepagado,Washington Wizards,Washington,"38,8981","-77,0209"
Kobe Bryant,2011,LAL,SG,32,"24,80625","10,3","0,4152179390274629","23,9","5,0",Valor de mercado,LA Lakers,Los Angeles,"34,043","-118,2673"
Rashard Lewis,2011,WAS,SF,31,"19,573711","3,0","0,15326679749179908","12,0","0,7",Sobrepagado,Washington Wizards,Washington,"38,8981","-77,0209"
Tim Duncan,2011,SAS,C,34,"18,835381","7,7","0,4088051099152175","21,9","3,5",Valor de mercado,San Antonio Spurs,San Antonio,"29,427","-98,4375"
Kevin Garnett,2011,BOS,PF,34,"18,832044","9,0","0,4779088239173613","20,6","3,8",Valor de mercado,Boston Celtics,Boston,"42,3662","-71,0621"
Michael Redd,2011,MIL,SG,31,"18,3","0,1","0,00546448087431694","9,7","-0,1",Sobrepagado,Milwaukee Bucks,Milwaukee,"43,045","-87,917"
Pau Gasol,2011,LAL,C,30,"17,823","14,7","0,8247769735734725","23,3","5,2",Infravalorado,LA Lakers,Los Angeles,"34,043","-118,2673"
Andrei Kirilenko,2011,UTA,SF,29,"17,823","4,5","0,2524827470122875","16,6","2,1",Valor de mercado,Utah Jazz,Salt Lake City,"40,7683","-111,9011"
Zach Randolph,2011,MEM,PF,29,"17,666666","10,5","0,5943396450694206","22,6","3,2",Valor de mercado,Memphis Grizzlies,Memphis,"35,1382","-90,0505"
Vince Carter,2011,PHO,SG,34,"17,522375","3,8","0,21686557900969475","14,8","1,2",Sobrepagado,Phoenix Suns,Phoenix,"33,4457","-112,0712"
Dirk Nowitzki,2011,DAL,PF,32,"17,278618","11,1","0,6424124892395907","23,4","4,5",Valor de mercado,Dallas Mavericks,Dallas,"32,7905","-96,8103"
Carmelo Anthony,2011,DEN,SF,26,"17,149243","7,9","0,46066173299894353","21,7","2,7",Valor de mercado,Denver Nuggets,Denver,"39,7487","-105,0077"
Dwight Howard,2011,ORL,C,25,"16,64718","14,4","0,8650113712953186","26,1","5,4",Infravalorado,Orlando Magic,Orlando,"28,5392","-81,3839"
Kenyon Martin,2011,DEN,PF,33,"16,545454","2,7","0,16318681856659842","14,1","0,9",Sobrepagado,Denver Nuggets,Denver,"39,7487","-105,0077"
Amar'e Stoudemire,2011,NYK,C,28,"16,486611","8,0","0,4852422368672373","22,7","2,4",Valor de mercado,New York Knicks,New York,"40,7505","-73,9934"
Joe Johnson,2011,ATL,SG,29,"16,3245","4,2","0,2572819994486814","16,4","1,1",Valor de mercado,Atlanta Hawks,Atlanta,"33,7573","-84,3963"
Elton Brand,2011,PHI,PF,31,"15,959099","9,4","0,5890056825889732","18,5","2,4",Valor de mercado,Philadelphia 76ers,Philadelphia,"39,9012","-75,172"
Chris Paul,2011,NOH,PG,25,"14,940153","13,9","0,9303786915702938","23,7","6,7",Infravalorado,New Orleans Hornets,New Orleans,"29,949","-90,0821"
Deron Williams,2011,NJN,PG,26,"14,940153","7,3","0,48861614737144926","21,1","3,1",Valor de mercado,New Jersey Nets,Newark,"40,7357","-74,1724"
Chris Bosh,2011,MIA,PF,26,"14,5","10,3","0,710344827586207","19,4","2,3",Valor de mercado,Miami Heat,Miami,"25,7814","-80,187"
LeBron James,2011,MIA,SF,26,"14,5","15,6","1,0758620689655172","27,3","7,8",Infravalorado,Miami Heat,Miami,"25,7814","-80,187"
Jason Richardson,2011,ORL,SG,30,"14,444443","6,9","0,47769235546154326","15,0","2,5",Valor de mercado,Orlando Magic,Orlando,"28,5392","-81,3839"
Carlos Boozer,2011,CHI,C,29,"14,4","5,8","0,40277777777777773","18,8","1,4",Valor de mercado,Chicago Bulls,Chicago,"41,8807","-87,6742"
Dwyane Wade,2011,MIA,SG,29,"14,2","12,8","0,9014084507042255","25,6","6,1",Infravalorado,Miami Heat,Miami,"25,7814","-80,187"
Baron Davis,2011,CLE,PG,31,"14,0","2,8","0,19999999999999998","17,0","1,6",Sobrepagado,Cleveland Cavaliers,Cleveland,"41,4965","-81,6882"
Paul Pierce,2011,BOS,SF,33,"13,876321","11,6","0,8359564469573743","19,7","4,6",Infravalorado,Boston Celtics,Boston,"42,3662","-71,0621"
Andrew Bynum,2011,LAL,C,23,"13,7","6,6","0,48175182481751827","21,1","2,0",Valor de mercado,LA Lakers,Los Angeles,"34,043","-118,2673"
Rudy Gay,2011,MEM,SF,24,"13,60375","5,5","0,40430028484792796","17,8","2,6",Valor de mercado,Memphis Grizzlies,Memphis,"35,1382","-90,0505"
Brandon Roy,2011,POR,SG,26,"13,60375","2,1","0,15436919966920887","13,9","0,6",Sobrepagado,Portland Trail Blazers,Portland,"45,5316","-122,6668"
Tony Parker,2011,SAS,PG,28,"13,5","8,2","0,6074074074074074","20,4","2,4",Valor de mercado,San Antonio Spurs,San Antonio,"29,427","-98,4375"
Samuel Dalembert,2011,SAC,C,29,"13,428129","2,9","0,2159645621515849","14,1","-0,1",Sobrepagado,Sacramento Kings,Sacramento,"38,5802","-121,4997"
Antawn Jamison,2011,CLE,PF,34,"13,358905","2,6","0,19462673025970317","16,8","0,9",Sobrepagado,Cleveland Cavaliers,Cleveland,"41,4965","-81,6882"
Nick Collison,2011,OKC,C,30,"13,27","3,6","0,2712886209495102","10,8","0,3",Valor de mercado,Oklahoma City Thunder,Oklahoma City,"35,4634","-97,5151"
Chauncey Billups,2011,NYK,PG,34,"13,15","8,0","0,6083650190114068","18,7","2,7",Valor de mercado,New York Knicks,New York,"40,7505","-73,9934"
Al Jefferson,2011,UTA,C,26,"13,0","7,8","0,6","20,1","1,9",Valor de mercado,Utah Jazz,Salt Lake City,"40,7683","-111,9011"
Tyson Chandler,2011,DAL,C,28,"12,6","9,4","0,746031746031746","18,4","1,8",Infravalorado,Dallas Mavericks,Dallas,"32,7905","-96,8103"
Richard Hamilton,2011,DET,SG,32,"12,5","1,8","0,14400000000000002","15,8","0,1",Sobrepagado,Detroit Pistons,Detroit,"42,341","-83,0552"
Andre Iguodala,2011,PHI,SF,27,"12,34525","6,7","0,5427188594803669","17,2","3,2",Valor de mercado,Philadelphia 76ers,Philadelphia,"39,9012","-75,172"
Chris Kaman,2011,LAC,C,28,"11,8","0,8","0,06779661016949153","15,7","0,1",Sobrepagado,LA Clippers,Los Angeles,"34,043","-118,2673"
Marcus Camby,2011,POR,C,36,"11,749832","3,7","0,31489811939438794","14,8","1,4",Valor de mercado,Portland Trail Blazers,Portland,"45,5316","-122,6668"
Josh Smith,2011,ATL,PF,25,"11,7","6,4","0,5470085470085471","19,2","3,2",Valor de mercado,Atlanta Hawks,Atlanta,"33,7573","-84,3963"
Emeka Okafor,2011,NOH,C,28,"11,495","6,5","0,5654632448890823","16,0","0,9",Valor de mercado,New Orleans Hornets,New Orleans,"29,949","-90,0821"
Luol Deng,2011,CHI,SF,25,"11,345","9,9","0,872631115028647","15,5","3,0",Infravalorado,Chicago Bulls,Chicago,"41,8807","-87,6742"
LaMarcus Aldridge,2011,POR,PF,25,"11,244","11,1","0,9871931696905016","21,5","3,4",Infravalorado,Portland Trail Blazers,Portland,"45,5316","-122,6668"
Tayshaun Prince,2011,DET,SF,30,"11,14876","3,3","0,2959970436174068","15,1","0,7",Valor de mercado,Detroit Pistons,Detroit,"42,341","-83,0552"
Monta Ellis,2011,GSW,SG,25,"11,0","6,0","0,5454545454545454","18,6","2,3",Valor de mercado,Golden State Warriors,San Francisco,"37,768","-122,3877"
Andrew Bogut,2011,MIL,C,26,"11,0","5,4","0,49090909090909096","16,7","1,9",Valor de mercado,Milwaukee Bucks,Milwaukee,"43,045","-87,917"
Danny Granger,2011,IND,SF,27,"10,973202","6,9","0,6288046096298966","17,8","2,9",Valor de mercado,Indiana Pacers,Indianapolis,"39,764","-86,1555"
David Lee,2011,GSW,PF,27,"10,8","6,0","0,5555555555555555","17,8","1,1",Valor de mercado,Golden State Warriors,San Francisco,"37,768","-122,3877"
Jamal Crawford,2011,ATL,SG,30,"10,8","3,4","0,31481481481481477","14,2","0,6",Valor de mercado,Atlanta Hawks,Atlanta,"33,7573","-84,3963"
Ben Gordon,2011,DET,SG,27,"10,8","1,7","0,15740740740740738","12,4","-0,3",Sobrepagado,Detroit Pistons,Detroit,"42,341","-83,0552"
Kevin Martin,2011,HOU,SG,27,"10,600005","9,5","0,89622599234623","21,4","3,5",Infravalorado,Houston Rockets,Houston,"29,7508","-95,3621"
Mike Dunleavy,2011,IND,SG,30,"10,561984","4,5","0,42605631669201544","14,6","1,5",Valor de mercado,Indiana Pacers,Indianapolis,"39,764","-86,1555"
Caron Butler,2011,DAL,SF,30,"10,56196","1,2","0,11361527595256941","14,2","0,2",Sobrepagado,Dallas Mavericks,Dallas,"32,7905","-96,8103"
Gerald Wallace,2011,POR,SF,28,"10,5","6,2","0,5904761904761905","16,2","2,4",Valor de mercado,Portland Trail Blazers,Portland,"45,5316","-122,6668"
Steve Nash,2011,PHO,PG,36,"10,310938","7,9","0,7661766562848114","20,8","3,3",Infravalorado,Phoenix Suns,Phoenix,"33,4457","-112,0712"
Ray Allen,2011,BOS,SG,35,"10,0","10,0","1,0","16,4","3,6",Infravalorado,Boston Celtics,Boston,"42,3662","-71,0621"
Mehmet Okur,2011,UTA,C,31,"9,945","0,2","0,020110608345902465","12,6","0,0",Sobrepagado,Utah Jazz,Salt Lake City,"40,7683","-111,9011"
Jason Terry,2011,DAL,SG,33,"9,873","5,3","0,5368175833080118","15,9","1,9",Valor de mercado,Dallas Mavericks,Dallas,"32,7905","-96,8103"
Corey Maggette,2011,MIL,SF,31,"9,6","3,4","0,3541666666666667","15,8","0,5",Valor de mercado,Milwaukee Bucks,Milwaukee,"43,045","-87,917"
Mo Williams,2011,LAC,PG,28,"9,3","1,0","0,1075268817204301","13,9","-0,2",Sobrepagado,LA Clippers,Los Angeles,"34,043","-118,2673"
Kirk Hinrich,2011,ATL,SG,30,"9,1","3,0","0,32967032967032966","12,3","0,4",Valor de mercado,Atlanta Hawks,Atlanta,"33,7573","-84,3963"
Rajon Rondo,2011,BOS,PG,24,"9,090911","6,6","0,725999847540032","17,1","3,2",Valor de mercado,Boston Celtics,Boston,"42,3662","-71,0621"
Boris Diaw,2011,CHA,PF,28,"9,0","4,8","0,5333333333333333","13,9","1,8",Valor de mercado,Charlotte Hornets,Charlotte,"35,2251","-80,8392"
Devin Harris,2011,UTA,PG,27,"8,981","4,2","0,46765393608729544","17,2","1,5",Valor de mercado,Utah Jazz,Salt Lake City,"40,7683","-111,9011"
Jason Kidd,2011,DAL,PG,37,"8,6105","6,4","0,7432785552523082","14,4","3,3",Infravalorado,Dallas Mavericks,Dallas,"32,7905","-96,8103"
Andrea Bargnani,2011,TOR,C,25,"8,5","2,5","0,29411764705882354","16,4","0,4",Valor de mercado,Toronto Raptors,Toronto,"43,6435","-79,3791"
T.J. Ford,2011,IND,PG,27,"8,5","0,2","0,023529411764705882","9,9","-0,2",Sobrepagado,Indiana Pacers,Indianapolis,"39,764","-86,1555"
Stephen Jackson,2011,CHA,SG,32,"8,45325","1,9","0,2247656226894981","14,6","0,9",Sobrepagado,Charlotte Hornets,Charlotte,"35,2251","-80,8392"
Richard Jefferson,2011,SAS,SF,30,"8,4","5,9","0,7023809523809524","12,4","1,4",Valor de mercado,San Antonio Spurs,San Antonio,"29,427","-98,4375"
David West,2011,NOH,PF,30,"8,2875","7,8","0,9411764705882353","20,4","3,0",Infravalorado,New Orleans Hornets,New Orleans,"29,949","-90,0821"
Lamar Odom,2011,LAL,PF,31,"8,2","10,1","1,2317073170731707","19,4","3,7",Infravalorado,LA Lakers,Los Angeles,"34,043","-118,2673"
John Salmons,2011,MIL,SG,31,"8,0","4,3","0,5375","12,8","1,1",Valor de mercado,Milwaukee Bucks,Milwaukee,"43,045","-87,917"
Jameer Nelson,2011,ORL,PG,28,"7,8","6,6","0,8461538461538461","15,4","1,8",Infravalorado,Orlando Magic,Orlando,"28,5392","-81,3839"
Luis Scola,2011,HOU,PF,30,"7,775378","5,5","0,7073611083602623","18,4","1,0",Valor de mercado,Houston Rockets,Houston,"29,7508","-95,3621"
Joel Przybilla,2011,CHA,C,31,"7,72547","0,5","0,06472098137718482","6,2","-0,4",Sobrepagado,Charlotte Hornets,Charlotte,"35,2251","-80,8392"
Paul Millsap,2011,UTA,PF,25,"7,6","7,7","1,0131578947368423","19,8","2,5",Infravalorado,Utah Jazz,Salt Lake City,"40,7683","-111,9011"
Shane Battier,2011,MEM,SF,32,"7,3545","5,1","0,6934529879665511","12,3","2,0",Valor de mercado,Memphis Grizzlies,Memphis,"35,1382","-90,0505"
Andre Miller,2011,POR,PG,34,"7,269264","7,0","0,9629585608666847","17,8","2,4",Infravalorado,Portland Trail Blazers,Portland,"45,5316","-122,6668"
Marvin Williams,2011,ATL,SF,24,"7,2625","4,0","0,5507745266781411","13,5","0,6",Valor de mercado,Atlanta Hawks,Atlanta,"33,7573","-84,3963"
Dan Gadzuric,2011,NJN,C,32,"7,248325","0,1","0,013796290867200352","9,9","-0,6",Sobrepagado,New Jersey Nets,Newark,"40,7357","-74,1724"
James Posey,2011,IND,SF,34,"7,1488","1,0","0,13988361683079678","7,5","0,0",Sobrepagado,Indiana Pacers,Indianapolis,"39,764","-86,1555"
Leandro Barbosa,2011,TOR,SG,28,"7,1","1,5","0,21126760563380284","15,3","0,2",Sobrepagado,Toronto Raptors,Toronto,"43,6435","-79,3791"
Shawn Marion,2011,DAL,SF,32,"7,0555","5,6","0,7937070370632838","17,0","1,3",Infravalorado,Dallas Mavericks,Dallas,"32,7905","-96,8103"
Charlie Villanueva,2011,DET,PF,26,"7,02","3,1","0,4415954415954416","15,9","0,7",Valor de mercado,Detroit Pistons,Detroit,"42,341","-83,0552"
Raymond Felton,2011,DEN,PG,26,"7,0","5,4","0,7714285714285715","16,6","1,8",Infravalorado,Denver Nuggets,Denver,"39,7487","-105,0077"
Travis Outlaw,2011,NJN,SF,26,"7,0","0,8","0,1142857142857143","8,8","-0,9",Sobrepagado,New Jersey Nets,Newark,"40,7357","-74,1724"
Brendan Haywood,2011,DAL,C,31,"6,9","2,9","0,42028985507246375","11,7","0,0",Valor de mercado,Dallas Mavericks,Dallas,"32,7905","-96,8103"
Nazr Mohammed,2011,OKC,C,33,"6,8838","2,7","0,3922252244399896","15,9","-0,3",Valor de mercado,Oklahoma City Thunder,Oklahoma City,"35,4634","-97,5151"
Kendrick Perkins,2011,OKC,C,26,"6,69672","1,0","0,14932683462949026","9,6","-0,2",Sobrepagado,Oklahoma City Thunder,Oklahoma City,"35,4634","-97,5151"
Jeff Foster,2011,IND,C,34,"6,655","3,0","0,4507888805409466","14,3","0,4",Valor de mercado,Indiana Pacers,Indianapolis,"39,764","-86,1555"
Jason Kapono,2011,PHI,SF,29,"6,64144","-0,2","-0,03011395119130791","1,6","-0,2",Sobrepagado,Philadelphia 76ers,Philadelphia,"39,9012","-75,172"
Tyrus Thomas,2011,CHA,C,24,"6,61157","1,8","0,2722500102093754","18,2","0,3",Valor de mercado,Charlotte Hornets,Charlotte,"35,2251","-80,8392"
Josh Childress,2011,PHO,SG,27,"6,5","1,4","0,21538461538461537","13,0","0,3",Sobrepagado,Phoenix Suns,Phoenix,"33,4457","-112,0712"
Beno Udrih,2011,SAC,PG,28,"6,4786","7,2","1,1113512178557097","15,7","1,7",Infravalorado,Sacramento Kings,Sacramento,"38,5802","-121,4997"
DeSagana Diop,2011,CHA,C,29,"6,4786","-0,1","-0,0154354335813293","5,4","-0,1",Sobrepagado,Charlotte Hornets,Charlotte,"35,2251","-80,8392"
Metta World Peace,2011,LAL,SF,31,"6,32232","4,4","0,6959470574093055","11,2","1,3",Valor de mercado,LA Lakers,Los Angeles,"34,043","-118,2673"
Marcin Gortat,2011,PHO,C,26,"6,32232","6,4","1,0122866289589898","17,8","1,5",Infravalorado,Phoenix Suns,Phoenix,"33,4457","-112,0712"
Kevin Durant,2011,OKC,SF,22,"6,053663","12,0","1,9822708994537686","23,6","5,3",Infravalorado,Oklahoma City Thunder,Oklahoma City,"35,4634","-97,5151"
Andray Blatche,2011,WAS,PF,24,"5,904152","2,4","0,4064935997582718","16,9","0,6",Valor de mercado,Washington Wizards,Washington,"38,8981","-77,0209"
Drew Gooden,2011,MIL,PF,29,"5,765","1,8","0,31222896790980054","15,9","0,2",Valor de mercado,Milwaukee Bucks,Milwaukee,"43,045","-87,917"
Al Harrington,2011,DEN,PF,30,"5,765","2,1","0,3642671292281006","12,3","0,1",Valor de mercado,Denver Nuggets,Denver,"39,7487","-105,0077"
Wesley Matthews,2011,POR,SG,24,"5,765","7,2","1,2489158716392021","15,5","2,0",Infravalorado,Portland Trail Blazers,Portland,"45,5316","-122,6668"
Jermaine O'Neal,2011,BOS,C,32,"5,765","0,6","0,10407632263660017","9,2","-0,2",Sobrepagado,Boston Celtics,Boston,"42,3662","-71,0621"
Kyle Lowry,2011,HOU,PG,24,"5,75","7,0","1,2173913043478262","16,5","2,6",Infravalorado,Houston Rockets,Houston,"29,7508","-95,3621"
Derrick Rose,2011,CHI,PG,22,"5,54616","13,1","2,3619946052764433","23,5","6,7",Infravalorado,Chicago Bulls,Chicago,"41,8807","-87,6742"
Al Horford,2011,ATL,C,24,"5,444857","10,1","1,8549614801637582","20,7","3,9",Infravalorado,Atlanta Hawks,Atlanta,"33,7573","-84,3963"
Blake Griffin,2011,LAC,PF,21,"5,35728","9,8","1,8292865035988413","21,9","3,6",Infravalorado,LA Clippers,Los Angeles,"34,043","-118,2673"
Luke Walton,2011,LAL,SF,30,"5,26","-0,2","-0,038022813688212934","5,1","-0,4",Sobrepagado,LA Lakers,Los Angeles,"34,043","-118,2673"
Channing Frye,2011,PHO,PF,27,"5,2","4,7","0,9038461538461539","12,8","1,1",Infravalorado,Phoenix Suns,Phoenix,"33,4457","-112,0712"
John Wall,2011,WAS,PG,20,"5,14428","2,2","0,4276594586608816","15,8","0,8",Valor de mercado,Washington Wizards,Washington,"38,8981","-77,0209"
Reggie Evans,2011,TOR,PF,30,"5,08","1,3","0,2559055118110236","12,4","0,1",Valor de mercado,Toronto Raptors,Toronto,"43,6435","-79,3791"
Jason Maxiell,2011,DET,PF,27,"5,0","0,5","0,1","9,4","-0,6",Sobrepagado,Detroit Pistons,Detroit,"42,341","-83,0552"
Amir Johnson,2011,TOR,PF,23,"5,0","5,6","1,1199999999999999","17,6","1,1",Infravalorado,Toronto Raptors,Toronto,"43,6435","-79,3791"
Kyle Korver,2011,CHI,SG,29,"5,0","5,1","1,02","13,0","1,3",Infravalorado,Chicago Bulls,Chicago,"41,8807","-87,6742"
Lou Williams,2011,PHI,SG,24,"5,0","5,1","1,02","18,9","1,9",Infravalorado,Philadelphia 76ers,Philadelphia,"39,9012","-75,172"
Mike Miller,2011,MIA,SG,30,"5,0","1,6","0,32","9,7","0,1",Valor de mercado,Miami Heat,Miami,"25,7814","-80,187"
Linas Kleiza,2011,TOR,SF,26,"4,995","-0,3","-0,06006006006006006","10,1","-0,7",Sobrepagado,Toronto Raptors,Toronto,"43,6435","-79,3791"
Michael Beasley,2011,MIN,SF,22,"4,96224","1,7","0,34258721867543684","15,5","0,1",Valor de mercado,Minnesota Timberwolves,Minneapolis,"44,9795","-93,276"
Mike Conley,2011,MEM,PG,23,"4,913077","6,6","1,3433536661444547","15,9","2,3",Infravalorado,Memphis Grizzlies,Memphis,"35,1382","-90,0505"
Antonio McDyess,2011,SAS,PF,36,"4,86","3,0","0,6172839506172839","12,8","0,4",Valor de mercado,San Antonio Spurs,San Antonio,"29,427","-98,4375"
Darius Songaila,2011,PHI,C,32,"4,818","0,0","0,0","1,2","-0,1",Sobrepagado,Philadelphia 76ers,Philadelphia,"39,9012","-75,172"
Martell Webster,2011,MIN,SF,24,"4,8","1,8","0,375","12,4","0,2",Valor de mercado,Minnesota Timberwolves,Minneapolis,"44,9795","-93,276"
Hasheem Thabeet,2011,HOU,C,23,"4,79328","0,3","0,06258762267174044","4,7","-0,3",Sobrepagado,Houston Rockets,Houston,"29,7508","-95,3621"
Ronnie Brewer,2011,CHI,SG,25,"4,79","5,4","1,1273486430062631","13,8","2,0",Infravalorado,Chicago Bulls,Chicago,"41,8807","-87,6742"
Evan Turner,2011,PHI,SG,22,"4,60272","2,3","0,49970452254319186","10,8","-0,1",Valor de mercado,Philadelphia 76ers,Philadelphia,"39,9012","-75,172"
Jarrett Jack,2011,NOH,SG,27,"4,6","2,4","0,5217391304347826","14,2","0,5",Valor de mercado,New Orleans Hornets,New Orleans,"29,949","-90,0821"
Chris Andersen,2011,DEN,C,32,"4,5333","3,2","0,7058875432907595","19,0","0,9",Valor de mercado,Denver Nuggets,Denver,"39,7487","-105,0077"
O.J. Mayo,2011,MEM,SG,23,"4,4562","2,4","0,5385754678874377","12,6","0,7",Valor de mercado,Memphis Grizzlies,Memphis,"35,1382","-90,0505"
Jeff Green,2011,BOS,PF,24,"4,455988","4,8","1,0772021827706897","12,9","0,5",Infravalorado,Boston Celtics,Boston,"42,3662","-71,0621"
Charlie Bell,2011,GSW,SG,31,"4,447792","-0,1","-0,02248306575487343","4,7","-0,1",Sobrepagado,Golden State Warriors,San Francisco,"37,768","-122,3877"
Brad Miller,2011,HOU,C,34,"4,4","3,0","0,6818181818181818","16,3","1,2",Valor de mercado,Houston Rockets,Houston,"29,7508","-95,3621"
James Harden,2011,OKC,SG,21,"4,30452","7,1","1,649428972336056","16,4","2,2",Infravalorado,Oklahoma City Thunder,Oklahoma City,"35,4634","-97,5151"
Matt Carroll,2011,CHA,SG,30,"4,3","0,8","0,186046511627907","12,2","-0,1",Sobrepagado,Charlotte Hornets,Charlotte,"35,2251","-80,8392"
Zaza Pachulia,2011,ATL,C,26,"4,25125","3,1","0,7291972949132609","12,4","-0,2",Valor de mercado,Atlanta Hawks,Atlanta,"33,7573","-84,3963"
Hakim Warrick,2011,PHO,PF,28,"4,25","3,4","0,7999999999999999","16,5","0,3",Infravalorado,Phoenix Suns,Phoenix,"33,4457","-112,0712"
Randy Foye,2011,LAC,SG,27,"4,25","1,7","0,39999999999999997","11,4","0,1",Valor de mercado,LA Clippers,Los Angeles,"34,043","-118,2673"
Nate Robinson,2011,OKC,PG,26,"4,2","1,1","0,2619047619047619","10,0","-0,2",Valor de mercado,Oklahoma City Thunder,Oklahoma City,"35,4634","-97,5151"
DeShawn Stevenson,2011,DAL,SG,29,"4,151786","1,8","0,4335483572611883","9,8","0,5",Valor de mercado,Dallas Mavericks,Dallas,"32,7905","-96,8103"
Derrick Favors,2011,UTA,PF,19,"4,13328","2,9","0,7016219564123408","13,9","-0,5",Valor de mercado,Utah Jazz,Salt Lake City,"40,7683","-111,9011"
Yi Jianlian,2011,WAS,PF,23,"4,050499","0,4","0,09875326472121089","10,1","-0,9",Sobrepagado,Washington Wizards,Washington,"38,8981","-77,0209"
Russell Westbrook,2011,OKC,PG,22,"4,01772","9,4","2,3396354151110583","23,6","4,4",Infravalorado,Oklahoma City Thunder,Oklahoma City,"35,4634","-97,5151"
Daniel Gibson,2011,CLE,SG,24,"4,015334","2,4","0,5977086837608029","13,2","0,8",Valor de mercado,Cleveland Cavaliers,Cleveland,"41,4965","-81,6882"
Luke Ridnour,2011,MIN,PG,29,"4,0","4,0","1,0","15,0","1,1",Infravalorado,Minnesota Timberwolves,Minneapolis,"44,9795","-93,276"
Anthony Morrow,2011,NJN,SG,25,"4,0","3,0","0,75","12,1","0,5",Infravalorado,New Jersey Nets,Newark,"40,7357","-74,1724"
Ronny Turiaf,2011,NYK,C,28,"4,0","3,2","0,8","13,6","1,0",Infravalorado,New York Knicks,New York,"40,7505","-73,9934"
Brandon Bass,2011,ORL,PF,25,"4,0","6,3","1,575","15,9","1,1",Infravalorado,Orlando Magic,Orlando,"28,5392","-81,3839"
Steve Blake,2011,LAL,PG,30,"4,0","1,8","0,45","7,5","-0,1",Valor de mercado,LA Lakers,Los Angeles,"34,043","-118,2673"
Ryan Gomes,2011,LAC,SF,28,"4,0","2,5","0,625","9,0","-0,1",Valor de mercado,LA Clippers,Los Angeles,"34,043","-118,2673"
Willie Green,2011,NOH,SG,29,"3,976","1,8","0,45271629778672035","10,8","-0,3",Valor de mercado,New Orleans Hornets,New Orleans,"29,949","-90,0821"
Ramon Sessions,2011,CLE,PG,24,"3,96432","4,4","1,109900310772087","19,0","1,3",Infravalorado,Cleveland Cavaliers,Cleveland,"41,4965","-81,6882"
Tyreke Evans,2011,SAC,SG,21,"3,88092","1,6","0,4122733784772683","14,4","1,1",Valor de mercado,Sacramento Kings,Sacramento,"38,5802","-121,4997"
Corey Brewer,2011,DAL,SF,24,"3,875","1,1","0,2838709677419355","11,0","-0,1",Valor de mercado,Dallas Mavericks,Dallas,"32,7905","-96,8103"
Jordan Farmar,2011,NJN,PG,24,"3,75","1,9","0,5066666666666666","14,1","0,7",Valor de mercado,New Jersey Nets,Newark,"40,7357","-74,1724"
Wesley Johnson,2011,MIN,SG,23,"3,7266","1,3","0,34884344979337734","10,2","0,2",Valor de mercado,Minnesota Timberwolves,Minneapolis,"44,9795","-93,276"
C.J. Miles,2011,UTA,SF,23,"3,7","2,5","0,6756756756756757","14,4","0,5",Valor de mercado,Utah Jazz,Salt Lake City,"40,7683","-111,9011"
Derek Fisher,2011,LAL,PG,36,"3,7","3,7","1,0","8,9","0,0",Infravalorado,LA Lakers,Los Angeles,"34,043","-118,2673"
Kevin Love,2011,MIN,PF,22,"3,63828","11,4","3,133348725221808","24,3","4,2",Infravalorado,Minnesota Timberwolves,Minneapolis,"44,9795","-93,276"
C.J. Watson,2011,CHI,PG,26,"3,6","2,1","0,5833333333333334","12,8","0,5",Valor de mercado,Chicago Bulls,Chicago,"41,8807","-87,6742"
Marc Gasol,2011,MEM,C,26,"3,573333","7,9","2,2108211017557","16,8","2,8",Infravalorado,Memphis Grizzlies,Memphis,"35,1382","-90,0505"
Timofey Mozgov,2011,DEN,C,24,"3,567096","0,6","0,16820405169919733","10,8","-0,3",Sobrepagado,Denver Nuggets,Denver,"39,7487","-105,0077"
Dorell Wright,2011,GSW,SF,25,"3,54","5,8","1,6384180790960452","15,0","2,2",Infravalorado,Golden State Warriors,San Francisco,"37,768","-122,3877"
Udonis Haslem,2011,MIA,PF,30,"3,5","0,9","0,2571428571428572","12,7","0,0",Valor de mercado,Miami Heat,Miami,"25,7814","-80,187"
Chris Duhon,2011,ORL,PG,28,"3,5","0,2","0,05714285714285715","5,6","-0,3",Sobrepagado,Orlando Magic,Orlando,"28,5392","-81,3839"
Carlos Delfino,2011,MIL,SF,28,"3,5","3,5","1,0","13,1","1,4",Infravalorado,Milwaukee Bucks,Milwaukee,"43,045","-87,917"
Shaun Livingston,2011,CHA,PG,25,"3,5","1,9","0,5428571428571428","14,3","0,7",Valor de mercado,Charlotte Hornets,Charlotte,"35,2251","-80,8392"
Tiago Splitter,2011,SAS,C,26,"3,4","2,3","0,676470588235294","16,0","0,2",Valor de mercado,San Antonio Spurs,San Antonio,"29,427","-98,4375"
Brandan Wright,2011,NJN,PF,23,"3,398072","0,8","0,23542761895569017","15,9","0,1",Sobrepagado,New Jersey Nets,Newark,"40,7357","-74,1724"
DeMarcus Cousins,2011,SAC,C,20,"3,37464","1,1","0,3259606950667331","14,6","-0,4",Valor de mercado,Sacramento Kings,Sacramento,"38,5802","-121,4997"
Danilo Gallinari,2011,DEN,PF,22,"3,30456","6,1","1,8459341031786378","15,7","1,4",Infravalorado,Denver Nuggets,Denver,"39,7487","-105,0077"
Joel Anthony,2011,MIA,C,28,"3,3","3,3","1,0","7,3","0,2",Infravalorado,Miami Heat,Miami,"25,7814","-80,187"
Thabo Sefolosha,2011,OKC,SG,26,"3,25","4,1","1,2615384615384615","10,4","1,3",Infravalorado,Oklahoma City Thunder,Oklahoma City,"35,4634","-97,5151"
Will Bynum,2011,DET,PG,28,"3,25","1,5","0,46153846153846156","15,2","0,0",Valor de mercado,Detroit Pistons,Detroit,"42,341","-83,0552"
Johan Petro,2011,NJN,C,25,"3,25","0,4","0,12307692307692308","9,9","-0,6",Sobrepagado,New Jersey Nets,Newark,"40,7357","-74,1724"
Grant Hill,2011,PHO,SF,38,"3,24","4,4","1,3580246913580247","14,7","0,9",Infravalorado,Phoenix Suns,Phoenix,"33,4457","-112,0712"
Kris Humphries,2011,NJN,PF,25,"3,2","5,4","1,6875","17,8","1,3",Infravalorado,New Jersey Nets,Newark,"40,7357","-74,1724"
Jonny Flynn,2011,MIN,PG,21,"3,192","-1,3","-0,40726817042606517","7,1","-1,1",Sobrepagado,Minnesota Timberwolves,Minneapolis,"44,9795","-93,276"
Joakim Noah,2011,CHI,C,25,"3,128536","6,7","2,141576763061061","18,8","1,9",Infravalorado,Chicago Bulls,Chicago,"41,8807","-87,6742"
Ekpe Udoh,2011,GSW,C,23,"3,06504","0,7","0,22838201132774774","9,7","-0,5",Sobrepagado,Golden State Warriors,San Francisco,"37,768","-122,3877"
Matt Bonner,2011,SAS,PF,30,"3,05","4,4","1,4426229508196724","13,5","1,4",Infravalorado,San Antonio Spurs,San Antonio,"29,427","-98,4375"
Eric Gordon,2011,LAC,SG,22,"3,01668","5,3","1,7568983120516595","18,5","2,2",Infravalorado,LA Clippers,Los Angeles,"34,043","-118,2673"
Glen Davis,2011,BOS,C,25,"3,000004","4,9","1,6333311555584593","12,8","0,0",Infravalorado,Boston Celtics,Boston,"42,3662","-71,0621"
Jamario Moon,2011,LAC,SF,30,"3,0","1,1","0,3666666666666667","10,1","0,2",Valor de mercado,LA Clippers,Los Angeles,"34,043","-118,2673"
Raja Bell,2011,UTA,SG,34,"3,0","1,7","0,5666666666666667","8,2","-0,6",Valor de mercado,Utah Jazz,Salt Lake City,"40,7683","-111,9011"
Josh Howard,2011,WAS,SF,30,"3,0","-0,2","-0,06666666666666667","9,2","-0,2",Sobrepagado,Washington Wizards,Washington,"38,8981","-77,0209"
Carl Landry,2011,NOH,PF,27,"3,0","4,1","1,3666666666666665","14,8","0,1",Infravalorado,New Orleans Hornets,New Orleans,"29,949","-90,0821"
Tony Allen,2011,MEM,SG,29,"3,0","4,7","1,5666666666666667","18,4","2,1",Infravalorado,Memphis Grizzlies,Memphis,"35,1382","-90,0505"
Chris Wilcox,2011,DET,PF,28,"3,0","2,8","0,9333333333333332","18,0","0,2",Infravalorado,Detroit Pistons,Detroit,"42,341","-83,0552"
Spencer Hawes,2011,PHI,C,22,"2,97432","2,4","0,8069071249899136","12,8","0,0",Infravalorado,Philadelphia 76ers,Philadelphia,"39,9012","-75,172"
Stephen Curry,2011,GSW,PG,22,"2,91384","6,6","2,265052302116794","19,4","2,7",Infravalorado,Golden State Warriors,San Francisco,"37,768","-122,3877"
Thaddeus Young,2011,PHI,PF,22,"2,901241","6,2","2,13701653878461","18,4","1,6",Infravalorado,Philadelphia 76ers,Philadelphia,"39,9012","-75,172"
Julian Wright,2011,TOR,SF,23,"2,858057","0,6","0,20993283199040466","12,1","0,4",Sobrepagado,Toronto Raptors,Toronto,"43,6435","-79,3791"
Anthony Parker,2011,CLE,SF,35,"2,855769","1,5","0,5252525676971772","10,5","0,0",Valor de mercado,Cleveland Cavaliers,Cleveland,"41,4965","-81,6882"
Greg Monroe,2011,DET,C,20,"2,79804","6,6","2,3587940129519236","18,0","1,4",Infravalorado,Detroit Pistons,Detroit,"42,341","-83,0552"
Rodney Stuckey,2011,DET,PG,24,"2,767126","5,0","1,8069289219211555","18,4","1,2",Infravalorado,Detroit Pistons,Detroit,"42,341","-83,0552"
Sebastian Telfair,2011,MIN,PG,25,"2,7","0,1","0,037037037037037035","10,5","-0,3",Sobrepagado,Minnesota Timberwolves,Minneapolis,"44,9795","-93,276"
Jordan Hill,2011,HOU,C,23,"2,66952","1,8","0,6742785219814799","13,1","-0,7",Valor de mercado,Houston Rockets,Houston,"29,7508","-95,3621"
Nick Young,2011,WAS,SG,25,"2,630503","2,8","1,0644352049779071","14,5","0,4",Infravalorado,Washington Wizards,Washington,"38,8981","-77,0209"
Al-Farouq Aminu,2011,LAC,SF,20,"2,56332","0,7","0,27308334503690523","9,6","-0,3",Valor de mercado,LA Clippers,Los Angeles,"34,043","-118,2673"
D.J. Augustin,2011,CHA,PG,23,"2,54","6,2","2,440944881889764","15,9","1,5",Infravalorado,Charlotte Hornets,Charlotte,"35,2251","-80,8392"
Maurice Evans,2011,WAS,SF,32,"2,5","1,7","0,6799999999999999","9,1","-0,5",Valor de mercado,Washington Wizards,Washington,"38,8981","-77,0209"
Dahntay Jones,2011,IND,SG,30,"2,5","1,2","0,48","13,7","0,1",Valor de mercado,Indiana Pacers,Indianapolis,"39,764","-86,1555"
David Andersen,2011,NOH,PF,30,"2,5","0,3","0,12","10,9","-0,1",Sobrepagado,New Orleans Hornets,New Orleans,"29,949","-90,0821"
DeMar DeRozan,2011,TOR,SG,21,"2,45388","3,2","1,3040572481131922","14,5","-0,3",Infravalorado,Toronto Raptors,Toronto,"43,6435","-79,3791"
Brook Lopez,2011,NJN,C,22,"2,41332","6,3","2,610511660285416","19,3","1,9",Infravalorado,New Jersey Nets,Newark,"40,7357","-74,1724"
Marquis Daniels,2011,BOS,SF,30,"2,388","2,0","0,8375209380234506","11,7","0,6",Infravalorado,Boston Celtics,Boston,"42,3662","-71,0621"
Marco Belinelli,2011,NOH,SG,24,"2,38027","3,4","1,428409382128918","12,1","0,7",Infravalorado,New Orleans Hornets,New Orleans,"29,949","-90,0821"
Gordon Hayward,2011,UTA,SF,20,"2,35632","1,2","0,5092686901609288","10,7","-0,1",Valor de mercado,Utah Jazz,Salt Lake City,"40,7683","-111,9011"
Ryan Hollins,2011,CLE,C,26,"2,333333","1,8","0,7714286816326688","10,7","-0,7",Infravalorado,Cleveland Cavaliers,Cleveland,"41,4965","-81,6882"
Brandon Jennings,2011,MIL,PG,21,"2,33112","3,9","1,6730155461752292","15,6","2,0",Infravalorado,Milwaukee Bucks,Milwaukee,"43,045","-87,917"
Craig Smith,2011,LAC,PF,27,"2,3","1,5","0,6521739130434783","15,4","0,1",Valor de mercado,LA Clippers,Los Angeles,"34,043","-118,2673"
Jerryd Bayless,2011,TOR,PG,22,"2,2926","1,6","0,6978975835296171","14,1","0,1",Valor de mercado,Toronto Raptors,Toronto,"43,6435","-79,3791"
Quentin Richardson,2011,ORL,SF,30,"2,265","1,3","0,5739514348785871","8,1","0,1",Valor de mercado,Orlando Magic,Orlando,"28,5392","-81,3839"
Paul George,2011,IND,SG,20,"2,23836","2,4","1,0722135849461212","13,0","0,6",Infravalorado,Indiana Pacers,Indianapolis,"39,764","-86,1555"
Lou Amundson,2011,GSW,PF,28,"2,225","0,6","0,2696629213483146","11,5","-0,4",Valor de mercado,Golden State Warriors,San Francisco,"37,768","-122,3877"
Terrence Williams,2011,HOU,SG,23,"2,21448","-0,6","-0,2709439687872548","6,9","-0,3",Sobrepagado,Houston Rockets,Houston,"29,7508","-95,3621"
Anthony Tolliver,2011,MIN,SF,25,"2,2","3,3","1,4999999999999998","13,3","0,7",Infravalorado,Minnesota Timberwolves,Minneapolis,"44,9795","-93,276"
Jason Smith,2011,NOH,C,24,"2,187913","1,6","0,7312905037814575","10,8","-0,4",Valor de mercado,New Orleans Hornets,New Orleans,"29,949","-90,0821"
Jason Thompson,2011,SAC,PF,24,"2,178","2,9","1,3314967860422406","13,6","-0,1",Infravalorado,Sacramento Kings,Sacramento,"38,5802","-121,4997"
Daequan Cook,2011,OKC,SG,23,"2,169857","1,6","0,7373757809846456","12,8","0,5",Infravalorado,Oklahoma City Thunder,Oklahoma City,"35,4634","-97,5151"
Jared Dudley,2011,PHO,SF,25,"2,151068","5,6","2,603357959859939","15,6","2,0",Infravalorado,Phoenix Suns,Phoenix,"33,4457","-112,0712"
Shannon Brown,2011,LAL,SG,25,"2,1492","3,1","1,4423971710403871","13,6","0,5",Infravalorado,LA Lakers,Los Angeles,"34,043","-118,2673"
Wilson Chandler,2011,DEN,SF,23,"2,130482","3,9","1,8305716734522983","14,6","1,1",Infravalorado,Denver Nuggets,Denver,"39,7487","-105,0077"
Cole Aldrich,2011,OKC,C,22,"2,12652","0,2","0,09405037337998232","7,0","-0,1",Sobrepagado,Oklahoma City Thunder,Oklahoma City,"35,4634","-97,5151"
Gerald Henderson,2011,CHA,SG,23,"2,10384","2,4","1,1407711613050422","13,2","0,1",Infravalorado,Charlotte Hornets,Charlotte,"35,2251","-80,8392"
Keyon Dooling,2011,MIL,PG,30,"2,08","2,9","1,3942307692307692","11,3","0,4",Infravalorado,Milwaukee Bucks,Milwaukee,"43,045","-87,917"
Ben Wallace,2011,DET,C,36,"2,08","1,9","0,9134615384615384","12,3","0,6",Infravalorado,Detroit Pistons,Detroit,"42,341","-83,0552"
Brandon Rush,2011,IND,SG,25,"2,06904","2,6","1,256621428295248","10,6","0,5",Infravalorado,Indiana Pacers,Indianapolis,"39,764","-86,1555"
Xavier Henry,2011,MEM,SG,19,"2,0202","0,2","0,09900009900009901","7,0","-0,4",Sobrepagado,Memphis Grizzlies,Memphis,"35,1382","-90,0505"
Aaron Brooks,2011,PHO,PG,26,"2,016692","1,1","0,5454476935496348","13,1","-0,3",Valor de mercado,Phoenix Suns,Phoenix,"33,4457","-112,0712"
Tyler Hansbrough,2011,IND,PF,25,"1,9986","3,8","1,9013309316521565","16,4","0,0",Infravalorado,Indiana Pacers,Indianapolis,"39,764","-86,1555"
Chuck Hayes,2011,HOU,C,27,"1,9725","6,3","3,193916349809886","16,2","2,1",Infravalorado,Houston Rockets,Houston,"29,7508","-95,3621"
Anthony Randolph,2011,MIN,C,21,"1,96572","0,5","0,2543597256984718","16,2","0,0",Valor de mercado,Minnesota Timberwolves,Minneapolis,"44,9795","-93,276"
Arron Afflalo,2011,DEN,SG,25,"1,959577","6,2","3,1639481377868797","13,6","2,0",Infravalorado,Denver Nuggets,Denver,"39,7487","-105,0077"
Ed Davis,2011,TOR,PF,21,"1,91916","4,0","2,0842451906042228","15,8","0,4",Infravalorado,Toronto Raptors,Toronto,"43,6435","-79,3791"
Earl Clark,2011,ORL,SF,23,"1,89876","0,3","0,15799785122922327","10,1","-0,2",Sobrepagado,Orlando Magic,Orlando,"28,5392","-81,3839"
Robin Lopez,2011,PHO,C,22,"1,86732","1,5","0,8032902769744875","13,9","-0,5",Infravalorado,Phoenix Suns,Phoenix,"33,4457","-112,0712"
Patrick Patterson,2011,HOU,PF,21,"1,82328","2,4","1,3163090693694879","16,7","0,5",Infravalorado,Houston Rockets,Houston,"29,7508","-95,3621"
J.J. Barea,2011,DAL,PG,26,"1,815","3,2","1,7630853994490359","14,8","0,6",Infravalorado,Dallas Mavericks,Dallas,"32,7905","-96,8103"
Austin Daye,2011,DET,SF,22,"1,80372","2,1","1,164260528241634","13,0","0,3",Infravalorado,Detroit Pistons,Detroit,"42,341","-83,0552"
Kurt Thomas,2011,CHI,PF,38,"1,8","3,2","1,777777777777778","10,0","0,4",Infravalorado,Chicago Bulls,Chicago,"41,8807","-87,6742"
Marreese Speights,2011,PHI,C,23,"1,77396","1,7","0,9583079663577533","15,3","-0,2",Infravalorado,Philadelphia 76ers,Philadelphia,"39,9012","-75,172"
Matt Barnes,2011,LAL,SF,30,"1,765","3,0","1,6997167138810199","14,6","0,7",Infravalorado,LA Lakers,Los Angeles,"34,043","-118,2673"
Larry Sanders,2011,MIL,C,22,"1,73196","1,0","0,577380539966281","11,0","-0,3",Valor de mercado,Milwaukee Bucks,Milwaukee,"43,045","-87,917"
James Johnson,2011,TOR,SF,23,"1,7136","0,6","0,35014005602240894","12,6","0,3",Valor de mercado,Toronto Raptors,Toronto,"43,6435","-79,3791"
Roy Hibbert,2011,IND,C,24,"1,68528","3,6","2,1361435488464826","15,9","0,5",Infravalorado,Indiana Pacers,Indianapolis,"39,764","-86,1555"
Luke Babbitt,2011,POR,SF,21,"1,64544","-0,4","-0,24309607156748347","1,0","-0,3",Sobrepagado,Portland Trail Blazers,Portland,"45,5316","-122,6668"
Jrue Holiday,2011,PHI,PG,20,"1,62792","5,7","3,5014005602240896","15,4","2,0",Infravalorado,Philadelphia 76ers,Philadelphia,"39,9012","-75,172"
JaVale McGee,2011,WAS,C,23,"1,60104","5,3","3,3103482736221457","17,4","0,9",Infravalorado,Washington Wizards,Washington,"38,8981","-77,0209"
Hamed Haddadi,2011,MEM,C,25,"1,6","0,6","0,37499999999999994","19,7","0,0",Valor de mercado,Memphis Grizzlies,Memphis,"35,1382","-90,0505"
Keith Bogans,2011,CHI,SG,30,"1,6","3,6","2,25","9,0","0,7",Infravalorado,Chicago Bulls,Chicago,"41,8807","-87,6742"
Ty Lawson,2011,DEN,PG,23,"1,54656","6,7","4,332195323815436","17,9","2,2",Infravalorado,Denver Nuggets,Denver,"39,7487","-105,0077"
Solomon Jones,2011,IND,C,26,"1,5","0,5","0,3333333333333333","8,5","-0,3",Valor de mercado,Indiana Pacers,Indianapolis,"39,764","-86,1555"
Eric Bledsoe,2011,LAC,PG,21,"1,485","0,3","0,202020202020202","10,8","-0,1",Sobrepagado,LA Clippers,Los Angeles,"34,043","-118,2673"
Jeff Teague,2011,ATL,PG,22,"1,47684","1,7","1,1511064164025893","14,6","0,6",Infravalorado,Atlanta Hawks,Atlanta,"33,7573","-84,3963"
Avery Bradley,2011,BOS,PG,20,"1,41816","-0,5","-0,3525695267106673","2,2","-0,4",Sobrepagado,Boston Celtics,Boston,"42,3662","-71,0621"
Eric Maynor,2011,OKC,PG,23,"1,4178","1,5","1,05797714769361","11,7","0,1",Infravalorado,Oklahoma City Thunder,Oklahoma City,"35,4634","-97,5151"
Ryan Anderson,2011,ORL,PF,22,"1,40904","6,4","4,542099585533413","19,0","2,4",Infravalorado,Orlando Magic,Orlando,"28,5392","-81,3839"
Ronnie Price,2011,UTA,SG,27,"1,38125","-0,7","-0,5067873303167421","5,5","-0,8",Sobrepagado,Utah Jazz,Salt Lake City,"40,7683","-111,9011"
James Anderson,2011,SAS,SF,21,"1,3614","0,3","0,22036139268400176","8,5","0,0",Sobrepagado,San Antonio Spurs,San Antonio,"29,427","-98,4375"
Darren Collison,2011,IND,PG,23,"1,36104","4,3","3,1593487333215773","15,6","1,0",Infravalorado,Indiana Pacers,Indianapolis,"39,764","-86,1555"
Courtney Lee,2011,HOU,SG,25,"1,35264","2,7","1,996096522356281","12,6","0,4",Infravalorado,Houston Rockets,Houston,"29,7508","-95,3621"
Zydrunas Ilgauskas,2011,MIA,C,35,"1,352181","2,9","2,14468329313901","12,8","-0,2",Infravalorado,Miami Heat,Miami,"25,7814","-80,187"
Eddie House,2011,MIA,SG,32,"1,352181","2,2","1,6270011189330422","11,9","0,4",Infravalorado,Miami Heat,Miami,"25,7814","-80,187"
Shaquille O'Neal,2011,BOS,C,38,"1,352181","2,7","1,9967741005087336","17,4","0,4",Infravalorado,Boston Celtics,Boston,"42,3662","-71,0621"
Kosta Koufos,2011,DEN,C,21,"1,29864","0,2","0,15400726914310356","12,6","-0,4",Sobrepagado,Denver Nuggets,Denver,"39,7487","-105,0077"
Omri Casspi,2011,SAC,SF,22,"1,25448","2,5","1,992857598367451","11,7","0,6",Infravalorado,Sacramento Kings,Sacramento,"38,5802","-121,4997"
Trevor Booker,2011,WAS,PF,23,"1,20456","2,6","2,158464501560736","15,3","0,3",Infravalorado,Washington Wizards,Washington,"38,8981","-77,0209"
Serge Ibaka,2011,OKC,PF,21,"1,2042","7,6","6,311243979405415","17,7","1,4",Infravalorado,Oklahoma City Thunder,Oklahoma City,"35,4634","-97,5151"
Byron Mullens,2011,OKC,PF,21,"1,2042","-0,2","-0,16608536787908987","3,5","-0,2",Sobrepagado,Oklahoma City Thunder,Oklahoma City,"35,4634","-97,5151"
Royal Ivey,2011,OKC,SG,29,"1,2","0,2","0,16666666666666669","8,2","0,0",Sobrepagado,Oklahoma City Thunder,Oklahoma City,"35,4634","-97,5151"
Nicolas Batum,2011,POR,SF,22,"1,19676","6,6","5,514890203549584","14,8","2,0",Infravalorado,Portland Trail Blazers,Portland,"45,5316","-122,6668"
Damion James,2011,NJN,SF,23,"1,15632","0,1","0,08648125086481251","10,1","-0,1",Sobrepagado,New Jersey Nets,Newark,"40,7357","-74,1724"
Rodrigue Beaubois,2011,DAL,PG,22,"1,15608","0,2","0,1729984084146426","11,4","-0,1",Sobrepagado,Dallas Mavericks,Dallas,"32,7905","-96,8103"
Brian Cook,2011,LAC,PF,30,"1,146337","0,6","0,5234062932628014","11,6","0,0",Valor de mercado,LA Clippers,Los Angeles,"34,043","-118,2673"
James Jones,2011,MIA,SF,30,"1,146337","4,7","4,100015963891945","11,1","1,2",Infravalorado,Miami Heat,Miami,"25,7814","-80,187"
Darrell Arthur,2011,MEM,PF,22,"1,12368","3,8","3,381745692723907","15,7","0,2",Infravalorado,Memphis Grizzlies,Memphis,"35,1382","-90,0505"
Taj Gibson,2011,CHI,PF,25,"1,11768","5,2","4,652494452795076","14,3","0,5",Infravalorado,Chicago Bulls,Chicago,"41,8807","-87,6742"
Dominique Jones,2011,DAL,SG,22,"1,11012","0,0","0,0","10,6","0,0",Sobrepagado,Dallas Mavericks,Dallas,"32,7905","-96,8103"
D.J. White,2011,CHA,C,24,"1,10868","1,8","1,6235523325035175","15,3","0,2",Infravalorado,Charlotte Hornets,Charlotte,"35,2251","-80,8392"
Kyrylo Fesenko,2011,UTA,C,24,"1,0875","-0,1","-0,09195402298850576","5,8","-0,6",Sobrepagado,Utah Jazz,Salt Lake City,"40,7683","-111,9011"
DeMarre Carroll,2011,HOU,PF,24,"1,0854","0,1","0,09213193292795284","8,7","0,0",Sobrepagado,Houston Rockets,Houston,"29,7508","-95,3621"
Wayne Ellington,2011,MIN,SG,23,"1,0788","0,3","0,27808676307007785","8,6","-0,5",Valor de mercado,Minnesota Timberwolves,Minneapolis,"44,9795","-93,276"
Quincy Pondexter,2011,NOH,SF,22,"1,07328","0,9","0,8385509838998211","8,5","-0,1",Infravalorado,New Orleans Hornets,New Orleans,"29,949","-90,0821"
Toney Douglas,2011,NYK,SG,24,"1,071","4,2","3,9215686274509807","15,2","1,2",Infravalorado,New York Knicks,New York,"40,7505","-73,9934"
Jordan Crawford,2011,WAS,SG,22,"1,04232","-0,6","-0,5756389592447617","11,8","-0,5",Sobrepagado,Washington Wizards,Washington,"38,8981","-77,0209"
Quinton Ross,2011,NJN,SF,29,"1,033342","0,0","0,0","3,7","-0,4",Sobrepagado,New Jersey Nets,Newark,"40,7357","-74,1724"
Jawad Williams,2011,CLE,SF,27,"1,029389","-0,5","-0,4857250271763152","4,8","-0,5",Sobrepagado,Cleveland Cavaliers,Cleveland,"41,4965","-81,6882"
Aaron Gray,2011,NOH,C,26,"1,02884","1,1","1,0691652735119164","11,0","-0,3",Infravalorado,New Orleans Hornets,New Orleans,"29,949","-90,0821"
Christian Eyenga,2011,CLE,SF,21,"1,02096","-0,3","-0,2938410907381288","9,0","-0,5",Sobrepagado,Cleveland Cavaliers,Cleveland,"41,4965","-81,6882"
Lazar Hayward,2011,MIN,SF,24,"1,02096","0,3","0,2938410907381288","10,8","-0,1",Valor de mercado,Minnesota Timberwolves,Minneapolis,"44,9795","-93,276"
Jon Brockman,2011,MIL,C,23,"1,0","1,9","1,9","9,6","-0,3",Infravalorado,Milwaukee Bucks,Milwaukee,"43,045","-87,917"
Stephen Graham,2011,NJN,SG,28,"0,99268","-0,3","-0,30221219325462384","4,4","-1,2",Sobrepagado,New Jersey Nets,Newark,"40,7357","-74,1724"
Joey Graham,2011,CLE,SF,28,"0,99268","0,0","0,0","7,7","-0,6",Sobrepagado,Cleveland Cavaliers,Cleveland,"41,4965","-81,6882"
Patty Mills,2011,POR,PG,22,"0,937195","0,7","0,7469096612764685","13,0","0,1",Infravalorado,Portland Trail Blazers,Portland,"45,5316","-122,6668"
DeJuan Blair,2011,SAS,PF,21,"0,918","4,8","5,22875816993464","17,1","0,7",Infravalorado,San Antonio Spurs,San Antonio,"29,427","-98,4375"
Sam Young,2011,MEM,SF,25,"0,886","2,9","3,2731376975169297","12,5","0,5",Infravalorado,Memphis Grizzlies,Memphis,"35,1382","-90,0505"
Ian Mahinmi,2011,DAL,C,24,"0,88512","1,8","2,0336225596529283","13,7","0,0",Infravalorado,Dallas Mavericks,Dallas,"32,7905","-96,8103"
Josh McRoberts,2011,IND,PF,23,"0,88512","4,9","5,535972523499638","16,0","1,7",Infravalorado,Indiana Pacers,Indianapolis,"39,764","-86,1555"
Mario Chalmers,2011,MIA,PG,24,"0,854389","2,9","3,3942384557853624","10,3","0,5",Infravalorado,Miami Heat,Miami,"25,7814","-80,187"
Jamaal Magloire,2011,MIA,C,32,"0,854389","0,6","0,7022562322314543","12,7","0,1",Valor de mercado,Miami Heat,Miami,"25,7814","-80,187"
Melvin Ely,2011,DEN,C,32,"0,854389","0,6","0,7022562322314543","8,3","-0,1",Valor de mercado,Denver Nuggets,Denver,"39,7487","-105,0077"
Tracy McGrady,2011,DET,SG,31,"0,854389","2,1","2,45789681281009","14,9","1,1",Infravalorado,Detroit Pistons,Detroit,"42,341","-83,0552"
Luther Head,2011,SAC,PG,28,"0,854389","0,9","1,0533843483471814","11,7","0,2",Infravalorado,Sacramento Kings,Sacramento,"38,5802","-121,4997"
Earl Watson,2011,UTA,PG,31,"0,854389","1,0","1,1704270537190906","10,2","-0,1",Infravalorado,Utah Jazz,Salt Lake City,"40,7683","-111,9011"
Sonny Weems,2011,TOR,SF,24,"0,854389","-0,4","-0,4681708214876362","10,2","-0,9",Sobrepagado,Toronto Raptors,Toronto,"43,6435","-79,3791"
Kwame Brown,2011,CHA,C,28,"0,854389","3,5","4,096494688016817","12,8","-0,3",Infravalorado,Charlotte Hornets,Charlotte,"35,2251","-80,8392"
Francisco Elson,2011,UTA,C,34,"0,854389","0,6","0,7022562322314543","8,9","-0,2",Valor de mercado,Utah Jazz,Salt Lake City,"40,7683","-111,9011"
Tony Battie,2011,PHI,C,34,"0,854389","0,6","0,7022562322314543","9,5","-0,1",Valor de mercado,Philadelphia 76ers,Philadelphia,"39,9012","-75,172"
Von Wafer,2011,BOS,SG,25,"0,854389","1,1","1,2874697590909998","10,6","0,1",Infravalorado,Boston Celtics,Boston,"42,3662","-71,0621"
Malik Allen,2011,ORL,PF,32,"0,854389","0,2","0,2340854107438181","3,3","-0,2",Sobrepagado,Orlando Magic,Orlando,"28,5392","-81,3839"
DeAndre Jordan,2011,LAC,C,22,"0,854389","5,2","6,086220679339271","14,8","0,7",Infravalorado,LA Clippers,Los Angeles,"34,043","-118,2673"
Jason Collins,2011,ATL,C,32,"0,854389","0,6","0,7022562322314543","5,4","-0,4",Valor de mercado,Atlanta Hawks,Atlanta,"33,7573","-84,3963"
Shelden Williams,2011,NYK,PF,27,"0,854389","1,9","2,223811402066272","12,3","-0,2",Infravalorado,New York Knicks,New York,"40,7505","-73,9934"
Shawne Williams,2011,NYK,PF,24,"0,854389","2,5","2,9260676342977265","12,2","0,4",Infravalorado,New York Knicks,New York,"40,7505","-73,9934"
George Hill,2011,SAS,PG,24,"0,854389","6,1","7,139605027686452","14,6","1,5",Infravalorado,San Antonio Spurs,San Antonio,"29,427","-98,4375"
Josh Powell,2011,ATL,PF,28,"0,854389","-0,2","-0,2340854107438181","8,0","-0,9",Sobrepagado,Atlanta Hawks,Atlanta,"33,7573","-84,3963"
Henry Walker,2011,NYK,SG,23,"0,854389","1,1","1,2874697590909998","11,3","0,0",Infravalorado,New York Knicks,New York,"40,7505","-73,9934"
Juwan Howard,2011,MIA,PF,37,"0,854389","0,9","1,0533843483471814","8,4","-0,2",Infravalorado,Miami Heat,Miami,"25,7814","-80,187"
Joe Smith,2011,LAL,PF,35,"0,854389","-0,1","-0,11704270537190906","-0,1","-0,1",Sobrepagado,LA Lakers,Los Angeles,"34,043","-118,2673"
Theo Ratliff,2011,LAL,C,37,"0,854389","0,0","0,0","4,4","0,0",Sobrepagado,LA Lakers,Los Angeles,"34,043","-118,2673"
Darnell Jackson,2011,SAC,PF,25,"0,854389","0,7","0,8192989376033634","12,3","-0,2",Infravalorado,Sacramento Kings,Sacramento,"38,5802","-121,4997"
Luc Mbah a Moute,2011,MIL,PF,24,"0,854389","4,8","5,618049857851634","11,5","0,4",Infravalorado,Milwaukee Bucks,Milwaukee,"43,045","-87,917"
Earl Boykins,2011,MIL,PG,34,"0,854389","2,3","2,691982223553908","17,6","1,0",Infravalorado,Milwaukee Bucks,Milwaukee,"43,045","-87,917"
Hilton Armstrong,2011,ATL,C,26,"0,854389","0,5","0,5852135268595453","8,8","-0,2",Valor de mercado,Atlanta Hawks,Atlanta,"33,7573","-84,3963"
Cartier Martin,2011,WAS,SF,26,"0,854389","0,8","0,9363416429752724","11,7","0,2",Infravalorado,Washington Wizards,Washington,"38,8981","-77,0209"
Joey Dorsey,2011,TOR,C,27,"0,854389","0,8","0,9363416429752724","14,2","0,1",Infravalorado,Toronto Raptors,Toronto,"43,6435","-79,3791"
Anthony Carter,2011,NYK,PG,35,"0,854389","0,2","0,2340854107438181","9,2","-0,1",Sobrepagado,New York Knicks,New York,"40,7505","-73,9934"
Delonte West,2011,BOS,PG,27,"0,854389","0,9","1,0533843483471814","12,3","0,4",Infravalorado,Boston Celtics,Boston,"42,3662","-71,0621"
Brian Cardinal,2011,DAL,SF,33,"0,854389","1,7","1,9897259913224539","9,7","0,5",Infravalorado,Dallas Mavericks,Dallas,"32,7905","-96,8103"
Brian Scalabrine,2011,CHI,PF,32,"0,854389","0,1","0,11704270537190906","6,5","0,0",Sobrepagado,Chicago Bulls,Chicago,"41,8807","-87,6742"
Chris Douglas-Roberts,2011,MIL,SF,24,"0,854389","1,6","1,872683285950545","11,5","0,1",Infravalorado,Milwaukee Bucks,Milwaukee,"43,045","-87,917"
Etan Thomas,2011,ATL,C,32,"0,854389","0,2","0,2340854107438181","15,1","0,0",Sobrepagado,Atlanta Hawks,Atlanta,"33,7573","-84,3963"
Chris Quinn,2011,SAS,PG,27,"0,804131","0,1","0,12435784716669299","7,5","-0,2",Sobrepagado,San Antonio Spurs,San Antonio,"29,427","-98,4375"
Sean Marks,2011,POR,C,35,"0,799105","0,1","0,12514000037542","4,9","-0,3",Sobrepagado,Portland Trail Blazers,Portland,"45,5316","-122,6668"
Chase Budinger,2011,HOU,SF,22,"0,780871","3,4","4,3541122669429395","14,2","0,8",Infravalorado,Houston Rockets,Houston,"29,7508","-95,3621"
Jermaine Taylor,2011,SAC,SG,24,"0,780871","0,1","0,12806212549832174","12,2","-0,2",Sobrepagado,Sacramento Kings,Sacramento,"38,5802","-121,4997"
Jodie Meeks,2011,PHI,SG,23,"0,762195","5,1","6,691201070592172","12,5","1,1",Infravalorado,Philadelphia 76ers,Philadelphia,"39,9012","-75,172"
Dante Cunningham,2011,CHA,PF,23,"0,762195","2,0","2,6240004198400673","10,7","-0,5",Infravalorado,Charlotte Hornets,Charlotte,"35,2251","-80,8392"
Derrick Brown,2011,NYK,SF,23,"0,762195","1,0","1,3120002099200336","12,9","0,1",Infravalorado,New York Knicks,New York,"40,7505","-73,9934"
A.J. Price,2011,IND,PG,24,"0,762195","0,3","0,3936000629760101","10,7","-0,2",Valor de mercado,Indiana Pacers,Indianapolis,"39,764","-86,1555"
DaJuan Summers,2011,DET,SF,23,"0,762195","-0,3","-0,3936000629760101","4,4","-0,4",Sobrepagado,Detroit Pistons,Detroit,"42,341","-83,0552"
Marcus Thornton,2011,SAC,SG,23,"0,762195","3,5","4,592000734720118","16,5","1,3",Infravalorado,Sacramento Kings,Sacramento,"38,5802","-121,4997"
Reggie Williams,2011,GSW,SF,24,"0,762195","3,7","4,854400776704125","14,9","0,7",Infravalorado,Golden State Warriors,San Francisco,"37,768","-122,3877"
Lance Stephenson,2011,IND,SG,20,"0,75","-0,2","-0,26666666666666666","5,5","-0,2",Sobrepagado,Indiana Pacers,Indianapolis,"39,764","-86,1555"
Erick Dampier,2011,MIA,C,35,"0,713666","1,9","2,6623098199998316","9,7","0,4",Infravalorado,Miami Heat,Miami,"25,7814","-80,187"
Ime Udoka,2011,SAS,SF,33,"0,70864","0,0","0,0","5,3","0,0",Sobrepagado,San Antonio Spurs,San Antonio,"29,427","-98,4375"
Solomon Alabi,2011,TOR,C,22,"0,67","-0,2","-0,29850746268656714","2,0","-0,1",Sobrepagado,Toronto Raptors,Toronto,"43,6435","-79,3791"
Alonzo Gee,2011,CLE,SG,23,"0,641141","1,0","1,5597193129124485","10,8","-0,1",Infravalorado,Cleveland Cavaliers,Cleveland,"41,4965","-81,6882"
Acie Law,2011,GSW,PG,26,"0,633253","0,4","0,6316590683344573","9,9","-0,4",Valor de mercado,Golden State Warriors,San Francisco,"37,768","-122,3877"
Ike Diogu,2011,LAC,PF,27,"0,567917","1,0","1,7608206833040743","13,7","-0,3",Infravalorado,LA Clippers,Los Angeles,"34,043","-118,2673"
Gary Neal,2011,SAS,SG,26,"0,525","3,5","6,666666666666666","13,1","0,7",Infravalorado,San Antonio Spurs,San Antonio,"29,427","-98,4375"
Jason Williams,2011,MEM,PG,35,"0,524964","0,2","0,38097850519273707","8,4","0,0",Valor de mercado,Memphis Grizzlies,Memphis,"35,1382","-90,0505"
Lester Hudson,2011,WAS,PG,26,"0,515603","-0,1","-0,19394766903993965","6,0","0,0",Sobrepagado,Washington Wizards,Washington,"38,8981","-77,0209"
Willie Warren,2011,LAC,PG,21,"0,5","0,2","0,4","10,8","0,0",Valor de mercado,LA Clippers,Los Angeles,"34,043","-118,2673"
Samardo Samuels,2011,CLE,PF,22,"0,5","0,0","0,0","11,7","-0,7",Sobrepagado,Cleveland Cavaliers,Cleveland,"41,4965","-81,6882"
Damien Wilkins,2011,ATL,SF,31,"0,482478","1,5","3,1089500453906704","11,4","0,2",Infravalorado,Atlanta Hawks,Atlanta,"33,7573","-84,3963"
Sherron Collins,2011,CHA,PG,23,"0,473604","-0,2","-0,4222937306272751","3,6","-0,1",Sobrepagado,Charlotte Hornets,Charlotte,"35,2251","-80,8392"
Jeremy Lin,2011,GSW,PG,22,"0,473604","0,5","1,0557343265681878","14,8","0,3",Infravalorado,Golden State Warriors,San Francisco,"37,768","-122,3877"
Landry Fields,2011,NYK,SG,22,"0,473604","5,3","11,190783861622789","13,5","1,4",Infravalorado,New York Knicks,New York,"40,7505","-73,9934"
Ish Smith,2011,MEM,PG,22,"0,473604","-0,1","-0,21114686531363755","7,6","-0,3",Sobrepagado,Memphis Grizzlies,Memphis,"35,1382","-90,0505"
Garret Siler,2011,PHO,C,24,"0,473604","0,1","0,21114686531363755","13,5","-0,1",Sobrepagado,Phoenix Suns,Phoenix,"33,4457","-112,0712"
Armon Johnson,2011,POR,PG,21,"0,473604","-0,3","-0,6334405959409126","9,3","-0,2",Sobrepagado,Portland Trail Blazers,Portland,"45,5316","-122,6668"
Derrick Caracter,2011,LAL,C,22,"0,473604","0,3","0,6334405959409126","10,0","-0,3",Valor de mercado,LA Lakers,Los Angeles,"34,043","-118,2673"
Gary Forbes,2011,DEN,SF,25,"0,473604","0,9","1,9003217878227379","11,7","-0,2",Infravalorado,Denver Nuggets,Denver,"39,7487","-105,0077"
Ben Uzoh,2011,NJN,PG,22,"0,473604","0,5","1,0557343265681878","14,7","0,2",Infravalorado,New Jersey Nets,Newark,"40,7357","-74,1724"
Manny Harris,2011,CLE,SG,21,"0,473604","0,0","0,0","10,4","-0,4",Sobrepagado,Cleveland Cavaliers,Cleveland,"41,4965","-81,6882"
Devin Ebanks,2011,LAL,SG,21,"0,473604","0,4","0,8445874612545502","19,4","0,0",Infravalorado,LA Lakers,Los Angeles,"34,043","-118,2673"
Luke Harangody,2011,CLE,PF,23,"0,473604","0,6","1,2668811918818252","10,1","-0,3",Infravalorado,Cleveland Cavaliers,Cleveland,"41,4965","-81,6882"
Semih Erden,2011,CLE,C,24,"0,473604","1,4","2,9560561143909254","10,3","-0,1",Infravalorado,Cleveland Cavaliers,Cleveland,"41,4965","-81,6882"
Jeremy Evans,2011,UTA,SF,23,"0,473604","1,6","3,378349845018201","18,8","0,5",Infravalorado,Utah Jazz,Salt Lake City,"40,7683","-111,9011"
Steve Novak,2011,SAS,SF,27,"0,306575","0,9","2,9356601157954825","17,8","0,4",Infravalorado,San Antonio Spurs,San Antonio,"29,427","-98,4375"
Mustafa Shakur,2011,WAS,PG,26,"0,226162","-0,4","-1,7686437155667178","6,8","-0,2",Sobrepagado,Washington Wizards,Washington,"38,8981","-77,0209"
Jared Jeffries,2011,NYK,PF,29,"0,221136","0,6","2,7132624267419145","8,0","0,0",Infravalorado,New York Knicks,New York,"40,7505","-73,9934"
Mike Bibby,2011,MIA,PG,32,"0,21611","4,0","18,50909259173569","10,9","0,6",Infravalorado,Miami Heat,Miami,"25,7814","-80,187"
Troy Murphy,2011,BOS,PF,30,"0,21611","0,3","1,3881819443801768","8,0","-0,1",Infravalorado,Boston Celtics,Boston,"42,3662","-71,0621"
Dominic McGuire,2011,CHA,SF,25,"0,211084","0,9","4,2637054442781075","10,4","-0,2",Infravalorado,Charlotte Hornets,Charlotte,"35,2251","-80,8392"
Rasual Butler,2011,CHI,SG,31,"0,211084","-0,1","-0,47374504936423417","6,2","-0,4",Sobrepagado,Chicago Bulls,Chicago,"41,8807","-87,6742"
Al Thornton,2011,GSW,SF,27,"0,211084","1,6","7,579920789827747","11,7","-0,4",Infravalorado,Golden State Warriors,San Francisco,"37,768","-122,3877"
Leon Powe,2011,MEM,C,27,"0,201033","0,6","2,984584620435451","15,0","-0,1",Infravalorado,Memphis Grizzlies,Memphis,"35,1382","-90,0505"
Carlos Arroyo,2011,MIA,PG,31,"0,196007","1,7","8,673159632053958","9,0","-0,1",Infravalorado,Miami Heat,Miami,"25,7814","-80,187"
Zabian Dowdell,2011,PHO,PG,26,"0,186656","-0,1","-0,5357448997085549","11,7","-0,1",Sobrepagado,Phoenix Suns,Phoenix,"33,4457","-112,0712"
Jeff Adrien,2011,GSW,PF,24,"0,133723","0,2","1,495629024176843","11,3","-0,2",Infravalorado,Golden State Warriors,San Francisco,"37,768","-122,3877"
Sundiata Gaines,2011,NJN,PG,24,"0,112088","-0,1","-0,8921561630147742","11,3","-0,1",Sobrepagado,New Jersey Nets,Newark,"40,7357","-74,1724"
Chris Johnson,2011,BOS,C,25,"0,088363","0,2","2,2633907857361115","10,2","-0,1",Infravalorado,Boston Celtics,Boston,"42,3662","-71,0621"
Garrett Temple,2011,CHA,PG,24,"0,080703","-0,4","-4,956445237475683","4,7","-0,3",Sobrepagado,Charlotte Hornets,Charlotte,"35,2251","-80,8392"
Othyus Jeffers,2011,WAS,SG,25,"0,035868","0,7","19,516003122560498","13,3","0,0",Infravalorado,Washington Wizards,Washington,"38,8981","-77,0209"
Larry Owens,2011,WAS,SF,28,"0,022287","0,2","8,973841252748239","11,2","0,1",Infravalorado,Washington Wizards,Washington,"38,8981","-77,0209"
Earl Barron,2011,POR,C,29,"0,011679","-0,2","-17,12475383166367","6,2","-0,5",Sobrepagado,Portland Trail Blazers,Portland,"45,5316","-122,6668"
Kobe Bryant,2012,LAL,SG,33,"25,244493","6,2","0,24559811916206836","21,9","2,9",Sobrepagado,LA Lakers,Los Angeles,"34,043","-118,2673"
Kevin Garnett,2012,BOS,C,35,"21,247044","6,9","0,32475105713528907","20,4","2,9",Valor de mercado,Boston Celtics,Boston,"42,3662","-71,0621"
Tim Duncan,2012,SAS,C,35,"21,164619","5,9","0,27876712545593196","22,5","2,2",Valor de mercado,San Antonio Spurs,San Antonio,"29,427","-98,4375"
Rashard Lewis,2012,WAS,SF,32,"21,136631","0,3","0,01419336884861168","9,3","-0,3",Sobrepagado,Washington Wizards,Washington,"38,8981","-77,0209"
Dirk Nowitzki,2012,DAL,PF,33,"19,092873","7,6","0,3980542896818095","21,7","3,0",Valor de mercado,Dallas Mavericks,Dallas,"32,7905","-96,8103"
Pau Gasol,2012,LAL,PF,31,"18,71415","8,3","0,4435146667094151","20,4","3,3",Valor de mercado,LA Lakers,Los Angeles,"34,043","-118,2673"
Carmelo Anthony,2012,NYK,SF,27,"18,518574","6,2","0,33479899694220516","21,1","2,7",Valor de mercado,New York Knicks,New York,"40,7505","-73,9934"
Amar'e Stoudemire,2012,NYK,PF,29,"18,217705","4,1","0,22505579050709187","17,7","0,7",Sobrepagado,New York Knicks,New York,"40,7505","-73,9934"
Elton Brand,2012,PHI,C,32,"18,160355","6,1","0,3358965174414267","18,0","1,6",Valor de mercado,Philadelphia 76ers,Philadelphia,"39,9012","-75,172"
Dwight Howard,2012,ORL,C,26,"18,09177","7,7","0,42560788690106055","24,2","3,3",Valor de mercado,Orlando Magic,Orlando,"28,5392","-81,3839"
Joe Johnson,2012,ATL,SG,30,"18,038573","6,4","0,35479524904769355","18,4","2,2",Valor de mercado,Atlanta Hawks,Atlanta,"33,7573","-84,3963"
Chris Bosh,2012,MIA,PF,27,"17,545","6,9","0,3932744371615845","18,9","1,4",Valor de mercado,Miami Heat,Miami,"25,7814","-80,187"
LeBron James,2012,MIA,SF,27,"17,545","14,5","0,8264462809917354","30,7","7,6",Infravalorado,Miami Heat,Miami,"25,7814","-80,187"
Chris Paul,2012,LAC,PG,26,"16,359805","12,7","0,7762928714614874","27,0","6,1",Infravalorado,LA Clippers,Los Angeles,"34,043","-118,2673"
Deron Williams,2012,NJN,PG,27,"16,359805","4,1","0,25061423409386596","20,3","2,2",Valor de mercado,New Jersey Nets,Newark,"40,7357","-74,1724"
Dwyane Wade,2012,MIA,SG,30,"15,691","7,7","0,4907271684405073","26,3","4,0",Valor de mercado,Miami Heat,Miami,"25,7814","-80,187"
Kevin Durant,2012,OKC,SF,23,"15,506632","12,2","0,7867601423700517","26,2","5,8",Infravalorado,Oklahoma City Thunder,Oklahoma City,"35,4634","-97,5151"
Paul Pierce,2012,BOS,SF,34,"15,333334","7,0","0,45652171928166435","19,6","3,2",Valor de mercado,Boston Celtics,Boston,"42,3662","-71,0621"
Zach Randolph,2012,MEM,PF,30,"15,2","2,1","0,13815789473684212","17,9","0,4",Sobrepagado,Memphis Grizzlies,Memphis,"35,1382","-90,0505"
Antawn Jamison,2012,CLE,PF,35,"15,076715","3,1","0,20561508259591033","16,1","0,9",Sobrepagado,Cleveland Cavaliers,Cleveland,"41,4965","-81,6882"
Rudy Gay,2012,MEM,SF,25,"15,032144","6,0","0,39914465960411233","17,8","2,4",Valor de mercado,Memphis Grizzlies,Memphis,"35,1382","-90,0505"
Al Jefferson,2012,UTA,C,27,"15,0","7,5","0,5","22,8","3,0",Valor de mercado,Utah Jazz,Salt Lake City,"40,7683","-111,9011"
Andrew Bynum,2012,LAL,C,24,"14,9","8,0","0,5369127516778524","22,9","2,6",Valor de mercado,LA Lakers,Los Angeles,"34,043","-118,2673"
Andre Iguodala,2012,PHI,SF,28,"14,71825","7,3","0,49598287839926625","17,6","3,3",Valor de mercado,Philadelphia 76ers,Philadelphia,"39,9012","-75,172"
Chris Kaman,2012,NOH,C,29,"14,03","0,7","0,04989308624376336","15,3","0,2",Sobrepagado,New Orleans Hornets,New Orleans,"29,949","-90,0821"
LaMarcus Aldridge,2012,POR,PF,26,"14,0","7,0","0,5","22,7","2,5",Valor de mercado,Portland Trail Blazers,Portland,"45,5316","-122,6668"
Carlos Boozer,2012,CHI,PF,30,"13,5","7,6","0,5629629629629629","19,7","2,3",Valor de mercado,Chicago Bulls,Chicago,"41,8807","-87,6742"
Tyson Chandler,2012,NYK,C,29,"13,107837","9,5","0,7247572578145426","18,7","2,2",Valor de mercado,New York Knicks,New York,"40,7505","-73,9934"
Marc Gasol,2012,MEM,C,27,"12,922194","8,2","0,6345671640589825","18,4","3,1",Valor de mercado,Memphis Grizzlies,Memphis,"35,1382","-90,0505"
Emeka Okafor,2012,NOH,C,29,"12,6425","1,7","0,13446707534111133","15,1","0,3",Sobrepagado,New Orleans Hornets,New Orleans,"29,949","-90,0821"
Tony Parker,2012,SAS,PG,29,"12,5","7,1","0,568","22,0","2,3",Valor de mercado,San Antonio Spurs,San Antonio,"29,427","-98,4375"
Al Horford,2012,ATL,C,25,"12,498483","1,3","0,10401262297192387","19,0","0,5",Sobrepagado,Atlanta Hawks,Atlanta,"33,7573","-84,3963"
Josh Smith,2012,ATL,PF,26,"12,4","6,8","0,5483870967741935","21,1","3,3",Valor de mercado,Atlanta Hawks,Atlanta,"33,7573","-84,3963"
Luol Deng,2012,CHI,SF,26,"12,325","5,8","0,47058823529411764","14,1","2,0",Valor de mercado,Chicago Bulls,Chicago,"41,8807","-87,6742"
Danny Granger,2012,IND,SF,28,"12,015904","6,7","0,5575943349747134","18,6","2,5",Valor de mercado,Indiana Pacers,Indianapolis,"39,764","-86,1555"
Joakim Noah,2012,CHI,C,26,"12,0","9,0","0,75","19,6","2,8",Infravalorado,Chicago Bulls,Chicago,"41,8807","-87,6742"
Andrew Bogut,2012,MIL,C,27,"12,0","0,5","0,041666666666666664","14,9","0,2",Sobrepagado,Milwaukee Bucks,Milwaukee,"43,045","-87,917"
Steve Nash,2012,PHO,PG,37,"11,689062","5,9","0,5047453764895764","20,3","2,7",Valor de mercado,Phoenix Suns,Phoenix,"33,4457","-112,0712"
David Lee,2012,GSW,PF,28,"11,61","5,0","0,4306632213608958","19,7","0,9",Valor de mercado,Golden State Warriors,San Francisco,"37,768","-122,3877"
Ben Gordon,2012,DET,SG,28,"11,6","1,7","0,14655172413793102","13,5","0,1",Sobrepagado,Detroit Pistons,Detroit,"42,341","-83,0552"
Kevin Martin,2012,HOU,SG,28,"11,51984","3,3","0,2864623119765552","16,5","1,0",Valor de mercado,Houston Rockets,Houston,"29,7508","-95,3621"
Marcus Camby,2012,HOU,C,37,"11,22725","3,6","0,32064842236522745","16,2","1,4",Valor de mercado,Houston Rockets,Houston,"29,7508","-95,3621"
Jason Terry,2012,DAL,SG,34,"11,158","3,8","0,3405628248790106","15,7","1,7",Valor de mercado,Dallas Mavericks,Dallas,"32,7905","-96,8103"
Monta Ellis,2012,MIL,SG,26,"11,0","2,6","0,23636363636363636","17,5","0,9",Sobrepagado,Milwaukee Bucks,Milwaukee,"43,045","-87,917"
Mehmet Okur,2012,NJN,C,32,"10,89","0,0","0,0","8,4","-0,3",Sobrepagado,New Jersey Nets,Newark,"40,7357","-74,1724"
Corey Maggette,2012,CHA,SF,32,"10,262069","0,7","0,06821236536218962","14,1","-0,4",Sobrepagado,Charlotte Hornets,Charlotte,"35,2251","-80,8392"
Jason Kidd,2012,DAL,PG,38,"10,121","3,0","0,2964133978855844","13,1","1,2",Valor de mercado,Dallas Mavericks,Dallas,"32,7905","-96,8103"
DeAndre Jordan,2012,LAC,C,23,"10,079404","5,6","0,5555884058224076","16,4","0,9",Valor de mercado,LA Clippers,Los Angeles,"34,043","-118,2673"
Rajon Rondo,2012,BOS,PG,25,"10,045454","4,9","0,48778283191580996","17,5","2,1",Valor de mercado,Boston Celtics,Boston,"42,3662","-71,0621"
Andrea Bargnani,2012,TOR,C,26,"10,0","2,2","0,22000000000000003","17,9","0,8",Sobrepagado,Toronto Raptors,Toronto,"43,6435","-79,3791"
Ray Allen,2012,BOS,SG,36,"10,0","4,7","0,47000000000000003","14,8","1,6",Valor de mercado,Boston Celtics,Boston,"42,3662","-71,0621"
David West,2012,IND,PF,31,"10,0","5,9","0,5900000000000001","17,8","1,8",Valor de mercado,Indiana Pacers,Indianapolis,"39,764","-86,1555"
Gerald Wallace,2012,NJN,SF,29,"9,5","4,8","0,5052631578947369","15,9","1,6",Valor de mercado,New Jersey Nets,Newark,"40,7357","-74,1724"
Devin Harris,2012,UTA,PG,28,"9,319","4,2","0,4506921343491791","16,0","1,2",Valor de mercado,Utah Jazz,Salt Lake City,"40,7683","-111,9011"
Richard Jefferson,2012,GSW,SF,31,"9,282","3,1","0,33397974574445166","11,1","0,6",Valor de mercado,Golden State Warriors,San Francisco,"37,768","-122,3877"
Lamar Odom,2012,DAL,SF,32,"8,9","0,3","0,033707865168539325","9,2","-0,3",Sobrepagado,Dallas Mavericks,Dallas,"32,7905","-96,8103"
Paul Millsap,2012,UTA,PF,26,"8,603633","7,8","0,9065937610309505","21,8","3,1",Infravalorado,Utah Jazz,Salt Lake City,"40,7683","-111,9011"
Jameer Nelson,2012,ORL,PG,29,"8,6","3,5","0,4069767441860465","14,6","0,8",Valor de mercado,Orlando Magic,Orlando,"28,5392","-81,3839"
Luis Scola,2012,HOU,PF,31,"8,591793","3,4","0,395726479909374","15,4","0,0",Valor de mercado,Houston Rockets,Houston,"29,7508","-95,3621"
Carl Landry,2012,NOH,PF,28,"8,5","2,9","0,3411764705882353","18,2","0,4",Valor de mercado,New Orleans Hornets,New Orleans,"29,949","-90,0821"
Rodney Stuckey,2012,DET,SG,25,"8,5","4,5","0,5294117647058824","17,6","1,1",Valor de mercado,Detroit Pistons,Detroit,"42,341","-83,0552"
Mo Williams,2012,LAC,SG,29,"8,5","2,8","0,32941176470588235","15,0","0,8",Valor de mercado,LA Clippers,Los Angeles,"34,043","-118,2673"
John Salmons,2012,SAC,SF,32,"8,083","0,4","0,04948657676605221","9,0","-0,5",Sobrepagado,Sacramento Kings,Sacramento,"38,5802","-121,4997"
Thaddeus Young,2012,PHI,PF,23,"8,03913","6,3","0,7836668893275764","18,9","1,8",Infravalorado,Philadelphia 76ers,Philadelphia,"39,9012","-75,172"
Shawn Marion,2012,DAL,SF,33,"8,022449","3,7","0,46120579887762453","15,0","1,2",Valor de mercado,Dallas Mavericks,Dallas,"32,7905","-96,8103"
Caron Butler,2012,LAC,SF,31,"8,0","2,3","0,2875","11,7","0,0",Valor de mercado,LA Clippers,Los Angeles,"34,043","-118,2673"
Kris Humphries,2012,NJN,PF,26,"8,0","5,3","0,6625","17,9","0,6",Valor de mercado,New Jersey Nets,Newark,"40,7357","-74,1724"
Kirk Hinrich,2012,ATL,SG,31,"8,0","1,8","0,225","9,2","-0,1",Sobrepagado,Atlanta Hawks,Atlanta,"33,7573","-84,3963"
Andre Miller,2012,DEN,SG,35,"7,807728","2,9","0,3714268734771498","14,8","0,7",Valor de mercado,Denver Nuggets,Denver,"39,7487","-105,0077"
Arron Afflalo,2012,DEN,SG,26,"7,75","5,3","0,6838709677419355","14,7","1,1",Valor de mercado,Denver Nuggets,Denver,"39,7487","-105,0077"
Brendan Haywood,2012,DAL,C,32,"7,6245","2,7","0,35412158174306513","12,9","0,0",Valor de mercado,Dallas Mavericks,Dallas,"32,7905","-96,8103"
Raymond Felton,2012,POR,PG,27,"7,56","1,7","0,22486772486772488","13,4","0,2",Sobrepagado,Portland Trail Blazers,Portland,"45,5316","-122,6668"
Charlie Villanueva,2012,DET,PF,27,"7,54","0,4","0,05305039787798409","16,2","0,1",Sobrepagado,Detroit Pistons,Detroit,"42,341","-83,0552"
Marcus Thornton,2012,SAC,SG,24,"7,525","3,8","0,5049833887043189","17,4","1,4",Valor de mercado,Sacramento Kings,Sacramento,"38,5802","-121,4997"
Marvin Williams,2012,ATL,SF,25,"7,5","4,9","0,6533333333333334","15,8","1,2",Valor de mercado,Atlanta Hawks,Atlanta,"33,7573","-84,3963"
Tyrus Thomas,2012,CHA,PF,25,"7,305785","-0,6","-0,08212669822613175","9,0","-1,0",Sobrepagado,Charlotte Hornets,Charlotte,"35,2251","-80,8392"
Marcin Gortat,2012,PHO,C,27,"7,25896","7,6","1,0469819368063744","21,2","2,3",Infravalorado,Phoenix Suns,Phoenix,"33,4457","-112,0712"
Kendrick Perkins,2012,OKC,C,27,"7,123626","2,0","0,2807558959440038","8,7","0,0",Valor de mercado,Oklahoma City Thunder,Oklahoma City,"35,4634","-97,5151"
Samuel Dalembert,2012,HOU,C,30,"7,0","4,1","0,5857142857142856","16,9","0,7",Valor de mercado,Houston Rockets,Houston,"29,7508","-95,3621"
Derrick Rose,2012,CHI,PG,23,"6,993708","6,0","0,8579139992690573","23,0","2,9",Infravalorado,Chicago Bulls,Chicago,"41,8807","-87,6742"
Beno Udrih,2012,MIL,SG,29,"6,9254","1,4","0,20215438819418372","13,1","0,0",Sobrepagado,Milwaukee Bucks,Milwaukee,"43,045","-87,917"
DeSagana Diop,2012,CHA,C,30,"6,9254","-0,2","-0,02887919831345482","6,8","-0,3",Sobrepagado,Charlotte Hornets,Charlotte,"35,2251","-80,8392"
Trevor Ariza,2012,NOH,SF,26,"6,79064","2,2","0,3239753543112284","14,2","1,1",Valor de mercado,New Orleans Hornets,New Orleans,"29,949","-90,0821"
Metta World Peace,2012,LAL,SF,32,"6,79064","2,6","0,38287996418599723","11,0","0,6",Valor de mercado,LA Lakers,Los Angeles,"34,043","-118,2673"
Mike Conley,2012,MEM,PG,24,"6,611571","6,4","0,9679998898900126","16,8","2,4",Infravalorado,Memphis Grizzlies,Memphis,"35,1382","-90,0505"
Wesley Matthews,2012,POR,SG,25,"6,50532","4,8","0,73785763037022","14,1","1,3",Infravalorado,Portland Trail Blazers,Portland,"45,5316","-122,6668"
Grant Hill,2012,PHO,SF,39,"6,5","1,6","0,24615384615384617","12,3","0,4",Sobrepagado,Phoenix Suns,Phoenix,"33,4457","-112,0712"
Josh Childress,2012,PHO,SF,28,"6,5","0,9","0,13846153846153847","11,1","0,2",Sobrepagado,Phoenix Suns,Phoenix,"33,4457","-112,0712"
Andray Blatche,2012,WAS,PF,25,"6,442083","-0,1","-0,01552292946241146","10,6","-0,4",Sobrepagado,Washington Wizards,Washington,"38,8981","-77,0209"
Glen Davis,2012,ORL,PF,26,"6,3","1,7","0,2698412698412698","13,2","-0,4",Valor de mercado,Orlando Magic,Orlando,"28,5392","-81,3839"
Tayshaun Prince,2012,DET,SF,31,"6,292135","2,1","0,3337499910602681","12,8","0,3",Valor de mercado,Detroit Pistons,Detroit,"42,341","-83,0552"
Michael Beasley,2012,MIN,SF,23,"6,262347","0,5","0,07984226999877203","13,0","0,0",Sobrepagado,Minnesota Timberwolves,Minneapolis,"44,9795","-93,276"
Drew Gooden,2012,MIL,C,30,"6,2262","3,6","0,5782017924255565","18,8","1,1",Valor de mercado,Milwaukee Bucks,Milwaukee,"43,045","-87,917"
Al Harrington,2012,DEN,PF,31,"6,2262","3,2","0,5139571488227169","15,3","0,7",Valor de mercado,Denver Nuggets,Denver,"39,7487","-105,0077"
Jermaine O'Neal,2012,BOS,C,33,"6,2262","1,1","0,17667276990780895","9,4","-0,1",Sobrepagado,Boston Celtics,Boston,"42,3662","-71,0621"
Amir Johnson,2012,TOR,PF,24,"6,0","4,0","0,6666666666666666","14,4","0,6",Valor de mercado,Toronto Raptors,Toronto,"43,6435","-79,3791"
Channing Frye,2012,PHO,PF,28,"6,0","3,7","0,6166666666666667","14,9","1,2",Valor de mercado,Phoenix Suns,Phoenix,"33,4457","-112,0712"
Luke Walton,2012,CLE,PF,31,"5,971363","-0,4","-0,06698638150117486","3,4","-0,5",Sobrepagado,Cleveland Cavaliers,Cleveland,"41,4965","-81,6882"
Kyle Lowry,2012,HOU,PG,25,"5,75","4,9","0,8521739130434783","18,8","2,3",Infravalorado,Houston Rockets,Houston,"29,7508","-95,3621"
Blake Griffin,2012,LAC,PF,22,"5,73108","9,2","1,6052820759786983","23,4","3,4",Infravalorado,LA Clippers,Los Angeles,"34,043","-118,2673"
O.J. Mayo,2012,MEM,SG,24,"5,632637","3,5","0,6213785834237143","14,7","1,3",Valor de mercado,Memphis Grizzlies,Memphis,"35,1382","-90,0505"
John Wall,2012,WAS,PG,21,"5,53008","3,5","0,6329022364956746","17,7","1,6",Valor de mercado,Washington Wizards,Washington,"38,8981","-77,0209"
Chuck Hayes,2012,SAC,C,28,"5,48625","0,6","0,10936431989063568","8,9","-0,3",Sobrepagado,Sacramento Kings,Sacramento,"38,5802","-121,4997"
Mike Miller,2012,MIA,SG,31,"5,4","1,8","0,3333333333333333","11,4","0,4",Valor de mercado,Miami Heat,Miami,"25,7814","-80,187"
Jason Richardson,2012,ORL,SG,31,"5,395","2,8","0,5189990732159407","13,3","1,1",Valor de mercado,Orlando Magic,Orlando,"28,5392","-81,3839"
Evan Turner,2012,PHI,SF,23,"5,29308","2,4","0,45342220408533407","12,6","0,3",Valor de mercado,Philadelphia 76ers,Philadelphia,"39,9012","-75,172"
Martell Webster,2012,MIN,SF,25,"5,256","1,5","0,2853881278538813","10,0","0,1",Valor de mercado,Minnesota Timberwolves,Minneapolis,"44,9795","-93,276"
Tyreke Evans,2012,SAC,SG,22,"5,251825","2,7","0,5141070008996873","16,4","0,8",Valor de mercado,Sacramento Kings,Sacramento,"38,5802","-121,4997"
Lou Williams,2012,PHI,PG,25,"5,176","6,1","1,178516228748068","20,2","2,5",Infravalorado,Philadelphia 76ers,Philadelphia,"39,9012","-75,172"
Kyrie Irving,2012,CLE,PG,19,"5,14428","4,1","0,797001718413461","21,4","2,4",Infravalorado,Cleveland Cavaliers,Cleveland,"41,4965","-81,6882"
Hasheem Thabeet,2012,POR,C,24,"5,12772","0,3","0,05850553462357539","12,4","-0,1",Sobrepagado,Portland Trail Blazers,Portland,"45,5316","-122,6668"
Russell Westbrook,2012,OKC,PG,23,"5,082416","7,9","1,5543788623363377","22,9","3,0",Infravalorado,Oklahoma City Thunder,Oklahoma City,"35,4634","-97,5151"
Jason Maxiell,2012,DET,PF,28,"5,0","1,7","0,33999999999999997","11,7","-0,5",Valor de mercado,Detroit Pistons,Detroit,"42,341","-83,0552"
Jamal Crawford,2012,POR,PG,31,"5,0","2,3","0,45999999999999996","15,7","0,7",Valor de mercado,Portland Trail Blazers,Portland,"45,5316","-122,6668"
Kyle Korver,2012,CHI,SG,30,"5,0","5,3","1,06","13,6","1,6",Infravalorado,Chicago Bulls,Chicago,"41,8807","-87,6742"
Luc Mbah a Moute,2012,MIL,PF,25,"5,0","2,4","0,48","13,9","0,2",Valor de mercado,Milwaukee Bucks,Milwaukee,"43,045","-87,917"
Richard Hamilton,2012,CHI,SG,33,"5,0","1,3","0,26","13,2","0,1",Valor de mercado,Chicago Bulls,Chicago,"41,8807","-87,6742"
Jarrett Jack,2012,NOH,PG,28,"5,0","3,8","0,76","17,9","1,4",Infravalorado,New Orleans Hornets,New Orleans,"29,949","-90,0821"
Derrick Favors,2012,UTA,PF,20,"4,75332","3,0","0,6311378152533387","17,1","0,3",Valor de mercado,Utah Jazz,Salt Lake City,"40,7683","-111,9011"
Brad Miller,2012,MIN,C,35,"4,752","0,2","0,04208754208754209","10,7","0,0",Sobrepagado,Minnesota Timberwolves,Minneapolis,"44,9795","-93,276"
Zaza Pachulia,2012,ATL,C,27,"4,75","5,0","1,0526315789473684","14,0","0,5",Infravalorado,Atlanta Hawks,Atlanta,"33,7573","-84,3963"
Ronnie Brewer,2012,CHI,SG,26,"4,71","3,9","0,8280254777070064","12,3","1,1",Infravalorado,Chicago Bulls,Chicago,"41,8807","-87,6742"
Kevin Love,2012,MIN,PF,23,"4,609701","10,0","2,1693380980675316","25,4","3,9",Infravalorado,Minnesota Timberwolves,Minneapolis,"44,9795","-93,276"
James Harden,2012,OKC,SG,22,"4,60476","9,3","2,019649232533292","21,1","3,1",Infravalorado,Oklahoma City Thunder,Oklahoma City,"35,4634","-97,5151"
Derrick Williams,2012,MIN,PF,20,"4,60272","1,8","0,3910731045990197","12,9","0,0",Valor de mercado,Minnesota Timberwolves,Minneapolis,"44,9795","-93,276"
Linas Kleiza,2012,TOR,SF,27,"4,6","1,5","0,32608695652173914","12,4","0,0",Valor de mercado,Toronto Raptors,Toronto,"43,6435","-79,3791"
Jonas Jerebko,2012,DET,PF,24,"4,5","3,3","0,7333333333333333","14,2","0,2",Valor de mercado,Detroit Pistons,Detroit,"42,341","-83,0552"
Daniel Gibson,2012,CLE,SG,25,"4,403834","0,5","0,11353743124740852","9,2","-0,1",Sobrepagado,Cleveland Cavaliers,Cleveland,"41,4965","-81,6882"
J.J. Barea,2012,MIN,PG,27,"4,3","1,2","0,27906976744186046","14,9","0,3",Valor de mercado,Minnesota Timberwolves,Minneapolis,"44,9795","-93,276"
Ramon Sessions,2012,LAL,PG,25,"4,257973","3,7","0,8689580699548823","16,7","0,7",Infravalorado,LA Lakers,Los Angeles,"34,043","-118,2673"
Randy Foye,2012,LAC,SG,28,"4,25","3,2","0,7529411764705882","13,5","0,9",Infravalorado,LA Clippers,Los Angeles,"34,043","-118,2673"
Jared Dudley,2012,PHO,SG,26,"4,25","5,1","1,2","15,4","1,7",Infravalorado,Phoenix Suns,Phoenix,"33,4457","-112,0712"
Brandon Bass,2012,BOS,PF,26,"4,25","4,7","1,1058823529411765","14,1","0,5",Infravalorado,Boston Celtics,Boston,"42,3662","-71,0621"
Chris Andersen,2012,DEN,C,33,"4,234","1,9","0,4487482286254133","18,9","0,5",Valor de mercado,Denver Nuggets,Denver,"39,7487","-105,0077"
Danilo Gallinari,2012,DEN,SF,23,"4,190182","3,9","0,9307471608631797","16,5","1,3",Infravalorado,Denver Nuggets,Denver,"39,7487","-105,0077"
Udonis Haslem,2012,MIA,PF,31,"4,06","3,5","0,8620689655172414","10,9","-0,2",Infravalorado,Miami Heat,Miami,"25,7814","-80,187"
Spencer Hawes,2012,PHI,C,23,"4,051024","2,9","0,7158683829076302","18,1","0,8",Valor de mercado,Philadelphia 76ers,Philadelphia,"39,9012","-75,172"
Wesley Johnson,2012,MIN,SF,24,"4,00608","0,6","0,14977234603402828","8,0","0,0",Sobrepagado,Minnesota Timberwolves,Minneapolis,"44,9795","-93,276"
Mario Chalmers,2012,MIA,PG,25,"4,0","4,3","1,075","12,9","1,1",Infravalorado,Miami Heat,Miami,"25,7814","-80,187"
Jordan Farmar,2012,NJN,PG,25,"4,0","1,8","0,45","17,4","0,5",Valor de mercado,New Jersey Nets,Newark,"40,7357","-74,1724"
Anthony Morrow,2012,NJN,SG,26,"4,0","1,7","0,425","13,1","0,0",Valor de mercado,New Jersey Nets,Newark,"40,7357","-74,1724"
Hakim Warrick,2012,PHO,PF,29,"4,0","0,5","0,125","13,1","-0,1",Sobrepagado,Phoenix Suns,Phoenix,"33,4457","-112,0712"
Steve Blake,2012,LAL,PG,31,"4,0","1,0","0,25","8,5","-0,2",Valor de mercado,LA Lakers,Los Angeles,"34,043","-118,2673"
Ryan Gomes,2012,LAC,SF,29,"4,0","-0,2","-0,05","4,4","-0,4",Sobrepagado,LA Clippers,Los Angeles,"34,043","-118,2673"
Tiago Splitter,2012,SAS,C,27,"3,944","4,6","1,1663286004056794","20,5","1,1",Infravalorado,San Antonio Spurs,San Antonio,"29,427","-98,4375"
Matt Carroll,2012,CHA,SG,31,"3,9","-0,6","-0,15384615384615385","5,6","-0,8",Sobrepagado,Charlotte Hornets,Charlotte,"35,2251","-80,8392"
DeMarcus Cousins,2012,SAC,C,21,"3,8808","4,2","1,0822510822510822","21,7","0,6",Infravalorado,Sacramento Kings,Sacramento,"38,5802","-121,4997"
Dorell Wright,2012,GSW,SF,26,"3,823","3,4","0,8893539105414596","15,0","1,2",Infravalorado,Golden State Warriors,San Francisco,"37,768","-122,3877"
Nazr Mohammed,2012,OKC,C,34,"3,75","1,3","0,3466666666666667","11,0","-0,1",Valor de mercado,Oklahoma City Thunder,Oklahoma City,"35,4634","-97,5151"
Mike Dunleavy,2012,MIL,SF,31,"3,75","4,4","1,1733333333333333","16,6","1,3",Infravalorado,Milwaukee Bucks,Milwaukee,"43,045","-87,917"
Tristan Thompson,2012,CLE,PF,20,"3,7266","1,1","0,29517522674824237","13,3","-1,0",Valor de mercado,Cleveland Cavaliers,Cleveland,"41,4965","-81,6882"
C.J. Miles,2012,UTA,SG,24,"3,7","1,5","0,4054054054054054","12,4","0,0",Valor de mercado,Utah Jazz,Salt Lake City,"40,7683","-111,9011"
Joel Anthony,2012,MIA,C,29,"3,7","3,4","0,9189189189189189","10,3","0,5",Infravalorado,Miami Heat,Miami,"25,7814","-80,187"
Nick Young,2012,LAC,SG,26,"3,695857","1,9","0,514089154423453","12,9","-0,2",Valor de mercado,LA Clippers,Los Angeles,"34,043","-118,2673"
Luke Ridnour,2012,MIN,SG,30,"3,68","3,3","0,8967391304347825","13,6","0,7",Infravalorado,Minnesota Timberwolves,Minneapolis,"44,9795","-93,276"
Matt Bonner,2012,SAS,PF,31,"3,63","4,0","1,1019283746556474","13,2","1,5",Infravalorado,San Antonio Spurs,San Antonio,"29,427","-98,4375"
Shannon Brown,2012,PHO,SG,26,"3,5","1,6","0,4571428571428572","13,6","0,3",Valor de mercado,Phoenix Suns,Phoenix,"33,4457","-112,0712"
Carlos Delfino,2012,MIL,SF,29,"3,5","2,4","0,6857142857142857","11,7","0,8",Valor de mercado,Milwaukee Bucks,Milwaukee,"43,045","-87,917"
Shaun Livingston,2012,MIL,SG,26,"3,5","1,3","0,37142857142857144","11,0","0,2",Valor de mercado,Milwaukee Bucks,Milwaukee,"43,045","-87,917"
Ricky Rubio,2012,MIN,PG,21,"3,48012","2,0","0,5746928266841373","14,6","1,1",Valor de mercado,Minnesota Timberwolves,Minneapolis,"44,9795","-93,276"
Raja Bell,2012,UTA,SG,35,"3,48","1,1","0,3160919540229885","8,3","-0,1",Valor de mercado,Utah Jazz,Salt Lake City,"40,7683","-111,9011"
Jonny Flynn,2012,POR,PG,22,"3,41472","0,1","0,029284977977696563","11,2","-0,3",Sobrepagado,Portland Trail Blazers,Portland,"45,5316","-122,6668"
C.J. Watson,2012,CHI,PG,27,"3,4","2,6","0,7647058823529412","13,3","0,5",Infravalorado,Chicago Bulls,Chicago,"41,8807","-87,6742"
Marco Belinelli,2012,NOH,SG,25,"3,377604","2,9","0,8585968041250543","11,9","0,4",Infravalorado,New Orleans Hornets,New Orleans,"29,949","-90,0821"
DeMar DeRozan,2012,TOR,SG,22,"3,34425","2,5","0,7475517679599312","12,8","-0,4",Infravalorado,Toronto Raptors,Toronto,"43,6435","-79,3791"
Timofey Mozgov,2012,DEN,C,25,"3,343896","1,1","0,3289575991597825","13,2","-0,1",Valor de mercado,Denver Nuggets,Denver,"39,7487","-105,0077"
Daequan Cook,2012,OKC,SG,24,"3,341558","1,6","0,4788185630774627","9,2","0,2",Valor de mercado,Oklahoma City Thunder,Oklahoma City,"35,4634","-97,5151"
Thabo Sefolosha,2012,OKC,SG,27,"3,3","1,8","0,5454545454545455","9,8","0,6",Valor de mercado,Oklahoma City Thunder,Oklahoma City,"35,4634","-97,5151"
Ekpe Udoh,2012,MIL,C,24,"3,29496","2,1","0,637337023818195","12,5","0,2",Valor de mercado,Milwaukee Bucks,Milwaukee,"43,045","-87,917"
Nick Collison,2012,OKC,PF,31,"3,272997","3,5","1,0693563116617584","12,1","0,7",Infravalorado,Oklahoma City Thunder,Oklahoma City,"35,4634","-97,5151"
Chris Duhon,2012,ORL,PG,29,"3,25","1,3","0,4","8,4","0,1",Valor de mercado,Orlando Magic,Orlando,"28,5392","-81,3839"
Will Bynum,2012,DET,PG,29,"3,25","-0,2","-0,06153846153846154","10,0","-0,4",Sobrepagado,Detroit Pistons,Detroit,"42,341","-83,0552"
Johan Petro,2012,NJN,C,26,"3,25","0,7","0,21538461538461537","10,3","-0,6",Sobrepagado,New Jersey Nets,Newark,"40,7357","-74,1724"
Tony Allen,2012,MEM,SG,30,"3,15","4,2","1,3333333333333335","15,7","1,4",Infravalorado,Memphis Grizzlies,Memphis,"35,1382","-90,0505"
Shawne Williams,2012,NJN,SF,25,"3,135","-0,4","-0,12759170653907498","4,9","-0,6",Sobrepagado,New Jersey Nets,Newark,"40,7357","-74,1724"
Shane Battier,2012,MIA,SF,33,"3,135","3,3","1,0526315789473684","9,7","1,1",Infravalorado,Miami Heat,Miami,"25,7814","-80,187"
Stephen Curry,2012,GSW,PG,23,"3,11712","2,2","0,7057796940765836","21,2","1,2",Valor de mercado,Golden State Warriors,San Francisco,"37,768","-122,3877"
Corey Brewer,2012,DEN,SF,25,"3,059","2,3","0,7518796992481201","13,7","0,6",Infravalorado,Denver Nuggets,Denver,"39,7487","-105,0077"
Jerryd Bayless,2012,TOR,PG,23,"3,04228","2,0","0,6574016855779219","17,7","0,6",Valor de mercado,Toronto Raptors,Toronto,"43,6435","-79,3791"
Greg Monroe,2012,DET,C,21,"3,00792","7,0","2,3271895529136413","22,0","2,6",Infravalorado,Detroit Pistons,Detroit,"42,341","-83,0552"
Jason Thompson,2012,SAC,PF,25,"3,001284","3,9","1,2994438380373199","16,4","0,5",Infravalorado,Sacramento Kings,Sacramento,"38,5802","-121,4997"
Travis Outlaw,2012,SAC,SF,27,"3,0","-0,1","-0,03333333333333333","9,6","-0,2",Sobrepagado,Sacramento Kings,Sacramento,"38,5802","-121,4997"
Jeff Foster,2012,IND,C,35,"3,0","0,4","0,13333333333333333","11,1","0,1",Sobrepagado,Indiana Pacers,Indianapolis,"39,764","-86,1555"
Josh McRoberts,2012,LAL,PF,24,"3,0","1,4","0,4666666666666666","10,9","0,1",Valor de mercado,LA Lakers,Los Angeles,"34,043","-118,2673"
Chris Wilcox,2012,BOS,C,29,"3,0","1,3","0,43333333333333335","12,4","0,0",Valor de mercado,Boston Celtics,Boston,"42,3662","-71,0621"
Vince Carter,2012,DAL,SG,35,"3,0","2,9","0,9666666666666667","13,6","0,8",Infravalorado,Dallas Mavericks,Dallas,"32,7905","-96,8103"
Brandon Rush,2012,GSW,SF,26,"2,956658","3,5","1,1837689715888682","15,2","1,6",Infravalorado,Golden State Warriors,San Francisco,"37,768","-122,3877"
Anthony Randolph,2012,MIN,PF,22,"2,911231","1,1","0,37784703446755","17,6","0,2",Valor de mercado,Minnesota Timberwolves,Minneapolis,"44,9795","-93,276"
Robin Lopez,2012,PHO,C,23,"2,862602","2,1","0,7335983137020097","15,2","0,0",Valor de mercado,Phoenix Suns,Phoenix,"33,4457","-112,0712"
Jordan Hill,2012,LAL,C,24,"2,85576","1,4","0,49023727484102303","15,8","0,1",Valor de mercado,LA Lakers,Los Angeles,"34,043","-118,2673"
James Johnson,2012,TOR,SF,24,"2,812006","2,6","0,9246068465003277","14,5","1,3",Infravalorado,Toronto Raptors,Toronto,"43,6435","-79,3791"
Bismack Biyombo,2012,CHA,C,19,"2,79804","0,6","0,21443581935926578","10,6","-1,0",Sobrepagado,Charlotte Hornets,Charlotte,"35,2251","-80,8392"
Lou Amundson,2012,IND,PF,29,"2,76345","1,0","0,3618665074454034","11,5","-0,4",Valor de mercado,Indiana Pacers,Indianapolis,"39,764","-86,1555"
Al-Farouq Aminu,2012,NOH,SF,21,"2,75556","1,4","0,5080636966714569","10,6","-0,1",Valor de mercado,New Orleans Hornets,New Orleans,"29,949","-90,0821"
Marreese Speights,2012,MEM,PF,24,"2,721255","2,7","0,9921892656145785","14,1","-0,4",Infravalorado,Memphis Grizzlies,Memphis,"35,1382","-90,0505"
Gordon Hayward,2012,UTA,SF,21,"2,70972","4,9","1,8083049171132075","15,5","1,8",Infravalorado,Utah Jazz,Salt Lake City,"40,7683","-111,9011"
Dahntay Jones,2012,IND,SF,31,"2,7","2,0","0,7407407407407407","10,3","0,0",Infravalorado,Indiana Pacers,Indianapolis,"39,764","-86,1555"
Jrue Holiday,2012,PHI,PG,21,"2,674852","4,2","1,570180331472545","14,7","1,3",Infravalorado,Philadelphia 76ers,Philadelphia,"39,9012","-75,172"
Roy Hibbert,2012,IND,C,25,"2,58859","6,2","2,3951263042814817","19,3","1,7",Infravalorado,Indiana Pacers,Indianapolis,"39,764","-86,1555"
Brandon Knight,2012,DET,PG,20,"2,56332","1,3","0,5071547836399669","11,7","-0,3",Valor de mercado,Detroit Pistons,Detroit,"42,341","-83,0552"
Kenyon Martin,2012,LAC,PF,34,"2,5","0,9","0,36","9,9","0,0",Valor de mercado,LA Clippers,Los Angeles,"34,043","-118,2673"
Aaron Gray,2012,TOR,C,27,"2,5","1,4","0,5599999999999999","11,1","-0,3",Valor de mercado,Toronto Raptors,Toronto,"43,6435","-79,3791"
Reggie Williams,2012,CHA,SF,25,"2,5","0,3","0,12","12,4","-0,1",Sobrepagado,Charlotte Hornets,Charlotte,"35,2251","-80,8392"
Jason Smith,2012,NOH,PF,25,"2,5","2,2","0,8800000000000001","16,6","0,4",Infravalorado,New Orleans Hornets,New Orleans,"29,949","-90,0821"
DeShawn Stevenson,2012,NJN,SF,30,"2,5","-0,3","-0,12","4,3","-0,6",Sobrepagado,New Jersey Nets,Newark,"40,7357","-74,1724"
Brandon Jennings,2012,MIL,PG,22,"2,49372","5,5","2,205540317277","18,4","2,8",Infravalorado,Milwaukee Bucks,Milwaukee,"43,045","-87,917"
JaVale McGee,2012,DEN,C,24,"2,4624","4,1","1,6650422352176735","19,9","0,8",Infravalorado,Denver Nuggets,Denver,"39,7487","-105,0077"
Quentin Richardson,2012,ORL,SF,31,"2,4462","1,3","0,5314365137764696","8,7","0,1",Valor de mercado,Orlando Magic,Orlando,"28,5392","-81,3839"
Paul George,2012,IND,SG,21,"2,40624","6,0","2,493516856173948","16,5","2,7",Infravalorado,Indiana Pacers,Indianapolis,"39,764","-86,1555"
Kemba Walker,2012,CHA,PG,21,"2,35632","0,3","0,1273171725402322","14,9","0,6",Sobrepagado,Charlotte Hornets,Charlotte,"35,2251","-80,8392"
Jimmer Fredette,2012,SAC,PG,22,"2,33904","0,3","0,1282577467679048","10,8","-0,4",Sobrepagado,Sacramento Kings,Sacramento,"38,5802","-121,4997"
Derek Fisher,2012,OKC,PG,37,"2,329545","1,2","0,515122051731132","8,0","-0,5",Valor de mercado,Oklahoma City Thunder,Oklahoma City,"35,4634","-97,5151"
Cole Aldrich,2012,OKC,C,23,"2,286","0,6","0,26246719160104987","17,7","0,1",Valor de mercado,Oklahoma City Thunder,Oklahoma City,"35,4634","-97,5151"
Gerald Henderson,2012,CHA,SG,24,"2,2506","1,0","0,4443259575224385","14,0","-0,3",Valor de mercado,Charlotte Hornets,Charlotte,"35,2251","-80,8392"
Anthony Parker,2012,CLE,SF,36,"2,25","1,4","0,6222222222222222","10,9","0,1",Valor de mercado,Cleveland Cavaliers,Cleveland,"41,4965","-81,6882"
Keyon Dooling,2012,BOS,SG,31,"2,2464","0,6","0,2670940170940171","6,9","-0,4",Valor de mercado,Boston Celtics,Boston,"42,3662","-71,0621"
Ben Wallace,2012,DET,C,37,"2,2464","1,4","0,6232193732193732","10,7","0,7",Valor de mercado,Detroit Pistons,Detroit,"42,341","-83,0552"
Ryan Anderson,2012,ORL,PF,23,"2,244601","8,9","3,965069961209142","21,2","3,0",Infravalorado,Orlando Magic,Orlando,"28,5392","-81,3839"
Courtney Lee,2012,HOU,SG,26,"2,225093","3,2","1,438142136081503","12,6","0,9",Infravalorado,Houston Rockets,Houston,"29,7508","-95,3621"
Ed Davis,2012,TOR,PF,22,"2,20704","3,9","1,7670726402783818","14,2","0,7",Infravalorado,Toronto Raptors,Toronto,"43,6435","-79,3791"
Kosta Koufos,2012,DEN,C,22,"2,203792","2,7","1,22516099523004","17,3","0,6",Infravalorado,Denver Nuggets,Denver,"39,7487","-105,0077"
Xavier Henry,2012,NOH,SG,20,"2,17164","0,2","0,09209629588697943","9,2","-0,4",Sobrepagado,New Orleans Hornets,New Orleans,"29,949","-90,0821"
Nicolas Batum,2012,POR,SF,23,"2,155365","4,8","2,2270009951910694","17,3","2,0",Infravalorado,Portland Trail Blazers,Portland,"45,5316","-122,6668"
Josh Howard,2012,UTA,SF,31,"2,15","0,5","0,23255813953488372","10,5","-0,4",Sobrepagado,Utah Jazz,Salt Lake City,"40,7683","-111,9011"
Tyler Hansbrough,2012,IND,PF,26,"2,13804","3,9","1,8241005780995676","14,7","0,1",Infravalorado,Indiana Pacers,Indianapolis,"39,764","-86,1555"
Klay Thompson,2012,GSW,SG,21,"2,12652","1,7","0,7994281737298496","14,9","0,2",Infravalorado,Golden State Warriors,San Francisco,"37,768","-122,3877"
Alec Burks,2012,UTA,SG,20,"2,11116","1,5","0,7105098618768829","14,0","0,0",Valor de mercado,Utah Jazz,Salt Lake City,"40,7683","-111,9011"
Anthony Tolliver,2012,MIN,SF,26,"2,05","0,9","0,4390243902439025","8,3","-0,2",Valor de mercado,Minnesota Timberwolves,Minneapolis,"44,9795","-93,276"
Markieff Morris,2012,PHO,PF,22,"2,00556","1,5","0,747920780230958","12,1","0,0",Infravalorado,Phoenix Suns,Phoenix,"33,4457","-112,0712"
D.J. White,2012,CHA,PF,25,"2,001167","0,8","0,3997667361094801","12,4","-0,5",Valor de mercado,Charlotte Hornets,Charlotte,"35,2251","-80,8392"
Chauncey Billups,2012,LAC,SG,35,"2,000032","1,7","0,8499864002175965","16,1","0,4",Infravalorado,LA Clippers,Los Angeles,"34,043","-118,2673"
Dante Cunningham,2012,MEM,PF,24,"2,0","3,4","1,7","14,9","0,8",Infravalorado,Memphis Grizzlies,Memphis,"35,1382","-90,0505"
Earl Watson,2012,UTA,PG,32,"2,0","0,4","0,2","9,5","0,2",Sobrepagado,Utah Jazz,Salt Lake City,"40,7683","-111,9011"
Patrick Patterson,2012,HOU,PF,22,"1,95996","1,6","0,8163431906773608","11,5","-0,3",Infravalorado,Houston Rockets,Houston,"29,7508","-95,3621"
Austin Daye,2012,DET,SF,23,"1,9296","-0,6","-0,31094527363184077","7,1","-0,5",Sobrepagado,Detroit Pistons,Detroit,"42,341","-83,0552"
Matt Barnes,2012,LAL,SF,31,"1,9062","4,3","2,255796873360613","15,5","1,3",Infravalorado,LA Lakers,Los Angeles,"34,043","-118,2673"
Larry Sanders,2012,MIL,PF,23,"1,86192","1,0","0,537080003437312","13,3","0,0",Valor de mercado,Milwaukee Bucks,Milwaukee,"43,045","-87,917"
Kawhi Leonard,2012,SAS,SF,20,"1,80984","5,5","3,0389426689652126","16,6","2,1",Infravalorado,San Antonio Spurs,San Antonio,"29,427","-98,4375"
Ty Lawson,2012,DEN,PG,24,"1,65444","6,9","4,170595488503663","19,4","2,8",Infravalorado,Denver Nuggets,Denver,"39,7487","-105,0077"
Eric Bledsoe,2012,LAC,PG,22,"1,59636","0,2","0,1252850234282994","11,2","0,0",Sobrepagado,LA Clippers,Los Angeles,"34,043","-118,2673"
Jeff Teague,2012,ATL,PG,23,"1,57992","6,0","3,797660641045116","15,8","1,8",Infravalorado,Atlanta Hawks,Atlanta,"33,7573","-84,3963"
Sebastian Telfair,2012,PHO,PG,26,"1,5675","1,1","0,7017543859649124","13,2","0,1",Valor de mercado,Phoenix Suns,Phoenix,"33,4457","-112,0712"
Iman Shumpert,2012,NYK,PG,21,"1,56312","2,4","1,535390756947643","10,8","0,2",Infravalorado,New York Knicks,New York,"40,7505","-73,9934"
George Hill,2012,IND,PG,25,"1,540493","4,0","2,596571357351186","15,7","1,4",Infravalorado,Indiana Pacers,Indianapolis,"39,764","-86,1555"
Avery Bradley,2012,BOS,PG,21,"1,52448","2,4","1,574307304785894","11,3","0,1",Infravalorado,Boston Celtics,Boston,"42,3662","-71,0621"
Gary Forbes,2012,TOR,SG,26,"1,5","0,8","0,5333333333333333","13,3","0,2",Valor de mercado,Toronto Raptors,Toronto,"43,6435","-79,3791"
James Jones,2012,MIA,SG,31,"1,5","1,7","1,1333333333333333","9,7","0,3",Infravalorado,Miami Heat,Miami,"25,7814","-80,187"
Chris Singleton,2012,WAS,SF,22,"1,485","1,5","1,01010101010101","8,3","-0,1",Infravalorado,Washington Wizards,Washington,"38,8981","-77,0209"
Darren Collison,2012,IND,PG,24,"1,45596","3,8","2,609961812137696","13,6","0,9",Infravalorado,Indiana Pacers,Indianapolis,"39,764","-86,1555"
Elliot Williams,2012,POR,SG,22,"1,44288","0,3","0,20791749833666","18,8","0,1",Sobrepagado,Portland Trail Blazers,Portland,"45,5316","-122,6668"
Tobias Harris,2012,MIL,SF,19,"1,41816","0,9","0,6346251480792012","14,2","0,0",Valor de mercado,Milwaukee Bucks,Milwaukee,"43,045","-87,917"
Craig Brackins,2012,PHI,PF,24,"1,40496","-0,1","-0,07117640359867897","4,3","-0,2",Sobrepagado,Philadelphia 76ers,Philadelphia,"39,9012","-75,172"
James Anderson,2012,SAS,SG,22,"1,40254","0,5","0,35649607141329304","8,8","-0,3",Valor de mercado,San Antonio Spurs,San Antonio,"29,427","-98,4375"
Nolan Smith,2012,POR,PG,23,"1,36572","-0,3","-0,21966435286881644","7,8","-0,5",Sobrepagado,Portland Trail Blazers,Portland,"45,5316","-122,6668"
Jamaal Tinsley,2012,UTA,PG,33,"1,352181","0,1","0,07395459631513829","10,9","-0,2",Sobrepagado,Utah Jazz,Salt Lake City,"40,7683","-111,9011"
Kurt Thomas,2012,POR,C,39,"1,352181","1,1","0,8135005594665211","9,5","0,0",Infravalorado,Portland Trail Blazers,Portland,"45,5316","-122,6668"
Omri Casspi,2012,CLE,SF,23,"1,34196","1,2","0,8942144326209425","11,2","-0,1",Infravalorado,Cleveland Cavaliers,Cleveland,"41,4965","-81,6882"
Hamed Haddadi,2012,MEM,C,26,"1,3","0,6","0,4615384615384615","16,3","0,0",Valor de mercado,Memphis Grizzlies,Memphis,"35,1382","-90,0505"
Trevor Booker,2012,WAS,PF,24,"1,29492","3,0","2,316745436011491","15,4","0,4",Infravalorado,Washington Wizards,Washington,"38,8981","-77,0209"
Serge Ibaka,2012,OKC,PF,22,"1,2882","6,2","4,812917248874398","19,0","1,9",Infravalorado,Oklahoma City Thunder,Oklahoma City,"35,4634","-97,5151"
Byron Mullens,2012,CHA,C,22,"1,2882","0,2","0,1552553951249806","13,0","-1,0",Sobrepagado,Charlotte Hornets,Charlotte,"35,2251","-80,8392"
Kenneth Faried,2012,DEN,PF,22,"1,25472","4,6","3,666156592705942","21,9","1,1",Infravalorado,Denver Nuggets,Denver,"39,7487","-105,0077"
Rodrigue Beaubois,2012,DAL,PG,23,"1,23672","2,2","1,7788990232227182","15,3","1,0",Infravalorado,Dallas Mavericks,Dallas,"32,7905","-96,8103"
Brian Cook,2012,WAS,PF,31,"1,223166","-0,1","-0,08175505205344165","5,8","-0,4",Sobrepagado,Washington Wizards,Washington,"38,8981","-77,0209"
Royal Ivey,2012,OKC,SG,30,"1,2","0,2","0,16666666666666669","4,7","-0,1",Sobrepagado,Oklahoma City Thunder,Oklahoma City,"35,4634","-97,5151"
Taj Gibson,2012,CHI,PF,26,"1,19568","4,5","3,7635487755921315","16,9","0,9",Infravalorado,Chicago Bulls,Chicago,"41,8807","-87,6742"
Dominique Jones,2012,DAL,SG,23,"1,19328","0,2","0,16760525610083135","11,8","0,0",Sobrepagado,Dallas Mavericks,Dallas,"32,7905","-96,8103"
Sam Young,2012,PHI,SF,26,"1,18475","0,2","0,16881198565098124","9,7","0,0",Sobrepagado,Philadelphia 76ers,Philadelphia,"39,9012","-75,172"
Earl Clark,2012,ORL,PF,24,"1,16","0,3","0,25862068965517243","8,1","-0,4",Valor de mercado,Orlando Magic,Orlando,"28,5392","-81,3839"
Reggie Jackson,2012,OKC,PG,21,"1,15632","0,1","0,08648125086481251","9,2","-0,2",Sobrepagado,Oklahoma City Thunder,Oklahoma City,"35,4634","-97,5151"
Wayne Ellington,2012,MIN,SG,24,"1,15404","0,8","0,6932168728986864","9,4","-0,2",Valor de mercado,Minnesota Timberwolves,Minneapolis,"44,9795","-93,276"
Quincy Pondexter,2012,MEM,SF,23,"1,1538","1,7","1,4733922690240944","9,4","0,0",Infravalorado,Memphis Grizzlies,Memphis,"35,1382","-90,0505"
Toney Douglas,2012,NYK,PG,25,"1,14564","-0,6","-0,5237247302817639","7,1","-0,6",Sobrepagado,New York Knicks,New York,"40,7505","-73,9934"
Jordan Hamilton,2012,DEN,SF,21,"1,12152","0,3","0,26749411512946714","13,9","0,1",Valor de mercado,Denver Nuggets,Denver,"39,7487","-105,0077"
Jordan Crawford,2012,WAS,SG,23,"1,12044","1,1","0,9817571668273178","14,5","0,1",Infravalorado,Washington Wizards,Washington,"38,8981","-77,0209"
Daniel Orton,2012,ORL,PF,21,"1,10556","0,5","0,45225948840406666","12,7","0,0",Valor de mercado,Orlando Magic,Orlando,"28,5392","-81,3839"
Lazar Hayward,2012,OKC,SF,25,"1,09752","-0,1","-0,09111451271958598","3,1","-0,2",Sobrepagado,Oklahoma City Thunder,Oklahoma City,"35,4634","-97,5151"
Norris Cole,2012,MIA,PG,23,"1,08252","0,0","0,0","7,9","-1,4",Sobrepagado,Miami Heat,Miami,"25,7814","-80,187"
Cory Joseph,2012,SAS,PG,20,"1,07472","0,0","0,0","6,9","-0,2",Sobrepagado,San Antonio Spurs,San Antonio,"29,427","-98,4375"
Von Wafer,2012,ORL,SG,26,"1,069509","0,4","0,3740033978208692","11,4","-0,1",Valor de mercado,Orlando Magic,Orlando,"28,5392","-81,3839"
MarShon Brooks,2012,NJN,SG,23,"1,063865","0,8","0,7519751096238715","12,9","-0,2",Infravalorado,New Jersey Nets,Newark,"40,7357","-74,1724"
Stephen Jackson,2012,SAS,SF,33,"1,05975","0,6","0,5661712668082095","10,7","-0,1",Valor de mercado,San Antonio Spurs,San Antonio,"29,427","-98,4375"
DeJuan Blair,2012,SAS,PF,22,"1,054","4,0","3,795066413662239","17,6","0,6",Infravalorado,San Antonio Spurs,San Antonio,"29,427","-98,4375"
JaJuan Johnson,2012,BOS,PF,22,"1,04232","0,2","0,19187965308158725","11,4","-0,1",Sobrepagado,Boston Celtics,Boston,"42,3662","-71,0621"
Jimmy Butler,2012,CHI,SG,22,"1,02096","1,1","1,0774173327064724","12,5","0,1",Infravalorado,Chicago Bulls,Chicago,"41,8807","-87,6742"
Jon Brockman,2012,MIL,PF,24,"1,0","0,1","0,1","6,6","-0,3",Sobrepagado,Milwaukee Bucks,Milwaukee,"43,045","-87,917"
Jeremy Pargo,2012,MEM,PG,25,"1,0","-0,8","-0,8","4,4","-0,6",Sobrepagado,Memphis Grizzlies,Memphis,"35,1382","-90,0505"
Ian Mahinmi,2012,DAL,C,25,"0,915852","3,4","3,712390211518892","13,5","-0,1",Infravalorado,Dallas Mavericks,Dallas,"32,7905","-96,8103"
John Lucas III,2012,CHI,PG,29,"0,915852","2,2","2,402134842747518","16,3","0,9",Infravalorado,Chicago Bulls,Chicago,"41,8807","-87,6742"
Brandan Wright,2012,DAL,C,24,"0,915852","3,5","3,8215781589165063","21,6","1,1",Infravalorado,Dallas Mavericks,Dallas,"32,7905","-96,8103"
Henry Walker,2012,NYK,SG,24,"0,88512","0,9","1,0168112798264641","8,2","0,0",Infravalorado,New York Knicks,New York,"40,7505","-73,9934"
DeMarre Carroll,2012,UTA,SF,25,"0,88512","0,5","0,5648951554591468","11,1","0,0",Valor de mercado,Utah Jazz,Salt Lake City,"40,7683","-111,9011"
Jannero Pargo,2012,ATL,PG,32,"0,854389","1,3","1,5215551698348178","13,6","0,2",Infravalorado,Atlanta Hawks,Atlanta,"33,7573","-84,3963"
Josh Davis,2012,MEM,PF,31,"0,854389","0,3","0,35112811611572714","11,3","0,1",Valor de mercado,Memphis Grizzlies,Memphis,"35,1382","-90,0505"
Jodie Meeks,2012,PHI,SG,24,"0,854389","4,1","4,7987509202482705","11,5","0,5",Infravalorado,Philadelphia 76ers,Philadelphia,"39,9012","-75,172"
Jamaal Magloire,2012,TOR,C,33,"0,854389","-0,2","-0,2340854107438181","2,7","-0,5",Sobrepagado,Toronto Raptors,Toronto,"43,6435","-79,3791"
Maurice Evans,2012,WAS,SF,33,"0,854389","0,3","0,35112811611572714","9,0","-0,1",Valor de mercado,Washington Wizards,Washington,"38,8981","-77,0209"
Dominic McGuire,2012,GSW,PF,26,"0,854389","1,5","1,755640580578636","11,8","0,3",Infravalorado,Golden State Warriors,San Francisco,"37,768","-122,3877"
Derrick Brown,2012,CHA,SF,24,"0,854389","2,3","2,691982223553908","14,7","0,2",Infravalorado,Charlotte Hornets,Charlotte,"35,2251","-80,8392"
Tracy McGrady,2012,ATL,SF,32,"0,854389","1,6","1,872683285950545","13,6","0,5",Infravalorado,Atlanta Hawks,Atlanta,"33,7573","-84,3963"
Trey Johnson,2012,NOH,SG,27,"0,854389","0,1","0,11704270537190906","11,8","0,0",Sobrepagado,New Orleans Hornets,New Orleans,"29,949","-90,0821"
Reggie Evans,2012,LAC,PF,31,"0,854389","1,3","1,5215551698348178","9,2","-0,3",Infravalorado,LA Clippers,Los Angeles,"34,043","-118,2673"
Hassan Whiteside,2012,SAC,C,22,"0,854389","0,2","0,2340854107438181","16,2","0,0",Sobrepagado,Sacramento Kings,Sacramento,"38,5802","-121,4997"
Craig Smith,2012,POR,PF,28,"0,854389","1,0","1,1704270537190906","13,6","0,1",Infravalorado,Portland Trail Blazers,Portland,"45,5316","-122,6668"
Jared Jeffries,2012,NYK,PF,30,"0,854389","1,7","1,9897259913224539","10,9","0,2",Infravalorado,New York Knicks,New York,"40,7505","-73,9934"
A.J. Price,2012,IND,PG,25,"0,854389","0,7","0,8192989376033634","11,5","0,1",Infravalorado,Indiana Pacers,Indianapolis,"39,764","-86,1555"
Ronnie Price,2012,PHO,PG,28,"0,854389","0,1","0,11704270537190906","8,4","-0,2",Sobrepagado,Phoenix Suns,Phoenix,"33,4457","-112,0712"
Tony Battie,2012,PHI,C,35,"0,854389","0,5","0,5852135268595453","7,3","-0,1",Valor de mercado,Philadelphia 76ers,Philadelphia,"39,9012","-75,172"
Willie Green,2012,ATL,SG,30,"0,854389","2,4","2,809024928925817","13,9","0,3",Infravalorado,Atlanta Hawks,Atlanta,"33,7573","-84,3963"
DaJuan Summers,2012,NOH,SF,24,"0,854389","0,2","0,2340854107438181","9,0","-0,1",Sobrepagado,New Orleans Hornets,New Orleans,"29,949","-90,0821"
Baron Davis,2012,NYK,PG,32,"0,854389","0,2","0,2340854107438181","10,0","0,0",Sobrepagado,New York Knicks,New York,"40,7505","-73,9934"
Mike Bibby,2012,NYK,PG,33,"0,854389","0,7","0,8192989376033634","7,8","0,0",Infravalorado,New York Knicks,New York,"40,7505","-73,9934"
Chase Budinger,2012,HOU,SF,23,"0,854389","3,0","3,511281161157272","14,9","1,0",Infravalorado,Houston Rockets,Houston,"29,7508","-95,3621"
Jason Collins,2012,ATL,C,33,"0,854389","0,2","0,2340854107438181","3,7","-0,3",Sobrepagado,Atlanta Hawks,Atlanta,"33,7573","-84,3963"
Jerry Stackhouse,2012,ATL,SF,37,"0,854389","0,3","0,35112811611572714","11,5","0,0",Valor de mercado,Atlanta Hawks,Atlanta,"33,7573","-84,3963"
Shelden Williams,2012,NJN,C,28,"0,854389","2,1","2,45789681281009","11,9","-0,4",Infravalorado,New Jersey Nets,Newark,"40,7357","-74,1724"
Rasual Butler,2012,TOR,SF,32,"0,854389","-0,2","-0,2340854107438181","4,8","-0,3",Sobrepagado,Toronto Raptors,Toronto,"43,6435","-79,3791"
Steve Novak,2012,NYK,PF,28,"0,854389","3,9","4,564665509504453","15,9","1,6",Infravalorado,New York Knicks,New York,"40,7505","-73,9934"
Marquis Daniels,2012,BOS,SG,31,"0,854389","0,1","0,11704270537190906","8,1","-0,1",Sobrepagado,Boston Celtics,Boston,"42,3662","-71,0621"
Juwan Howard,2012,MIA,PF,38,"0,854389","-0,3","-0,35112811611572714","3,6","-0,3",Sobrepagado,Miami Heat,Miami,"25,7814","-80,187"
Danny Green,2012,SAS,SG,24,"0,854389","4,5","5,266921741735907","15,5","1,9",Infravalorado,San Antonio Spurs,San Antonio,"29,427","-98,4375"
Sundiata Gaines,2012,NJN,SG,25,"0,854389","1,0","1,1704270537190906","15,0","0,5",Infravalorado,New Jersey Nets,Newark,"40,7357","-74,1724"
Damien Wilkins,2012,DET,SF,32,"0,854389","0,4","0,4681708214876362","6,9","-0,5",Valor de mercado,Detroit Pistons,Detroit,"42,341","-83,0552"
Jason Kapono,2012,LAL,SG,30,"0,854389","0,1","0,11704270537190906","4,5","-0,2",Sobrepagado,LA Lakers,Los Angeles,"34,043","-118,2673"
T.J. Ford,2012,SAS,PG,28,"0,854389","0,2","0,2340854107438181","11,0","0,0",Sobrepagado,San Antonio Spurs,San Antonio,"29,427","-98,4375"
Alonzo Gee,2012,CLE,SG,24,"0,854389","2,4","2,809024928925817","13,2","0,3",Infravalorado,Cleveland Cavaliers,Cleveland,"41,4965","-81,6882"
Anthony Carter,2012,TOR,PG,36,"0,854389","0,0","0,0","8,7","-0,1",Sobrepagado,Toronto Raptors,Toronto,"43,6435","-79,3791"
Delonte West,2012,DAL,PG,28,"0,854389","2,2","2,5749395181819996","15,3","0,8",Infravalorado,Dallas Mavericks,Dallas,"32,7905","-96,8103"
Troy Murphy,2012,LAL,PF,31,"0,854389","1,7","1,9897259913224539","9,0","0,2",Infravalorado,LA Lakers,Los Angeles,"34,043","-118,2673"
Eddy Curry,2012,MIA,C,29,"0,854389","-0,1","-0,11704270537190906","3,6","-0,2",Sobrepagado,Miami Heat,Miami,"25,7814","-80,187"
Brian Cardinal,2012,DAL,SF,34,"0,854389","0,0","0,0","3,3","-0,2",Sobrepagado,Dallas Mavericks,Dallas,"32,7905","-96,8103"
Brian Scalabrine,2012,CHI,PF,33,"0,854389","0,3","0,35112811611572714","13,5","0,1",Valor de mercado,Chicago Bulls,Chicago,"41,8807","-87,6742"
Gary Neal,2012,SAS,SG,27,"0,854389","2,5","2,9260676342977265","14,2","0,6",Infravalorado,San Antonio Spurs,San Antonio,"29,427","-98,4375"
Chandler Parsons,2012,HOU,SF,23,"0,85","3,4","4,0","13,3","1,3",Infravalorado,Houston Rockets,Houston,"29,7508","-95,3621"
Solomon Alabi,2012,TOR,C,23,"0,83","0,2","0,24096385542168677","14,2","0,0",Sobrepagado,Toronto Raptors,Toronto,"43,6435","-79,3791"
Michael Redd,2012,PHO,SG,32,"0,826828","0,8","0,967553106571137","13,9","-0,1",Infravalorado,Phoenix Suns,Phoenix,"33,4457","-112,0712"
Lance Stephenson,2012,IND,SG,21,"0,81","-0,3","-0,37037037037037035","7,0","-0,2",Sobrepagado,Indiana Pacers,Indianapolis,"39,764","-86,1555"
Tyler Honeycutt,2012,SAC,SF,21,"0,809875","0,0","0,0","10,4","0,0",Sobrepagado,Sacramento Kings,Sacramento,"38,5802","-121,4997"
Solomon Jones,2012,NOH,C,27,"0,792377","0,3","0,378607657718485","9,1","-0,2",Valor de mercado,New Orleans Hornets,New Orleans,"29,949","-90,0821"
Nate Robinson,2012,GSW,PG,27,"0,785487","2,8","3,5646675247330633","18,0","0,7",Infravalorado,Golden State Warriors,San Francisco,"37,768","-122,3877"
Yi Jianlian,2012,DAL,PF,24,"0,771706","0,0","0,0","10,4","-0,2",Sobrepagado,Dallas Mavericks,Dallas,"32,7905","-96,8103"
Jeremy Lin,2012,NYK,PG,23,"0,762195","2,7","3,542400566784091","19,9","1,4",Infravalorado,New York Knicks,New York,"40,7505","-73,9934"
Landry Fields,2012,NYK,SG,23,"0,762195","3,4","4,460800713728115","12,0","1,0",Infravalorado,New York Knicks,New York,"40,7505","-73,9934"
Greg Stiemsma,2012,BOS,C,26,"0,762195","2,7","3,542400566784091","13,6","0,7",Infravalorado,Boston Celtics,Boston,"42,3662","-71,0621"
Isaiah Thomas,2012,SAC,PG,22,"0,762195","4,3","5,641600902656145","17,6","1,2",Infravalorado,Sacramento Kings,Sacramento,"38,5802","-121,4997"
Devin Ebanks,2012,LAL,SG,22,"0,762195","0,3","0,3936000629760101","8,3","-0,2",Valor de mercado,LA Lakers,Los Angeles,"34,043","-118,2673"
Chris Johnson,2012,NOH,C,26,"0,762195","0,2","0,26240004198400674","10,8","-0,1",Valor de mercado,New Orleans Hornets,New Orleans,"29,949","-90,0821"
Samardo Samuels,2012,CLE,C,23,"0,762195","0,7","0,9184001469440235","11,1","-0,7",Infravalorado,Cleveland Cavaliers,Cleveland,"41,4965","-81,6882"
Luke Harangody,2012,CLE,PF,24,"0,762195","0,2","0,26240004198400674","10,4","-0,1",Valor de mercado,Cleveland Cavaliers,Cleveland,"41,4965","-81,6882"
Semih Erden,2012,CLE,C,25,"0,762195","0,4","0,5248000839680135","9,9","-0,2",Valor de mercado,Cleveland Cavaliers,Cleveland,"41,4965","-81,6882"
Jeremy Evans,2012,UTA,SF,24,"0,762195","0,9","1,1808001889280304","19,6","0,4",Infravalorado,Utah Jazz,Salt Lake City,"40,7683","-111,9011"
Dexter Pittman,2012,MIA,C,23,"0,762195","0,6","0,7872001259520202","10,4","-0,3",Infravalorado,Miami Heat,Miami,"25,7814","-80,187"
Jeremy Tyler,2012,GSW,C,20,"0,65","-0,2","-0,3076923076923077","10,4","-0,8",Sobrepagado,Golden State Warriors,San Francisco,"37,768","-122,3877"
Josh Selby,2012,MEM,PG,20,"0,55","-0,5","-0,9090909090909091","3,3","-0,4",Sobrepagado,Memphis Grizzlies,Memphis,"35,1382","-90,0505"
Trey Thompkins,2012,LAC,C,21,"0,535","0,0","0,0","12,0","-0,1",Sobrepagado,LA Clippers,Los Angeles,"34,043","-118,2673"
Erick Dampier,2012,ATL,C,36,"0,530547","0,1","0,1884847148320507","5,5","-0,1",Sobrepagado,Atlanta Hawks,Atlanta,"33,7573","-84,3963"
Ish Smith,2012,ORL,PG,23,"0,522472","0,3","0,5741934496011268","14,1","0,1",Valor de mercado,Orlando Magic,Orlando,"28,5392","-81,3839"
Travis Leslie,2012,LAC,SG,21,"0,5","0,1","0,2","14,6","0,0",Sobrepagado,LA Clippers,Los Angeles,"34,043","-118,2673"
Malcolm Lee,2012,MIN,SG,21,"0,5","0,1","0,2","9,3","-0,1",Sobrepagado,Minnesota Timberwolves,Minneapolis,"44,9795","-93,276"
Cory Higgins,2012,CHA,PG,22,"0,473604","-1,3","-2,744909249077288","4,1","-0,9",Sobrepagado,Charlotte Hornets,Charlotte,"35,2251","-80,8392"
Shelvin Mack,2012,WAS,PG,21,"0,473604","0,7","1,4780280571954627","11,9","-0,1",Infravalorado,Washington Wizards,Washington,"38,8981","-77,0209"
Josh Harrellson,2012,NYK,PF,22,"0,473604","1,4","2,9560561143909254","13,7","0,3",Infravalorado,New York Knicks,New York,"40,7505","-73,9934"
Lavoy Allen,2012,PHI,PF,22,"0,473604","1,6","3,378349845018201","12,7","0,0",Infravalorado,Philadelphia 76ers,Philadelphia,"39,9012","-75,172"
Chris Wright,2012,GSW,SF,23,"0,473604","0,6","1,2668811918818252","18,6","0,1",Infravalorado,Golden State Warriors,San Francisco,"37,768","-122,3877"
Terrel Harris,2012,MIA,SG,24,"0,473604","0,1","0,21114686531363755","6,7","-0,3",Sobrepagado,Miami Heat,Miami,"25,7814","-80,187"
Charles Jenkins,2012,GSW,PG,22,"0,473604","0,5","1,0557343265681878","12,4","-0,5",Infravalorado,Golden State Warriors,San Francisco,"37,768","-122,3877"
Justin Harper,2012,ORL,PF,22,"0,473604","-0,3","-0,6334405959409126","1,7","-0,2",Sobrepagado,Orlando Magic,Orlando,"28,5392","-81,3839"
Jordan Williams,2012,NJN,C,21,"0,473604","1,3","2,744909249077288","14,5","0,0",Infravalorado,New Jersey Nets,Newark,"40,7357","-74,1724"
Jon Leuer,2012,MIL,PF,22,"0,473604","1,4","2,9560561143909254","15,3","0,2",Infravalorado,Milwaukee Bucks,Milwaukee,"43,045","-87,917"
DeAndre Liggins,2012,ORL,SF,23,"0,473604","0,0","0,0","8,9","-0,1",Sobrepagado,Orlando Magic,Orlando,"28,5392","-81,3839"
Andrew Goudelock,2012,LAL,SG,23,"0,473604","0,1","0,21114686531363755","8,4","-0,3",Sobrepagado,LA Lakers,Los Angeles,"34,043","-118,2673"
Ivan Johnson,2012,ATL,PF,27,"0,473604","2,2","4,645231036900026","14,3","0,0",Infravalorado,Atlanta Hawks,Atlanta,"33,7573","-84,3963"
Julyan Stone,2012,DEN,SG,23,"0,473604","0,4","0,8445874612545502","13,0","0,2",Infravalorado,Denver Nuggets,Denver,"39,7487","-105,0077"
Darius Morris,2012,LAL,PG,21,"0,473604","-0,2","-0,4222937306272751","5,2","-0,2",Sobrepagado,LA Lakers,Los Angeles,"34,043","-118,2673"
E'Twaun Moore,2012,BOS,PG,22,"0,473604","0,2","0,4222937306272751","8,8","0,0",Valor de mercado,Boston Celtics,Boston,"42,3662","-71,0621"
Vernon Macklin,2012,DET,C,25,"0,473604","0,5","1,0557343265681878","18,2","0,1",Infravalorado,Detroit Pistons,Detroit,"42,341","-83,0552"
Jerome Jordan,2012,NYK,C,25,"0,473604","0,5","1,0557343265681878","18,3","0,1",Infravalorado,New York Knicks,New York,"40,7505","-73,9934"
Carldell Johnson,2012,NOH,PG,29,"0,473604","0,0","0,0","8,9","0,0",Sobrepagado,New Orleans Hornets,New Orleans,"29,949","-90,0821"
Joel Przybilla,2012,POR,C,32,"0,420304","0,3","0,7137690814267768","6,0","-0,4",Valor de mercado,Portland Trail Blazers,Portland,"45,5316","-122,6668"
Gerald Green,2012,NJN,SF,26,"0,413413","1,2","2,9026663409229996","15,8","0,4",Infravalorado,New Jersey Nets,Newark,"40,7357","-74,1724"
Ronny Turiaf,2012,MIA,C,29,"0,319128","0,8","2,5068311147877966","12,3","0,1",Infravalorado,Miami Heat,Miami,"25,7814","-80,187"
Lance Thomas,2012,NOH,PF,23,"0,305551","1,2","3,927331280211814","10,1","-0,4",Infravalorado,New Orleans Hornets,New Orleans,"29,949","-90,0821"
Gilbert Arenas,2012,MEM,PG,30,"0,261829","0,4","1,5277146534570276","9,9","0,0",Infravalorado,Memphis Grizzlies,Memphis,"35,1382","-90,0505"
Terrence Williams,2012,SAC,SG,24,"0,254938","0,3","1,1767567016294158","13,1","0,1",Infravalorado,Sacramento Kings,Sacramento,"38,5802","-121,4997"
Manny Harris,2012,CLE,SG,22,"0,252016","0,3","1,1904006094851118","11,7","0,0",Infravalorado,Cleveland Cavaliers,Cleveland,"41,4965","-81,6882"
Ryan Hollins,2012,BOS,C,27,"0,248048","0,2","0,8062955556988971","6,9","-0,6",Infravalorado,Boston Celtics,Boston,"42,3662","-71,0621"
Boris Diaw,2012,SAS,PF,29,"0,241158","0,6","2,487995422088423","11,2","0,1",Infravalorado,San Antonio Spurs,San Antonio,"29,427","-98,4375"
Bobby Simmons,2012,LAC,SF,31,"0,234268","0,3","1,2805846295695527","6,0","-0,2",Infravalorado,LA Clippers,Los Angeles,"34,043","-118,2673"
Mike James,2012,CHI,PG,36,"0,220487","0,3","1,360624435907786","13,7","0,0",Infravalorado,Chicago Bulls,Chicago,"41,8807","-87,6742"
Alan Anderson,2012,TOR,SF,29,"0,213597","0,3","1,4045141083442183","8,7","-0,1",Infravalorado,Toronto Raptors,Toronto,"43,6435","-79,3791"
Patty Mills,2012,SAS,PG,23,"0,213517","0,9","4,215121044225986","21,5","0,3",Infravalorado,San Antonio Spurs,San Antonio,"29,427","-98,4375"
Cartier Martin,2012,WAS,SF,27,"0,199816","0,7","3,5032229651279176","12,8","0,1",Infravalorado,Washington Wizards,Washington,"38,8981","-77,0209"
Ben Uzoh,2012,TOR,PG,23,"0,190548","0,2","1,0496042991792096","10,9","0,1",Infravalorado,Toronto Raptors,Toronto,"43,6435","-79,3791"
Donald Sloan,2012,CLE,PG,24,"0,160414","-0,3","-1,8701609585198298","8,9","-0,6",Sobrepagado,Cleveland Cavaliers,Cleveland,"41,4965","-81,6882"
Courtney Fortson,2012,HOU,PG,23,"0,156595","0,0","0,0","9,9","-0,1",Sobrepagado,Houston Rockets,Houston,"29,7508","-95,3621"
James Singleton,2012,WAS,PF,30,"0,151585","1,0","6,596958801992281","19,6","0,2",Infravalorado,Washington Wizards,Washington,"38,8981","-77,0209"
Mickell Gladness,2012,GSW,PF,25,"0,137498","0,2","1,454566611877991","9,5","-0,2",Infravalorado,Golden State Warriors,San Francisco,"37,768","-122,3877"
Sean Williams,2012,BOS,C,25,"0,049966","0,4","8,005443701717168","18,7","0,1",Infravalorado,Boston Celtics,Boston,"42,3662","-71,0621"
Lester Hudson,2012,MEM,PG,27,"0,048232","0,1","2,0733123237684525","13,9","-0,1",Infravalorado,Memphis Grizzlies,Memphis,"35,1382","-90,0505"
Kobe Bryant,2013,LAL,SG,34,"30,453805","10,9","0,3579191500044083","23,0","5,0",Valor de mercado,LA Lakers,Los Angeles,"34,043","-118,2673"
Dirk Nowitzki,2013,DAL,PF,34,"20,907128","5,0","0,23915288603963203","19,8","2,2",Sobrepagado,Dallas Mavericks,Dallas,"32,7905","-96,8103"
Amar'e Stoudemire,2013,NYK,PF,30,"19,948799","2,7","0,13534649379143077","22,1","0,5",Sobrepagado,New York Knicks,New York,"40,7505","-73,9934"
Joe Johnson,2013,BRK,SG,31,"19,752645","5,1","0,25819326981272633","14,1","1,3",Valor de mercado,Brooklyn Nets,Brooklyn,"40,6828","-73,9752"
Pau Gasol,2013,LAL,PF,32,"19,28585","3,7","0,19185050179276517","16,7","1,7",Sobrepagado,LA Lakers,Los Angeles,"34,043","-118,2673"
Chris Bosh,2013,MIA,C,28,"19,0675","9,0","0,4720073423364364","20,0","2,1",Valor de mercado,Miami Heat,Miami,"25,7814","-80,187"
LeBron James,2013,MIA,PF,28,"19,0675","19,3","1,012193523010358","31,6","9,9",Infravalorado,Miami Heat,Miami,"25,7814","-80,187"
Dwyane Wade,2013,MIA,SG,31,"18,673","9,6","0,5141112836716114","24,0","3,8",Valor de mercado,Miami Heat,Miami,"25,7814","-80,187"
Chris Paul,2013,LAC,PG,27,"18,668431","13,9","0,7445724817473948","26,4","6,4",Infravalorado,LA Clippers,Los Angeles,"34,043","-118,2673"
Kevin Durant,2013,OKC,SF,24,"17,832626","18,9","1,0598551217302488","28,3","8,9",Infravalorado,Oklahoma City Thunder,Oklahoma City,"35,4634","-97,5151"
Deron Williams,2013,BRK,PG,28,"17,177795","10,9","0,6345401141415414","20,3","4,2",Valor de mercado,Brooklyn Nets,Brooklyn,"40,6828","-73,9752"
Paul Pierce,2013,BOS,SF,35,"16,790345","7,2","0,4288178712230154","19,1","3,6",Valor de mercado,Boston Celtics,Boston,"42,3662","-71,0621"
Zach Randolph,2013,MEM,PF,31,"16,5","7,9","0,4787878787878788","17,9","1,5",Valor de mercado,Memphis Grizzlies,Memphis,"35,1382","-90,0505"
Rudy Gay,2013,TOR,SF,26,"16,460538","4,0","0,24300542303052305","15,6","2,1",Sobrepagado,Toronto Raptors,Toronto,"43,6435","-79,3791"
Carlos Boozer,2013,CHI,PF,31,"15,3","5,7","0,37254901960784315","17,1","1,2",Valor de mercado,Chicago Bulls,Chicago,"41,8807","-87,6742"
Andre Iguodala,2013,DEN,SG,29,"14,96825","5,6","0,3741252317405174","15,2","3,3",Valor de mercado,Denver Nuggets,Denver,"39,7487","-105,0077"
Russell Westbrook,2013,OKC,PG,24,"14,693906","11,6","0,7894429159952432","23,9","4,6",Infravalorado,Oklahoma City Thunder,Oklahoma City,"35,4634","-97,5151"
Emeka Okafor,2013,WAS,C,30,"14,4875","4,5","0,31061259706643657","15,8","0,7",Valor de mercado,Washington Wizards,Washington,"38,8981","-77,0209"
Luol Deng,2013,CHI,SF,27,"14,275","6,3","0,4413309982486865","15,1","2,0",Valor de mercado,Chicago Bulls,Chicago,"41,8807","-87,6742"
Marc Gasol,2013,MEM,C,28,"13,891359","11,5","0,8278527680409095","19,5","5,1",Infravalorado,Memphis Grizzlies,Memphis,"35,1382","-90,0505"
Blake Griffin,2013,LAC,PF,23,"13,70125","10,6","0,7736520390475321","22,4","4,0",Infravalorado,LA Clippers,Los Angeles,"34,043","-118,2673"
Brook Lopez,2013,BRK,C,24,"13,66875","9,0","0,6584362139917695","24,7","3,0",Valor de mercado,Brooklyn Nets,Brooklyn,"40,6828","-73,9752"
Eric Gordon,2013,NOH,SG,24,"13,66875","1,1","0,08047553726566073","15,4","0,2",Sobrepagado,New Orleans Hornets,New Orleans,"29,949","-90,0821"
Roy Hibbert,2013,IND,C,26,"13,66875","6,1","0,4462734339277549","17,3","0,9",Valor de mercado,Indiana Pacers,Indianapolis,"39,764","-86,1555"
Kevin Love,2013,MIN,PF,24,"13,66875","1,1","0,08047553726566073","17,9","0,4",Sobrepagado,Minnesota Timberwolves,Minneapolis,"44,9795","-93,276"
Tyson Chandler,2013,NYK,C,30,"13,604188","9,3","0,6836130168151161","18,9","1,8",Valor de mercado,New York Knicks,New York,"40,7505","-73,9934"
LaMarcus Aldridge,2013,POR,PF,27,"13,5","7,2","0,5333333333333333","20,4","2,3",Valor de mercado,Portland Trail Blazers,Portland,"45,5316","-122,6668"
Al Jefferson,2013,UTA,C,28,"13,5","7,7","0,5703703703703704","20,9","2,8",Valor de mercado,Utah Jazz,Salt Lake City,"40,7683","-111,9011"
Ben Gordon,2013,CHA,SG,29,"13,2","-0,6","-0,045454545454545456","12,7","-0,6",Sobrepagado,Charlotte Hornets,Charlotte,"35,2251","-80,8392"
Josh Smith,2013,ATL,PF,27,"13,2","4,2","0,31818181818181823","17,7","2,5",Valor de mercado,Atlanta Hawks,Atlanta,"33,7573","-84,3963"
Andrew Bogut,2013,GSW,C,28,"13,0","1,7","0,13076923076923078","13,8","0,7",Sobrepagado,Golden State Warriors,San Francisco,"37,768","-122,3877"
David Lee,2013,GSW,PF,29,"12,744","9,1","0,7140615191462649","19,2","2,8",Valor de mercado,Golden State Warriors,San Francisco,"37,768","-122,3877"
Tony Parker,2013,SAS,PG,30,"12,5","9,3","0,7440000000000001","23,0","3,1",Infravalorado,San Antonio Spurs,San Antonio,"29,427","-98,4375"
Kevin Martin,2013,OKC,SG,29,"12,439675","7,0","0,5627156658031661","16,0","1,6",Valor de mercado,Oklahoma City Thunder,Oklahoma City,"35,4634","-97,5151"
Serge Ibaka,2013,OKC,PF,23,"12,35","9,4","0,7611336032388665","19,4","2,2",Infravalorado,Oklahoma City Thunder,Oklahoma City,"35,4634","-97,5151"
Al Horford,2013,ATL,C,26,"12,0","8,8","0,7333333333333334","19,8","2,7",Valor de mercado,Atlanta Hawks,Atlanta,"33,7573","-84,3963"
Kris Humphries,2013,BRK,PF,27,"12,0","2,7","0,225","13,6","-0,3",Sobrepagado,Brooklyn Nets,Brooklyn,"40,6828","-73,9752"
Kevin Garnett,2013,BOS,C,36,"11,566265","5,6","0,48416666918836804","19,2","2,3",Valor de mercado,Boston Celtics,Boston,"42,3662","-71,0621"
Joakim Noah,2013,CHI,C,27,"11,1","7,3","0,6576576576576577","18,1","3,3",Valor de mercado,Chicago Bulls,Chicago,"41,8807","-87,6742"
Rajon Rondo,2013,BOS,PG,26,"11,0","3,2","0,29090909090909095","18,1","1,5",Valor de mercado,Boston Celtics,Boston,"42,3662","-71,0621"
Monta Ellis,2013,MIL,SG,27,"11,0","4,6","0,41818181818181815","16,2","2,1",Valor de mercado,Milwaukee Bucks,Milwaukee,"43,045","-87,917"
DeAndre Jordan,2013,LAC,C,24,"10,98655","6,2","0,564326380893001","17,2","0,9",Valor de mercado,LA Clippers,Los Angeles,"34,043","-118,2673"
Corey Maggette,2013,DET,SF,33,"10,924138","0,1","0,009154040346249746","7,9","-0,2",Sobrepagado,Detroit Pistons,Detroit,"42,341","-83,0552"
Nicolas Batum,2013,POR,SF,24,"10,85","5,8","0,5345622119815668","15,7","3,4",Valor de mercado,Portland Trail Blazers,Portland,"45,5316","-122,6668"
Richard Jefferson,2013,GSW,SF,32,"10,164","1,0","0,09838646202282567","10,3","0,1",Sobrepagado,Golden State Warriors,San Francisco,"37,768","-122,3877"
Stephen Jackson,2013,SAS,SF,34,"10,05975","0,3","0,029821814657421904","8,0","-0,4",Sobrepagado,San Antonio Spurs,San Antonio,"29,427","-98,4375"
Andrea Bargnani,2013,TOR,PF,27,"10,0","0,1","0,01","11,2","-0,2",Sobrepagado,Toronto Raptors,Toronto,"43,6435","-79,3791"
JaVale McGee,2013,DEN,C,25,"10,0","4,9","0,49000000000000005","20,7","1,3",Valor de mercado,Denver Nuggets,Denver,"39,7487","-105,0077"
David West,2013,IND,PF,32,"10,0","9,1","0,9099999999999999","20,1","3,7",Infravalorado,Indiana Pacers,Indianapolis,"39,764","-86,1555"
Andrei Kirilenko,2013,MIN,SF,31,"9,779349","6,0","0,6135377722995672","17,6","2,9",Valor de mercado,Minnesota Timberwolves,Minneapolis,"44,9795","-93,276"
Gerald Wallace,2013,BRK,SF,30,"9,682435","3,1","0,3201673959081574","11,6","1,3",Valor de mercado,Brooklyn Nets,Brooklyn,"40,6828","-73,9752"
Tim Duncan,2013,SAS,C,36,"9,638554","8,3","0,861125019375313","24,4","3,8",Infravalorado,San Antonio Spurs,San Antonio,"29,427","-98,4375"
Danilo Gallinari,2013,DEN,SF,24,"9,439","7,2","0,7627926687149063","16,7","2,8",Infravalorado,Denver Nuggets,Denver,"39,7487","-105,0077"
Steve Nash,2013,LAL,PG,38,"9,3005","4,3","0,46234073436911993","16,0","1,0",Valor de mercado,LA Lakers,Los Angeles,"34,043","-118,2673"
Ryan Anderson,2013,NOH,PF,24,"8,7","6,5","0,7471264367816093","18,1","2,5",Infravalorado,New Orleans Hornets,New Orleans,"29,949","-90,0821"
Shawn Marion,2013,DAL,PF,34,"8,646364","5,3","0,6129744248565061","18,0","2,1",Valor de mercado,Dallas Mavericks,Dallas,"32,7905","-96,8103"
Paul Millsap,2013,UTA,PF,27,"8,603633","7,6","0,8833477671583619","19,8","2,8",Infravalorado,Utah Jazz,Salt Lake City,"40,7683","-111,9011"
Jameer Nelson,2013,ORL,PG,30,"8,6","2,1","0,24418604651162792","14,4","0,4",Sobrepagado,Orlando Magic,Orlando,"28,5392","-81,3839"
Rodney Stuckey,2013,DET,SG,26,"8,5","2,5","0,29411764705882354","13,0","0,1",Valor de mercado,Detroit Pistons,Detroit,"42,341","-83,0552"
Mo Williams,2013,UTA,PG,30,"8,5","1,8","0,21176470588235294","14,4","0,4",Sobrepagado,Utah Jazz,Salt Lake City,"40,7683","-111,9011"
Devin Harris,2013,ATL,SG,29,"8,5","3,3","0,388235294117647","14,6","0,8",Valor de mercado,Atlanta Hawks,Atlanta,"33,7573","-84,3963"
Kendrick Perkins,2013,OKC,C,28,"8,477437","2,5","0,2949004516341437","8,2","0,1",Valor de mercado,Oklahoma City Thunder,Oklahoma City,"35,4634","-97,5151"
Jeff Green,2013,BOS,PF,26,"8,385","4,7","0,5605247465712583","15,0","1,0",Valor de mercado,Boston Celtics,Boston,"42,3662","-71,0621"
Jeremy Lin,2013,HOU,PG,24,"8,374646","5,4","0,6448033743754662","14,9","1,5",Valor de mercado,Houston Rockets,Houston,"29,7508","-95,3621"
Thaddeus Young,2013,PHI,PF,24,"8,28913","7,4","0,8927354257925741","18,2","2,1",Infravalorado,Philadelphia 76ers,Philadelphia,"39,9012","-75,172"
Marvin Williams,2013,UTA,SF,26,"8,2875","2,3","0,277526395173454","10,9","0,4",Valor de mercado,Utah Jazz,Salt Lake City,"40,7683","-111,9011"
John Salmons,2013,SAC,SF,33,"8,083","1,6","0,19794630706420885","10,2","-0,3",Sobrepagado,Sacramento Kings,Sacramento,"38,5802","-121,4997"
Charlie Villanueva,2013,DET,PF,28,"8,06","1,6","0,19851116625310172","14,0","0,6",Sobrepagado,Detroit Pistons,Detroit,"42,341","-83,0552"
Tyrus Thomas,2013,CHA,PF,26,"8,0","-0,2","-0,025","9,6","-0,4",Sobrepagado,Charlotte Hornets,Charlotte,"35,2251","-80,8392"
Caron Butler,2013,LAC,SF,32,"8,0","3,6","0,45","12,4","0,3",Valor de mercado,LA Clippers,Los Angeles,"34,043","-118,2673"
Chris Kaman,2013,DAL,C,30,"8,0","1,6","0,2","16,3","-0,1",Sobrepagado,Dallas Mavericks,Dallas,"32,7905","-96,8103"
George Hill,2013,IND,PG,26,"8,0","9,7","1,2125","16,6","3,5",Infravalorado,Indiana Pacers,Indianapolis,"39,764","-86,1555"
Arron Afflalo,2013,ORL,SF,27,"7,75","2,0","0,25806451612903225","13,0","-0,5",Valor de mercado,Orlando Magic,Orlando,"28,5392","-81,3839"
Metta World Peace,2013,LAL,SF,33,"7,7275","4,6","0,5952766095114849","12,5","1,5",Valor de mercado,LA Lakers,Los Angeles,"34,043","-118,2673"
Marcin Gortat,2013,PHO,C,28,"7,72728","3,4","0,4399995858827427","15,4","0,7",Valor de mercado,Phoenix Suns,Phoenix,"33,4457","-112,0712"
Marcus Thornton,2013,SAC,SG,25,"7,525","3,2","0,42524916943521596","16,3","1,0",Valor de mercado,Sacramento Kings,Sacramento,"38,5802","-121,4997"
Mike Conley,2013,MEM,PG,25,"7,505786","9,9","1,318982449006673","18,3","4,6",Infravalorado,Memphis Grizzlies,Memphis,"35,1382","-90,0505"
John Wall,2013,WAS,PG,22,"7,459925","4,5","0,60322322275358","20,8","2,4",Valor de mercado,Washington Wizards,Washington,"38,8981","-77,0209"
Taj Gibson,2013,CHI,PF,27,"7,41573","3,3","0,44500002022727364","14,4","0,3",Valor de mercado,Chicago Bulls,Chicago,"41,8807","-87,6742"
Beno Udrih,2013,ORL,SG,30,"7,372","2,2","0,29842647856755294","14,2","0,2",Valor de mercado,Orlando Magic,Orlando,"28,5392","-81,3839"
Al Harrington,2013,ORL,C,32,"7,1486","0,0","0,0","10,3","-0,1",Sobrepagado,Orlando Magic,Orlando,"28,5392","-81,3839"
Tayshaun Prince,2013,MEM,SF,32,"6,764045","3,6","0,5322259092007815","11,5","0,5",Valor de mercado,Memphis Grizzlies,Memphis,"35,1382","-90,0505"
Samuel Dalembert,2013,MIL,C,31,"6,698565","2,2","0,32842855148826655","18,6","0,3",Valor de mercado,Milwaukee Bucks,Milwaukee,"43,045","-87,917"
Drew Gooden,2013,MIL,C,31,"6,6874","-0,1","-0,014953494631695428","7,7","-0,2",Sobrepagado,Milwaukee Bucks,Milwaukee,"43,045","-87,917"
Wesley Matthews,2013,POR,SG,26,"6,50532","4,7","0,7224855964041739","14,1","1,5",Valor de mercado,Portland Trail Blazers,Portland,"45,5316","-122,6668"
Spencer Hawes,2013,PHI,C,24,"6,5","4,5","0,6923076923076923","16,0","0,9",Valor de mercado,Philadelphia 76ers,Philadelphia,"39,9012","-75,172"
Glen Davis,2013,ORL,PF,27,"6,4","0,8","0,125","15,0","0,0",Sobrepagado,Orlando Magic,Orlando,"28,5392","-81,3839"
Landry Fields,2013,TOR,SF,24,"6,25","1,1","0,17600000000000002","10,3","0,1",Sobrepagado,Toronto Raptors,Toronto,"43,6435","-79,3791"
Mike Miller,2013,MIA,SF,32,"6,2","2,6","0,41935483870967744","13,5","0,8",Valor de mercado,Miami Heat,Miami,"25,7814","-80,187"
Luke Walton,2013,CLE,PF,32,"6,091363","0,8","0,13133349629631333","11,3","0,2",Sobrepagado,Cleveland Cavaliers,Cleveland,"41,4965","-81,6882"
Amir Johnson,2013,TOR,PF,25,"6,05","7,3","1,2066115702479339","17,3","1,8",Infravalorado,Toronto Raptors,Toronto,"43,6435","-79,3791"
Michael Beasley,2013,PHO,SF,24,"6,0","-1,5","-0,25","10,8","-1,1",Sobrepagado,Phoenix Suns,Phoenix,"33,4457","-112,0712"
Brandon Bass,2013,BOS,PF,27,"6,0","4,7","0,7833333333333333","12,3","0,1",Infravalorado,Boston Celtics,Boston,"42,3662","-71,0621"
Wilson Chandler,2013,DEN,PF,25,"5,930414","3,1","0,5227291045785337","16,6","0,7",Valor de mercado,Denver Nuggets,Denver,"39,7487","-105,0077"
James Harden,2013,HOU,SG,23,"5,820417","12,8","2,199155146443975","22,9","5,8",Infravalorado,Houston Rockets,Houston,"29,7508","-95,3621"
Jason Richardson,2013,PHI,SG,32,"5,799625","1,4","0,24139491777485614","12,6","0,4",Sobrepagado,Philadelphia 76ers,Philadelphia,"39,9012","-75,172"
Kyle Lowry,2013,TOR,PG,26,"5,75","5,6","0,9739130434782608","17,5","2,5",Infravalorado,Toronto Raptors,Toronto,"43,6435","-79,3791"
Nick Young,2013,PHI,SG,27,"5,6","2,3","0,4107142857142857","13,3","0,5",Valor de mercado,Philadelphia 76ers,Philadelphia,"39,9012","-75,172"
Chuck Hayes,2013,SAC,C,29,"5,48625","1,5","0,2734107997265892","10,7","0,2",Valor de mercado,Sacramento Kings,Sacramento,"38,5802","-121,4997"
Jarrett Jack,2013,GSW,SG,29,"5,4","5,6","1,037037037037037","15,9","1,4",Infravalorado,Golden State Warriors,San Francisco,"37,768","-122,3877"
Kyrie Irving,2013,CLE,PG,20,"5,37576","5,3","0,9859071089483161","21,4","3,0",Infravalorado,Cleveland Cavaliers,Cleveland,"41,4965","-81,6882"
Evan Turner,2013,PHI,SF,24,"5,29308","2,1","0,39674442857466735","12,1","-0,3",Valor de mercado,Philadelphia 76ers,Philadelphia,"39,9012","-75,172"
Tyreke Evans,2013,SAC,SG,23,"5,250825","4,4","0,8379635581075355","18,1","1,9",Infravalorado,Sacramento Kings,Sacramento,"38,5802","-121,4997"
Jason Thompson,2013,SAC,PF,26,"5,25","3,6","0,6857142857142857","14,6","-0,3",Valor de mercado,Sacramento Kings,Sacramento,"38,5802","-121,4997"
Zaza Pachulia,2013,ATL,C,28,"5,24875","2,7","0,5144081924267683","13,1","0,1",Valor de mercado,Atlanta Hawks,Atlanta,"33,7573","-84,3963"
Jamal Crawford,2013,LAC,SG,32,"5,225","5,4","1,0334928229665072","16,8","1,7",Infravalorado,LA Clippers,Los Angeles,"34,043","-118,2673"
Martell Webster,2013,WAS,SF,26,"5,15","6,3","1,2233009708737863","13,9","1,6",Infravalorado,Washington Wizards,Washington,"38,8981","-77,0209"
Anthony Davis,2013,NOH,PF,19,"5,14428","6,1","1,185783044468808","21,7","2,1",Infravalorado,New Orleans Hornets,New Orleans,"29,949","-90,0821"
Jason Maxiell,2013,DET,PF,29,"5,0","1,8","0,36","11,3","-0,6",Valor de mercado,Detroit Pistons,Detroit,"42,341","-83,0552"
Ramon Sessions,2013,CHA,SG,26,"5,0","2,9","0,58","17,7","0,7",Valor de mercado,Charlotte Hornets,Charlotte,"35,2251","-80,8392"
Andre Miller,2013,DEN,PG,36,"5,0","5,4","1,08","15,7","1,6",Infravalorado,Denver Nuggets,Denver,"39,7487","-105,0077"
Kyle Korver,2013,ATL,SF,31,"5,0","6,4","1,28","13,9","2,2",Infravalorado,Atlanta Hawks,Atlanta,"33,7573","-84,3963"
Jason Terry,2013,BOS,SG,35,"5,0","4,0","0,8","12,8","1,0",Infravalorado,Boston Celtics,Boston,"42,3662","-71,0621"
Lou Williams,2013,ATL,SG,26,"5,0","2,4","0,48","15,9","0,9",Valor de mercado,Atlanta Hawks,Atlanta,"33,7573","-84,3963"
Courtney Lee,2013,BOS,SG,27,"5,0","3,3","0,6599999999999999","11,7","0,7",Valor de mercado,Boston Celtics,Boston,"42,3662","-71,0621"
Richard Hamilton,2013,CHI,SG,34,"5,0","0,4","0,08","10,6","-0,6",Sobrepagado,Chicago Bulls,Chicago,"41,8807","-87,6742"
Robin Lopez,2013,NOH,C,24,"4,899293","5,6","1,1430220646121796","18,9","1,4",Infravalorado,New Orleans Hornets,New Orleans,"29,949","-90,0821"
Derrick Williams,2013,MIN,PF,21,"4,80984","3,0","0,6237213711890623","14,5","0,2",Valor de mercado,Minnesota Timberwolves,Minneapolis,"44,9795","-93,276"
Michael Kidd-Gilchrist,2013,CHA,SF,19,"4,80984","2,1","0,4366049598323437","14,0","-0,3",Valor de mercado,Charlotte Hornets,Charlotte,"35,2251","-80,8392"
Luc Mbah a Moute,2013,MIL,SF,26,"4,794192","0,5","0,10429286102851117","9,1","-0,7",Sobrepagado,Milwaukee Bucks,Milwaukee,"43,045","-87,917"
Daniel Gibson,2013,CLE,PG,26,"4,792332","0,5","0,10433333917600032","7,7","-0,3",Sobrepagado,Cleveland Cavaliers,Cleveland,"41,4965","-81,6882"
Derrick Favors,2013,UTA,PF,21,"4,75332","4,4","0,9256687957048968","17,5","0,7",Infravalorado,Utah Jazz,Salt Lake City,"40,7683","-111,9011"
Linas Kleiza,2013,TOR,SF,28,"4,6","0,1","0,02173913043478261","8,2","-0,3",Sobrepagado,Toronto Raptors,Toronto,"43,6435","-79,3791"
Marcus Camby,2013,NYK,PF,38,"4,590338","0,0","0,0","8,6","-0,1",Sobrepagado,New York Knicks,New York,"40,7505","-73,9934"
Luis Scola,2013,PHO,PF,32,"4,508504","4,4","0,9759334803739778","16,7","0,8",Infravalorado,Phoenix Suns,Phoenix,"33,4457","-112,0712"
Boris Diaw,2013,SAS,PF,30,"4,5","4,4","0,9777777777777779","11,9","1,2",Infravalorado,San Antonio Spurs,San Antonio,"29,427","-98,4375"
Jonas Jerebko,2013,DET,PF,25,"4,5","2,0","0,4444444444444444","15,7","0,4",Valor de mercado,Detroit Pistons,Detroit,"42,341","-83,0552"
J.J. Barea,2013,MIN,PG,28,"4,4935","1,9","0,4228329809725158","14,1","0,6",Valor de mercado,Minnesota Timberwolves,Minneapolis,"44,9795","-93,276"
Udonis Haslem,2013,MIA,PF,32,"4,34","3,2","0,7373271889400922","9,9","-0,4",Infravalorado,Miami Heat,Miami,"25,7814","-80,187"
Bradley Beal,2013,WAS,SG,19,"4,31928","3,0","0,6945602044785242","13,6","1,0",Valor de mercado,Washington Wizards,Washington,"38,8981","-77,0209"
Wesley Johnson,2013,PHO,SF,25,"4,28556","0,0","0,0","10,3","-0,3",Sobrepagado,Phoenix Suns,Phoenix,"33,4457","-112,0712"
Jared Dudley,2013,PHO,SF,27,"4,25","4,8","1,1294117647058823","14,9","1,5",Infravalorado,Phoenix Suns,Phoenix,"33,4457","-112,0712"
Marreese Speights,2013,CLE,C,25,"4,2","2,8","0,6666666666666666","17,3","-0,2",Valor de mercado,Cleveland Cavaliers,Cleveland,"41,4965","-81,6882"
Dorell Wright,2013,PHI,SF,27,"4,106","4,9","1,1933755479785682","16,0","2,1",Infravalorado,Philadelphia 76ers,Philadelphia,"39,9012","-75,172"
Kirk Hinrich,2013,CHI,PG,32,"4,059","3,1","0,7637349100763735","10,8","0,5",Infravalorado,Chicago Bulls,Chicago,"41,8807","-87,6742"
Steve Novak,2013,NYK,SF,29,"4,054055","4,0","0,9866664364444981","11,3","0,9",Infravalorado,New York Knicks,New York,"40,7505","-73,9934"
O.J. Mayo,2013,DAL,SG,25,"4,02","4,2","1,0447761194029852","13,9","1,1",Infravalorado,Dallas Mavericks,Dallas,"32,7905","-96,8103"
Mario Chalmers,2013,MIA,PG,26,"4,0","5,2","1,3","13,3","1,3",Infravalorado,Miami Heat,Miami,"25,7814","-80,187"
Luke Ridnour,2013,MIN,SG,31,"4,0","4,3","1,075","13,0","0,8",Infravalorado,Minnesota Timberwolves,Minneapolis,"44,9795","-93,276"
Ian Mahinmi,2013,IND,C,26,"4,0","2,3","0,575","10,6","-0,5",Valor de mercado,Indiana Pacers,Indianapolis,"39,764","-86,1555"
Anthony Morrow,2013,DAL,SG,27,"4,0","0,7","0,175","12,0","0,0",Sobrepagado,Dallas Mavericks,Dallas,"32,7905","-96,8103"
Carl Landry,2013,GSW,PF,29,"4,0","6,2","1,55","17,5","0,8",Infravalorado,Golden State Warriors,San Francisco,"37,768","-122,3877"
Hakim Warrick,2013,CHA,PF,30,"4,0","0,0","0,0","11,5","-0,3",Sobrepagado,Charlotte Hornets,Charlotte,"35,2251","-80,8392"
Steve Blake,2013,LAL,PG,32,"4,0","2,4","0,6","11,7","0,7",Valor de mercado,LA Lakers,Los Angeles,"34,043","-118,2673"
Stephen Curry,2013,GSW,PG,24,"3,958742","11,2","2,8291815935466365","21,3","5,6",Infravalorado,Golden State Warriors,San Francisco,"37,768","-122,3877"
Tiago Splitter,2013,SAS,PF,28,"3,944","8,2","2,079107505070994","18,7","2,1",Infravalorado,San Antonio Spurs,San Antonio,"29,427","-98,4375"
Thabo Sefolosha,2013,OKC,SG,28,"3,9","6,8","1,7435897435897436","12,8","2,5",Infravalorado,Oklahoma City Thunder,Oklahoma City,"35,4634","-97,5151"
Tristan Thompson,2013,CLE,PF,21,"3,89424","5,2","1,3353054768067711","16,1","0,1",Infravalorado,Cleveland Cavaliers,Cleveland,"41,4965","-81,6882"
DeMarcus Cousins,2013,SAC,C,22,"3,8808","4,4","1,1337868480725626","20,2","1,2",Infravalorado,Sacramento Kings,Sacramento,"38,5802","-121,4997"
Joel Anthony,2013,MIA,C,30,"3,8","1,2","0,3157894736842105","10,4","0,1",Valor de mercado,Miami Heat,Miami,"25,7814","-80,187"
Ricky Rubio,2013,MIN,PG,22,"3,74112","3,0","0,8018988965871183","16,2","1,3",Infravalorado,Minnesota Timberwolves,Minneapolis,"44,9795","-93,276"
Dion Waiters,2013,CLE,SG,21,"3,7266","0,9","0,2415070037031074","13,7","-0,1",Sobrepagado,Cleveland Cavaliers,Cleveland,"41,4965","-81,6882"
Matt Bonner,2013,SAS,PF,32,"3,63","2,5","0,6887052341597797","11,8","0,5",Valor de mercado,San Antonio Spurs,San Antonio,"29,427","-98,4375"
Jordan Hill,2013,LAL,PF,25,"3,5636","1,4","0,3928611516444045","18,5","0,0",Valor de mercado,LA Lakers,Los Angeles,"34,043","-118,2673"
Ekpe Udoh,2013,MIL,C,25,"3,52488","2,7","0,7659835228433309","12,0","0,1",Infravalorado,Milwaukee Bucks,Milwaukee,"43,045","-87,917"
Shannon Brown,2013,PHO,SG,27,"3,5","1,2","0,34285714285714286","13,1","0,2",Valor de mercado,Phoenix Suns,Phoenix,"33,4457","-112,0712"
Danny Green,2013,SAS,SG,25,"3,5","5,9","1,6857142857142857","14,1","2,7",Infravalorado,San Antonio Spurs,San Antonio,"29,427","-98,4375"
Chris Duhon,2013,LAL,PG,30,"3,5","1,0","0,2857142857142857","8,0","-0,2",Valor de mercado,LA Lakers,Los Angeles,"34,043","-118,2673"
Alonzo Gee,2013,CLE,SF,25,"3,5","1,9","0,5428571428571428","10,5","-0,4",Valor de mercado,Cleveland Cavaliers,Cleveland,"41,4965","-81,6882"
Gerald Green,2013,IND,SF,27,"3,5","1,3","0,37142857142857144","9,9","0,0",Valor de mercado,Indiana Pacers,Indianapolis,"39,764","-86,1555"
Johan Petro,2013,ATL,C,27,"3,5","0,4","0,1142857142857143","11,0","-0,3",Sobrepagado,Atlanta Hawks,Atlanta,"33,7573","-84,3963"
Raymond Felton,2013,NYK,PG,28,"3,480453","4,2","1,2067394675348297","15,2","1,2",Infravalorado,New York Knicks,New York,"40,7505","-73,9934"
Thomas Robinson,2013,HOU,PF,21,"3,37464","-0,1","-0,029632790460612096","10,9","-0,9",Sobrepagado,Houston Rockets,Houston,"29,7508","-95,3621"
DeMar DeRozan,2013,TOR,SG,23,"3,34425","4,7","1,4053973237646706","14,7","0,4",Infravalorado,Toronto Raptors,Toronto,"43,6435","-79,3791"
Tony Allen,2013,MEM,SG,31,"3,3","5,1","1,5454545454545454","13,2","1,2",Infravalorado,Memphis Grizzlies,Memphis,"35,1382","-90,0505"
Shane Battier,2013,MIA,SF,34,"3,27","4,4","1,345565749235474","10,7","1,4",Infravalorado,Miami Heat,Miami,"25,7814","-80,187"
Matt Barnes,2013,LAC,SF,32,"3,25","6,3","1,9384615384615385","15,5","2,0",Infravalorado,LA Clippers,Los Angeles,"34,043","-118,2673"
Will Bynum,2013,DET,PG,30,"3,25","1,7","0,5230769230769231","16,6","0,3",Valor de mercado,Detroit Pistons,Detroit,"42,341","-83,0552"
Corey Brewer,2013,DEN,SF,26,"3,243","3,9","1,2025901942645698","14,7","1,2",Infravalorado,Denver Nuggets,Denver,"39,7487","-105,0077"
Ray Allen,2013,MIA,SG,37,"3,22905","5,4","1,6723184837645748","14,7","1,2",Infravalorado,Miami Heat,Miami,"25,7814","-80,187"
Greg Monroe,2013,DET,C,22,"3,21768","5,9","1,833619253623729","19,5","2,6",Infravalorado,Detroit Pistons,Detroit,"42,341","-83,0552"
Mike Dunleavy,2013,MIL,SF,32,"3,183","4,4","1,3823437009110904","13,6","1,2",Infravalorado,Milwaukee Bucks,Milwaukee,"43,045","-87,917"
Brandon Jennings,2013,MIL,PG,23,"3,179493","5,8","1,8241902089421176","16,1","2,2",Infravalorado,Milwaukee Bucks,Milwaukee,"43,045","-87,917"
Timofey Mozgov,2013,DEN,C,26,"3,140429","0,7","0,222899482841357","12,3","-0,2",Sobrepagado,Denver Nuggets,Denver,"39,7487","-105,0077"
Jason Kidd,2013,NYK,SG,39,"3,09","5,4","1,7475728155339807","13,5","2,7",Infravalorado,New York Knicks,New York,"40,7505","-73,9934"
Vince Carter,2013,DAL,SF,36,"3,09","6,0","1,941747572815534","17,8","2,6",Infravalorado,Dallas Mavericks,Dallas,"32,7905","-96,8103"
Damian Lillard,2013,POR,PG,22,"3,06504","5,8","1,8923080938584813","16,4","1,8",Infravalorado,Portland Trail Blazers,Portland,"45,5316","-122,6668"
Tyler Hansbrough,2013,IND,PF,27,"3,055259","4,4","1,4401397721109734","15,3","0,0",Infravalorado,Indiana Pacers,Indianapolis,"39,764","-86,1555"
Bismack Biyombo,2013,CHA,C,20,"3,04992","1,4","0,45902843353268274","10,1","-1,3",Valor de mercado,Charlotte Hornets,Charlotte,"35,2251","-80,8392"
Joel Freeland,2013,POR,PF,25,"3,013512","0,2","0,06636774633716408","9,3","-0,4",Sobrepagado,Portland Trail Blazers,Portland,"45,5316","-122,6668"
Lavoy Allen,2013,PHI,C,23,"3,0","2,5","0,8333333333333334","11,5","-0,6",Infravalorado,Philadelphia 76ers,Philadelphia,"39,9012","-75,172"
Kosta Koufos,2013,DEN,C,23,"3,0","6,5","2,1666666666666665","17,2","1,2",Infravalorado,Denver Nuggets,Denver,"39,7487","-105,0077"
Travis Outlaw,2013,SAC,SF,28,"3,0","0,3","0,09999999999999999","13,0","0,0",Sobrepagado,Sacramento Kings,Sacramento,"38,5802","-121,4997"
Jerryd Bayless,2013,MEM,PG,24,"3,0","4,0","1,3333333333333333","13,5","1,0",Infravalorado,Memphis Grizzlies,Memphis,"35,1382","-90,0505"
Carlos Delfino,2013,HOU,SF,30,"3,0","3,5","1,1666666666666667","13,3","1,5",Infravalorado,Houston Rockets,Houston,"29,7508","-95,3621"
Austin Daye,2013,MEM,SF,24,"2,958077","1,6","0,5408919375661959","12,9","0,4",Valor de mercado,Memphis Grizzlies,Memphis,"35,1382","-90,0505"
Al-Farouq Aminu,2013,NOH,SF,22,"2,9478","3,1","1,0516317253545018","13,7","1,0",Infravalorado,New Orleans Hornets,New Orleans,"29,949","-90,0821"
Alexey Shved,2013,MIN,SG,24,"2,93461","0,8","0,27260862601844876","11,0","0,1",Valor de mercado,Minnesota Timberwolves,Minneapolis,"44,9795","-93,276"
Dahntay Jones,2013,ATL,SF,32,"2,9","0,6","0,20689655172413793","6,4","-0,9",Sobrepagado,Atlanta Hawks,Atlanta,"33,7573","-84,3963"
Kwame Brown,2013,PHI,C,30,"2,819044","0,4","0,1418920740506356","8,8","-0,2",Sobrepagado,Philadelphia 76ers,Philadelphia,"39,9012","-75,172"
James Johnson,2013,SAC,SF,25,"2,812006","-0,5","-0,1778090089423707","10,2","-0,3",Sobrepagado,Sacramento Kings,Sacramento,"38,5802","-121,4997"
Harrison Barnes,2013,GSW,SF,20,"2,79804","2,8","1,0007004903432402","11,0","0,1",Infravalorado,Golden State Warriors,San Francisco,"37,768","-122,3877"
Gordon Hayward,2013,UTA,SF,22,"2,70972","5,4","1,9928258270227184","16,8","2,1",Infravalorado,Utah Jazz,Salt Lake City,"40,7683","-111,9011"
Brandon Knight,2013,DET,PG,21,"2,67864","1,1","0,4106561538691276","12,0","-0,5",Valor de mercado,Detroit Pistons,Detroit,"42,341","-83,0552"
Jrue Holiday,2013,PHI,PG,22,"2,674852","3,3","1,2337131175855711","16,7","1,9",Infravalorado,Philadelphia 76ers,Philadelphia,"39,9012","-75,172"
Josh McRoberts,2013,CHA,PF,25,"2,652","2,2","0,8295625942684767","12,7","0,2",Infravalorado,Charlotte Hornets,Charlotte,"35,2251","-80,8392"
Eric Bledsoe,2013,LAC,PG,23,"2,626473","3,7","1,4087333088899068","17,5","2,2",Infravalorado,LA Clippers,Los Angeles,"34,043","-118,2673"
Nick Collison,2013,OKC,C,32,"2,585668","5,2","2,0110857233024504","13,6","1,2",Infravalorado,Oklahoma City Thunder,Oklahoma City,"35,4634","-97,5151"
Greg Stiemsma,2013,MIN,C,27,"2,575","1,7","0,6601941747572815","10,5","-0,3",Valor de mercado,Minnesota Timberwolves,Minneapolis,"44,9795","-93,276"
Aaron Gray,2013,TOR,C,28,"2,575","0,5","0,1941747572815534","9,0","-0,3",Sobrepagado,Toronto Raptors,Toronto,"43,6435","-79,3791"
Paul George,2013,IND,SF,22,"2,57412","9,0","3,4963404969465293","16,8","4,4",Infravalorado,Indiana Pacers,Indianapolis,"39,764","-86,1555"
Kemba Walker,2013,CHA,PG,22,"2,56836","4,8","1,8688968836144464","18,8","2,4",Infravalorado,Charlotte Hornets,Charlotte,"35,2251","-80,8392"
Terrence Ross,2013,TOR,SG,21,"2,56332","0,9","0,35110715790459246","10,4","-0,1",Valor de mercado,Toronto Raptors,Toronto,"43,6435","-79,3791"
Ty Lawson,2013,DEN,PG,25,"2,544529","7,4","2,908200299544631","17,9","2,5",Infravalorado,Denver Nuggets,Denver,"39,7487","-105,0077"
Randy Foye,2013,UTA,SG,29,"2,5","3,7","1,48","11,7","0,8",Infravalorado,Utah Jazz,Salt Lake City,"40,7683","-111,9011"
Jason Smith,2013,NOH,C,26,"2,5","1,7","0,6799999999999999","16,8","0,1",Valor de mercado,New Orleans Hornets,New Orleans,"29,949","-90,0821"
Cole Aldrich,2013,SAC,C,24,"2,44548","0,6","0,24535060601599687","11,1","-0,1",Sobrepagado,Sacramento Kings,Sacramento,"38,5802","-121,4997"
Jeff Teague,2013,ATL,PG,24,"2,433077","6,1","2,5071134205781402","16,8","1,5",Infravalorado,Atlanta Hawks,Atlanta,"33,7573","-84,3963"
Aaron Brooks,2013,HOU,PG,28,"2,4","0,8","0,33333333333333337","11,8","0,0",Valor de mercado,Houston Rockets,Houston,"29,7508","-95,3621"
Andre Drummond,2013,DET,C,19,"2,35632","4,5","1,9097575881034832","21,6","1,4",Infravalorado,Detroit Pistons,Detroit,"42,341","-83,0552"
Trevor Booker,2013,WAS,PF,25,"2,35082","2,3","0,9783820113832619","13,9","0,2",Infravalorado,Washington Wizards,Washington,"38,8981","-77,0209"
Jimmer Fredette,2013,SAC,SG,23,"2,33904","1,1","0,4702784048156509","14,6","0,2",Valor de mercado,Sacramento Kings,Sacramento,"38,5802","-121,4997"
Xavier Henry,2013,NOH,SF,21,"2,3232","0,0","0,0","7,6","-0,6",Sobrepagado,New Orleans Hornets,New Orleans,"29,949","-90,0821"
Earl Watson,2013,UTA,PG,33,"2,3","0,0","0,0","7,7","-0,3",Sobrepagado,Utah Jazz,Salt Lake City,"40,7683","-111,9011"
Omri Casspi,2013,CLE,SF,24,"2,277306","0,7","0,30738073846905073","12,9","0,2",Valor de mercado,Cleveland Cavaliers,Cleveland,"41,4965","-81,6882"
DeShawn Stevenson,2013,ATL,SG,31,"2,24045","1,5","0,6695083576959986","8,1","-0,1",Valor de mercado,Atlanta Hawks,Atlanta,"33,7573","-84,3963"
Austin Rivers,2013,NOH,SG,20,"2,23836","-1,1","-0,4914312264336389","5,9","-1,5",Sobrepagado,New Orleans Hornets,New Orleans,"29,949","-90,0821"
Rodrigue Beaubois,2013,DAL,PG,24,"2,227333","0,4","0,17958697689119682","10,6","-0,1",Sobrepagado,Dallas Mavericks,Dallas,"32,7905","-96,8103"
C.J. Miles,2013,CLE,SF,25,"2,225","2,6","1,1685393258426966","15,3","1,1",Infravalorado,Cleveland Cavaliers,Cleveland,"41,4965","-81,6882"
Klay Thompson,2013,GSW,SG,22,"2,22216","4,3","1,9350541815170823","12,7","1,3",Infravalorado,Golden State Warriors,San Francisco,"37,768","-122,3877"
Ed Davis,2013,MEM,C,23,"2,20704","5,4","2,446715963462375","17,8","0,9",Infravalorado,Memphis Grizzlies,Memphis,"35,1382","-90,0505"
Meyers Leonard,2013,POR,C,20,"2,12652","2,4","1,1286044805597877","12,1","-0,4",Infravalorado,Portland Trail Blazers,Portland,"45,5316","-122,6668"
Alec Burks,2013,UTA,SG,21,"2,11116","1,0","0,47367324125125526","11,5","-0,2",Valor de mercado,Utah Jazz,Salt Lake City,"40,7683","-111,9011"
Jeremy Lamb,2013,OKC,SF,20,"2,11116","0,2","0,09473464825025106","11,2","-0,1",Sobrepagado,Oklahoma City Thunder,Oklahoma City,"35,4634","-97,5151"
Elton Brand,2013,DAL,C,33,"2,1005","3,4","1,6186622232801715","15,2","0,4",Infravalorado,Dallas Mavericks,Dallas,"32,7905","-96,8103"
Patrick Patterson,2013,SAC,PF,23,"2,09676","4,1","1,9553978519239203","15,2","0,9",Infravalorado,Sacramento Kings,Sacramento,"38,5802","-121,4997"
Markieff Morris,2013,PHO,PF,23,"2,09184","1,7","0,8126816582530213","12,6","0,0",Infravalorado,Phoenix Suns,Phoenix,"33,4457","-112,0712"
Dante Cunningham,2013,MIN,PF,25,"2,09","3,5","1,674641148325359","13,3","0,3",Infravalorado,Minnesota Timberwolves,Minneapolis,"44,9795","-93,276"
Wayne Ellington,2013,CLE,SG,25,"2,083042","3,2","1,5362148242810276","12,2","0,6",Infravalorado,Cleveland Cavaliers,Cleveland,"41,4965","-81,6882"
Toney Douglas,2013,SAC,PG,26,"2,06788","2,4","1,1606089328200861","13,4","0,5",Infravalorado,Sacramento Kings,Sacramento,"38,5802","-121,4997"
Brendan Haywood,2013,CHA,C,33,"2,05","0,1","0,04878048780487806","8,7","-1,2",Sobrepagado,Charlotte Hornets,Charlotte,"35,2251","-80,8392"
Eric Maynor,2013,POR,PG,25,"2,016","0,2","0,09920634920634921","9,3","-0,6",Sobrepagado,Portland Trail Blazers,Portland,"45,5316","-122,6668"
Kendall Marshall,2013,PHO,PG,21,"2,00556","-0,2","-0,09972277069746106","7,8","-0,6",Sobrepagado,Phoenix Suns,Phoenix,"33,4457","-112,0712"
Larry Sanders,2013,MIL,C,24,"1,99176","6,0","3,012411133871551","18,7","1,5",Infravalorado,Milwaukee Bucks,Milwaukee,"43,045","-87,917"
Grant Hill,2013,LAC,SF,40,"1,975","-0,1","-0,05063291139240506","4,8","-0,4",Sobrepagado,LA Clippers,Los Angeles,"34,043","-118,2673"
Marco Belinelli,2013,CHI,SG,26,"1,957","3,0","1,5329586101175268","10,4","-0,1",Infravalorado,Chicago Bulls,Chicago,"41,8807","-87,6742"
Darren Collison,2013,DAL,PG,25,"1,9","5,6","2,9473684210526314","16,3","1,3",Infravalorado,Dallas Mavericks,Dallas,"32,7905","-96,8103"
Luke Babbitt,2013,POR,PF,23,"1,89228","0,7","0,3699241127105925","9,4","-0,1",Valor de mercado,Portland Trail Blazers,Portland,"45,5316","-122,6668"
John Henson,2013,MIL,PF,22,"1,82328","1,9","1,0420780132508445","18,2","0,1",Infravalorado,Milwaukee Bucks,Milwaukee,"43,045","-87,917"
Maurice Harkless,2013,ORL,SF,19,"1,80984","2,4","1,3260840737302746","12,5","0,4",Infravalorado,Orlando Magic,Orlando,"28,5392","-81,3839"
Kawhi Leonard,2013,SAS,SF,21,"1,80984","6,2","3,425717190469876","16,4","2,3",Infravalorado,San Antonio Spurs,San Antonio,"29,427","-98,4375"
Jeremy Evans,2013,UTA,PF,25,"1,794872","0,9","0,5014285141224555","19,9","0,2",Valor de mercado,Utah Jazz,Salt Lake City,"40,7683","-111,9011"
Chris Andersen,2013,MIA,C,34,"1,679408","2,7","1,6077093833064986","17,4","0,3",Infravalorado,Miami Heat,Miami,"25,7814","-80,187"
Anthony Randolph,2013,DEN,PF,23,"1,674641","0,5","0,29857145501632887","15,6","-0,1",Valor de mercado,Denver Nuggets,Denver,"39,7487","-105,0077"
Iman Shumpert,2013,NYK,SG,22,"1,63344","1,9","1,1631893427368007","11,7","0,5",Infravalorado,New York Knicks,New York,"40,7505","-73,9934"
Avery Bradley,2013,BOS,PG,22,"1,6308","0,4","0,24527839097375523","8,8","-0,6",Sobrepagado,Boston Celtics,Boston,"42,3662","-71,0621"
Reggie Evans,2013,BRK,PF,32,"1,622617","4,3","2,6500400279301894","12,8","0,1",Infravalorado,Brooklyn Nets,Brooklyn,"40,6828","-73,9752"
Chris Singleton,2013,WAS,PF,23,"1,61868","0,5","0,30889366644426325","7,8","-0,6",Valor de mercado,Washington Wizards,Washington,"38,8981","-77,0209"
Sebastian Telfair,2013,TOR,PG,27,"1,5675","0,8","0,5103668261562999","10,9","0,1",Valor de mercado,Toronto Raptors,Toronto,"43,6435","-79,3791"
Tyler Zeller,2013,CLE,C,23,"1,56312","2,0","1,2794922974563692","11,0","-1,0",Infravalorado,Cleveland Cavaliers,Cleveland,"41,4965","-81,6882"
Jodie Meeks,2013,LAL,SG,25,"1,55","3,0","1,9354838709677418","11,4","0,4",Infravalorado,LA Lakers,Los Angeles,"34,043","-118,2673"
Tobias Harris,2013,ORL,SF,20,"1,54584","2,4","1,5525539512498057","16,0","0,5",Infravalorado,Orlando Magic,Orlando,"28,5392","-81,3839"
John Lucas III,2013,TOR,PG,30,"1,5","1,1","0,7333333333333334","12,8","0,3",Valor de mercado,Toronto Raptors,Toronto,"43,6435","-79,3791"
Jeff Ayres,2013,IND,PF,25,"1,5","1,0","0,6666666666666666","14,5","0,1",Valor de mercado,Indiana Pacers,Indianapolis,"39,764","-86,1555"
James Jones,2013,MIA,SF,32,"1,5","0,2","0,13333333333333333","8,1","-0,1",Sobrepagado,Miami Heat,Miami,"25,7814","-80,187"
Terrence Jones,2013,HOU,PF,21,"1,485","0,7","0,47138047138047134","17,1","0,3",Valor de mercado,Houston Rockets,Houston,"29,7508","-95,3621"
Andrew Nicholson,2013,ORL,PF,23,"1,482","1,7","1,147098515519568","15,1","-0,2",Infravalorado,Orlando Magic,Orlando,"28,5392","-81,3839"
Jared Jeffries,2013,POR,PF,31,"1,475106","-0,3","-0,20337521506928993","2,4","-0,5",Sobrepagado,Portland Trail Blazers,Portland,"45,5316","-122,6668"
Nando De Colo,2013,SAS,SG,25,"1,4","1,3","0,9285714285714287","11,1","0,2",Infravalorado,San Antonio Spurs,San Antonio,"29,427","-98,4375"
Willie Green,2013,LAC,SG,31,"1,399507","2,5","1,786343333759674","11,8","0,3",Infravalorado,LA Clippers,Los Angeles,"34,043","-118,2673"
Rashard Lewis,2013,MIA,PF,33,"1,399507","1,2","0,8574448002046434","11,1","-0,1",Infravalorado,Miami Heat,Miami,"25,7814","-80,187"
Nolan Smith,2013,POR,PG,24,"1,36572","-0,5","-0,36610725478136075","7,1","-0,4",Sobrepagado,Portland Trail Blazers,Portland,"45,5316","-122,6668"
Evan Fournier,2013,DEN,SG,20,"1,3614","1,0","0,7345379756133392","13,8","0,1",Valor de mercado,Denver Nuggets,Denver,"39,7487","-105,0077"
Jamaal Tinsley,2013,UTA,PG,34,"1,352181","0,9","0,6655913668362445","10,6","0,2",Valor de mercado,Utah Jazz,Salt Lake City,"40,7683","-111,9011"
Kurt Thomas,2013,NYK,PF,40,"1,352181","1,1","0,8135005594665211","13,3","0,2",Infravalorado,New York Knicks,New York,"40,7505","-73,9934"
Kenneth Faried,2013,DEN,PF,23,"1,31124","7,8","5,948567767914341","18,5","1,7",Infravalorado,Denver Nuggets,Denver,"39,7487","-105,0077"
Jared Sullinger,2013,BOS,PF,20,"1,30692","2,7","2,0659259939399504","13,5","0,0",Infravalorado,Boston Celtics,Boston,"42,3662","-71,0621"
Hamed Haddadi,2013,PHO,C,27,"1,3","0,1","0,07692307692307693","10,2","-0,3",Sobrepagado,Phoenix Suns,Phoenix,"33,4457","-112,0712"
Victor Claver,2013,POR,SF,24,"1,3","-0,1","-0,07692307692307693","7,0","-0,3",Sobrepagado,Portland Trail Blazers,Portland,"45,5316","-122,6668"
Dominique Jones,2013,DAL,PG,24,"1,27656","0,0","0,0","12,4","-0,1",Sobrepagado,Dallas Mavericks,Dallas,"32,7905","-96,8103"
Reggie Jackson,2013,OKC,PG,22,"1,26036","2,5","1,983560252626234","14,2","0,5",Infravalorado,Oklahoma City Thunder,Oklahoma City,"35,4634","-97,5151"
Quincy Pondexter,2013,MEM,SF,24,"1,23432","3,2","2,592520578132089","11,0","0,6",Infravalorado,Memphis Grizzlies,Memphis,"35,1382","-90,0505"
John Jenkins,2013,ATL,SG,21,"1,20456","1,7","1,4113037125589425","13,0","0,3",Infravalorado,Atlanta Hawks,Atlanta,"33,7573","-84,3963"
Hasheem Thabeet,2013,OKC,C,25,"1,2","2,2","1,8333333333333335","11,6","0,1",Infravalorado,Oklahoma City Thunder,Oklahoma City,"35,4634","-97,5151"
Jordan Crawford,2013,BOS,SG,24,"1,19868","1,9","1,5850769179430706","13,8","0,5",Infravalorado,Boston Celtics,Boston,"42,3662","-71,0621"
MarShon Brooks,2013,BRK,SG,24,"1,16004","1,3","1,1206510120340678","13,5","0,1",Infravalorado,Brooklyn Nets,Brooklyn,"40,6828","-73,9752"
Ronnie Price,2013,POR,PG,29,"1,146337","-0,2","-0,17446876442093384","6,8","-0,4",Sobrepagado,Portland Trail Blazers,Portland,"45,5316","-122,6668"
Norris Cole,2013,MIA,PG,24,"1,1292","0,6","0,5313496280552603","7,9","-1,2",Valor de mercado,Miami Heat,Miami,"25,7814","-80,187"
Jordan Hamilton,2013,DEN,SF,22,"1,12152","0,8","0,7133176403452457","16,9","0,3",Valor de mercado,Denver Nuggets,Denver,"39,7487","-105,0077"
Jimmy Butler,2013,CHI,SF,23,"1,11288","7,0","6,289986341743943","15,2","2,1",Infravalorado,Chicago Bulls,Chicago,"41,8807","-87,6742"
Tony Wroten,2013,MEM,SG,19,"1,11012","0,1","0,09008035167369294","9,3","-0,1",Sobrepagado,Memphis Grizzlies,Memphis,"35,1382","-90,0505"
Patty Mills,2013,SAS,PG,24,"1,08512","1,5","1,382335594219994","14,1","0,4",Infravalorado,San Antonio Spurs,San Antonio,"29,427","-98,4375"
Perry Jones,2013,OKC,SF,21,"1,08252","0,0","0,0","7,8","-0,4",Sobrepagado,Oklahoma City Thunder,Oklahoma City,"35,4634","-97,5151"
Marquis Teague,2013,CHI,PG,19,"1,07472","-0,3","-0,2791424743188924","6,0","-0,4",Sobrepagado,Chicago Bulls,Chicago,"41,8807","-87,6742"
Cory Joseph,2013,SAS,PG,21,"1,07472","0,9","0,8374274229566772","13,5","0,2",Infravalorado,San Antonio Spurs,San Antonio,"29,427","-98,4375"
Miles Plumlee,2013,IND,C,24,"1,07328","0,0","0,0","8,8","-0,1",Sobrepagado,Indiana Pacers,Indianapolis,"39,764","-86,1555"
DeJuan Blair,2013,SAS,PF,23,"1,054","2,2","2,0872865275142316","14,6","0,1",Infravalorado,San Antonio Spurs,San Antonio,"29,427","-98,4375"
Arnett Moultrie,2013,PHI,PF,22,"1,04232","1,7","1,6309770511934916","16,7","0,1",Infravalorado,Philadelphia 76ers,Philadelphia,"39,9012","-75,172"
Festus Ezeli,2013,GSW,C,23,"1,02096","1,5","1,469205453690644","9,3","-0,4",Infravalorado,Golden State Warriors,San Francisco,"37,768","-122,3877"
Kyle Singler,2013,DET,SF,24,"1,0","2,3","2,3","10,0","-0,6",Infravalorado,Detroit Pistons,Detroit,"42,341","-83,0552"
C.J. Watson,2013,BRK,PG,28,"0,99268","3,8","3,8280211145585685","13,9","1,1",Infravalorado,Brooklyn Nets,Brooklyn,"40,6828","-73,9752"
Brandan Wright,2013,DAL,C,25,"0,99268","4,1","4,130233307813192","21,0","1,3",Infravalorado,Dallas Mavericks,Dallas,"32,7905","-96,8103"
Ivan Johnson,2013,ATL,PF,28,"0,962195","2,3","2,390367856827358","15,7","0,1",Infravalorado,Atlanta Hawks,Atlanta,"33,7573","-84,3963"
Daniel Orton,2013,OKC,C,22,"0,916099","0,3","0,3274755239335487","14,0","0,0",Valor de mercado,Oklahoma City Thunder,Oklahoma City,"35,4634","-97,5151"
Jeff Adrien,2013,CHA,PF,26,"0,916099","1,0","1,0915850797784956","13,4","-0,2",Infravalorado,Charlotte Hornets,Charlotte,"35,2251","-80,8392"
Ish Smith,2013,MIL,PG,24,"0,910941","-0,4","-0,43910637461701696","8,5","-0,3",Sobrepagado,Milwaukee Bucks,Milwaukee,"43,045","-87,917"
Chandler Parsons,2013,HOU,SF,24,"0,88825","7,0","7,880664227413454","15,3","2,8",Infravalorado,Houston Rockets,Houston,"29,7508","-95,3621"
Chase Budinger,2013,MIN,SF,24,"0,88512","0,7","0,7908532176428055","12,6","0,1",Infravalorado,Minnesota Timberwolves,Minneapolis,"44,9795","-93,276"
DeMarre Carroll,2013,UTA,SF,26,"0,88512","3,1","3,50234996384671","15,5","0,9",Infravalorado,Utah Jazz,Salt Lake City,"40,7683","-111,9011"
Ryan Hollins,2013,LAC,C,28,"0,884293","1,7","1,9224397343414457","11,3","-0,3",Infravalorado,LA Clippers,Los Angeles,"34,043","-118,2673"
Nazr Mohammed,2013,CHI,C,35,"0,884293","1,2","1,3570162830645498","10,8","-0,3",Infravalorado,Chicago Bulls,Chicago,"41,8807","-87,6742"
Malcolm Thomas,2013,CHI,PF,24,"0,884293","0,2","0,22616938051075833","13,8","0,0",Sobrepagado,Chicago Bulls,Chicago,"41,8807","-87,6742"
Malcolm Lee,2013,MIN,SG,22,"0,884293","0,4","0,45233876102151666","9,8","0,0",Valor de mercado,Minnesota Timberwolves,Minneapolis,"44,9795","-93,276"
Garrett Temple,2013,WAS,SG,26,"0,884293","1,2","1,3570162830645498","8,8","-0,1",Infravalorado,Washington Wizards,Washington,"38,8981","-77,0209"
DeAndre Liggins,2013,OKC,SG,24,"0,884293","0,6","0,6785081415322749","9,4","0,1",Valor de mercado,Oklahoma City Thunder,Oklahoma City,"35,4634","-97,5151"
P.J. Tucker,2013,PHO,SG,27,"0,884293","2,9","3,2794560174059955","11,6","0,2",Infravalorado,Phoenix Suns,Phoenix,"33,4457","-112,0712"
E'Twaun Moore,2013,ORL,SG,23,"0,884293","0,2","0,22616938051075833","10,7","-0,1",Sobrepagado,Orlando Magic,Orlando,"28,5392","-81,3839"
Lance Stephenson,2013,IND,SG,22,"0,87","5,5","6,32183908045977","11,8","1,2",Infravalorado,Indiana Pacers,Indianapolis,"39,764","-86,1555"
Anthony Tolliver,2013,ATL,SF,27,"0,854389","1,2","1,4045124644629086","8,4","-0,3",Infravalorado,Atlanta Hawks,Atlanta,"33,7573","-84,3963"
Royal Ivey,2013,PHI,SG,31,"0,854389","1,0","1,1704270537190906","8,1","-0,1",Infravalorado,Philadelphia 76ers,Philadelphia,"39,9012","-75,172"
A.J. Price,2013,WAS,PG,26,"0,854389","2,2","2,5749395181819996","12,4","0,5",Infravalorado,Washington Wizards,Washington,"38,8981","-77,0209"
Keith Bogans,2013,BRK,SG,32,"0,854389","1,4","1,6385978752067267","6,7","-0,2",Infravalorado,Brooklyn Nets,Brooklyn,"40,6828","-73,9752"
James White,2013,NYK,SF,30,"0,854389","0,5","0,5852135268595453","9,1","-0,1",Valor de mercado,New York Knicks,New York,"40,7505","-73,9934"
Rasheed Wallace,2013,NYK,C,38,"0,854389","0,6","0,7022562322314543","16,7","0,1",Valor de mercado,New York Knicks,New York,"40,7505","-73,9934"
Andray Blatche,2013,BRK,C,26,"0,854389","4,9","5,735092563223544","21,9","1,6",Infravalorado,Brooklyn Nets,Brooklyn,"40,6828","-73,9752"
Jason Collins,2013,WAS,C,34,"0,854389","0,4","0,4681708214876362","3,0","-0,4",Valor de mercado,Washington Wizards,Washington,"38,8981","-77,0209"
Jerry Stackhouse,2013,BRK,SF,38,"0,854389","0,4","0,4681708214876362","8,5","-0,2",Valor de mercado,Brooklyn Nets,Brooklyn,"40,6828","-73,9752"
Marquis Daniels,2013,MIL,SF,32,"0,854389","0,5","0,5852135268595453","9,2","-0,2",Valor de mercado,Milwaukee Bucks,Milwaukee,"43,045","-87,917"
Joel Przybilla,2013,MIL,C,33,"0,854389","0,0","0,0","3,3","-0,1",Sobrepagado,Milwaukee Bucks,Milwaukee,"43,045","-87,917"
Alan Anderson,2013,TOR,SF,30,"0,854389","1,6","1,872683285950545","12,6","0,1",Infravalorado,Toronto Raptors,Toronto,"43,6435","-79,3791"
Damien Wilkins,2013,PHI,SG,33,"0,854389","1,9","2,223811402066272","12,5","-0,1",Infravalorado,Philadelphia 76ers,Philadelphia,"39,9012","-75,172"
Jermaine O'Neal,2013,PHO,C,34,"0,854389","2,0","2,3408541074381812","16,7","0,2",Infravalorado,Phoenix Suns,Phoenix,"33,4457","-112,0712"
Cartier Martin,2013,WAS,SF,28,"0,854389","0,7","0,8192989376033634","9,7","0,0",Infravalorado,Washington Wizards,Washington,"38,8981","-77,0209"
Josh Childress,2013,BRK,SF,29,"0,854389","0,1","0,11704270537190906","7,0","0,0",Sobrepagado,Brooklyn Nets,Brooklyn,"40,6828","-73,9752"
Samardo Samuels,2013,CLE,C,24,"0,854389","-0,1","-0,11704270537190906","6,2","-0,2",Sobrepagado,Cleveland Cavaliers,Cleveland,"41,4965","-81,6882"
Ronnie Brewer,2013,OKC,SF,27,"0,854389","1,1","1,2874697590909998","10,0","0,3",Infravalorado,Oklahoma City Thunder,Oklahoma City,"35,4634","-97,5151"
Nate Robinson,2013,CHI,PG,28,"0,854389","5,9","6,905519616942635","17,4","2,5",Infravalorado,Chicago Bulls,Chicago,"41,8807","-87,6742"
Chris Wilcox,2013,BOS,C,30,"0,854389","3,1","3,628323866529181","15,3","0,4",Infravalorado,Boston Celtics,Boston,"42,3662","-71,0621"
Gary Neal,2013,SAS,SG,28,"0,854389","1,9","2,223811402066272","11,5","0,0",Infravalorado,San Antonio Spurs,San Antonio,"29,427","-98,4375"
Dexter Pittman,2013,MEM,C,24,"0,854389","-0,1","-0,11704270537190906","1,6","-0,1",Sobrepagado,Memphis Grizzlies,Memphis,"35,1382","-90,0505"
Earl Barron,2013,NYK,C,31,"0,854389","0,0","0,0","8,9","-0,2",Sobrepagado,New York Knicks,New York,"40,7505","-73,9934"
Draymond Green,2013,GSW,SF,22,"0,85","0,6","0,7058823529411765","7,1","-0,4",Valor de mercado,Golden State Warriors,San Francisco,"37,768","-122,3877"
Troy Murphy,2013,DAL,PF,32,"0,839312","0,3","0,3574356139314105","9,1","0,0",Valor de mercado,Dallas Mavericks,Dallas,"32,7905","-96,8103"
Kyle O'Quinn,2013,ORL,C,22,"0,788872","1,4","1,774685880599134","15,8","0,1",Infravalorado,Orlando Magic,Orlando,"28,5392","-81,3839"
Jarvis Varnado,2013,MIA,PF,24,"0,788872","-0,1","-0,12676327718565242","1,2","-0,1",Sobrepagado,Miami Heat,Miami,"25,7814","-80,187"
Maalik Wayns,2013,LAC,PG,21,"0,788872","-0,3","-0,3802898315569573","5,0","-0,4",Sobrepagado,LA Clippers,Los Angeles,"34,043","-118,2673"
Doron Lamb,2013,ORL,SG,21,"0,788872","-0,4","-0,5070531087426097","4,8","-0,8",Sobrepagado,Orlando Magic,Orlando,"28,5392","-81,3839"
Robert Sacre,2013,LAL,C,23,"0,788872","-0,1","-0,12676327718565242","3,4","-0,4",Sobrepagado,LA Lakers,Los Angeles,"34,043","-118,2673"
Josh Howard,2013,MIN,SF,32,"0,773976","0,0","0,0","9,5","-0,1",Sobrepagado,Minnesota Timberwolves,Minneapolis,"44,9795","-93,276"
Shaun Livingston,2013,CLE,PG,27,"0,773976","2,6","3,359277290251894","13,0","0,4",Infravalorado,Cleveland Cavaliers,Cleveland,"41,4965","-81,6882"
Charles Jenkins,2013,PHI,SG,23,"0,762195","0,0","0,0","7,5","-0,3",Sobrepagado,Philadelphia 76ers,Philadelphia,"39,9012","-75,172"
Lance Thomas,2013,NOH,SF,24,"0,762195","1,2","1,5744002519040403","10,1","-0,2",Infravalorado,New Orleans Hornets,New Orleans,"29,949","-90,0821"
Greg Smith,2013,HOU,C,22,"0,762195","4,0","5,2480008396801345","16,1","0,4",Infravalorado,Houston Rockets,Houston,"29,7508","-95,3621"
Jon Leuer,2013,MEM,PF,23,"0,762195","0,2","0,26240004198400674","10,4","-0,1",Valor de mercado,Memphis Grizzlies,Memphis,"35,1382","-90,0505"
Isaiah Thomas,2013,SAC,PG,23,"0,762195","5,0","6,560001049600168","17,5","1,3",Infravalorado,Sacramento Kings,Sacramento,"38,5802","-121,4997"
Jeremy Tyler,2013,ATL,C,21,"0,762195","-0,1","-0,13120002099200337","6,2","-0,1",Sobrepagado,Atlanta Hawks,Atlanta,"33,7573","-84,3963"
Josh Selby,2013,MEM,PG,21,"0,762195","-0,2","-0,26240004198400674","0,1","-0,2",Sobrepagado,Memphis Grizzlies,Memphis,"35,1382","-90,0505"
Quincy Acy,2013,TOR,PF,22,"0,665","1,1","1,6541353383458648","15,9","0,2",Infravalorado,Toronto Raptors,Toronto,"43,6435","-79,3791"
Jae Crowder,2013,DAL,SF,22,"0,600491","1,5","2,497955839471366","10,2","0,3",Infravalorado,Dallas Mavericks,Dallas,"32,7905","-96,8103"
Orlando Johnson,2013,IND,SG,23,"0,55","1,5","2,727272727272727","11,4","0,3",Infravalorado,Indiana Pacers,Indianapolis,"39,764","-86,1555"
Will Barton,2013,POR,SG,22,"0,55","-0,5","-0,9090909090909091","9,1","-0,6",Sobrepagado,Portland Trail Blazers,Portland,"45,5316","-122,6668"
James Anderson,2013,SAS,SG,23,"0,532737","0,9","1,6893889480175022","13,9","0,3",Infravalorado,San Antonio Spurs,San Antonio,"29,427","-98,4375"
Daequan Cook,2013,CHI,SG,25,"0,512633","-0,2","-0,39014265566204287","5,8","-0,3",Sobrepagado,Chicago Bulls,Chicago,"41,8807","-87,6742"
Mike James,2013,DAL,PG,37,"0,502581","0,4","0,7958916075219715","9,5","-0,3",Infravalorado,Dallas Mavericks,Dallas,"32,7905","-96,8103"
Brian Roberts,2013,NOH,PG,27,"0,473604","2,2","4,645231036900026","14,6","0,5",Infravalorado,New Orleans Hornets,New Orleans,"29,949","-90,0821"
Kent Bazemore,2013,GSW,SG,23,"0,473604","0,1","0,21114686531363755","11,3","0,0",Sobrepagado,Golden State Warriors,San Francisco,"37,768","-122,3877"
Diante Garrett,2013,PHO,PG,24,"0,473604","-0,2","-0,4222937306272751","9,0","-0,1",Sobrepagado,Phoenix Suns,Phoenix,"33,4457","-112,0712"
Luke Zeller,2013,PHO,C,25,"0,473604","-0,1","-0,21114686531363755","5,6","-0,1",Sobrepagado,Phoenix Suns,Phoenix,"33,4457","-112,0712"
Mike Scott,2013,ATL,PF,24,"0,473604","0,9","1,9003217878227379","16,3","-0,1",Infravalorado,Atlanta Hawks,Atlanta,"33,7573","-84,3963"
Kevin Murphy,2013,UTA,SG,22,"0,473604","-0,3","-0,6334405959409126","-4,5","-0,2",Sobrepagado,Utah Jazz,Salt Lake City,"40,7683","-111,9011"
Khris Middleton,2013,DET,SG,21,"0,473604","0,9","1,9003217878227379","11,4","0,0",Infravalorado,Detroit Pistons,Detroit,"42,341","-83,0552"
DeQuan Jones,2013,ORL,SF,22,"0,473604","0,1","0,21114686531363755","8,4","-0,5",Sobrepagado,Orlando Magic,Orlando,"28,5392","-81,3839"
Pablo Prigioni,2013,NYK,PG,35,"0,473604","3,2","6,756699690036402","13,0","0,7",Infravalorado,New York Knicks,New York,"40,7505","-73,9934"
Bernard James,2013,DAL,C,27,"0,473604","1,2","2,5337623837636505","14,7","0,0",Infravalorado,Dallas Mavericks,Dallas,"32,7905","-96,8103"
Ben Hansbrough,2013,IND,PG,25,"0,473604","0,2","0,4222937306272751","7,2","-0,1",Valor de mercado,Indiana Pacers,Indianapolis,"39,764","-86,1555"
Tornike Shengelia,2013,BRK,SF,21,"0,473604","0,0","0,0","8,5","-0,1",Sobrepagado,Brooklyn Nets,Brooklyn,"40,6828","-73,9752"
Kim English,2013,DET,SG,24,"0,473604","0,2","0,4222937306272751","7,9","-0,2",Valor de mercado,Detroit Pistons,Detroit,"42,341","-83,0552"
Chris Copeland,2013,NYK,PF,28,"0,473604","2,1","4,434084171586389","16,8","0,3",Infravalorado,New York Knicks,New York,"40,7505","-73,9934"
Tyshawn Taylor,2013,BRK,PG,22,"0,473604","-0,4","-0,8445874612545502","6,2","-0,3",Sobrepagado,Brooklyn Nets,Brooklyn,"40,6828","-73,9752"
Darius Miller,2013,NOH,SF,22,"0,473604","0,5","1,0557343265681878","6,3","-0,1",Infravalorado,New Orleans Hornets,New Orleans,"29,949","-90,0821"
Sam Young,2013,IND,SG,27,"0,402065","0,9","2,238444032681283","7,5","-0,1",Infravalorado,Indiana Pacers,Indianapolis,"39,764","-86,1555"
Kevin Jones,2013,CLE,PF,23,"0,390027","0,2","0,5127850123196599","11,1","-0,2",Valor de mercado,Cleveland Cavaliers,Cleveland,"41,4965","-81,6882"
Patrick Beverley,2013,HOU,PG,24,"0,281376","2,2","7,818719435914932","15,4","1,0",Infravalorado,Houston Rockets,Houston,"29,7508","-95,3621"
Jeremy Pargo,2013,PHI,PG,26,"0,264527","0,0","0,0","10,4","-0,2",Sobrepagado,Philadelphia 76ers,Philadelphia,"39,9012","-75,172"
Derek Fisher,2013,OKC,SG,38,"0,261343","0,4","1,5305556299575656","7,7","-0,2",Infravalorado,Oklahoma City Thunder,Oklahoma City,"35,4634","-97,5151"
Terrence Williams,2013,BOS,SF,25,"0,24471","0,3","1,2259409096481548","12,3","0,0",Infravalorado,Boston Celtics,Boston,"42,3662","-71,0621"
Aron Baynes,2013,SAS,C,26,"0,239588","0,1","0,41738317444947165","8,8","-0,2",Valor de mercado,San Antonio Spurs,San Antonio,"29,427","-98,4375"
Lou Amundson,2013,NOH,PF,30,"0,185955","0,1","0,5377645129197924","9,3","-0,2",Valor de mercado,New Orleans Hornets,New Orleans,"29,949","-90,0821"
Kenyon Martin,2013,NYK,C,35,"0,170878","1,2","7,022554102927234","13,9","0,1",Infravalorado,New York Knicks,New York,"40,7505","-73,9934"
Shavlik Randolph,2013,BOS,PF,29,"0,1635","0,7","4,281345565749235","15,9","-0,1",Infravalorado,Boston Celtics,Boston,"42,3662","-71,0621"
D.J. White,2013,BOS,PF,26,"0,156234","0,2","1,2801310854231474","14,7","0,0",Infravalorado,Boston Celtics,Boston,"42,3662","-71,0621"
Shelvin Mack,2013,ATL,PG,22,"0,103121","0,5","4,848672918222283","11,3","-0,1",Infravalorado,Atlanta Hawks,Atlanta,"33,7573","-84,3963"
Terrel Harris,2013,NOH,SG,25,"0,094154","-0,6","-6,37253860696306","-3,8","-0,4",Sobrepagado,New Orleans Hornets,New Orleans,"29,949","-90,0821"
Dominic McGuire,2013,IND,SF,27,"0,068902","0,3","4,354010043249833","7,7","0,0",Infravalorado,Indiana Pacers,Indianapolis,"39,764","-86,1555"
Donald Sloan,2013,NOH,SG,25,"0,061467","0,1","1,626889225112662","9,6","-0,1",Infravalorado,New Orleans Hornets,New Orleans,"29,949","-90,0821"
Chris Johnson,2013,MIN,C,27,"0,055718","1,0","17,947521447288132","18,4","0,3",Infravalorado,Minnesota Timberwolves,Minneapolis,"44,9795","-93,276"
Kris Joseph,2013,BRK,SF,24,"0,027859","-0,1","-3,589504289457626","0,6","-0,1",Sobrepagado,Brooklyn Nets,Brooklyn,"40,6828","-73,9752"
Dirk Nowitzki,2014,DAL,PF,35,"22,721381","10,9","0,479724361824662","23,6","4,7",Valor de mercado,Dallas Mavericks,Dallas,"32,7905","-96,8103"
Amar'e Stoudemire,2014,NYK,C,31,"21,679893","3,8","0,1752776178369515","18,8","0,2",Sobrepagado,New York Knicks,New York,"40,7505","-73,9934"
Joe Johnson,2014,BRK,SG,32,"21,466718","4,9","0,22826032372531285","15,5","1,4",Sobrepagado,Brooklyn Nets,Brooklyn,"40,6828","-73,9752"
Dwight Howard,2014,HOU,C,28,"20,513178","8,0","0,38999320339344784","21,3","2,3",Valor de mercado,Houston Rockets,Houston,"29,7508","-95,3621"
Pau Gasol,2014,LAL,C,33,"19,28585","3,0","0,15555446091305283","19,3","1,5",Sobrepagado,LA Lakers,Los Angeles,"34,043","-118,2673"
Chris Bosh,2014,MIA,C,29,"19,0675","8,0","0,4195620820768323","19,0","1,8",Valor de mercado,Miami Heat,Miami,"25,7814","-80,187"
LeBron James,2014,MIA,PF,29,"19,0675","15,9","0,8338796381277043","29,3","7,9",Infravalorado,Miami Heat,Miami,"25,7814","-80,187"
Dwyane Wade,2014,MIA,SG,32,"18,673","5,5","0,29454292293686074","22,0","2,2",Valor de mercado,Miami Heat,Miami,"25,7814","-80,187"
Chris Paul,2014,LAC,PG,28,"18,668431","12,2","0,6535096602387206","25,9","5,8",Valor de mercado,LA Clippers,Los Angeles,"34,043","-118,2673"
Deron Williams,2014,BRK,PG,29,"18,46613","5,4","0,29242727090083304","17,6","1,7",Valor de mercado,Brooklyn Nets,Brooklyn,"40,6828","-73,9752"
Zach Randolph,2014,MEM,PF,32,"18,238333","6,4","0,35090926347270884","18,3","1,3",Valor de mercado,Memphis Grizzlies,Memphis,"35,1382","-90,0505"
Rudy Gay,2014,SAC,SF,27,"17,888932","4,8","0,2683223347262989","18,3","2,4",Valor de mercado,Sacramento Kings,Sacramento,"38,5802","-121,4997"
Kevin Durant,2014,OKC,SF,25,"17,832627","19,2","1,0766781585236993","29,8","9,6",Infravalorado,Oklahoma City Thunder,Oklahoma City,"35,4634","-97,5151"
Derrick Rose,2014,CHI,PG,25,"17,632688","-0,2","-0,011342570117499952","9,7","-0,1",Sobrepagado,Chicago Bulls,Chicago,"41,8807","-87,6742"
Blake Griffin,2014,LAC,PF,24,"16,4415","12,2","0,7420247544323814","23,9","4,7",Infravalorado,LA Clippers,Los Angeles,"34,043","-118,2673"
Paul Pierce,2014,BRK,SF,36,"15,333334","5,2","0,3391304200378078","16,8","1,9",Valor de mercado,Brooklyn Nets,Brooklyn,"40,6828","-73,9752"
Carlos Boozer,2014,CHI,PF,32,"15,3","3,4","0,2222222222222222","14,4","-0,1",Sobrepagado,Chicago Bulls,Chicago,"41,8807","-87,6742"
LaMarcus Aldridge,2014,POR,PF,28,"14,878","7,5","0,504100013442667","21,8","2,7",Valor de mercado,Portland Trail Blazers,Portland,"45,5316","-122,6668"
Marc Gasol,2014,MEM,C,29,"14,860523","5,6","0,37683734280415293","18,2","2,5",Valor de mercado,Memphis Grizzlies,Memphis,"35,1382","-90,0505"
Brook Lopez,2014,BRK,C,25,"14,693906","2,3","0,15652747472319475","25,4","0,8",Sobrepagado,Brooklyn Nets,Brooklyn,"40,6828","-73,9752"
Russell Westbrook,2014,OKC,PG,25,"14,693906","5,2","0,3538882037220056","24,7","2,7",Valor de mercado,Oklahoma City Thunder,Oklahoma City,"35,4634","-97,5151"
Kevin Love,2014,MIN,PF,25,"14,693906","14,3","0,9731925602355154","26,9","7,7",Infravalorado,Minnesota Timberwolves,Minneapolis,"44,9795","-93,276"
Eric Gordon,2014,NOP,SG,25,"14,283844","2,5","0,17502291399990086","14,9","0,8",Sobrepagado,New Orleans Pelicans,New Orleans,"29,949","-90,0821"
Roy Hibbert,2014,IND,C,27,"14,283844","5,4","0,3780494942397859","13,5","0,4",Valor de mercado,Indiana Pacers,Indianapolis,"39,764","-86,1555"
Luol Deng,2014,CLE,SF,28,"14,275","4,5","0,31523642732049034","15,2","1,4",Valor de mercado,Cleveland Cavaliers,Cleveland,"41,4965","-81,6882"
Tyson Chandler,2014,NYK,C,31,"14,100538","4,9","0,34750447110599614","16,4","0,9",Valor de mercado,New York Knicks,New York,"40,7505","-73,9934"
Andrew Bogut,2014,GSW,C,29,"14,0","6,5","0,4642857142857143","17,0","2,2",Valor de mercado,Golden State Warriors,San Francisco,"37,768","-122,3877"
David Lee,2014,GSW,PF,30,"13,878","7,6","0,5476293414036605","19,1","1,9",Valor de mercado,Golden State Warriors,San Francisco,"37,768","-122,3877"
James Harden,2014,HOU,SG,24,"13,70125","12,8","0,9342213301706049","23,5","5,3",Infravalorado,Houston Rockets,Houston,"29,7508","-95,3621"
Al Jefferson,2014,CHA,C,29,"13,5","7,8","0,5777777777777777","22,7","3,0",Valor de mercado,Charlotte Hornets,Charlotte,"35,2251","-80,8392"
Josh Smith,2014,DET,SF,28,"13,5","1,1","0,08148148148148149","14,1","0,8",Sobrepagado,Detroit Pistons,Detroit,"42,341","-83,0552"
Andre Iguodala,2014,GSW,SF,30,"12,868632","5,8","0,45070835812229304","13,7","2,2",Valor de mercado,Golden State Warriors,San Francisco,"37,768","-122,3877"
Tony Parker,2014,SAS,PG,31,"12,5","5,9","0,47200000000000003","18,9","1,5",Valor de mercado,San Antonio Spurs,San Antonio,"29,427","-98,4375"
Kevin Garnett,2014,BRK,C,37,"12,433735","1,2","0,09651162743938164","13,3","0,2",Sobrepagado,Brooklyn Nets,Brooklyn,"40,6828","-73,9752"
Serge Ibaka,2014,OKC,PF,24,"12,35","9,6","0,7773279352226721","19,6","2,5",Infravalorado,Oklahoma City Thunder,Oklahoma City,"35,4634","-97,5151"
Al Horford,2014,ATL,C,27,"12,0","2,8","0,2333333333333333","22,0","1,2",Sobrepagado,Atlanta Hawks,Atlanta,"33,7573","-84,3963"
Kris Humphries,2014,BOS,PF,28,"12,0","4,1","0,3416666666666666","18,2","1,0",Valor de mercado,Boston Celtics,Boston,"42,3662","-71,0621"
David West,2014,IND,PF,33,"12,0","8,1","0,6749999999999999","17,5","2,9",Valor de mercado,Indiana Pacers,Indianapolis,"39,764","-86,1555"
Rajon Rondo,2014,BOS,PG,27,"11,954545","1,1","0,09201521262415258","15,3","0,5",Sobrepagado,Boston Celtics,Boston,"42,3662","-71,0621"
Andrea Bargnani,2014,NYK,C,28,"11,8625","1,5","0,12644889357218123","14,5","-0,1",Sobrepagado,New York Knicks,New York,"40,7505","-73,9934"
Tyreke Evans,2014,NOP,SF,24,"11,796247","3,1","0,2627954467213174","18,4","1,3",Valor de mercado,New Orleans Pelicans,New Orleans,"29,949","-90,0821"
Nicolas Batum,2014,POR,SF,25,"11,29525","7,9","0,6994090436245325","15,8","4,0",Valor de mercado,Portland Trail Blazers,Portland,"45,5316","-122,6668"
Joakim Noah,2014,CHI,C,28,"11,1","11,2","1,009009009009009","20,0","5,2",Infravalorado,Chicago Bulls,Chicago,"41,8807","-87,6742"
Richard Jefferson,2014,UTA,SF,33,"11,046","2,7","0,24443237370994028","11,8","0,3",Sobrepagado,Utah Jazz,Salt Lake City,"40,7683","-111,9011"
DeAndre Jordan,2014,LAC,C,25,"10,98655","11,1","1,0103262625665017","18,2","3,3",Infravalorado,LA Clippers,Los Angeles,"34,043","-118,2673"
Ty Lawson,2014,DEN,PG,26,"10,786517","6,3","0,5840624920908204","19,0","2,5",Valor de mercado,Denver Nuggets,Denver,"39,7487","-105,0077"
Tim Duncan,2014,SAS,C,37,"10,361446","7,4","0,7141860315635482","21,3","2,9",Valor de mercado,San Antonio Spurs,San Antonio,"29,427","-98,4375"
Gerald Wallace,2014,BOS,SF,31,"10,105855","1,3","0,12863829928294043","10,0","0,4",Sobrepagado,Boston Celtics,Boston,"42,3662","-71,0621"
Tiago Splitter,2014,SAS,C,29,"10,0","4,3","0,43","16,5","0,8",Valor de mercado,San Antonio Spurs,San Antonio,"29,427","-98,4375"
Stephen Curry,2014,GSW,PG,25,"9,887642","13,4","1,3552270602030292","24,1","6,7",Infravalorado,Golden State Warriors,San Francisco,"37,768","-122,3877"
Jrue Holiday,2014,NOP,PG,23,"9,713484","1,5","0,15442450926979445","17,1","0,7",Sobrepagado,New Orleans Pelicans,New Orleans,"29,949","-90,0821"
DeMar DeRozan,2014,TOR,SG,24,"9,5","8,8","0,9263157894736843","18,4","2,8",Infravalorado,Toronto Raptors,Toronto,"43,6435","-79,3791"
Paul Millsap,2014,ATL,PF,28,"9,5","6,7","0,7052631578947368","19,8","3,0",Valor de mercado,Atlanta Hawks,Atlanta,"33,7573","-84,3963"
Shawn Marion,2014,DAL,SF,35,"9,316796","4,3","0,4615320545818541","13,7","1,3",Valor de mercado,Dallas Mavericks,Dallas,"32,7905","-96,8103"
Steve Nash,2014,LAL,PG,39,"9,3005","0,1","0,010752110101607442","12,2","-0,1",Sobrepagado,LA Lakers,Los Angeles,"34,043","-118,2673"
Thaddeus Young,2014,PHI,PF,25,"8,85","3,5","0,3954802259887006","16,6","1,3",Valor de mercado,Philadelphia 76ers,Philadelphia,"39,9012","-75,172"
Kendrick Perkins,2014,OKC,C,29,"8,727437","0,8","0,09166494126511598","6,3","-0,7",Sobrepagado,Oklahoma City Thunder,Oklahoma City,"35,4634","-97,5151"
Jeff Green,2014,BOS,SF,27,"8,7","3,3","0,37931034482758624","13,1","0,3",Valor de mercado,Boston Celtics,Boston,"42,3662","-71,0621"
Mike Conley,2014,MEM,PG,26,"8,600001","8,2","0,953488261222295","20,0","3,6",Infravalorado,Memphis Grizzlies,Memphis,"35,1382","-90,0505"
Charlie Villanueva,2014,DET,PF,29,"8,58","0,1","0,011655011655011656","12,7","0,0",Sobrepagado,Detroit Pistons,Detroit,"42,341","-83,0552"
Rodney Stuckey,2014,DET,SG,27,"8,5","2,2","0,25882352941176473","14,0","-0,4",Valor de mercado,Detroit Pistons,Detroit,"42,341","-83,0552"
Jeremy Lin,2014,HOU,PG,25,"8,374646","4,4","0,5253953420837132","14,3","0,9",Valor de mercado,Houston Rockets,Houston,"29,7508","-95,3621"
Ryan Anderson,2014,NOP,PF,25,"8,3085","2,3","0,2768249383161822","18,8","0,6",Valor de mercado,New Orleans Pelicans,New Orleans,"29,949","-90,0821"
Marcus Thornton,2014,BRK,SG,26,"8,05","2,0","0,24844720496894407","12,0","0,2",Valor de mercado,Brooklyn Nets,Brooklyn,"40,6828","-73,9752"
O.J. Mayo,2014,MIL,SG,26,"8,0","0,1","0,0125","11,2","-0,5",Sobrepagado,Milwaukee Bucks,Milwaukee,"43,045","-87,917"
George Hill,2014,IND,PG,27,"8,0","7,8","0,975","13,4","2,2",Infravalorado,Indiana Pacers,Indianapolis,"39,764","-86,1555"
Monta Ellis,2014,DAL,SG,28,"8,0","4,9","0,6125","16,8","1,3",Valor de mercado,Dallas Mavericks,Dallas,"32,7905","-96,8103"
Jeff Teague,2014,ATL,PG,25,"8,0","5,2","0,65","17,1","1,2",Valor de mercado,Atlanta Hawks,Atlanta,"33,7573","-84,3963"
Trevor Ariza,2014,WAS,SF,28,"7,72728","8,0","1,0352931432535122","15,8","3,0",Infravalorado,Washington Wizards,Washington,"38,8981","-77,0209"
Marcin Gortat,2014,WAS,C,29,"7,72728","8,1","1,0482343075441811","17,6","1,8",Infravalorado,Washington Wizards,Washington,"38,8981","-77,0209"
Brandon Jennings,2014,DET,PG,24,"7,655503","3,9","0,5094374595634016","15,6","1,4",Valor de mercado,Detroit Pistons,Detroit,"42,341","-83,0552"
John Salmons,2014,TOR,SG,34,"7,583","1,7","0,22418567849136226","7,8","0,0",Sobrepagado,Toronto Raptors,Toronto,"43,6435","-79,3791"
Taj Gibson,2014,CHI,PF,28,"7,55","5,7","0,7549668874172186","16,0","0,6",Infravalorado,Chicago Bulls,Chicago,"41,8807","-87,6742"
Arron Afflalo,2014,ORL,SG,28,"7,5","5,3","0,7066666666666667","16,0","1,1",Valor de mercado,Orlando Magic,Orlando,"28,5392","-81,3839"
Marvin Williams,2014,UTA,PF,27,"7,5","2,9","0,38666666666666666","14,0","0,9",Valor de mercado,Utah Jazz,Salt Lake City,"40,7683","-111,9011"
John Wall,2014,WAS,PG,23,"7,459925","7,9","1,0589918799451736","19,5","3,6",Infravalorado,Washington Wizards,Washington,"38,8981","-77,0209"
Tayshaun Prince,2014,MEM,SF,33,"7,235955","1,5","0,20729813825542034","8,2","-0,2",Sobrepagado,Memphis Grizzlies,Memphis,"35,1382","-90,0505"
Wesley Matthews,2014,POR,SG,27,"6,87548","8,2","1,1926440044913227","15,7","2,7",Infravalorado,Portland Trail Blazers,Portland,"45,5316","-122,6668"
Kyle Korver,2014,ATL,SG,32,"6,760563","5,9","0,8727083824231798","13,5","1,9",Infravalorado,Atlanta Hawks,Atlanta,"33,7573","-84,3963"
Evan Turner,2014,IND,SF,25,"6,679867","1,4","0,20958501119857625","12,4","-0,8",Sobrepagado,Indiana Pacers,Indianapolis,"39,764","-86,1555"
Kevin Martin,2014,MIN,SG,30,"6,5","5,3","0,8153846153846154","16,3","1,3",Infravalorado,Minnesota Timberwolves,Minneapolis,"44,9795","-93,276"
Carl Landry,2014,SAC,PF,30,"6,5","0,4","0,06153846153846154","11,2","-0,1",Sobrepagado,Sacramento Kings,Sacramento,"38,5802","-121,4997"
Amir Johnson,2014,TOR,PF,26,"6,5","6,3","0,9692307692307692","15,4","1,5",Infravalorado,Toronto Raptors,Toronto,"43,6435","-79,3791"
Spencer Hawes,2014,CLE,C,25,"6,5","4,5","0,6923076923076923","15,7","1,6",Valor de mercado,Cleveland Cavaliers,Cleveland,"41,4965","-81,6882"
Brandon Bass,2014,BOS,PF,28,"6,45","5,1","0,7906976744186046","15,0","0,5",Infravalorado,Boston Celtics,Boston,"42,3662","-71,0621"
Channing Frye,2014,PHO,PF,30,"6,4","5,3","0,8281249999999999","13,2","1,6",Infravalorado,Phoenix Suns,Phoenix,"33,4457","-112,0712"
Wilson Chandler,2014,DEN,SF,26,"6,344164","3,1","0,4886380616894519","12,4","0,6",Valor de mercado,Denver Nuggets,Denver,"39,7487","-105,0077"
Jarrett Jack,2014,CLE,PG,30,"6,3","2,3","0,36507936507936506","11,5","-0,1",Valor de mercado,Cleveland Cavaliers,Cleveland,"41,4965","-81,6882"
Landry Fields,2014,TOR,SF,25,"6,25","0,4","0,064","8,6","0,1",Sobrepagado,Toronto Raptors,Toronto,"43,6435","-79,3791"
Kyle Lowry,2014,TOR,PG,27,"6,21","11,7","1,8840579710144927","20,1","4,8",Infravalorado,Toronto Raptors,Toronto,"43,6435","-79,3791"
Derrick Favors,2014,UTA,PF,22,"6,008196","5,1","0,8488404838989939","19,0","1,2",Infravalorado,Utah Jazz,Salt Lake City,"40,7683","-111,9011"
Gerald Henderson,2014,CHA,SG,26,"6,0","3,6","0,6","13,1","0,3",Valor de mercado,Charlotte Hornets,Charlotte,"35,2251","-80,8392"
Robin Lopez,2014,POR,C,25,"5,904261","9,5","1,6090074608829115","17,7","2,1",Infravalorado,Portland Trail Blazers,Portland,"45,5316","-122,6668"
Chuck Hayes,2014,TOR,C,30,"5,7225","1,4","0,24464831804281342","10,0","0,0",Sobrepagado,Toronto Raptors,Toronto,"43,6435","-79,3791"
Jason Thompson,2014,SAC,PF,27,"5,64375","2,7","0,47840531561461797","11,1","-0,6",Valor de mercado,Sacramento Kings,Sacramento,"38,5802","-121,4997"
Jason Terry,2014,BRK,PG,36,"5,625313","0,2","0,03555357719650444","7,4","-0,2",Sobrepagado,Brooklyn Nets,Brooklyn,"40,6828","-73,9752"
Kyrie Irving,2014,CLE,PG,21,"5,60724","6,7","1,1948837574278968","20,1","3,3",Infravalorado,Cleveland Cavaliers,Cleveland,"41,4965","-81,6882"
Anthony Davis,2014,NOP,PF,20,"5,37576","10,4","1,9346101760495262","26,5","4,0",Infravalorado,New Orleans Pelicans,New Orleans,"29,949","-90,0821"
Anthony Bennett,2014,CLE,PF,20,"5,32428","-0,4","-0,07512752898044431","6,9","-0,9",Sobrepagado,Cleveland Cavaliers,Cleveland,"41,4965","-81,6882"
Jamal Crawford,2014,LAC,SG,33,"5,225","5,3","1,014354066985646","17,3","1,9",Infravalorado,LA Clippers,Los Angeles,"34,043","-118,2673"
Lou Williams,2014,ATL,PG,27,"5,225","2,6","0,4976076555023924","14,2","0,5",Valor de mercado,Atlanta Hawks,Atlanta,"33,7573","-84,3963"
Courtney Lee,2014,MEM,SG,28,"5,225","4,7","0,8995215311004786","13,8","1,5",Infravalorado,Memphis Grizzlies,Memphis,"35,1382","-90,0505"
Zaza Pachulia,2014,MIL,C,29,"5,2","1,7","0,3269230769230769","14,0","0,1",Valor de mercado,Milwaukee Bucks,Milwaukee,"43,045","-87,917"
Martell Webster,2014,WAS,SF,27,"5,15","5,0","0,9708737864077669","11,5","0,9",Infravalorado,Washington Wizards,Washington,"38,8981","-77,0209"
Derrick Williams,2014,SAC,SF,22,"5,01696","2,6","0,5182421227197347","11,5","0,0",Valor de mercado,Sacramento Kings,Sacramento,"38,5802","-121,4997"
Ramon Sessions,2014,MIL,PG,27,"5,0","4,3","0,86","16,0","0,7",Infravalorado,Milwaukee Bucks,Milwaukee,"43,045","-87,917"
Andre Miller,2014,WAS,SG,37,"5,0","2,2","0,44000000000000006","13,9","0,7",Valor de mercado,Washington Wizards,Washington,"38,8981","-77,0209"
Corey Brewer,2014,MIN,SF,27,"5,0","5,2","1,04","12,7","1,2",Infravalorado,Minnesota Timberwolves,Minneapolis,"44,9795","-93,276"
Chase Budinger,2014,MIN,SF,25,"5,0","0,9","0,18","9,7","-0,1",Sobrepagado,Minnesota Timberwolves,Minneapolis,"44,9795","-93,276"
Brandan Wright,2014,DAL,C,26,"5,0","5,1","1,02","23,5","1,5",Infravalorado,Dallas Mavericks,Dallas,"32,7905","-96,8103"
DeMarcus Cousins,2014,SAC,C,23,"4,916974","7,9","1,606679229949152","26,1","4,2",Infravalorado,Sacramento Kings,Sacramento,"38,5802","-121,4997"
Michael Kidd-Gilchrist,2014,CHA,SF,20,"4,80984","3,1","0,6445120835620312","12,0","0,0",Valor de mercado,Charlotte Hornets,Charlotte,"35,2251","-80,8392"
Victor Oladipo,2014,ORL,PG,21,"4,76376","1,3","0,2728936806220296","13,6","0,3",Valor de mercado,Orlando Magic,Orlando,"28,5392","-81,3839"
Boris Diaw,2014,SAS,PF,31,"4,7025","4,9","1,041998936735779","14,1","1,6",Infravalorado,San Antonio Spurs,San Antonio,"29,427","-98,4375"
J.J. Barea,2014,MIN,PG,29,"4,687","0,7","0,14934926392148495","11,6","-0,3",Sobrepagado,Minnesota Timberwolves,Minneapolis,"44,9795","-93,276"
Luc Mbah a Moute,2014,MIN,PF,27,"4,588384","1,0","0,21794165440381627","8,3","-0,2",Sobrepagado,Minnesota Timberwolves,Minneapolis,"44,9795","-93,276"
Luis Scola,2014,IND,PF,33,"4,508504","2,5","0,5545076593033964","13,4","-0,2",Valor de mercado,Indiana Pacers,Indianapolis,"39,764","-86,1555"
Jonas Jerebko,2014,DET,PF,26,"4,5","1,4","0,3111111111111111","13,4","0,1",Valor de mercado,Detroit Pistons,Detroit,"42,341","-83,0552"
Tony Allen,2014,MEM,SG,32,"4,494383","2,7","0,6007498693369034","15,6","1,0",Valor de mercado,Memphis Grizzlies,Memphis,"35,1382","-90,0505"
Ekpe Udoh,2014,MIL,PF,26,"4,469548","0,0","0,0","7,6","-0,6",Sobrepagado,Milwaukee Bucks,Milwaukee,"43,045","-87,917"
Luke Ridnour,2014,CHA,PG,32,"4,42","0,1","0,022624434389140274","9,0","-0,7",Sobrepagado,Charlotte Hornets,Charlotte,"35,2251","-80,8392"
Timofey Mozgov,2014,DEN,C,27,"4,4","4,5","1,0227272727272727","16,7","0,5",Infravalorado,Denver Nuggets,Denver,"39,7487","-105,0077"
Udonis Haslem,2014,MIA,PF,33,"4,34","1,1","0,2534562211981567","10,5","-0,3",Valor de mercado,Miami Heat,Miami,"25,7814","-80,187"
Bradley Beal,2014,WAS,SG,20,"4,31928","4,0","0,9260802726380323","14,3","1,0",Infravalorado,Washington Wizards,Washington,"38,8981","-77,0209"
Otto Porter Jr.,2014,WAS,SF,20,"4,278","0,0","0,0","6,0","-0,3",Sobrepagado,Washington Wizards,Washington,"38,8981","-77,0209"
Jared Dudley,2014,LAC,SF,28,"4,25","2,4","0,5647058823529412","8,9","0,2",Valor de mercado,LA Clippers,Los Angeles,"34,043","-118,2673"
Greg Monroe,2014,DET,PF,23,"4,086454","5,9","1,443794546567758","18,1","1,4",Infravalorado,Detroit Pistons,Detroit,"42,341","-83,0552"
Tristan Thompson,2014,CLE,PF,22,"4,062","5,7","1,4032496307237814","14,9","-0,1",Infravalorado,Cleveland Cavaliers,Cleveland,"41,4965","-81,6882"
Kirk Hinrich,2014,CHI,PG,33,"4,059","3,8","0,936191180093619","10,8","0,6",Infravalorado,Chicago Bulls,Chicago,"41,8807","-87,6742"
Mario Chalmers,2014,MIA,PG,27,"4,0","4,8","1,2","14,0","1,2",Infravalorado,Miami Heat,Miami,"25,7814","-80,187"
Ian Mahinmi,2014,IND,C,27,"4,0","3,3","0,825","10,2","0,2",Infravalorado,Indiana Pacers,Indianapolis,"39,764","-86,1555"
Brandon Rush,2014,UTA,SG,28,"4,0","-0,4","-0,1","4,1","-0,4",Sobrepagado,Utah Jazz,Salt Lake City,"40,7683","-111,9011"
Elton Brand,2014,ATL,C,34,"4,0","3,6","0,9","14,0","0,4",Infravalorado,Atlanta Hawks,Atlanta,"33,7573","-84,3963"
Steve Blake,2014,GSW,PG,33,"4,0","1,8","0,45","11,0","0,4",Valor de mercado,Golden State Warriors,San Francisco,"37,768","-122,3877"
Matt Bonner,2014,SAS,PF,33,"3,945","1,8","0,45627376425855515","11,2","0,5",Valor de mercado,San Antonio Spurs,San Antonio,"29,427","-98,4375"
Thabo Sefolosha,2014,OKC,SG,29,"3,9","3,0","0,7692307692307693","10,4","0,9",Infravalorado,Oklahoma City Thunder,Oklahoma City,"35,4634","-97,5151"
Dion Waiters,2014,CLE,SG,22,"3,89424","1,6","0,41086322363285266","14,0","0,3",Valor de mercado,Cleveland Cavaliers,Cleveland,"41,4965","-81,6882"
Cody Zeller,2014,CHA,C,21,"3,85704","2,6","0,6740920498620704","13,1","0,0",Valor de mercado,Charlotte Hornets,Charlotte,"35,2251","-80,8392"
Danny Green,2014,SAS,SG,26,"3,7625","4,2","1,1162790697674418","13,9","2,2",Infravalorado,San Antonio Spurs,San Antonio,"29,427","-98,4375"
Steve Novak,2014,TOR,PF,30,"3,75","1,4","0,3733333333333333","11,1","0,5",Valor de mercado,Toronto Raptors,Toronto,"43,6435","-79,3791"
Al-Farouq Aminu,2014,NOP,SF,23,"3,749602","3,1","0,8267544128683525","13,2","0,7",Infravalorado,New Orleans Pelicans,New Orleans,"29,949","-90,0821"
Samuel Dalembert,2014,DAL,C,32,"3,700748","4,9","1,3240566501691011","16,8","0,5",Infravalorado,Dallas Mavericks,Dallas,"32,7905","-96,8103"
Ricky Rubio,2014,MIN,PG,23,"3,678358","5,9","1,603976556931109","15,4","2,1",Infravalorado,Minnesota Timberwolves,Minneapolis,"44,9795","-93,276"
Raymond Felton,2014,NYK,PG,29,"3,637073","2,2","0,6048820026433344","12,9","0,4",Valor de mercado,New York Knicks,New York,"40,7505","-73,9934"
Thomas Robinson,2014,POR,PF,22,"3,52644","1,6","0,4537153616678577","14,1","-0,3",Valor de mercado,Portland Trail Blazers,Portland,"45,5316","-122,6668"
Marreese Speights,2014,GSW,C,26,"3,5","2,1","0,6","15,2","-0,4",Valor de mercado,Golden State Warriors,San Francisco,"37,768","-122,3877"
Jordan Hill,2014,LAL,PF,26,"3,5","4,4","1,2571428571428573","19,3","0,6",Infravalorado,LA Lakers,Los Angeles,"34,043","-118,2673"
Gerald Green,2014,PHO,SG,28,"3,5","6,1","1,7428571428571427","16,5","2,0",Infravalorado,Phoenix Suns,Phoenix,"33,4457","-112,0712"
Alex Len,2014,PHO,C,20,"3,49272","0,2","0,05726196202386679","7,3","-0,4",Sobrepagado,Phoenix Suns,Phoenix,"33,4457","-112,0712"
Gordon Hayward,2014,UTA,SF,23,"3,452183","3,6","1,0428184137399439","16,2","2,0",Infravalorado,Utah Jazz,Salt Lake City,"40,7683","-111,9011"
Paul George,2014,IND,SF,23,"3,282003","10,8","3,2906734088908514","20,1","5,0",Infravalorado,Indiana Pacers,Indianapolis,"39,764","-86,1555"
Shane Battier,2014,MIA,SF,35,"3,27","2,4","0,7339449541284403","8,7","0,7",Valor de mercado,Miami Heat,Miami,"25,7814","-80,187"
Matt Barnes,2014,LAC,SF,33,"3,25","3,5","1,0769230769230769","12,0","0,8",Infravalorado,LA Clippers,Los Angeles,"34,043","-118,2673"
Alonzo Gee,2014,CLE,SF,26,"3,25","0,9","0,27692307692307694","8,6","-0,3",Valor de mercado,Cleveland Cavaliers,Cleveland,"41,4965","-81,6882"
Gary Neal,2014,CHA,SG,29,"3,25","1,0","0,3076923076923077","12,5","-0,3",Valor de mercado,Charlotte Hornets,Charlotte,"35,2251","-80,8392"
Darrell Arthur,2014,DEN,SF,25,"3,231683","0,7","0,21660540343839416","9,4","-0,4",Sobrepagado,Denver Nuggets,Denver,"39,7487","-105,0077"
Ray Allen,2014,MIA,SG,38,"3,22905","4,1","1,2697232932286584","12,8","0,8",Infravalorado,Miami Heat,Miami,"25,7814","-80,187"
Damian Lillard,2014,POR,PG,23,"3,20292","9,6","2,9972649956914315","18,6","3,9",Infravalorado,Portland Trail Blazers,Portland,"45,5316","-122,6668"
Tyler Hansbrough,2014,TOR,PF,28,"3,183","3,0","0,942507068803016","14,2","0,0",Infravalorado,Toronto Raptors,Toronto,"43,6435","-79,3791"
Chris Kaman,2014,LAL,C,31,"3,183","0,5","0,15708451146716934","17,0","0,1",Sobrepagado,LA Lakers,Los Angeles,"34,043","-118,2673"
Andrei Kirilenko,2014,BRK,PF,32,"3,183","1,3","0,4084197298146403","12,4","0,4",Valor de mercado,Brooklyn Nets,Brooklyn,"40,6828","-73,9752"
Mike Dunleavy,2014,CHI,SF,33,"3,183","6,5","2,0420986490732016","12,6","1,8",Infravalorado,Chicago Bulls,Chicago,"41,8807","-87,6742"
Vince Carter,2014,DAL,SG,37,"3,18","4,3","1,3522012578616351","15,9","1,6",Infravalorado,Dallas Mavericks,Dallas,"32,7905","-96,8103"
Ed Davis,2014,MEM,PF,24,"3,15386","2,6","0,824386624644087","15,9","0,2",Infravalorado,Memphis Grizzlies,Memphis,"35,1382","-90,0505"
Alexey Shved,2014,MIN,SG,25,"3,15","0,2","0,0634920634920635","10,2","0,0",Sobrepagado,Minnesota Timberwolves,Minneapolis,"44,9795","-93,276"
Jerryd Bayless,2014,BOS,PG,25,"3,135","2,4","0,7655502392344498","12,0","0,1",Infravalorado,Boston Celtics,Boston,"42,3662","-71,0621"
Patrick Patterson,2014,TOR,PF,24,"3,105302","3,8","1,223713506770034","14,6","1,0",Infravalorado,Toronto Raptors,Toronto,"43,6435","-79,3791"
Lavoy Allen,2014,IND,PF,24,"3,06","1,5","0,49019607843137253","12,5","-0,4",Valor de mercado,Indiana Pacers,Indianapolis,"39,764","-86,1555"
Larry Sanders,2014,MIL,C,25,"3,053368","0,7","0,22925503902575778","14,0","-0,1",Sobrepagado,Milwaukee Bucks,Milwaukee,"43,045","-87,917"
Bismack Biyombo,2014,CHA,C,21,"3,04992","3,2","1,0492078480747036","13,3","0,2",Infravalorado,Charlotte Hornets,Charlotte,"35,2251","-80,8392"
Kosta Koufos,2014,MEM,C,24,"3,0","3,5","1,1666666666666667","16,5","0,2",Infravalorado,Memphis Grizzlies,Memphis,"35,1382","-90,0505"
Travis Outlaw,2014,SAC,SF,29,"3,0","1,4","0,4666666666666666","10,4","0,1",Valor de mercado,Sacramento Kings,Sacramento,"38,5802","-121,4997"
Randy Foye,2014,DEN,SG,30,"3,0","4,6","1,5333333333333332","13,3","1,6",Infravalorado,Denver Nuggets,Denver,"39,7487","-105,0077"
Dorell Wright,2014,POR,SF,28,"3,0","1,9","0,6333333333333333","11,9","0,7",Valor de mercado,Portland Trail Blazers,Portland,"45,5316","-122,6668"
Chris Copeland,2014,IND,SF,29,"3,0","1,0","0,3333333333333333","17,6","0,4",Valor de mercado,Indiana Pacers,Indianapolis,"39,764","-86,1555"
Harrison Barnes,2014,GSW,SF,21,"2,92392","3,2","1,0944211879941996","9,8","0,2",Infravalorado,Golden State Warriors,San Francisco,"37,768","-122,3877"
Joel Freeland,2014,POR,C,26,"2,897976","1,4","0,4830957882328908","11,3","-0,1",Valor de mercado,Portland Trail Blazers,Portland,"45,5316","-122,6668"
Ben McLemore,2014,SAC,SG,20,"2,89596","0,8","0,2762469094877001","7,7","-1,1",Valor de mercado,Sacramento Kings,Sacramento,"38,5802","-121,4997"
Brandon Knight,2014,MIL,PG,22,"2,79396","2,8","1,0021618061819066","16,5","0,9",Infravalorado,Milwaukee Bucks,Milwaukee,"43,045","-87,917"
Will Bynum,2014,DET,PG,31,"2,790343","1,0","0,3583788803025291","14,4","0,0",Valor de mercado,Detroit Pistons,Detroit,"42,341","-83,0552"
Marco Belinelli,2014,SAS,SF,27,"2,75","5,9","2,1454545454545455","15,0","1,7",Infravalorado,San Antonio Spurs,San Antonio,"29,427","-98,4375"
Aaron Gray,2014,SAC,C,29,"2,690875","0,1","0,03716263297254611","7,8","-0,2",Sobrepagado,Sacramento Kings,Sacramento,"38,5802","-121,4997"
Terrence Ross,2014,TOR,SG,22,"2,67864","4,2","1,5679598602275782","12,0","1,0",Infravalorado,Toronto Raptors,Toronto,"43,6435","-79,3791"
Kentavious Caldwell-Pope,2014,DET,SG,20,"2,65308","1,8","0,6784567370753991","9,4","-0,2",Valor de mercado,Detroit Pistons,Detroit,"42,341","-83,0552"
Wayne Ellington,2014,DAL,SG,26,"2,652","0,7","0,2639517345399698","12,2","0,1",Valor de mercado,Dallas Mavericks,Dallas,"32,7905","-96,8103"
Mo Williams,2014,POR,PG,31,"2,652","2,2","0,8295625942684767","11,8","0,0",Infravalorado,Portland Trail Blazers,Portland,"45,5316","-122,6668"
Eric Bledsoe,2014,PHO,PG,24,"2,626474","4,1","1,561028207398969","19,6","1,8",Infravalorado,Phoenix Suns,Phoenix,"33,4457","-112,0712"
Nick Collison,2014,OKC,PF,33,"2,585668","3,6","1,3922901161324657","11,8","0,4",Infravalorado,Oklahoma City Thunder,Oklahoma City,"35,4634","-97,5151"
Kemba Walker,2014,CHA,PG,23,"2,56836","5,1","1,985702938840349","16,8","2,4",Infravalorado,Charlotte Hornets,Charlotte,"35,2251","-80,8392"
DeMarre Carroll,2014,ATL,SF,27,"2,557545","5,8","2,26779978455902","13,9","1,6",Infravalorado,Atlanta Hawks,Atlanta,"33,7573","-84,3963"
Avery Bradley,2014,BOS,SG,23,"2,511432","1,8","0,7167225710272068","12,7","0,1",Valor de mercado,Boston Celtics,Boston,"42,3662","-71,0621"
Chauncey Billups,2014,DET,SG,37,"2,5","-0,3","-0,12","5,3","-0,3",Sobrepagado,Detroit Pistons,Detroit,"42,341","-83,0552"
Jason Smith,2014,NOP,PF,27,"2,5","0,9","0,36","12,4","-0,3",Valor de mercado,New Orleans Pelicans,New Orleans,"29,949","-90,0821"
Andre Drummond,2014,DET,C,20,"2,4654","9,9","4,015575565831103","22,6","2,3",Infravalorado,Detroit Pistons,Detroit,"42,341","-83,0552"
Trey Burke,2014,UTA,PG,21,"2,43876","0,9","0,3690400039364267","12,6","-0,4",Valor de mercado,Utah Jazz,Salt Lake City,"40,7683","-111,9011"
Trevor Booker,2014,WAS,PF,26,"2,35082","4,3","1,8291489778034897","15,0","0,7",Infravalorado,Washington Wizards,Washington,"38,8981","-77,0209"
Austin Rivers,2014,NOP,PG,21,"2,33904","0,6","0,2565154935358096","11,6","-0,5",Valor de mercado,New Orleans Pelicans,New Orleans,"29,949","-90,0821"
Klay Thompson,2014,GSW,SG,23,"2,31792","6,7","2,890522537447367","14,3","2,0",Infravalorado,Golden State Warriors,San Francisco,"37,768","-122,3877"
CJ McCollum,2014,POR,SG,22,"2,31672","0,2","0,08632894782278394","9,0","-0,2",Sobrepagado,Portland Trail Blazers,Portland,"45,5316","-122,6668"
Quincy Pondexter,2014,MEM,SG,25,"2,225479","0,4","0,17973658704485643","10,3","0,0",Sobrepagado,Memphis Grizzlies,Memphis,"35,1382","-90,0505"
C.J. Miles,2014,CLE,SG,26,"2,225","2,5","1,1235955056179774","16,0","1,1",Infravalorado,Cleveland Cavaliers,Cleveland,"41,4965","-81,6882"
Meyers Leonard,2014,POR,C,21,"2,22216","0,6","0,2700075602116859","9,4","-0,2",Valor de mercado,Portland Trail Blazers,Portland,"45,5316","-122,6668"
Alec Burks,2014,UTA,SG,22,"2,202","3,2","1,4532243415077204","15,8","0,7",Infravalorado,Utah Jazz,Salt Lake City,"40,7683","-111,9011"
Michael Carter-Williams,2014,PHI,PG,22,"2,20092","1,3","0,590662086763717","15,5","0,9",Valor de mercado,Philadelphia 76ers,Philadelphia,"39,9012","-75,172"
Dante Cunningham,2014,MIN,PF,26,"2,18","2,9","1,330275229357798","12,6","0,5",Infravalorado,Minnesota Timberwolves,Minneapolis,"44,9795","-93,276"
Jordan Crawford,2014,GSW,SG,25,"2,162419","2,8","1,2948461884583884","14,3","0,6",Infravalorado,Golden State Warriors,San Francisco,"37,768","-122,3877"
Jeremy Lamb,2014,OKC,SG,21,"2,11116","3,3","1,5631216961291423","13,4","0,8",Infravalorado,Oklahoma City Thunder,Oklahoma City,"35,4634","-97,5151"
Markieff Morris,2014,PHO,PF,24,"2,09184","6,4","3,059507419305492","18,4","1,6",Infravalorado,Phoenix Suns,Phoenix,"33,4457","-112,0712"
Steven Adams,2014,OKC,C,20,"2,09088","2,9","1,3869758187940007","11,2","-0,1",Infravalorado,Oklahoma City Thunder,Oklahoma City,"35,4634","-97,5151"
C.J. Watson,2014,IND,PG,29,"2,016","3,2","1,5873015873015874","13,0","1,0",Infravalorado,Indiana Pacers,Indianapolis,"39,764","-86,1555"
Nate Robinson,2014,DEN,PG,29,"2,016","1,8","0,8928571428571429","15,6","0,6",Infravalorado,Denver Nuggets,Denver,"39,7487","-105,0077"
Jermaine O'Neal,2014,GSW,PF,35,"2,0","2,7","1,35","15,3","0,1",Infravalorado,Golden State Warriors,San Francisco,"37,768","-122,3877"
Kelly Olynyk,2014,BOS,C,22,"1,98636","2,9","1,4599569060995994","15,2","0,3",Infravalorado,Boston Celtics,Boston,"42,3662","-71,0621"
John Henson,2014,MIL,PF,23,"1,90536","3,3","1,7319561657639502","17,9","0,7",Infravalorado,Milwaukee Bucks,Milwaukee,"43,045","-87,917"
Darren Collison,2014,LAC,PG,26,"1,9","5,9","3,105263157894737","16,2","1,8",Infravalorado,LA Clippers,Los Angeles,"34,043","-118,2673"
Kawhi Leonard,2014,SAS,SF,22,"1,88784","7,7","4,07873548605814","19,4","3,5",Infravalorado,San Antonio Spurs,San Antonio,"29,427","-98,4375"
Shabazz Muhammad,2014,MIN,SG,21,"1,88712","0,3","0,15897240239094493","13,1","-0,2",Sobrepagado,Minnesota Timberwolves,Minneapolis,"44,9795","-93,276"
Maurice Harkless,2014,ORL,SF,20,"1,80984","2,8","1,5470980860186536","11,8","0,8",Infravalorado,Orlando Magic,Orlando,"28,5392","-81,3839"
Anthony Randolph,2014,DEN,PF,24,"1,75","0,6","0,34285714285714286","12,2","0,2",Valor de mercado,Denver Nuggets,Denver,"39,7487","-105,0077"
Jeff Ayres,2014,SAS,PF,26,"1,75","2,4","1,3714285714285714","11,1","0,0",Infravalorado,San Antonio Spurs,San Antonio,"29,427","-98,4375"
Iman Shumpert,2014,NYK,SG,23,"1,70376","2,0","1,1738742545898484","9,6","0,0",Infravalorado,New York Knicks,New York,"40,7505","-73,9934"
Reggie Evans,2014,SAC,PF,33,"1,695635","1,5","0,8846243442722048","11,7","-0,3",Infravalorado,Sacramento Kings,Sacramento,"38,5802","-121,4997"
Jeremy Evans,2014,UTA,SF,26,"1,660257","2,8","1,6864858874258621","16,2","0,3",Infravalorado,Utah Jazz,Salt Lake City,"40,7683","-111,9011"
Tyler Zeller,2014,CLE,C,24,"1,63344","2,6","1,5917327847977276","15,4","-0,1",Infravalorado,Cleveland Cavaliers,Cleveland,"41,4965","-81,6882"
Chris Singleton,2014,WAS,SF,24,"1,61868","0,2","0,1235574665777053","8,8","-0,2",Sobrepagado,Washington Wizards,Washington,"38,8981","-77,0209"
Toney Douglas,2014,MIA,PG,27,"1,6","0,9","0,5625","9,2","0,0",Valor de mercado,Miami Heat,Miami,"25,7814","-80,187"
John Lucas III,2014,UTA,PG,31,"1,6","-0,7","-0,43749999999999994","5,2","-0,6",Sobrepagado,Utah Jazz,Salt Lake City,"40,7683","-111,9011"
Pablo Prigioni,2014,NYK,PG,36,"1,59135","3,4","2,136550727369843","13,0","0,8",Infravalorado,New York Knicks,New York,"40,7505","-73,9934"
Terrence Jones,2014,HOU,PF,22,"1,55184","7,3","4,704093205485101","19,1","2,2",Infravalorado,Houston Rockets,Houston,"29,7508","-95,3621"
Jodie Meeks,2014,LAL,SG,26,"1,55","4,5","2,903225806451613","14,7","1,2",Infravalorado,LA Lakers,Los Angeles,"34,043","-118,2673"
Tobias Harris,2014,ORL,PF,21,"1,54584","4,1","2,652279666718418","16,5","0,6",Infravalorado,Orlando Magic,Orlando,"28,5392","-81,3839"
Shane Larkin,2014,DAL,PG,21,"1,53696","-0,1","-0,06506350197793045","8,3","-0,2",Sobrepagado,Dallas Mavericks,Dallas,"32,7905","-96,8103"
Ronny Turiaf,2014,MIN,C,31,"1,5","1,5","1,0","13,9","0,4",Infravalorado,Minnesota Timberwolves,Minneapolis,"44,9795","-93,276"
Miroslav Raduljica,2014,MIL,C,26,"1,5","1,1","0,7333333333333334","15,3","-0,2",Valor de mercado,Milwaukee Bucks,Milwaukee,"43,045","-87,917"
James Jones,2014,MIA,SF,33,"1,5","0,7","0,4666666666666666","15,4","0,3",Valor de mercado,Miami Heat,Miami,"25,7814","-80,187"
Andrew Nicholson,2014,ORL,PF,24,"1,482","0,6","0,4048582995951417","9,9","-0,9",Valor de mercado,Orlando Magic,Orlando,"28,5392","-81,3839"
Sergey Karasev,2014,CLE,SF,20,"1,46784","-0,1","-0,06812731632875518","2,3","-0,3",Sobrepagado,Cleveland Cavaliers,Cleveland,"41,4965","-81,6882"
Nando De Colo,2014,TOR,SF,26,"1,463","1,0","0,683526999316473","13,1","0,3",Valor de mercado,Toronto Raptors,Toronto,"43,6435","-79,3791"
Evan Fournier,2014,DEN,SG,21,"1,42272","1,4","0,9840305892937471","10,3","-0,4",Infravalorado,Denver Nuggets,Denver,"39,7487","-105,0077"
Tony Snell,2014,CHI,SG,22,"1,40904","1,6","1,1355248963833533","8,0","-0,2",Infravalorado,Chicago Bulls,Chicago,"41,8807","-87,6742"
Willie Green,2014,LAC,SG,32,"1,399507","0,5","0,35726866675193475","7,1","-0,3",Valor de mercado,LA Clippers,Los Angeles,"34,043","-118,2673"
Rashard Lewis,2014,MIA,SF,34,"1,399507","1,7","1,2147134669565782","10,7","0,4",Infravalorado,Miami Heat,Miami,"25,7814","-80,187"
Andray Blatche,2014,BRK,PF,27,"1,375604","3,7","2,6897275669451384","18,8","0,8",Infravalorado,Brooklyn Nets,Brooklyn,"40,6828","-73,9752"
Kenneth Faried,2014,DEN,PF,24,"1,36764","6,5","4,752712702173087","19,8","1,6",Infravalorado,Denver Nuggets,Denver,"39,7487","-105,0077"
Jared Sullinger,2014,BOS,PF,21,"1,36572","3,9","2,855636587294614","16,4","0,3",Infravalorado,Boston Celtics,Boston,"42,3662","-71,0621"
Gorgui Dieng,2014,MIN,C,24,"1,35264","2,2","1,626449018216229","16,5","0,2",Infravalorado,Minnesota Timberwolves,Minneapolis,"44,9795","-93,276"
Victor Claver,2014,POR,SF,25,"1,33","0,2","0,15037593984962405","8,8","-0,1",Sobrepagado,Portland Trail Blazers,Portland,"45,5316","-122,6668"
Mason Plumlee,2014,BRK,C,23,"1,29864","4,7","3,6191708248629335","19,0","1,0",Infravalorado,Brooklyn Nets,Brooklyn,"40,6828","-73,9752"
Reggie Jackson,2014,OKC,PG,23,"1,26036","4,9","3,887778095147419","15,4","1,2",Infravalorado,Oklahoma City Thunder,Oklahoma City,"35,4634","-97,5151"
John Jenkins,2014,ATL,SG,22,"1,2588","-0,1","-0,07944073721004132","4,7","-0,2",Sobrepagado,Atlanta Hawks,Atlanta,"33,7573","-84,3963"
Solomon Hill,2014,IND,SF,22,"1,24668","0,4","0,32085218339910804","7,6","0,0",Valor de mercado,Indiana Pacers,Indianapolis,"39,764","-86,1555"
MarShon Brooks,2014,LAL,SG,25,"1,21008","0,4","0,33055665741108026","15,5","0,1",Valor de mercado,LA Lakers,Los Angeles,"34,043","-118,2673"
Hasheem Thabeet,2014,OKC,C,26,"1,2","0,0","0,0","2,6","-0,3",Sobrepagado,Oklahoma City Thunder,Oklahoma City,"35,4634","-97,5151"
Tim Hardaway Jr.,2014,NYK,SG,21,"1,19676","3,1","2,590327216818744","12,7","0,1",Infravalorado,New York Knicks,New York,"40,7505","-73,9934"
Jordan Hamilton,2014,HOU,SF,23,"1,16988","1,6","1,3676616405101378","12,7","0,7",Infravalorado,Houston Rockets,Houston,"29,7508","-95,3621"
Tony Wroten,2014,PHI,PG,20,"1,16004","-0,9","-0,7758353160235855","12,9","-0,7",Sobrepagado,Philadelphia 76ers,Philadelphia,"39,9012","-75,172"
Reggie Bullock,2014,LAC,SF,22,"1,149","0,2","0,1740644038294169","6,7","-0,1",Sobrepagado,LA Clippers,Los Angeles,"34,043","-118,2673"
Patty Mills,2014,SAS,PG,25,"1,13395","5,6","4,938489351382335","18,7","2,3",Infravalorado,San Antonio Spurs,San Antonio,"29,427","-98,4375"
Norris Cole,2014,MIA,PG,25,"1,1292","1,2","1,0626992561105206","8,8","-0,6",Infravalorado,Miami Heat,Miami,"25,7814","-80,187"
Miles Plumlee,2014,PHO,C,25,"1,12152","4,0","3,5665882017262285","14,6","0,3",Infravalorado,Phoenix Suns,Phoenix,"33,4457","-112,0712"
Cory Joseph,2014,SAS,SG,22,"1,12092","2,9","2,5871605466937875","14,7","0,7",Infravalorado,San Antonio Spurs,San Antonio,"29,427","-98,4375"
Jimmy Butler,2014,CHI,SG,24,"1,11288","7,1","6,379843289483142","13,5","2,0",Infravalorado,Chicago Bulls,Chicago,"41,8807","-87,6742"
Nick Young,2014,LAL,SG,28,"1,106942","2,5","2,2584742470698553","16,0","0,7",Infravalorado,LA Lakers,Los Angeles,"34,043","-118,2673"
Arnett Moultrie,2014,PHI,PF,23,"1,08924","0,0","0,0","6,7","-0,3",Sobrepagado,Philadelphia 76ers,Philadelphia,"39,9012","-75,172"
Perry Jones,2014,OKC,PF,22,"1,08252","1,5","1,3856556922735839","10,1","0,1",Infravalorado,Oklahoma City Thunder,Oklahoma City,"35,4634","-97,5151"
Rudy Gobert,2014,UTA,C,21,"1,0788","0,4","0,37078235076010385","12,9","-0,1",Valor de mercado,Utah Jazz,Salt Lake City,"40,7683","-111,9011"
Marquis Teague,2014,BRK,SG,20,"1,07472","-0,5","-0,46523745719815396","3,8","-0,6",Sobrepagado,Brooklyn Nets,Brooklyn,"40,6828","-73,9752"
Archie Goodwin,2014,PHO,SG,19,"1,0644","0,2","0,18789928598271327","10,3","-0,2",Sobrepagado,Phoenix Suns,Phoenix,"33,4457","-112,0712"
Kyle Singler,2014,DET,SF,25,"1,045","4,4","4,210526315789474","11,8","0,3",Infravalorado,Detroit Pistons,Detroit,"42,341","-83,0552"
Anthony Morrow,2014,NOP,SG,28,"1,027424","2,4","2,3359392032890027","13,9","0,4",Infravalorado,New Orleans Pelicans,New Orleans,"29,949","-90,0821"
Lance Stephenson,2014,IND,SG,23,"1,005","7,4","7,363184079601991","14,7","2,3",Infravalorado,Indiana Pacers,Indianapolis,"39,764","-86,1555"
Andrew Bynum,2014,IND,C,26,"1,0","0,4","0,4","15,2","0,0",Valor de mercado,Indiana Pacers,Indianapolis,"39,764","-86,1555"
Ish Smith,2014,PHO,PG,25,"0,951463","1,0","1,0510130188982652","11,7","0,2",Infravalorado,Phoenix Suns,Phoenix,"33,4457","-112,0712"
Omri Casspi,2014,HOU,PF,25,"0,947907","2,4","2,531893951621836","12,9","0,5",Infravalorado,Houston Rockets,Houston,"29,7508","-95,3621"
Byron Mullens,2014,PHI,C,24,"0,947907","0,5","0,5274779065878825","12,8","0,0",Valor de mercado,Philadelphia 76ers,Philadelphia,"39,9012","-75,172"
Alan Anderson,2014,BRK,SF,31,"0,947907","1,7","1,7934248823988006","9,5","-0,4",Infravalorado,Brooklyn Nets,Brooklyn,"40,6828","-73,9752"
Austin Daye,2014,SAS,SF,25,"0,947907","0,1","0,10549558131757651","11,0","-0,1",Sobrepagado,San Antonio Spurs,San Antonio,"29,427","-98,4375"
Chandler Parsons,2014,HOU,SF,25,"0,9265","7,6","8,202914193200215","15,9","2,6",Infravalorado,Houston Rockets,Houston,"29,7508","-95,3621"
Jeff Adrien,2014,MIL,PF,27,"0,916099","2,7","2,947279715401938","17,4","0,3",Infravalorado,Milwaukee Bucks,Milwaukee,"43,045","-87,917"
Jon Leuer,2014,MEM,PF,24,"0,9","2,0","2,2222222222222223","17,6","0,5",Infravalorado,Memphis Grizzlies,Memphis,"35,1382","-90,0505"
Shelvin Mack,2014,ATL,PG,23,"0,884293","2,3","2,6009478758737203","13,2","0,3",Infravalorado,Atlanta Hawks,Atlanta,"33,7573","-84,3963"
Jannero Pargo,2014,CHA,PG,34,"0,884293","0,5","0,5654234512768957","18,9","0,3",Valor de mercado,Charlotte Hornets,Charlotte,"35,2251","-80,8392"
Anthony Tolliver,2014,CHA,PF,28,"0,884293","3,2","3,6187100881721332","11,0","0,6",Infravalorado,Charlotte Hornets,Charlotte,"35,2251","-80,8392"
Ryan Hollins,2014,LAC,PF,29,"0,884293","1,3","1,470100973319929","11,9","0,0",Infravalorado,LA Clippers,Los Angeles,"34,043","-118,2673"
Josh Harrellson,2014,DET,C,24,"0,884293","0,7","0,791592831787654","13,4","0,1",Infravalorado,Detroit Pistons,Detroit,"42,341","-83,0552"
Wesley Johnson,2014,LAL,SF,26,"0,884293","1,9","2,1486091148522037","11,0","0,5",Infravalorado,LA Lakers,Los Angeles,"34,043","-118,2673"
Nazr Mohammed,2014,CHI,C,36,"0,884293","0,8","0,9046775220430333","10,1","-0,3",Infravalorado,Chicago Bulls,Chicago,"41,8807","-87,6742"
Jordan Farmar,2014,LAL,PG,27,"0,884293","0,7","0,791592831787654","15,0","0,3",Infravalorado,LA Lakers,Los Angeles,"34,043","-118,2673"
Earl Watson,2014,POR,PG,34,"0,884293","-0,1","-0,11308469025537916","2,1","-0,2",Sobrepagado,Portland Trail Blazers,Portland,"45,5316","-122,6668"
DeJuan Blair,2014,DAL,PF,24,"0,884293","3,4","3,8448794686828913","17,3","0,3",Infravalorado,Dallas Mavericks,Dallas,"32,7905","-96,8103"
Garrett Temple,2014,WAS,SG,27,"0,884293","0,3","0,33925407076613745","7,8","-0,2",Valor de mercado,Washington Wizards,Washington,"38,8981","-77,0209"
Aaron Brooks,2014,DEN,PG,29,"0,884293","2,2","2,4878631856183415","12,5","0,4",Infravalorado,Denver Nuggets,Denver,"39,7487","-105,0077"
Rasual Butler,2014,IND,SG,34,"0,884293","1,1","1,2439315928091708","12,2","0,2",Infravalorado,Indiana Pacers,Indianapolis,"39,764","-86,1555"
Xavier Henry,2014,LAL,SF,22,"0,884293","0,3","0,33925407076613745","12,3","-0,2",Valor de mercado,LA Lakers,Los Angeles,"34,043","-118,2673"
Kenyon Martin,2014,NYK,PF,36,"0,884293","1,2","1,3570162830645498","12,2","0,3",Infravalorado,New York Knicks,New York,"40,7505","-73,9934"
Greg Oden,2014,MIA,C,26,"0,884293","0,5","0,5654234512768957","12,4","-0,1",Valor de mercado,Miami Heat,Miami,"25,7814","-80,187"
Isaiah Thomas,2014,SAC,PG,24,"0,884293","7,7","8,707521149664196","20,5","3,2",Infravalorado,Sacramento Kings,Sacramento,"38,5802","-121,4997"
P.J. Tucker,2014,PHO,SF,28,"0,884293","6,1","6,898166105578128","13,3","1,9",Infravalorado,Phoenix Suns,Phoenix,"33,4457","-112,0712"
Shaun Livingston,2014,BRK,PG,28,"0,884293","4,4","4,975726371236683","14,5","1,2",Infravalorado,Brooklyn Nets,Brooklyn,"40,6828","-73,9752"
Beno Udrih,2014,MEM,SG,31,"0,884293","0,8","0,9046775220430333","12,7","0,0",Infravalorado,Memphis Grizzlies,Memphis,"35,1382","-90,0505"
Donald Sloan,2014,IND,SG,26,"0,884293","0,3","0,33925407076613745","8,5","-0,1",Valor de mercado,Indiana Pacers,Indianapolis,"39,764","-86,1555"
Mike Miller,2014,MEM,SF,33,"0,884293","3,9","4,410302919959787","12,5","1,0",Infravalorado,Memphis Grizzlies,Memphis,"35,1382","-90,0505"
Devin Harris,2014,DAL,PG,30,"0,884293","1,6","1,8093550440860666","14,6","0,3",Infravalorado,Dallas Mavericks,Dallas,"32,7905","-96,8103"
Julyan Stone,2014,TOR,SG,25,"0,884293","0,2","0,22616938051075833","6,6","0,0",Sobrepagado,Toronto Raptors,Toronto,"43,6435","-79,3791"
E'Twaun Moore,2014,ORL,SG,24,"0,884293","1,7","1,9224397343414457","11,1","0,2",Infravalorado,Orlando Magic,Orlando,"28,5392","-81,3839"
Cole Aldrich,2014,NYK,C,25,"0,884293","1,2","1,3570162830645498","19,1","0,3",Infravalorado,New York Knicks,New York,"40,7505","-73,9934"
Draymond Green,2014,GSW,SF,23,"0,8755","4,5","5,139920045688179","12,7","1,8",Infravalorado,Golden State Warriors,San Francisco,"37,768","-122,3877"
Allen Crabbe,2014,POR,SG,21,"0,825","0,1","0,12121212121212123","7,7","-0,1",Sobrepagado,Portland Trail Blazers,Portland,"45,5316","-122,6668"
Elliot Williams,2014,PHI,SG,24,"0,797545","0,3","0,3761543235804876","8,7","-1,1",Valor de mercado,Philadelphia 76ers,Philadelphia,"39,9012","-75,172"
Brian Roberts,2014,NOP,PG,28,"0,788872","2,2","2,7887920980843535","13,4","0,1",Infravalorado,New Orleans Pelicans,New Orleans,"29,949","-90,0821"
Henry Sims,2014,PHI,C,23,"0,788872","2,1","2,662028820898701","16,1","0,0",Infravalorado,Philadelphia 76ers,Philadelphia,"39,9012","-75,172"
Kent Bazemore,2014,LAL,SG,24,"0,788872","0,2","0,25352655437130484","11,2","-0,3",Valor de mercado,LA Lakers,Los Angeles,"34,043","-118,2673"
Aron Baynes,2014,SAS,C,27,"0,788872","0,6","0,7605796631139146","9,7","-0,5",Infravalorado,San Antonio Spurs,San Antonio,"29,427","-98,4375"
Quincy Acy,2014,SAC,SF,23,"0,788872","1,5","1,9014491577847863","10,1","0,1",Infravalorado,Sacramento Kings,Sacramento,"38,5802","-121,4997"
Mike Scott,2014,ATL,PF,25,"0,788872","2,6","3,295845206826963","15,3","0,1",Infravalorado,Atlanta Hawks,Atlanta,"33,7573","-84,3963"
Kyle O'Quinn,2014,ORL,C,23,"0,788872","2,5","3,1690819296413104","16,5","0,5",Infravalorado,Orlando Magic,Orlando,"28,5392","-81,3839"
Quincy Miller,2014,DEN,PF,21,"0,788872","0,0","0,0","8,6","-0,4",Sobrepagado,Denver Nuggets,Denver,"39,7487","-105,0077"
Khris Middleton,2014,MIL,SF,22,"0,788872","2,7","3,4226084840126156","12,5","-0,2",Infravalorado,Milwaukee Bucks,Milwaukee,"43,045","-87,917"
Jae Crowder,2014,DAL,SF,23,"0,788872","2,3","2,9155553752700056","11,9","0,7",Infravalorado,Dallas Mavericks,Dallas,"32,7905","-96,8103"
Patrick Beverley,2014,HOU,PG,25,"0,788872","4,2","5,324057641797402","12,4","1,2",Infravalorado,Houston Rockets,Houston,"29,7508","-95,3621"
Will Barton,2014,POR,SG,23,"0,788872","0,6","0,7605796631139146","13,5","0,1",Infravalorado,Portland Trail Blazers,Portland,"45,5316","-122,6668"
Bernard James,2014,DAL,C,28,"0,788872","0,1","0,12676327718565242","8,5","-0,1",Sobrepagado,Dallas Mavericks,Dallas,"32,7905","-96,8103"
Robert Sacre,2014,LAL,C,24,"0,788872","1,4","1,774685880599134","12,1","-0,4",Infravalorado,LA Lakers,Los Angeles,"34,043","-118,2673"
Darius Miller,2014,NOP,SF,23,"0,788872","0,8","1,0141062174852193","9,0","-0,1",Infravalorado,New Orleans Pelicans,New Orleans,"29,949","-90,0821"
Andre Roberson,2014,OKC,SG,22,"0,74056","0,8","1,080263584314573","9,0","0,0",Infravalorado,Oklahoma City Thunder,Oklahoma City,"35,4634","-97,5151"
Diante Garrett,2014,UTA,PG,25,"0,719266","-0,8","-1,1122449830799732","7,1","-0,7",Sobrepagado,Utah Jazz,Salt Lake City,"40,7683","-111,9011"
Dwight Buycks,2014,TOR,PG,24,"0,7","0,0","0,0","7,2","0,0",Sobrepagado,Toronto Raptors,Toronto,"43,6435","-79,3791"
Hilton Armstrong,2014,GSW,C,29,"0,660619","0,3","0,45411954545660965","17,0","0,0",Valor de mercado,Golden State Warriors,San Francisco,"37,768","-122,3877"
Chris Douglas-Roberts,2014,CHA,SF,27,"0,660619","2,4","3,632956363652877","12,2","0,4",Infravalorado,Charlotte Hornets,Charlotte,"35,2251","-80,8392"
D.J. Augustin,2014,CHI,PG,26,"0,650215","6,2","9,535307552117377","16,2","1,7",Infravalorado,Chicago Bulls,Chicago,"41,8807","-87,6742"
James Johnson,2014,MEM,SF,26,"0,63461","3,0","4,727312837805896","18,5","1,6",Infravalorado,Memphis Grizzlies,Memphis,"35,1382","-90,0505"
Isaiah Canaan,2014,HOU,PG,22,"0,570515","0,2","0,35056045853307977","9,5","-0,1",Valor de mercado,Houston Rockets,Houston,"29,7508","-95,3621"
Jeremy Tyler,2014,NYK,C,22,"0,556584","0,5","0,8983369985482874","13,0","-0,4",Infravalorado,New York Knicks,New York,"40,7505","-73,9934"
Kendall Marshall,2014,LAL,PG,22,"0,54757","0,9","1,6436254725423234","12,6","-0,2",Infravalorado,LA Lakers,Los Angeles,"34,043","-118,2673"
Ricky Ledo,2014,DAL,SG,21,"0,544","0,0","0,0","12,7","0,0",Sobrepagado,Dallas Mavericks,Dallas,"32,7905","-96,8103"
Jamaal Franklin,2014,MEM,SG,22,"0,535","0,0","0,0","4,7","-0,2",Sobrepagado,Memphis Grizzlies,Memphis,"35,1382","-90,0505"
Ray McCallum,2014,SAC,PG,22,"0,524616","0,4","0,7624624487244004","9,7","-0,3",Infravalorado,Sacramento Kings,Sacramento,"38,5802","-121,4997"
Nate Wolters,2014,MIL,PG,22,"0,5","1,2","2,4","12,7","0,1",Infravalorado,Milwaukee Bucks,Milwaukee,"43,045","-87,917"
Tony Mitchell,2014,DET,PF,21,"0,5","0,2","0,4","18,1","0,0",Valor de mercado,Detroit Pistons,Detroit,"42,341","-83,0552"
Nick Calathes,2014,MEM,SG,24,"0,49018","1,5","3,060100371292178","12,3","0,3",Infravalorado,Memphis Grizzlies,Memphis,"35,1382","-90,0505"
Glen Rice Jr.,2014,WAS,SG,23,"0,49018","-0,1","-0,20400669141947858","6,6","0,0",Sobrepagado,Washington Wizards,Washington,"38,8981","-77,0209"
Peyton Siva,2014,DET,SG,23,"0,49018","-0,2","-0,40801338283895716","5,7","-0,2",Sobrepagado,Detroit Pistons,Detroit,"42,341","-83,0552"
Brandon Davies,2014,PHI,PF,22,"0,49018","0,1","0,20400669141947858","7,5","-0,6",Sobrepagado,Philadelphia 76ers,Philadelphia,"39,9012","-75,172"
Toure' Murry,2014,NYK,PG,24,"0,49018","0,0","0,0","11,1","-0,2",Sobrepagado,New York Knicks,New York,"40,7505","-73,9934"
Ryan Kelly,2014,LAL,PF,22,"0,49018","2,2","4,4881472112285286","12,6","0,2",Infravalorado,LA Lakers,Los Angeles,"34,043","-118,2673"
Phil Pressey,2014,BOS,PG,22,"0,49018","0,1","0,20400669141947858","8,8","-0,4",Sobrepagado,Boston Celtics,Boston,"42,3662","-71,0621"
Robbie Hummel,2014,MIN,SF,24,"0,49018","1,1","2,2440736056142643","9,6","0,0",Infravalorado,Minnesota Timberwolves,Minneapolis,"44,9795","-93,276"
Jeff Withey,2014,NOP,C,23,"0,49018","1,8","3,6721204455506142","15,2","0,4",Infravalorado,New Orleans Pelicans,New Orleans,"29,949","-90,0821"
Matthew Dellavedova,2014,CLE,SG,23,"0,49018","2,1","4,28414051980905","10,7","0,1",Infravalorado,Cleveland Cavaliers,Cleveland,"41,4965","-81,6882"
Dionte Christmas,2014,PHO,SF,27,"0,49018","0,3","0,6120200742584356","11,1","0,0",Valor de mercado,Phoenix Suns,Phoenix,"33,4457","-112,0712"
Ian Clark,2014,UTA,SG,22,"0,49018","-0,1","-0,20400669141947858","9,2","-0,1",Sobrepagado,Utah Jazz,Salt Lake City,"40,7683","-111,9011"
Gal Mekel,2014,DAL,PG,25,"0,49018","-0,4","-0,8160267656779143","5,4","-0,4",Sobrepagado,Dallas Mavericks,Dallas,"32,7905","-96,8103"
Hollis Thompson,2014,PHI,SF,22,"0,473604","2,0","4,222937306272751","9,5","-0,5",Infravalorado,Philadelphia 76ers,Philadelphia,"39,9012","-75,172"
Leandro Barbosa,2014,PHO,PG,31,"0,410936","0,4","0,9733875834679853","11,5","-0,1",Infravalorado,Phoenix Suns,Phoenix,"33,4457","-112,0712"
Luke Babbitt,2014,NOP,PF,24,"0,387995","0,7","1,8041469606567095","12,1","0,1",Infravalorado,New Orleans Pelicans,New Orleans,"29,949","-90,0821"
Chris Johnson,2014,BOS,SF,23,"0,320189","1,4","4,372417540889912","10,8","0,2",Infravalorado,Boston Celtics,Boston,"42,3662","-71,0621"
Shavlik Randolph,2014,PHO,PF,30,"0,306037","0,1","0,3267578756816986","7,7","-0,1",Valor de mercado,Phoenix Suns,Phoenix,"33,4457","-112,0712"
Dewayne Dedmon,2014,ORL,C,24,"0,3","0,6","2,0","10,7","-0,3",Infravalorado,Orlando Magic,Orlando,"28,5392","-81,3839"
Jason Collins,2014,BRK,C,35,"0,275691","0,1","0,36272493480019297","4,1","-0,2",Valor de mercado,Brooklyn Nets,Brooklyn,"40,6828","-73,9752"
Danny Granger,2014,LAC,SF,30,"0,249683","1,3","5,206601971299608","10,9","0,1",Infravalorado,LA Clippers,Los Angeles,"34,043","-118,2673"
Caron Butler,2014,OKC,SF,33,"0,244489","1,8","7,362294418153782","12,2","0,2",Infravalorado,Oklahoma City Thunder,Oklahoma City,"35,4634","-97,5151"
Jimmer Fredette,2014,CHI,SG,24,"0,239279","0,8","3,3433773962612685","15,8","0,3",Infravalorado,Chicago Bulls,Chicago,"41,8807","-87,6742"
Shannon Brown,2014,NYK,SG,28,"0,188438","-0,3","-1,5920355766883538","4,7","-0,3",Sobrepagado,New York Knicks,New York,"40,7505","-73,9934"
Jarvis Varnado,2014,PHI,PF,25,"0,171696","0,8","4,659398005777654","13,3","0,0",Infravalorado,Philadelphia 76ers,Philadelphia,"39,9012","-75,172"
Mike Muscala,2014,ATL,PF,22,"0,138404","0,2","1,445044940897662","10,8","-0,2",Infravalorado,Atlanta Hawks,Atlanta,"33,7573","-84,3963"
Cartier Martin,2014,CHI,SF,29,"0,104034","1,3","12,495914797085568","11,0","0,2",Infravalorado,Chicago Bulls,Chicago,"41,8807","-87,6742"
Chris Babb,2014,BOS,SG,23,"0,077852","0,0","0,0","3,7","-0,1",Sobrepagado,Boston Celtics,Boston,"42,3662","-71,0621"
Ronnie Brewer,2014,CHI,SF,28,"0,069792","0,0","0,0","3,4","0,0",Sobrepagado,Chicago Bulls,Chicago,"41,8807","-87,6742"
Mike James,2014,CHI,PG,38,"0,057627","-0,1","-1,7352976903187745","1,5","-0,1",Sobrepagado,Chicago Bulls,Chicago,"41,8807","-87,6742"
Drew Gooden,2014,WAS,C,32,"0,052017","1,4","26,914278024491992","18,4","0,2",Infravalorado,Washington Wizards,Washington,"38,8981","-77,0209"
Lou Amundson,2014,CHI,PF,31,"0,048854","0,1","2,046915298644942","9,1","-0,2",Infravalorado,Chicago Bulls,Chicago,"41,8807","-87,6742"
Jared Cunningham,2014,SAC,SG,22,"0,046404","0,1","2,154986639082838","8,5","0,0",Infravalorado,Sacramento Kings,Sacramento,"38,5802","-121,4997"
Greg Smith,2014,HOU,C,23,"0,015605","0,2","12,81640499839795","13,7","0,0",Infravalorado,Houston Rockets,Houston,"29,7508","-95,3621"
Kobe Bryant,2015,LAL,SG,36,"23,5","0,2","0,00851063829787234","17,6","0,7",Sobrepagado,LA Lakers,Los Angeles,"34,043","-118,2673"
Joe Johnson,2015,BRK,SG,33,"23,18079","4,1","0,17687058982890574","14,1","1,3",Sobrepagado,Brooklyn Nets,Brooklyn,"40,6828","-73,9752"
Dwight Howard,2015,HOU,C,29,"21,436271","3,6","0,16793965704202937","19,2","0,5",Sobrepagado,Houston Rockets,Houston,"29,7508","-95,3621"
Chris Bosh,2015,MIA,C,30,"20,6444","3,6","0,17438143031524286","19,8","1,3",Sobrepagado,Miami Heat,Miami,"25,7814","-80,187"
LeBron James,2015,CLE,SF,30,"20,6444","10,4","0,5037685764662572","25,9","5,7",Valor de mercado,Cleveland Cavaliers,Cleveland,"41,4965","-81,6882"
Chris Paul,2015,LAC,PG,29,"20,068563","16,1","0,8022497674596831","26,0","7,2",Infravalorado,LA Clippers,Los Angeles,"34,043","-118,2673"
Deron Williams,2015,BRK,PG,30,"19,754465","3,6","0,1822372815462226","15,7","1,2",Sobrepagado,Brooklyn Nets,Brooklyn,"40,6828","-73,9752"
Rudy Gay,2015,SAC,SF,28,"19,317326","6,1","0,3157786952500568","19,7","2,9",Valor de mercado,Sacramento Kings,Sacramento,"38,5802","-121,4997"
Kevin Durant,2015,OKC,SF,26,"18,995624","4,8","0,25268977739294063","27,6","2,8",Valor de mercado,Oklahoma City Thunder,Oklahoma City,"35,4634","-97,5151"
Derrick Rose,2015,CHI,PG,26,"18,862876","1,2","0,0636170221338464","15,9","0,6",Sobrepagado,Chicago Bulls,Chicago,"41,8807","-87,6742"
Blake Griffin,2015,LAC,PF,25,"17,674613","9,0","0,5092049257316129","22,8","3,6",Valor de mercado,LA Clippers,Los Angeles,"34,043","-118,2673"
Zach Randolph,2015,MEM,PF,33,"16,5","7,2","0,4363636363636364","19,5","1,9",Valor de mercado,Memphis Grizzlies,Memphis,"35,1382","-90,0505"
LaMarcus Aldridge,2015,POR,PF,29,"16,006","8,6","0,5372985130576033","22,8","3,1",Valor de mercado,Portland Trail Blazers,Portland,"45,5316","-122,6668"
Marc Gasol,2015,MEM,C,30,"15,829688","10,2","0,644358878077698","21,7","4,8",Valor de mercado,Memphis Grizzlies,Memphis,"35,1382","-90,0505"
Kevin Love,2015,CLE,PF,26,"15,719063","8,7","0,5534681043011278","18,8","3,0",Valor de mercado,Cleveland Cavaliers,Cleveland,"41,4965","-81,6882"
Brook Lopez,2015,BRK,C,26,"15,719062","7,0","0,4453191927100994","22,7","1,6",Valor de mercado,Brooklyn Nets,Brooklyn,"40,6828","-73,9752"
Russell Westbrook,2015,OKC,PG,26,"15,719062","10,6","0,6743404918181505","29,1","5,8",Valor de mercado,Oklahoma City Thunder,Oklahoma City,"35,4634","-97,5151"
David Lee,2015,GSW,PF,31,"15,012","3,2","0,21316280309086064","17,8","0,7",Sobrepagado,Golden State Warriors,San Francisco,"37,768","-122,3877"
Dwyane Wade,2015,MIA,SG,33,"15,0","3,5","0,23333333333333334","21,4","2,1",Sobrepagado,Miami Heat,Miami,"25,7814","-80,187"
Eric Gordon,2015,NOP,SG,26,"14,898938","2,9","0,19464474582013833","12,7","0,5",Sobrepagado,New Orleans Pelicans,New Orleans,"29,949","-90,0821"
Roy Hibbert,2015,IND,C,28,"14,898938","4,2","0,2818992870498555","15,4","0,4",Valor de mercado,Indiana Pacers,Indianapolis,"39,764","-86,1555"
Tyson Chandler,2015,DAL,C,32,"14,846888","10,3","0,6937480770380972","20,1","2,7",Valor de mercado,Dallas Mavericks,Dallas,"32,7905","-96,8103"
John Wall,2015,WAS,PG,24,"14,746","7,8","0,52895700528957","19,9","4,0",Valor de mercado,Washington Wizards,Washington,"38,8981","-77,0209"
DeMarcus Cousins,2015,SAC,C,24,"14,746","6,0","0,4068900040689","25,2","3,2",Valor de mercado,Sacramento Kings,Sacramento,"38,5802","-121,4997"
Gordon Hayward,2015,UTA,SF,24,"14,746","8,7","0,589990505899905","20,2","4,0",Valor de mercado,Utah Jazz,Salt Lake City,"40,7683","-111,9011"
James Harden,2015,HOU,SG,25,"14,728844","16,4","1,1134614501993503","26,7","8,1",Infravalorado,Houston Rockets,Houston,"29,7508","-95,3621"
Chandler Parsons,2015,DAL,SF,26,"14,7","5,5","0,3741496598639456","16,3","2,0",Valor de mercado,Dallas Mavericks,Dallas,"32,7905","-96,8103"
Al Jefferson,2015,CHO,C,30,"13,5","4,7","0,34814814814814815","19,7","1,8",Valor de mercado,Charlotte Hornets,Charlotte,"35,2251","-80,8392"
Eric Bledsoe,2015,PHO,PG,25,"13,0","7,0","0,5384615384615384","18,4","2,9",Valor de mercado,Phoenix Suns,Phoenix,"33,4457","-112,0712"
Andrew Bogut,2015,GSW,C,30,"12,972973","5,2","0,4008333324982639","15,8","1,8",Valor de mercado,Golden State Warriors,San Francisco,"37,768","-122,3877"
Derrick Favors,2015,UTA,PF,23,"12,95","8,3","0,640926640926641","21,8","2,6",Valor de mercado,Utah Jazz,Salt Lake City,"40,7683","-111,9011"
Rajon Rondo,2015,DAL,PG,28,"12,90909","1,6","0,1239436707002585","13,5","0,6",Sobrepagado,Dallas Mavericks,Dallas,"32,7905","-96,8103"
Joakim Noah,2015,CHI,C,29,"12,7","5,6","0,4409448818897638","15,3","2,1",Valor de mercado,Chicago Bulls,Chicago,"41,8807","-87,6742"
Tony Parker,2015,SAS,PG,32,"12,5","4,1","0,32799999999999996","15,9","0,3",Valor de mercado,San Antonio Spurs,San Antonio,"29,427","-98,4375"
Serge Ibaka,2015,OKC,PF,25,"12,35","5,6","0,4534412955465587","16,6","1,6",Valor de mercado,Oklahoma City Thunder,Oklahoma City,"35,4634","-97,5151"
Andre Iguodala,2015,GSW,SF,31,"12,289544","5,1","0,4149869189613545","12,3","1,5",Valor de mercado,Golden State Warriors,San Francisco,"37,768","-122,3877"
Kyle Lowry,2015,TOR,PG,28,"12,0","7,1","0,5916666666666667","19,3","3,1",Valor de mercado,Toronto Raptors,Toronto,"43,6435","-79,3791"
Al Horford,2015,ATL,C,28,"12,0","8,7","0,725","21,4","3,6",Valor de mercado,Atlanta Hawks,Atlanta,"33,7573","-84,3963"
Kevin Garnett,2015,MIN,PF,38,"12,0","1,9","0,15833333333333333","15,2","0,7",Sobrepagado,Minnesota Timberwolves,Minneapolis,"44,9795","-93,276"
David West,2015,IND,PF,34,"12,0","4,3","0,35833333333333334","16,0","1,7",Valor de mercado,Indiana Pacers,Indianapolis,"39,764","-86,1555"
Nicolas Batum,2015,POR,SF,26,"11,7655","5,2","0,4419701670137266","13,1","2,4",Valor de mercado,Portland Trail Blazers,Portland,"45,5316","-122,6668"
Ty Lawson,2015,DEN,PG,27,"11,595506","7,0","0,6036821506538826","18,5","2,8",Valor de mercado,Denver Nuggets,Denver,"39,7487","-105,0077"
Andrea Bargnani,2015,NYK,C,29,"11,5","0,9","0,0782608695652174","16,6","0,2",Sobrepagado,New York Knicks,New York,"40,7505","-73,9934"
DeAndre Jordan,2015,LAC,C,26,"11,440123","12,8","1,1188690890823465","21,0","3,5",Infravalorado,LA Clippers,Los Angeles,"34,043","-118,2673"
Tyreke Evans,2015,NOP,SG,25,"11,265416","4,6","0,40832935064271036","17,7","2,2",Valor de mercado,New Orleans Pelicans,New Orleans,"29,949","-90,0821"
JaVale McGee,2015,PHI,C,27,"11,25","0,4","0,035555555555555556","14,4","-0,1",Sobrepagado,Philadelphia 76ers,Philadelphia,"39,9012","-75,172"
Larry Sanders,2015,MIL,C,26,"11,0","1,6","0,14545454545454548","15,2","0,2",Sobrepagado,Milwaukee Bucks,Milwaukee,"43,045","-87,917"
Danilo Gallinari,2015,DEN,SF,26,"10,85485","3,9","0,3592864019309341","16,8","1,6",Valor de mercado,Denver Nuggets,Denver,"39,7487","-105,0077"
Stephen Curry,2015,GSW,PG,26,"10,629213","15,7","1,4770613779213946","28,0","7,9",Infravalorado,Golden State Warriors,San Francisco,"37,768","-122,3877"
Marcin Gortat,2015,WAS,C,30,"10,434782","8,6","0,8241667147430584","18,2","2,1",Infravalorado,Washington Wizards,Washington,"38,8981","-77,0209"
Tim Duncan,2015,SAS,C,38,"10,361446","9,6","0,9265116085148732","22,6","4,0",Infravalorado,San Antonio Spurs,San Antonio,"29,427","-98,4375"
Gerald Wallace,2015,BOS,SF,32,"10,105855","0,1","0,009895253790995418","6,2","-0,1",Sobrepagado,Boston Celtics,Boston,"42,3662","-71,0621"
DeMar DeRozan,2015,TOR,SG,25,"10,1","4,0","0,39603960396039606","17,4","0,6",Valor de mercado,Toronto Raptors,Toronto,"43,6435","-79,3791"
Jrue Holiday,2015,NOP,PG,24,"9,904495","3,4","0,3432784811340709","18,8","1,6",Valor de mercado,New Orleans Pelicans,New Orleans,"29,949","-90,0821"
Luol Deng,2015,MIA,SF,29,"9,714461","5,4","0,5558723227155887","15,5","1,2",Valor de mercado,Miami Heat,Miami,"25,7814","-80,187"
Paul Millsap,2015,ATL,PF,29,"9,5","8,3","0,8736842105263158","20,0","3,3",Infravalorado,Atlanta Hawks,Atlanta,"33,7573","-84,3963"
Thaddeus Young,2015,BRK,PF,26,"9,410869","3,1","0,32940634919049455","15,7","1,1",Valor de mercado,Brooklyn Nets,Brooklyn,"40,6828","-73,9752"
Tiago Splitter,2015,SAS,C,30,"9,25","4,0","0,43243243243243246","18,9","1,1",Valor de mercado,San Antonio Spurs,San Antonio,"29,427","-98,4375"
Jeff Green,2015,MEM,SF,28,"9,2","5,2","0,5652173913043479","14,4","1,2",Valor de mercado,Memphis Grizzlies,Memphis,"35,1382","-90,0505"
Jordan Hill,2015,LAL,C,27,"9,0","2,2","0,24444444444444446","16,2","-0,1",Sobrepagado,LA Lakers,Los Angeles,"34,043","-118,2673"
Lance Stephenson,2015,CHO,SG,24,"9,0","-0,9","-0,1","8,8","-1,0",Sobrepagado,Charlotte Hornets,Charlotte,"35,2251","-80,8392"
Mike Conley,2015,MEM,PG,27,"8,694216","6,8","0,7821291764547832","18,6","2,7",Infravalorado,Memphis Grizzlies,Memphis,"35,1382","-90,0505"
Channing Frye,2015,ORL,PF,31,"8,579088","2,1","0,2447812634629695","9,5","0,2",Sobrepagado,Orlando Magic,Orlando,"28,5392","-81,3839"
Marcus Thornton,2015,PHO,SG,27,"8,575","1,2","0,13994169096209913","15,0","0,6",Sobrepagado,Phoenix Suns,Phoenix,"33,4457","-112,0712"
Jeremy Lin,2015,LAL,PG,26,"8,374646","2,7","0,3224016871877331","15,6","0,8",Valor de mercado,LA Lakers,Los Angeles,"34,043","-118,2673"
Monta Ellis,2015,DAL,SG,29,"8,36","3,6","0,430622009569378","16,5","1,3",Valor de mercado,Dallas Mavericks,Dallas,"32,7905","-96,8103"
Taj Gibson,2015,CHI,PF,29,"8,0","4,8","0,6","16,1","0,7",Valor de mercado,Chicago Bulls,Chicago,"41,8807","-87,6742"
Brandon Jennings,2015,DET,PG,25,"8,0","3,3","0,4125","19,7","1,6",Valor de mercado,Detroit Pistons,Detroit,"42,341","-83,0552"
O.J. Mayo,2015,MIL,SG,27,"8,0","2,8","0,35","13,5","0,6",Valor de mercado,Milwaukee Bucks,Milwaukee,"43,045","-87,917"
George Hill,2015,IND,PG,28,"8,0","5,4","0,675","21,5","2,3",Valor de mercado,Indiana Pacers,Indianapolis,"39,764","-86,1555"
Jeff Teague,2015,ATL,PG,26,"8,0","7,7","0,9625","20,6","2,8",Infravalorado,Atlanta Hawks,Atlanta,"33,7573","-84,3963"
Dirk Nowitzki,2015,DAL,PF,36,"7,974482","7,2","0,9028799613567376","19,2","2,4",Infravalorado,Dallas Mavericks,Dallas,"32,7905","-96,8103"
Tayshaun Prince,2015,DET,SF,34,"7,707865","2,5","0,3243440304156858","12,0","0,5",Valor de mercado,Detroit Pistons,Detroit,"42,341","-83,0552"
Boris Diaw,2015,SAS,PF,32,"7,5","3,6","0,48000000000000004","12,7","0,8",Valor de mercado,San Antonio Spurs,San Antonio,"29,427","-98,4375"
Arron Afflalo,2015,POR,SG,29,"7,5","2,6","0,3466666666666667","10,7","-0,3",Valor de mercado,Portland Trail Blazers,Portland,"45,5316","-122,6668"
Wesley Matthews,2015,POR,SG,28,"7,24564","6,2","0,855687006254796","16,1","2,6",Infravalorado,Portland Trail Blazers,Portland,"45,5316","-122,6668"
Isaiah Thomas,2015,BOS,PG,25,"7,238606","6,1","0,8427036918434295","20,6","2,3",Infravalorado,Boston Celtics,Boston,"42,3662","-71,0621"
Avery Bradley,2015,BOS,SG,24,"7,191011","2,5","0,3476562614074711","11,5","-0,1",Valor de mercado,Boston Celtics,Boston,"42,3662","-71,0621"
Pau Gasol,2015,CHI,PF,34,"7,128","10,4","1,4590347923681257","22,7","3,7",Infravalorado,Chicago Bulls,Chicago,"41,8807","-87,6742"
Kyrie Irving,2015,CLE,PG,22,"7,07073","10,4","1,4708523730930188","21,5","4,2",Infravalorado,Cleveland Cavaliers,Cleveland,"41,4965","-81,6882"
Amir Johnson,2015,TOR,PF,27,"7,0","5,1","0,7285714285714285","15,4","0,9",Valor de mercado,Toronto Raptors,Toronto,"43,6435","-79,3791"
Marvin Williams,2015,CHO,PF,28,"7,0","4,3","0,6142857142857142","11,8","1,0",Valor de mercado,Charlotte Hornets,Charlotte,"35,2251","-80,8392"
Brandon Bass,2015,BOS,PF,29,"6,9","5,3","0,7681159420289855","16,3","1,0",Infravalorado,Boston Celtics,Boston,"42,3662","-71,0621"
Kevin Martin,2015,MIN,SG,31,"6,7925","1,9","0,2797202797202797","16,7","0,4",Valor de mercado,Minnesota Timberwolves,Minneapolis,"44,9795","-93,276"
Wilson Chandler,2015,DEN,SF,27,"6,757913","3,6","0,5327088407323385","13,2","0,9",Valor de mercado,Denver Nuggets,Denver,"39,7487","-105,0077"
Jason Richardson,2015,PHI,SG,34,"6,601125","0,4","0,060595731788142176","11,7","0,1",Sobrepagado,Philadelphia 76ers,Philadelphia,"39,9012","-75,172"
Carl Landry,2015,SAC,PF,31,"6,5","2,8","0,43076923076923074","14,9","-0,1",Valor de mercado,Sacramento Kings,Sacramento,"38,5802","-121,4997"
Derrick Williams,2015,SAC,PF,23,"6,331404","2,1","0,3316799875667388","12,8","0,0",Valor de mercado,Sacramento Kings,Sacramento,"38,5802","-121,4997"
Jarrett Jack,2015,BRK,PG,31,"6,3","2,6","0,41269841269841273","14,6","0,5",Valor de mercado,Brooklyn Nets,Brooklyn,"40,6828","-73,9752"
Kyle Korver,2015,ATL,SG,33,"6,253521","7,5","1,199324348634953","14,8","3,0",Infravalorado,Atlanta Hawks,Atlanta,"33,7573","-84,3963"
Landry Fields,2015,TOR,SF,26,"6,25","0,3","0,048","10,8","0,1",Sobrepagado,Toronto Raptors,Toronto,"43,6435","-79,3791"
Robin Lopez,2015,POR,C,26,"6,124729","5,1","0,8326899035043018","16,2","0,9",Infravalorado,Portland Trail Blazers,Portland,"45,5316","-122,6668"
Jason Thompson,2015,SAC,PF,28,"6,0375","2,4","0,3975155279503106","10,2","-0,4",Valor de mercado,Sacramento Kings,Sacramento,"38,5802","-121,4997"
Jodie Meeks,2015,DET,SG,27,"6,0","3,1","0,5166666666666667","14,1","0,5",Valor de mercado,Detroit Pistons,Detroit,"42,341","-83,0552"
Gerald Henderson,2015,CHO,SG,27,"6,0","3,6","0,6","13,2","0,4",Valor de mercado,Charlotte Hornets,Charlotte,"35,2251","-80,8392"
Chuck Hayes,2015,TOR,C,31,"5,95875","0,5","0,08391021606880637","10,4","0,1",Sobrepagado,Toronto Raptors,Toronto,"43,6435","-79,3791"
Jason Terry,2015,HOU,SG,37,"5,850313","3,6","0,6153516914394154","11,4","1,0",Valor de mercado,Houston Rockets,Houston,"29,7508","-95,3621"
Patrick Patterson,2015,TOR,PF,25,"5,831326","6,1","1,0460742548092834","14,6","2,4",Infravalorado,Toronto Raptors,Toronto,"43,6435","-79,3791"
P.J. Tucker,2015,PHO,SF,29,"5,7","4,9","0,8596491228070176","12,5","1,4",Infravalorado,Phoenix Suns,Phoenix,"33,4457","-112,0712"
Anthony Davis,2015,NOP,PF,21,"5,60724","14,0","2,4967720304463517","30,8","6,7",Infravalorado,New Orleans Pelicans,New Orleans,"29,949","-90,0821"
Anthony Bennett,2015,MIN,PF,21,"5,56392","0,3","0,053918819824871664","11,4","-0,4",Sobrepagado,Minnesota Timberwolves,Minneapolis,"44,9795","-93,276"
Andrew Wiggins,2015,MIN,SF,19,"5,51064","2,1","0,3810809633726754","13,9","-0,3",Valor de mercado,Minnesota Timberwolves,Minneapolis,"44,9795","-93,276"
Greg Monroe,2015,DET,PF,24,"5,479934","6,8","1,2408908574446333","21,2","2,1",Infravalorado,Detroit Pistons,Detroit,"42,341","-83,0552"
Jamal Crawford,2015,LAC,SG,34,"5,45","3,6","0,6605504587155964","16,6","1,2",Valor de mercado,LA Clippers,Los Angeles,"34,043","-118,2673"
Lou Williams,2015,TOR,SG,28,"5,45","6,6","1,2110091743119265","19,9","2,3",Infravalorado,Toronto Raptors,Toronto,"43,6435","-79,3791"
Courtney Lee,2015,MEM,SG,29,"5,45","4,8","0,8807339449541284","11,5","0,9",Infravalorado,Memphis Grizzlies,Memphis,"35,1382","-90,0505"
Martell Webster,2015,WAS,SF,28,"5,38175","0,0","0,0","5,9","-0,3",Sobrepagado,Washington Wizards,Washington,"38,8981","-77,0209"
Chris Andersen,2015,MIA,C,36,"5,375","3,6","0,6697674418604651","16,1","0,9",Valor de mercado,Miami Heat,Miami,"25,7814","-80,187"
Spencer Hawes,2015,LAC,PF,26,"5,305","1,2","0,22620169651272384","9,8","-0,1",Sobrepagado,LA Clippers,Los Angeles,"34,043","-118,2673"
Paul Pierce,2015,WAS,SF,37,"5,305","5,5","1,0367577756833177","15,2","1,7",Infravalorado,Washington Wizards,Washington,"38,8981","-77,0209"
Shaun Livingston,2015,GSW,PG,29,"5,305","3,3","0,6220546654099905","12,9","0,4",Valor de mercado,Golden State Warriors,San Francisco,"37,768","-122,3877"
Josh McRoberts,2015,MIA,PF,27,"5,305","0,4","0,07540056550424129","10,2","-0,1",Sobrepagado,Miami Heat,Miami,"25,7814","-80,187"
Zaza Pachulia,2015,MIL,C,30,"5,2","4,2","0,8076923076923077","15,6","1,0",Infravalorado,Milwaukee Bucks,Milwaukee,"43,045","-87,917"
Tristan Thompson,2015,CLE,PF,23,"5,13843","6,8","1,3233614158410254","15,6","0,4",Infravalorado,Cleveland Cavaliers,Cleveland,"41,4965","-81,6882"
Michael Kidd-Gilchrist,2015,CHO,SF,21,"5,01696","3,8","0,7574307947442276","15,1","0,6",Infravalorado,Charlotte Hornets,Charlotte,"35,2251","-80,8392"
Chase Budinger,2015,MIN,SF,26,"5,0","1,3","0,26","12,2","0,0",Valor de mercado,Minnesota Timberwolves,Minneapolis,"44,9795","-93,276"
Trevor Booker,2015,UTA,PF,27,"5,0","3,6","0,72","15,3","0,7",Valor de mercado,Utah Jazz,Salt Lake City,"40,7683","-111,9011"
Brandan Wright,2015,PHO,PF,27,"5,0","6,1","1,22","20,4","2,1",Infravalorado,Phoenix Suns,Phoenix,"33,4457","-112,0712"
Nick Young,2015,LAL,SG,29,"4,99442","1,2","0,24026813924339563","14,2","0,2",Sobrepagado,LA Lakers,Los Angeles,"34,043","-118,2673"
Victor Oladipo,2015,ORL,SG,22,"4,9782","3,5","0,7030653649913623","15,9","1,1",Valor de mercado,Orlando Magic,Orlando,"28,5392","-81,3839"
Jabari Parker,2015,MIL,PF,19,"4,93056","1,3","0,2636617341640706","14,5","0,3",Valor de mercado,Milwaukee Bucks,Milwaukee,"43,045","-87,917"
Luis Scola,2015,IND,PF,34,"4,868499","4,4","0,9037693137042856","16,8","0,7",Infravalorado,Indiana Pacers,Indianapolis,"39,764","-86,1555"
Tony Allen,2015,MEM,SG,33,"4,831461","4,1","0,848604593931318","14,6","1,5",Infravalorado,Memphis Grizzlies,Memphis,"35,1382","-90,0505"
Chris Kaman,2015,POR,C,32,"4,8","3,3","0,6875","17,3","0,4",Valor de mercado,Portland Trail Blazers,Portland,"45,5316","-122,6668"
Darren Collison,2015,SAC,PG,27,"4,797664","3,8","0,7920521320375916","17,5","1,6",Infravalorado,Sacramento Kings,Sacramento,"38,5802","-121,4997"
Kostas Papanikolaou,2015,HOU,SF,24,"4,797664","0,5","0,10421738579441994","7,8","0,0",Sobrepagado,Houston Rockets,Houston,"29,7508","-95,3621"
Corey Brewer,2015,HOU,SF,28,"4,7025","3,1","0,659223817118554","13,9","0,5",Valor de mercado,Houston Rockets,Houston,"29,7508","-95,3621"
Ricky Rubio,2015,MIN,PG,24,"4,660479","0,5","0,1072851095348783","15,2","0,3",Sobrepagado,Minnesota Timberwolves,Minneapolis,"44,9795","-93,276"
Andre Miller,2015,SAC,PG,38,"4,65","2,2","0,4731182795698925","13,3","0,0",Valor de mercado,Sacramento Kings,Sacramento,"38,5802","-121,4997"
Timofey Mozgov,2015,CLE,C,28,"4,65","5,7","1,2258064516129032","16,6","0,7",Infravalorado,Cleveland Cavaliers,Cleveland,"41,4965","-81,6882"
Bradley Beal,2015,WAS,SG,21,"4,50528","3,7","0,821258612117338","14,0","1,1",Infravalorado,Washington Wizards,Washington,"38,8981","-77,0209"
Caron Butler,2015,DET,SF,34,"4,5","2,4","0,5333333333333333","9,3","0,1",Valor de mercado,Detroit Pistons,Detroit,"42,341","-83,0552"
Jonas Jerebko,2015,BOS,PF,27,"4,5","3,5","0,7777777777777778","15,0","0,9",Infravalorado,Boston Celtics,Boston,"42,3662","-71,0621"
Ben Gordon,2015,ORL,SG,31,"4,5","0,3","0,06666666666666667","10,6","-0,4",Sobrepagado,Orlando Magic,Orlando,"28,5392","-81,3839"
Otto Porter Jr.,2015,WAS,SF,21,"4,47048","2,7","0,6039619906587212","11,6","0,6",Valor de mercado,Washington Wizards,Washington,"38,8981","-77,0209"
Luc Mbah a Moute,2015,PHI,PF,28,"4,382576","1,1","0,25099393598650654","10,6","-0,4",Valor de mercado,Philadelphia 76ers,Philadelphia,"39,9012","-75,172"
Kris Humphries,2015,WAS,PF,29,"4,25","3,8","0,8941176470588235","15,4","0,3",Infravalorado,Washington Wizards,Washington,"38,8981","-77,0209"
Jared Dudley,2015,MIL,SG,29,"4,25","4,1","0,9647058823529411","12,3","1,1",Infravalorado,Milwaukee Bucks,Milwaukee,"43,045","-87,917"
C.J. Miles,2015,IND,SG,27,"4,205","3,6","0,8561236623067776","14,1","1,3",Infravalorado,Indiana Pacers,Indianapolis,"39,764","-86,1555"
Thabo Sefolosha,2015,ATL,SF,30,"4,15","2,5","0,6024096385542168","13,8","0,8",Valor de mercado,Atlanta Hawks,Atlanta,"33,7573","-84,3963"
Dion Waiters,2015,OKC,SG,23,"4,062","1,1","0,27080256031511574","10,9","-0,7",Valor de mercado,Oklahoma City Thunder,Oklahoma City,"35,4634","-97,5151"
Samuel Dalembert,2015,NYK,C,33,"4,051527","0,3","0,07404615593083792","11,8","-0,1",Sobrepagado,New York Knicks,New York,"40,7505","-73,9934"
Cody Zeller,2015,CHO,C,22,"4,03056","3,8","0,9427970306855622","14,1","0,5",Infravalorado,Charlotte Hornets,Charlotte,"35,2251","-80,8392"
Danny Green,2015,SAS,SG,27,"4,025","7,8","1,9378881987577639","16,5","3,8",Infravalorado,San Antonio Spurs,San Antonio,"29,427","-98,4375"
Mario Chalmers,2015,MIA,PG,28,"4,0","2,8","0,7","11,7","-0,3",Valor de mercado,Miami Heat,Miami,"25,7814","-80,187"
Ian Mahinmi,2015,IND,C,28,"4,0","2,1","0,525","10,8","-0,1",Valor de mercado,Indiana Pacers,Indianapolis,"39,764","-86,1555"
Aaron Gordon,2015,ORL,PF,19,"3,99204","1,0","0,2504984919990782","11,4","-0,2",Valor de mercado,Orlando Magic,Orlando,"28,5392","-81,3839"
Mo Williams,2015,CHO,PG,32,"3,965074","2,1","0,5296244155846777","15,4","0,6",Valor de mercado,Charlotte Hornets,Charlotte,"35,2251","-80,8392"
Vince Carter,2015,MEM,SG,38,"3,911981","1,0","0,25562496341367713","9,6","0,1",Valor de mercado,Memphis Grizzlies,Memphis,"35,1382","-90,0505"
Devin Harris,2015,DAL,PG,31,"3,878896","4,2","1,0827823174429012","14,8","1,4",Infravalorado,Dallas Mavericks,Dallas,"32,7905","-96,8103"
Bismack Biyombo,2015,CHO,C,22,"3,873398","4,0","1,032684996481126","15,2","0,3",Infravalorado,Charlotte Hornets,Charlotte,"35,2251","-80,8392"
Patty Mills,2015,SAS,PG,26,"3,842105","1,4","0,36438358660161546","13,0","0,4",Valor de mercado,San Antonio Spurs,San Antonio,"29,427","-98,4375"
Joel Anthony,2015,DET,C,32,"3,8","1,2","0,3157894736842105","14,7","0,2",Valor de mercado,Detroit Pistons,Detroit,"42,341","-83,0552"
Raymond Felton,2015,DAL,PG,30,"3,793693","0,2","0,05271907874464275","12,4","0,0",Sobrepagado,Dallas Mavericks,Dallas,"32,7905","-96,8103"
Thomas Robinson,2015,PHI,PF,23,"3,67836","1,5","0,40779042834306595","15,3","0,0",Valor de mercado,Philadelphia 76ers,Philadelphia,"39,9012","-75,172"
Marreese Speights,2015,GSW,C,27,"3,6575","4,0","1,0936431989063566","19,5","0,0",Infravalorado,Golden State Warriors,San Francisco,"37,768","-122,3877"
Alex Len,2015,PHO,C,21,"3,64992","3,4","0,9315272663510433","13,5","0,1",Infravalorado,Phoenix Suns,Phoenix,"33,4457","-112,0712"
Dante Exum,2015,UTA,PG,19,"3,615","-0,1","-0,027662517289073305","5,7","-1,1",Sobrepagado,Utah Jazz,Salt Lake City,"40,7683","-111,9011"
Brandon Knight,2015,PHO,PG,23,"3,553917","4,5","1,2662085242846133","17,1","1,9",Infravalorado,Phoenix Suns,Phoenix,"33,4457","-112,0712"
Gerald Green,2015,PHO,SG,29,"3,5","1,9","0,5428571428571428","15,4","0,6",Valor de mercado,Phoenix Suns,Phoenix,"33,4457","-112,0712"
Steve Novak,2015,OKC,SF,31,"3,445947","0,3","0,08705879689966213","8,6","0,0",Sobrepagado,Oklahoma City Thunder,Oklahoma City,"35,4634","-97,5151"
Matt Barnes,2015,LAC,SF,34,"3,39625","4,3","1,2661023187338976","11,3","1,0",Infravalorado,LA Clippers,Los Angeles,"34,043","-118,2673"
Damian Lillard,2015,POR,PG,24,"3,34092","10,6","3,1727787555523626","20,7","4,9",Infravalorado,Portland Trail Blazers,Portland,"45,5316","-122,6668"
Mike Scott,2015,ATL,PF,26,"3,333333","2,7","0,8100000810000081","15,1","0,4",Infravalorado,Atlanta Hawks,Atlanta,"33,7573","-84,3963"
Tyler Hansbrough,2015,TOR,PF,29,"3,326235","3,4","1,0221767253366043","13,3","0,2",Infravalorado,Toronto Raptors,Toronto,"43,6435","-79,3791"
Mike Dunleavy,2015,CHI,SF,34,"3,326235","4,1","1,232624874670611","11,6","0,9",Infravalorado,Chicago Bulls,Chicago,"41,8807","-87,6742"
Nerlens Noel,2015,PHI,C,20,"3,31512","4,0","1,2065928231858878","15,0","1,0",Infravalorado,Philadelphia 76ers,Philadelphia,"39,9012","-75,172"
Marcus Smart,2015,BOS,PG,20,"3,28332","2,9","0,8832523177759097","11,0","0,7",Infravalorado,Boston Celtics,Boston,"42,3662","-71,0621"
Alexey Shved,2015,NYK,SG,26,"3,282056","2,2","0,6703115364271665","19,5","0,9",Valor de mercado,New York Knicks,New York,"40,7505","-73,9934"
Evan Turner,2015,BOS,SG,26,"3,278","2,5","0,7626601586333129","12,8","0,6",Infravalorado,Boston Celtics,Boston,"42,3662","-71,0621"
Jason Smith,2015,NYK,C,28,"3,278","1,2","0,3660768761439902","12,0","-0,8",Valor de mercado,New York Knicks,New York,"40,7505","-73,9934"
Kemba Walker,2015,CHO,PG,24,"3,272091","4,5","1,3752673748988031","17,6","2,3",Infravalorado,Charlotte Hornets,Charlotte,"35,2251","-80,8392"
Carlos Boozer,2015,LAL,PF,33,"3,251","2,2","0,6767148569670871","16,4","0,1",Valor de mercado,LA Lakers,Los Angeles,"34,043","-118,2673"
Gary Neal,2015,MIN,SG,30,"3,25","0,6","0,1846153846153846","11,1","-0,5",Sobrepagado,Minnesota Timberwolves,Minneapolis,"44,9795","-93,276"
Anthony Morrow,2015,OKC,SG,29,"3,2","5,7","1,78125","14,8","1,7",Infravalorado,Oklahoma City Thunder,Oklahoma City,"35,4634","-97,5151"
Dorell Wright,2015,POR,SF,29,"3,15","1,6","0,507936507936508","13,4","0,6",Valor de mercado,Portland Trail Blazers,Portland,"45,5316","-122,6668"
Quincy Pondexter,2015,NOP,SF,26,"3,146068","2,9","0,9217855430969705","9,9","0,0",Infravalorado,New Orleans Pelicans,New Orleans,"29,949","-90,0821"
Chris Copeland,2015,IND,SF,30,"3,135","-0,1","-0,031897926634768745","7,4","-0,4",Sobrepagado,Indiana Pacers,Indianapolis,"39,764","-86,1555"
Klay Thompson,2015,GSW,SG,24,"3,07588","8,8","2,8609698687855185","20,8","4,0",Infravalorado,Golden State Warriors,San Francisco,"37,768","-122,3877"
Harrison Barnes,2015,GSW,SF,22,"3,04992","6,7","2,1967789319064104","13,4","1,2",Infravalorado,Golden State Warriors,San Francisco,"37,768","-122,3877"
Alec Burks,2015,UTA,SG,23,"3,034356","1,7","0,5602506759259626","13,0","0,1",Valor de mercado,Utah Jazz,Salt Lake City,"40,7683","-111,9011"
Ben McLemore,2015,SAC,SG,21,"3,02628","2,5","0,8260967260134555","10,4","-0,2",Infravalorado,Sacramento Kings,Sacramento,"38,5802","-121,4997"
Joel Freeland,2015,POR,C,27,"3,013512","1,6","0,5309419706973126","12,2","-0,1",Valor de mercado,Portland Trail Blazers,Portland,"45,5316","-122,6668"
Anthony Tolliver,2015,DET,PF,29,"3,0","2,7","0,9","11,1","0,2",Infravalorado,Detroit Pistons,Detroit,"42,341","-83,0552"
Kosta Koufos,2015,MEM,C,25,"3,0","3,3","1,0999999999999999","14,2","0,2",Infravalorado,Memphis Grizzlies,Memphis,"35,1382","-90,0505"
D.J. Augustin,2015,OKC,PG,27,"3,0","3,4","1,1333333333333333","13,9","0,4",Infravalorado,Oklahoma City Thunder,Oklahoma City,"35,4634","-97,5151"
Randy Foye,2015,DEN,SG,31,"3,0","1,0","0,3333333333333333","11,0","0,2",Valor de mercado,Denver Nuggets,Denver,"39,7487","-105,0077"
Jerryd Bayless,2015,MIL,PG,26,"3,0","2,4","0,7999999999999999","11,1","0,0",Infravalorado,Milwaukee Bucks,Milwaukee,"43,045","-87,917"
Markieff Morris,2015,PHO,PF,25,"2,989239","4,6","1,5388531997608754","15,8","1,1",Infravalorado,Phoenix Suns,Phoenix,"33,4457","-112,0712"
Furkan Aldemir,2015,PHI,PF,23,"2,963232","1,4","0,4724571008952387","12,0","-0,2",Valor de mercado,Philadelphia 76ers,Philadelphia,"39,9012","-75,172"
Kawhi Leonard,2015,SAS,SF,23,"2,894059","8,6","2,971604932725974","22,0","4,1",Infravalorado,San Antonio Spurs,San Antonio,"29,427","-98,4375"
Marco Belinelli,2015,SAS,SG,28,"2,87375","2,9","1,009134406263593","12,4","0,4",Infravalorado,San Antonio Spurs,San Antonio,"29,427","-98,4375"
Terrence Ross,2015,TOR,SF,23,"2,79396","2,4","0,8589958338702056","11,2","0,3",Infravalorado,Toronto Raptors,Toronto,"43,6435","-79,3791"
Kentavious Caldwell-Pope,2015,DET,SG,21,"2,77248","2,8","1,009926131117267","11,2","0,2",Infravalorado,Detroit Pistons,Detroit,"42,341","-83,0552"
Luke Ridnour,2015,ORL,PG,33,"2,75","0,6","0,21818181818181817","10,0","-0,2",Sobrepagado,Orlando Magic,Orlando,"28,5392","-81,3839"
Nik Stauskas,2015,SAC,SG,21,"2,74584","0,5","0,18209363983334792","7,5","-0,4",Sobrepagado,Sacramento Kings,Sacramento,"38,5802","-121,4997"
Brian Roberts,2015,CHO,PG,29,"2,732","1,8","0,6588579795021962","11,7","0,1",Valor de mercado,Charlotte Hornets,Charlotte,"35,2251","-80,8392"
Udonis Haslem,2015,MIA,PF,34,"2,732","1,4","0,5124450951683748","10,6","-0,4",Valor de mercado,Miami Heat,Miami,"25,7814","-80,187"
Jameer Nelson,2015,DEN,PG,32,"2,732","1,4","0,5124450951683748","12,1","0,4",Valor de mercado,Denver Nuggets,Denver,"39,7487","-105,0077"
Mike Miller,2015,CLE,SF,34,"2,732","0,4","0,14641288433382138","4,6","-0,2",Sobrepagado,Cleveland Cavaliers,Cleveland,"41,4965","-81,6882"
Kirk Hinrich,2015,CHI,SG,34,"2,732","1,0","0,3660322108345534","6,8","-0,7",Valor de mercado,Chicago Bulls,Chicago,"41,8807","-87,6742"
Iman Shumpert,2015,CLE,SG,24,"2,616975","1,5","0,573180867222652","11,4","0,4",Valor de mercado,Cleveland Cavaliers,Cleveland,"41,4965","-81,6882"
Andre Drummond,2015,DET,C,21,"2,56836","7,7","2,9980220841315077","21,4","1,2",Infravalorado,Detroit Pistons,Detroit,"42,341","-83,0552"
Trey Burke,2015,UTA,PG,22,"2,54856","2,4","0,9417082587814294","12,6","0,3",Infravalorado,Utah Jazz,Salt Lake City,"40,7683","-111,9011"
Noah Vonleh,2015,CHO,PF,19,"2,5242","0,5","0,19808256081134618","13,2","-0,1",Sobrepagado,Charlotte Hornets,Charlotte,"35,2251","-80,8392"
James Johnson,2015,TOR,PF,27,"2,5","4,1","1,64","17,9","1,5",Infravalorado,Toronto Raptors,Toronto,"43,6435","-79,3791"
DeMarre Carroll,2015,ATL,SF,28,"2,442455","7,0","2,8659688714838145","15,9","2,0",Infravalorado,Atlanta Hawks,Atlanta,"33,7573","-84,3963"
Austin Rivers,2015,LAC,PG,22,"2,43984","1,5","0,614794412748377","10,3","-0,3",Valor de mercado,LA Clippers,Los Angeles,"34,043","-118,2673"
Shelvin Mack,2015,ATL,PG,24,"2,433333","1,3","0,5342466485269382","13,2","0,1",Valor de mercado,Atlanta Hawks,Atlanta,"33,7573","-84,3963"
CJ McCollum,2015,POR,SG,23,"2,421","1,8","0,7434944237918216","13,1","0,4",Infravalorado,Portland Trail Blazers,Portland,"45,5316","-122,6668"
Elfrid Payton,2015,ORL,PG,20,"2,39784","2,3","0,9591966102825876","13,8","0,5",Infravalorado,Orlando Magic,Orlando,"28,5392","-81,3839"
Tobias Harris,2015,ORL,SF,22,"2,380594","4,8","2,0163034940019173","16,7","1,5",Infravalorado,Orlando Magic,Orlando,"28,5392","-81,3839"
Meyers Leonard,2015,POR,C,22,"2,31792","2,8","1,2079795678884517","14,8","0,6",Infravalorado,Portland Trail Blazers,Portland,"45,5316","-122,6668"
Michael Carter-Williams,2015,MIL,PG,23,"2,30004","0,8","0,34782003791238414","14,1","0,5",Valor de mercado,Milwaukee Bucks,Milwaukee,"43,045","-87,917"
Doug McDermott,2015,CHI,SF,23,"2,27796","0,0","0,0","6,1","-0,3",Sobrepagado,Chicago Bulls,Chicago,"41,8807","-87,6742"
Kenneth Faried,2015,DEN,PF,25,"2,249768","5,6","2,489145547452004","18,4","1,0",Infravalorado,Denver Nuggets,Denver,"39,7487","-105,0077"
Nick Collison,2015,OKC,PF,34,"2,242003","2,2","0,9812654131149692","11,2","0,3",Infravalorado,Oklahoma City Thunder,Oklahoma City,"35,4634","-97,5151"
Brendan Haywood,2015,CLE,C,35,"2,213668","0,0","0,0","9,1","-0,1",Sobrepagado,Cleveland Cavaliers,Cleveland,"41,4965","-81,6882"
Reggie Jackson,2015,DET,PG,24,"2,204369","4,9","2,2228583327020117","17,2","1,8",Infravalorado,Detroit Pistons,Detroit,"42,341","-83,0552"
Jeremy Lamb,2015,OKC,SG,22,"2,202","1,6","0,7266121707538602","14,9","0,6",Valor de mercado,Oklahoma City Thunder,Oklahoma City,"35,4634","-97,5151"
Steven Adams,2015,OKC,C,21,"2,18496","4,1","1,8764645577035735","14,1","0,3",Infravalorado,Oklahoma City Thunder,Oklahoma City,"35,4634","-97,5151"
Ramon Sessions,2015,WAS,PG,28,"2,077","1,1","0,5296100144439095","11,1","-0,2",Valor de mercado,Washington Wizards,Washington,"38,8981","-77,0209"
Jordan Farmar,2015,LAC,PG,28,"2,077","0,6","0,2888781896966779","9,9","0,1",Valor de mercado,LA Clippers,Los Angeles,"34,043","-118,2673"
Aron Baynes,2015,SAS,C,28,"2,077","3,9","1,8777082330284063","15,9","0,1",Infravalorado,San Antonio Spurs,San Antonio,"29,427","-98,4375"
C.J. Watson,2015,IND,PG,30,"2,077","4,0","1,9258545979778527","15,4","1,2",Infravalorado,Indiana Pacers,Indianapolis,"39,764","-86,1555"
Danny Granger,2015,MIA,SF,31,"2,077","0,6","0,2888781896966779","8,6","-0,3",Valor de mercado,Miami Heat,Miami,"25,7814","-80,187"
Beno Udrih,2015,MEM,PG,32,"2,077","3,6","1,7332691381800676","15,4","0,9",Infravalorado,Memphis Grizzlies,Memphis,"35,1382","-90,0505"
Steve Blake,2015,POR,PG,34,"2,077","2,1","1,0110736639383726","9,5","0,1",Infravalorado,Portland Trail Blazers,Portland,"45,5316","-122,6668"
Josh Smith,2015,HOU,PF,29,"2,077","2,3","1,1073663938372653","14,9","1,6",Infravalorado,Houston Rockets,Houston,"29,7508","-95,3621"
Kelly Olynyk,2015,BOS,C,23,"2,07576","3,6","1,7343045438779052","15,9","0,8",Infravalorado,Boston Celtics,Boston,"42,3662","-71,0621"
Zach LaVine,2015,MIN,PG,19,"2,05584","-0,7","-0,3404934236127325","11,3","-1,3",Sobrepagado,Minnesota Timberwolves,Minneapolis,"44,9795","-93,276"
Norris Cole,2015,NOP,PG,26,"2,038206","1,4","0,6868785588895331","10,9","-0,4",Valor de mercado,New Orleans Pelicans,New Orleans,"29,949","-90,0821"
Cory Joseph,2015,SAS,PG,23,"2,023261","4,5","2,2241322300978466","15,5","1,2",Infravalorado,San Antonio Spurs,San Antonio,"29,427","-98,4375"
Jimmy Butler,2015,CHI,SG,25,"2,008748","11,2","5,575612271922609","21,3","4,2",Infravalorado,Chicago Bulls,Chicago,"41,8807","-87,6742"
Kent Bazemore,2015,ATL,SG,25,"2,0","1,6","0,8","9,7","0,0",Infravalorado,Atlanta Hawks,Atlanta,"33,7573","-84,3963"
DeJuan Blair,2015,WAS,PF,25,"2,0","0,1","0,05","7,7","-0,3",Sobrepagado,Washington Wizards,Washington,"38,8981","-77,0209"
John Salmons,2015,NOP,SF,35,"2,0","0,1","0,05","5,1","-0,1",Sobrepagado,New Orleans Pelicans,New Orleans,"29,949","-90,0821"
Elton Brand,2015,ATL,C,35,"2,0","0,7","0,35","9,4","-0,1",Valor de mercado,Atlanta Hawks,Atlanta,"33,7573","-84,3963"
John Henson,2015,MIL,C,24,"1,98732","3,6","1,8114848137189783","18,0","0,8",Infravalorado,Milwaukee Bucks,Milwaukee,"43,045","-87,917"
Shabazz Muhammad,2015,MIN,SG,22,"1,97196","2,0","1,0142193553621777","19,9","0,6",Infravalorado,Minnesota Timberwolves,Minneapolis,"44,9795","-93,276"
T.J. Warren,2015,PHO,SF,21,"1,95312","1,1","0,5632014417956911","14,0","0,2",Valor de mercado,Phoenix Suns,Phoenix,"33,4457","-112,0712"
Maurice Harkless,2015,ORL,SF,21,"1,88784","0,3","0,1589117721840834","8,4","-0,3",Sobrepagado,Orlando Magic,Orlando,"28,5392","-81,3839"
Giannis Antetokounmpo,2015,MIL,SG,20,"1,8732","6,2","3,309844117019005","14,8","1,2",Infravalorado,Milwaukee Bucks,Milwaukee,"43,045","-87,917"
Adreian Payne,2015,MIN,PF,23,"1,85532","-0,5","-0,2694952892223444","7,7","-0,9",Sobrepagado,Minnesota Timberwolves,Minneapolis,"44,9795","-93,276"
Jeff Ayres,2015,SAS,PF,27,"1,82875","1,2","0,656185919343814","14,4","0,0",Valor de mercado,San Antonio Spurs,San Antonio,"29,427","-98,4375"
Jeremy Evans,2015,UTA,SF,27,"1,794871","1,3","0,7242860350409583","20,5","0,4",Valor de mercado,Utah Jazz,Salt Lake City,"40,7683","-111,9011"
Joffrey Lauvergne,2015,DEN,C,23,"1,790281","0,1","0,055857153150818226","10,5","-0,2",Sobrepagado,Denver Nuggets,Denver,"39,7487","-105,0077"
Reggie Evans,2015,SAC,PF,34,"1,768653","1,2","0,6784824383301868","11,7","-0,1",Valor de mercado,Sacramento Kings,Sacramento,"38,5802","-121,4997"
Tyler Zeller,2015,BOS,C,25,"1,70376","6,5","3,815091327417007","18,9","1,3",Infravalorado,Boston Celtics,Boston,"42,3662","-71,0621"
James Young,2015,BOS,SG,19,"1,67448","0,3","0,17916009746309303","8,5","-0,1",Sobrepagado,Boston Celtics,Boston,"42,3662","-71,0621"
Pablo Prigioni,2015,HOU,PG,37,"1,662961","2,3","1,3830751292423573","12,2","0,6",Infravalorado,Houston Rockets,Houston,"29,7508","-95,3621"
Ryan Kelly,2015,LAL,PF,23,"1,65","0,7","0,42424242424242425","8,6","-0,4",Valor de mercado,LA Lakers,Los Angeles,"34,043","-118,2673"
Terrence Jones,2015,HOU,PF,23,"1,61868","3,0","1,8533619986655794","18,3","0,7",Infravalorado,Houston Rockets,Houston,"29,7508","-95,3621"
Shane Larkin,2015,NYK,PG,22,"1,60608","1,7","1,058477784419207","10,9","-0,4",Infravalorado,New York Knicks,New York,"40,7505","-73,9934"
Tyler Ennis,2015,MIL,PG,20,"1,59072","-0,3","-0,18859384429692216","7,3","-0,2",Sobrepagado,Milwaukee Bucks,Milwaukee,"43,045","-87,917"
Andrew Nicholson,2015,ORL,PF,25,"1,54584","0,1","0,06468974796874191","10,3","-0,4",Sobrepagado,Orlando Magic,Orlando,"28,5392","-81,3839"
Sergey Karasev,2015,BRK,SG,21,"1,53384","0,7","0,4563709382986491","10,5","0,0",Valor de mercado,Brooklyn Nets,Brooklyn,"40,6828","-73,9752"
Gary Harris,2015,DEN,SG,20,"1,5192","-0,7","-0,4607688256977356","4,9","-0,6",Sobrepagado,Denver Nuggets,Denver,"39,7487","-105,0077"
Evan Fournier,2015,ORL,SG,22,"1,48392","2,1","1,4151706291444284","12,4","0,1",Infravalorado,Orlando Magic,Orlando,"28,5392","-81,3839"
Tony Snell,2015,CHI,SF,23,"1,4724","2,4","1,6299918500407498","10,2","0,2",Infravalorado,Chicago Bulls,Chicago,"41,8807","-87,6742"
Willie Green,2015,ORL,SG,33,"1,44849","-0,1","-0,06903741137322315","7,9","-0,5",Sobrepagado,Orlando Magic,Orlando,"28,5392","-81,3839"
Jared Sullinger,2015,BOS,PF,22,"1,42452","4,0","2,8079633841574707","17,9","1,2",Infravalorado,Boston Celtics,Boston,"42,3662","-71,0621"
Gorgui Dieng,2015,MIN,C,25,"1,41348","4,9","3,4666213883464922","17,2","1,2",Infravalorado,Minnesota Timberwolves,Minneapolis,"44,9795","-93,276"
Mitch McGary,2015,OKC,PF,22,"1,40004","1,3","0,9285448987171796","16,6","0,0",Infravalorado,Oklahoma City Thunder,Oklahoma City,"35,4634","-97,5151"
Victor Claver,2015,POR,SF,26,"1,37","0,1","0,072992700729927","9,2","0,0",Sobrepagado,Portland Trail Blazers,Portland,"45,5316","-122,6668"
Mason Plumlee,2015,BRK,C,24,"1,35708","4,8","3,537005924484923","18,0","0,9",Infravalorado,Brooklyn Nets,Brooklyn,"40,6828","-73,9752"
Jordan Adams,2015,MEM,SG,20,"1,34412","0,4","0,29759247686218493","12,8","0,2",Valor de mercado,Memphis Grizzlies,Memphis,"35,1382","-90,0505"
John Jenkins,2015,ATL,SG,23,"1,31292","0,9","0,6854949273375377","15,9","0,2",Valor de mercado,Atlanta Hawks,Atlanta,"33,7573","-84,3963"
Solomon Hill,2015,IND,SF,23,"1,30284","3,5","2,6864388566516224","10,2","0,3",Infravalorado,Indiana Pacers,Indianapolis,"39,764","-86,1555"
Rodney Hood,2015,UTA,SG,22,"1,29036","2,2","1,7049505564338636","12,3","0,3",Infravalorado,Utah Jazz,Salt Lake City,"40,7683","-111,9011"
Alan Anderson,2015,BRK,SG,32,"1,276061","2,7","2,1158863095102824","10,6","0,2",Infravalorado,Brooklyn Nets,Brooklyn,"40,6828","-73,9752"
Tim Hardaway Jr.,2015,NYK,SG,22,"1,25064","0,8","0,6396724876863047","12,1","-0,3",Valor de mercado,New York Knicks,New York,"40,7505","-73,9934"
Shabazz Napier,2015,MIA,PG,23,"1,23864","0,5","0,4036685396886908","9,3","-0,3",Valor de mercado,Miami Heat,Miami,"25,7814","-80,187"
Shawne Williams,2015,DET,SF,28,"1,227985","1,9","1,547250169993933","10,5","0,0",Infravalorado,Detroit Pistons,Detroit,"42,341","-83,0552"
Shavlik Randolph,2015,BOS,PF,31,"1,227985","0,0","0,0","7,2","-0,1",Sobrepagado,Boston Celtics,Boston,"42,3662","-71,0621"
Tony Wroten,2015,PHI,PG,21,"1,21008","0,3","0,24791749305831018","14,9","0,2",Valor de mercado,Philadelphia 76ers,Philadelphia,"39,9012","-75,172"
Reggie Bullock,2015,PHO,SF,23,"1,20072","0,1","0,08328336331534412","6,2","-0,1",Sobrepagado,Phoenix Suns,Phoenix,"33,4457","-112,0712"
Clint Capela,2015,HOU,C,20,"1,1892","0,0","0,0","12,1","-0,1",Sobrepagado,Houston Rockets,Houston,"29,7508","-95,3621"
Miles Plumlee,2015,MIL,C,26,"1,16988","2,6","2,222450165828974","13,4","0,4",Infravalorado,Milwaukee Bucks,Milwaukee,"43,045","-87,917"
Andre Roberson,2015,OKC,SG,23,"1,16088","2,1","1,8089725036179451","9,1","0,4",Infravalorado,Oklahoma City Thunder,Oklahoma City,"35,4634","-97,5151"
P.J. Hairston,2015,CHO,SG,22,"1,14972","0,3","0,26093309675399223","8,9","-0,1",Valor de mercado,Charlotte Hornets,Charlotte,"35,2251","-80,8392"
Brandon Rush,2015,GSW,SG,29,"1,145685","-0,3","-0,26185207976014346","0,8","-0,4",Sobrepagado,Golden State Warriors,San Francisco,"37,768","-122,3877"
Cartier Martin,2015,DET,SF,30,"1,145685","-0,2","-0,174568053173429","1,6","-0,3",Sobrepagado,Detroit Pistons,Detroit,"42,341","-83,0552"
Perry Jones,2015,OKC,SF,23,"1,1292","0,2","0,1771165426850868","6,9","-0,4",Sobrepagado,Oklahoma City Thunder,Oklahoma City,"35,4634","-97,5151"
Rudy Gobert,2015,UTA,C,22,"1,1274","9,3","8,249068653539117","21,6","3,4",Infravalorado,Utah Jazz,Salt Lake City,"40,7683","-111,9011"
Festus Ezeli,2015,GSW,C,25,"1,11288","1,7","1,5275681115663862","16,2","0,0",Infravalorado,Golden State Warriors,San Francisco,"37,768","-122,3877"
Archie Goodwin,2015,PHO,SG,20,"1,11228","0,2","0,1798108389973748","11,2","-0,2",Sobrepagado,Phoenix Suns,Phoenix,"33,4457","-112,0712"
Kyle Anderson,2015,SAS,SF,21,"1,09368","0,3","0,27430326969497476","8,2","0,1",Valor de mercado,San Antonio Spurs,San Antonio,"29,427","-98,4375"
Kyle Singler,2015,OKC,SF,26,"1,09","2,0","1,8348623853211008","8,5","0,0",Infravalorado,Oklahoma City Thunder,Oklahoma City,"35,4634","-97,5151"
Robert Covington,2015,PHI,SF,24,"1,0","4,0","4,0","14,7","1,3",Infravalorado,Philadelphia 76ers,Philadelphia,"39,9012","-75,172"
Ed Davis,2015,LAL,PF,25,"0,981084","6,3","6,421468498110253","20,0","1,6",Infravalorado,LA Lakers,Los Angeles,"34,043","-118,2673"
Al-Farouq Aminu,2015,DAL,SF,24,"0,981084","3,3","3,3636263561529898","14,4","1,0",Infravalorado,Dallas Mavericks,Dallas,"32,7905","-96,8103"
Garrett Temple,2015,WAS,SG,28,"0,981084","1,5","1,5289210709786318","10,9","0,5",Infravalorado,Washington Wizards,Washington,"38,8981","-77,0209"
Luke Babbitt,2015,NOP,SF,25,"0,981084","1,6","1,6308491423772074","11,1","0,3",Infravalorado,New Orleans Pelicans,New Orleans,"29,949","-90,0821"
Jon Leuer,2015,MEM,PF,25,"0,9675","1,3","1,3436692506459949","11,9","-0,1",Infravalorado,Memphis Grizzlies,Memphis,"35,1382","-90,0505"
Greg Smith,2015,DAL,PF,24,"0,948163","0,8","0,8437367836542874","10,2","-0,1",Infravalorado,Dallas Mavericks,Dallas,"32,7905","-96,8103"
Donald Sloan,2015,IND,PG,27,"0,948163","2,0","2,109341959135718","13,1","0,5",Infravalorado,Indiana Pacers,Indianapolis,"39,764","-86,1555"
Joey Dorsey,2015,HOU,PF,31,"0,948163","1,9","2,0038748611789323","11,1","-0,2",Infravalorado,Houston Rockets,Houston,"29,7508","-95,3621"
E'Twaun Moore,2015,CHI,SG,25,"0,948163","0,8","0,8437367836542874","10,3","0,1",Infravalorado,Chicago Bulls,Chicago,"41,8807","-87,6742"
Jason Maxiell,2015,CHO,PF,31,"0,915243","1,4","1,5296484103128893","10,4","-0,3",Infravalorado,Charlotte Hornets,Charlotte,"35,2251","-80,8392"
Omri Casspi,2015,SAC,SF,26,"0,915243","2,7","2,950036219889144","14,4","0,4",Infravalorado,Sacramento Kings,Sacramento,"38,5802","-121,4997"
Ryan Hollins,2015,SAC,C,30,"0,915243","1,0","1,0926060073663497","13,1","0,0",Infravalorado,Sacramento Kings,Sacramento,"38,5802","-121,4997"
Lavoy Allen,2015,IND,C,25,"0,915243","2,8","3,0592968206257787","14,9","0,6",Infravalorado,Indiana Pacers,Indianapolis,"39,764","-86,1555"
Wesley Johnson,2015,LAL,SF,27,"0,915243","1,7","1,8574302125227944","11,1","0,1",Infravalorado,LA Lakers,Los Angeles,"34,043","-118,2673"
Drew Gooden,2015,WAS,PF,33,"0,915243","1,7","1,8574302125227944","11,9","0,1",Infravalorado,Washington Wizards,Washington,"38,8981","-77,0209"
Henry Sims,2015,PHI,C,24,"0,915243","2,1","2,2944726154693345","14,5","-0,3",Infravalorado,Philadelphia 76ers,Philadelphia,"39,9012","-75,172"
Ekpe Udoh,2015,LAC,PF,27,"0,915243","0,3","0,3277818022099049","11,6","0,0",Valor de mercado,LA Clippers,Los Angeles,"34,043","-118,2673"
Sebastian Telfair,2015,OKC,PG,29,"0,915243","0,4","0,4370424029465399","11,4","0,1",Valor de mercado,Oklahoma City Thunder,Oklahoma City,"35,4634","-97,5151"
Nazr Mohammed,2015,CHI,C,37,"0,915243","0,1","0,10926060073663497","8,7","-0,1",Sobrepagado,Chicago Bulls,Chicago,"41,8807","-87,6742"
Matt Bonner,2015,SAS,PF,34,"0,915243","2,1","2,2944726154693345","10,1","0,3",Infravalorado,San Antonio Spurs,San Antonio,"29,427","-98,4375"
Greg Stiemsma,2015,TOR,C,29,"0,915243","0,1","0,10926060073663497","7,8","-0,1",Sobrepagado,Toronto Raptors,Toronto,"43,6435","-79,3791"
Quincy Acy,2015,NYK,PF,24,"0,915243","1,7","1,8574302125227944","11,9","-0,3",Infravalorado,New York Knicks,New York,"40,7505","-73,9934"
Jimmer Fredette,2015,NOP,PG,25,"0,915243","0,2","0,21852120147326995","9,8","-0,4",Sobrepagado,New Orleans Pelicans,New Orleans,"29,949","-90,0821"
Ronnie Price,2015,LAL,PG,31,"0,915243","0,7","0,7648242051564447","10,2","-0,1",Infravalorado,LA Lakers,Los Angeles,"34,043","-118,2673"
Leandro Barbosa,2015,GSW,SG,32,"0,915243","2,8","3,0592968206257787","15,3","0,6",Infravalorado,Golden State Warriors,San Francisco,"37,768","-122,3877"
Kyle O'Quinn,2015,ORL,PF,24,"0,915243","1,6","1,7481696117861596","14,8","0,4",Infravalorado,Orlando Magic,Orlando,"28,5392","-81,3839"
Wayne Ellington,2015,LAL,SG,27,"0,915243","1,2","1,3111272088396195","11,6","-0,1",Infravalorado,LA Lakers,Los Angeles,"34,043","-118,2673"
Aaron Brooks,2015,CHI,PG,30,"0,915243","3,3","3,6055998243089538","14,4","0,5",Infravalorado,Chicago Bulls,Chicago,"41,8807","-87,6742"
Rasual Butler,2015,WAS,SF,35,"0,915243","2,6","2,840775619152509","11,4","0,4",Infravalorado,Washington Wizards,Washington,"38,8981","-77,0209"
Khris Middleton,2015,MIL,SF,23,"0,915243","6,7","7,320460249354543","15,6","2,2",Infravalorado,Milwaukee Bucks,Milwaukee,"43,045","-87,917"
Kendall Marshall,2015,MIL,PG,23,"0,915243","0,8","0,8740848058930798","12,4","0,1",Infravalorado,Milwaukee Bucks,Milwaukee,"43,045","-87,917"
Jared Cunningham,2015,LAC,SG,23,"0,915243","0,0","0,0","7,3","-0,1",Sobrepagado,LA Clippers,Los Angeles,"34,043","-118,2673"
Jae Crowder,2015,BOS,SF,24,"0,915243","3,9","4,261163428728763","13,9","1,0",Infravalorado,Boston Celtics,Boston,"42,3662","-71,0621"
Patrick Beverley,2015,HOU,PG,26,"0,915243","3,5","3,824121025782224","11,3","0,9",Infravalorado,Houston Rockets,Houston,"29,7508","-95,3621"
Glen Davis,2015,LAC,PF,29,"0,915243","1,4","1,5296484103128893","10,8","-0,3",Infravalorado,LA Clippers,Los Angeles,"34,043","-118,2673"
Rodney Stuckey,2015,IND,PG,28,"0,915243","4,0","4,370424029465399","15,4","1,1",Infravalorado,Indiana Pacers,Indianapolis,"39,764","-86,1555"
Draymond Green,2015,GSW,PF,24,"0,915243","8,5","9,287151062613972","16,4","3,5",Infravalorado,Golden State Warriors,San Francisco,"37,768","-122,3877"
Will Barton,2015,DEN,SG,24,"0,915243","1,3","1,4203878095762545","13,6","0,4",Infravalorado,Denver Nuggets,Denver,"39,7487","-105,0077"
Alonzo Gee,2015,POR,SF,27,"0,915243","1,2","1,3111272088396195","13,0","0,2",Infravalorado,Portland Trail Blazers,Portland,"45,5316","-122,6668"
Richard Jefferson,2015,DAL,SF,34,"0,915243","2,3","2,512993816942604","11,3","0,4",Infravalorado,Dallas Mavericks,Dallas,"32,7905","-96,8103"
Charlie Villanueva,2015,DAL,PF,30,"0,915243","1,4","1,5296484103128893","17,4","0,6",Infravalorado,Dallas Mavericks,Dallas,"32,7905","-96,8103"
James Jones,2015,CLE,SF,34,"0,915243","1,5","1,6389090110495246","11,1","0,2",Infravalorado,Cleveland Cavaliers,Cleveland,"41,4965","-81,6882"
Shawn Marion,2015,CLE,SF,36,"0,915243","1,7","1,8574302125227944","11,0","0,3",Infravalorado,Cleveland Cavaliers,Cleveland,"41,4965","-81,6882"
Robert Sacre,2015,LAL,C,25,"0,915243","0,8","0,8740848058930798","10,9","-0,4",Infravalorado,LA Lakers,Los Angeles,"34,043","-118,2673"
Chris Douglas-Roberts,2015,LAC,SG,28,"0,915243","0,0","0,0","3,3","-0,1",Sobrepagado,LA Clippers,Los Angeles,"34,043","-118,2673"
Cole Aldrich,2015,NYK,C,26,"0,915243","2,2","2,4037332162059695","18,1","0,6",Infravalorado,New York Knicks,New York,"40,7505","-73,9934"
J.J. Barea,2015,DAL,PG,30,"0,909859","2,7","2,9674927653625454","15,1","0,6",Infravalorado,Dallas Mavericks,Dallas,"32,7905","-96,8103"
Joe Harris,2015,CLE,SG,23,"0,884879","0,2","0,22601960268014046","5,6","-0,4",Sobrepagado,Cleveland Cavaliers,Cleveland,"41,4965","-81,6882"
Devyn Marble,2015,ORL,SG,22,"0,884879","-0,1","-0,11300980134007023","5,9","-0,1",Sobrepagado,Orlando Magic,Orlando,"28,5392","-81,3839"
Jerami Grant,2015,PHI,SF,20,"0,884879","0,5","0,5650490067003512","8,7","-0,5",Valor de mercado,Philadelphia 76ers,Philadelphia,"39,9012","-75,172"
Robbie Hummel,2015,MIN,SF,25,"0,88","0,8","0,9090909090909092","9,7","-0,4",Infravalorado,Minnesota Timberwolves,Minneapolis,"44,9795","-93,276"
Allen Crabbe,2015,POR,SG,22,"0,862","1,3","1,5081206496519721","8,7","0,2",Infravalorado,Portland Trail Blazers,Portland,"45,5316","-122,6668"
Ish Smith,2015,PHI,PG,26,"0,861405","-0,1","-0,1160894120651726","12,3","-0,1",Sobrepagado,Philadelphia 76ers,Philadelphia,"39,9012","-75,172"
Isaiah Canaan,2015,PHI,PG,23,"0,816842","1,4","1,7139177466388849","12,4","0,3",Infravalorado,Philadelphia 76ers,Philadelphia,"39,9012","-75,172"
Ray McCallum,2015,SAC,PG,23,"0,816482","1,4","1,7146734404432673","12,5","0,0",Infravalorado,Sacramento Kings,Sacramento,"38,5802","-121,4997"
Nick Calathes,2015,MEM,SG,25,"0,816482","1,1","1,347243417491139","12,3","0,4",Infravalorado,Memphis Grizzlies,Memphis,"35,1382","-90,0505"
Justin Hamilton,2015,MIN,C,24,"0,816482","1,5","1,8371501147606437","14,6","0,2",Infravalorado,Minnesota Timberwolves,Minneapolis,"44,9795","-93,276"
Nate Wolters,2015,NOP,PG,23,"0,816482","-0,2","-0,24495334863475252","4,6","-0,2",Sobrepagado,New Orleans Pelicans,New Orleans,"29,949","-90,0821"
Mike Muscala,2015,ATL,PF,23,"0,816482","1,9","2,3270568120301487","18,0","0,3",Infravalorado,Atlanta Hawks,Atlanta,"33,7573","-84,3963"
Hollis Thompson,2015,PHI,SG,23,"0,816482","2,6","3,1843935322517827","10,9","0,1",Infravalorado,Philadelphia 76ers,Philadelphia,"39,9012","-75,172"
Brandon Davies,2015,BRK,PF,23,"0,816482","0,2","0,24495334863475252","10,5","-0,3",Sobrepagado,Brooklyn Nets,Brooklyn,"40,6828","-73,9752"
Justin Holiday,2015,GSW,SG,25,"0,816482","1,3","1,5921967661258913","12,1","0,1",Infravalorado,Golden State Warriors,San Francisco,"37,768","-122,3877"
Phil Pressey,2015,BOS,PG,23,"0,816482","0,8","0,9798133945390101","11,8","0,1",Infravalorado,Boston Celtics,Boston,"42,3662","-71,0621"
Troy Daniels,2015,CHO,SG,23,"0,816482","0,2","0,24495334863475252","9,6","-0,1",Sobrepagado,Charlotte Hornets,Charlotte,"35,2251","-80,8392"
Jeff Withey,2015,NOP,C,24,"0,816482","0,8","0,9798133945390101","17,6","0,1",Infravalorado,New Orleans Pelicans,New Orleans,"29,949","-90,0821"
Matthew Dellavedova,2015,CLE,SG,24,"0,816482","1,9","2,3270568120301487","8,5","-0,3",Infravalorado,Cleveland Cavaliers,Cleveland,"41,4965","-81,6882"
Ian Clark,2015,DEN,SG,23,"0,816482","0,2","0,24495334863475252","8,8","0,0",Sobrepagado,Denver Nuggets,Denver,"39,7487","-105,0077"
Jerome Jordan,2015,BRK,C,28,"0,816482","1,2","1,469720091808515","16,8","0,1",Infravalorado,Brooklyn Nets,Brooklyn,"40,6828","-73,9752"
Dewayne Dedmon,2015,ORL,C,25,"0,816482","1,7","2,0821034633953963","13,3","-0,3",Infravalorado,Orlando Magic,Orlando,"28,5392","-81,3839"
Hassan Whiteside,2015,MIA,C,25,"0,769881","5,3","6,884180801968096","26,2","1,8",Infravalorado,Miami Heat,Miami,"25,7814","-80,187"
Jeff Adrien,2015,MIN,PF,28,"0,742962","0,4","0,5383855432713921","14,2","0,0",Valor de mercado,Minnesota Timberwolves,Minneapolis,"44,9795","-93,276"
Jarnell Stokes,2015,MEM,PF,21,"0,725","0,5","0,6896551724137931","18,6","0,0",Valor de mercado,Memphis Grizzlies,Memphis,"35,1382","-90,0505"
Dante Cunningham,2015,NOP,PF,27,"0,716043","1,6","2,2345026765152376","8,9","-0,2",Infravalorado,New Orleans Pelicans,New Orleans,"29,949","-90,0821"
Darius Morris,2015,BRK,PG,24,"0,702756","-0,4","-0,569187598540603","6,7","-0,3",Sobrepagado,Brooklyn Nets,Brooklyn,"40,6828","-73,9752"
Spencer Dinwiddie,2015,DET,PG,21,"0,7","0,1","0,14285714285714288","10,2","-0,1",Sobrepagado,Detroit Pistons,Detroit,"42,341","-83,0552"
Malcolm Thomas,2015,PHI,PF,26,"0,635827","0,1","0,1572754853128288","8,2","-0,2",Sobrepagado,Philadelphia 76ers,Philadelphia,"39,9012","-75,172"
Russ Smith,2015,MEM,PG,23,"0,507336","-0,1","-0,19710803096961382","5,2","-0,1",Sobrepagado,Memphis Grizzlies,Memphis,"35,1382","-90,0505"
Joe Ingles,2015,UTA,SF,27,"0,507336","2,2","4,336376681331505","9,6","0,3",Infravalorado,Utah Jazz,Salt Lake City,"40,7683","-111,9011"
Jordan Clarkson,2015,LAL,PG,22,"0,507336","2,4","4,730592743270732","16,9","0,8",Infravalorado,LA Lakers,Los Angeles,"34,043","-118,2673"
Erick Green,2015,DEN,PG,23,"0,507336","0,0","0,0","8,9","-0,2",Sobrepagado,Denver Nuggets,Denver,"39,7487","-105,0077"
Markel Brown,2015,BRK,SG,23,"0,507336","0,5","0,9855401548480691","9,1","-0,1",Infravalorado,Brooklyn Nets,Brooklyn,"40,6828","-73,9752"
Nick Johnson,2015,HOU,SG,22,"0,507336","-0,1","-0,19710803096961382","4,8","-0,3",Sobrepagado,Houston Rockets,Houston,"29,7508","-95,3621"
Glenn Robinson III,2015,PHI,SG,21,"0,507336","0,1","0,19710803096961382","8,5","-0,2",Sobrepagado,Philadelphia 76ers,Philadelphia,"39,9012","-75,172"
Cory Jefferson,2015,BRK,PF,24,"0,507336","0,8","1,5768642477569106","13,2","-0,1",Infravalorado,Brooklyn Nets,Brooklyn,"40,6828","-73,9752"
James Ennis III,2015,MIA,SF,24,"0,507336","1,9","3,7450525884226624","11,5","0,1",Infravalorado,Miami Heat,Miami,"25,7814","-80,187"
Cleanthony Early,2015,NYK,SF,23,"0,507336","-0,4","-0,7884321238784553","8,4","-0,5",Sobrepagado,New York Knicks,New York,"40,7505","-73,9934"
Travis Wear,2015,NYK,SF,24,"0,507336","-0,3","-0,5913240929088415","8,5","-0,6",Sobrepagado,New York Knicks,New York,"40,7505","-73,9934"
JaKarr Sampson,2015,PHI,SF,21,"0,507336","0,6","1,182648185817683","9,4","-0,6",Infravalorado,Philadelphia 76ers,Philadelphia,"39,9012","-75,172"
Shayne Whittington,2015,IND,PF,23,"0,507336","0,4","0,7884321238784553","20,0","0,1",Infravalorado,Indiana Pacers,Indianapolis,"39,764","-86,1555"
Tarik Black,2015,LAL,C,23,"0,507336","3,1","6,110348960058029","14,7","0,0",Infravalorado,LA Lakers,Los Angeles,"34,043","-118,2673"
Dwight Powell,2015,DAL,PF,23,"0,507336","0,6","1,182648185817683","13,8","0,1",Infravalorado,Dallas Mavericks,Dallas,"32,7905","-96,8103"
Kenyon Martin,2015,MIL,PF,37,"0,414551","0,2","0,4824496865283162","10,0","0,0",Valor de mercado,Milwaukee Bucks,Milwaukee,"43,045","-87,917"
Lou Amundson,2015,NYK,PF,32,"0,409167","0,3","0,7331969586990152","11,8","-0,5",Valor de mercado,New York Knicks,New York,"40,7505","-73,9934"
Lance Thomas,2015,NYK,PF,26,"0,403784","-0,4","-0,9906286529431578","8,0","-1,3",Sobrepagado,New York Knicks,New York,"40,7505","-73,9934"
Dahntay Jones,2015,LAC,SF,34,"0,387632","0,0","0,0","1,9","-0,2",Sobrepagado,LA Clippers,Los Angeles,"34,043","-118,2673"
Reggie Williams,2015,SAS,SF,28,"0,344036","0,2","0,58133451150461","10,5","0,0",Valor de mercado,San Antonio Spurs,San Antonio,"29,427","-98,4375"
Amar'e Stoudemire,2015,DAL,PF,32,"0,306876","3,6","11,73112266843937","20,3","0,7",Infravalorado,Dallas Mavericks,Dallas,"32,7905","-96,8103"
Lorenzo Brown,2015,MIN,PG,24,"0,283367","0,3","1,0586977312107622","11,0","-0,1",Infravalorado,Minnesota Timberwolves,Minneapolis,"44,9795","-93,276"
Kendrick Perkins,2015,CLE,C,30,"0,274573","0,1","0,3642018698123996","7,0","-1,0",Valor de mercado,Cleveland Cavaliers,Cleveland,"41,4965","-81,6882"
John Lucas III,2015,DET,PG,32,"0,269189","0,3","1,1144586145793476","13,0","0,0",Infravalorado,Detroit Pistons,Detroit,"42,341","-83,0552"
Elijah Millsap,2015,UTA,SG,27,"0,241731","0,4","1,6547319127459863","7,9","-0,3",Infravalorado,Utah Jazz,Salt Lake City,"40,7683","-111,9011"
Bernard James,2015,DAL,C,29,"0,236886","0,5","2,110719924351798","16,0","0,1",Infravalorado,Dallas Mavericks,Dallas,"32,7905","-96,8103"
Langston Galloway,2015,NYK,PG,23,"0,235762","1,3","5,514035340724969","12,3","-0,1",Infravalorado,New York Knicks,New York,"40,7505","-73,9934"
Tyler Johnson,2015,MIA,SG,22,"0,19995","0,8","4,001000250062516","12,0","0,2",Infravalorado,Miami Heat,Miami,"25,7814","-80,187"
Henry Walker,2015,MIA,SF,27,"0,196217","0,5","2,548199187634099","8,0","0,0",Infravalorado,Miami Heat,Miami,"25,7814","-80,187"
Michael Beasley,2015,MIA,PF,26,"0,19544","-0,1","-0,511665984445354","10,6","-0,3",Sobrepagado,Miami Heat,Miami,"25,7814","-80,187"
Quincy Miller,2015,DET,PF,22,"0,183049","-0,1","-0,5463018098978962","7,4","-0,1",Sobrepagado,Detroit Pistons,Detroit,"42,341","-83,0552"
Earl Barron,2015,PHO,C,33,"0,183049","0,0","0,0","5,0","-0,2",Sobrepagado,Phoenix Suns,Phoenix,"33,4457","-112,0712"
James Michael McAdoo,2015,GSW,PF,22,"0,167122","0,5","2,991826330465169","17,7","0,0",Infravalorado,Golden State Warriors,San Francisco,"37,768","-122,3877"
Jordan Hamilton,2015,LAC,SF,24,"0,150591","0,1","0,6640503084513683","8,3","0,0",Valor de mercado,LA Clippers,Los Angeles,"34,043","-118,2673"
JaMychal Green,2015,MEM,PF,24,"0,134295","0,4","2,9785174429427754","14,9","0,0",Infravalorado,Memphis Grizzlies,Memphis,"35,1382","-90,0505"
Toney Douglas,2015,NOP,SG,28,"0,107676","0,2","1,8574241242245257","11,2","0,0",Infravalorado,New Orleans Pelicans,New Orleans,"29,949","-90,0821"
Chris Johnson,2015,MIL,SF,24,"0,107676","0,8","7,429696496898103","10,2","0,0",Infravalorado,Milwaukee Bucks,Milwaukee,"43,045","-87,917"
Elliot Williams,2015,NOP,SG,25,"0,107676","0,1","0,9287120621122629","8,7","0,0",Infravalorado,New Orleans Pelicans,New Orleans,"29,949","-90,0821"
Nate Robinson,2015,LAC,PG,30,"0,107676","0,3","2,786136186336788","10,6","-0,1",Infravalorado,LA Clippers,Los Angeles,"34,043","-118,2673"
Bryce Cotton,2015,UTA,PG,22,"0,092514","0,2","2,1618349655187323","14,5","0,0",Infravalorado,Utah Jazz,Salt Lake City,"40,7683","-111,9011"
Jack Cooley,2015,UTA,C,23,"0,059686","0,2","3,3508695506483934","11,4","-0,1",Infravalorado,Utah Jazz,Salt Lake City,"40,7683","-111,9011"
Jabari Brown,2015,LAL,SG,22,"0,059686","0,4","6,701739101296787","11,0","-0,3",Infravalorado,LA Lakers,Los Angeles,"34,043","-118,2673"
Tim Frazier,2015,POR,PG,24,"0,059686","-0,1","-1,6754347753241967","8,1","-0,2",Sobrepagado,Portland Trail Blazers,Portland,"45,5316","-122,6668"
A.J. Price,2015,PHO,PG,28,"0,053838","0,3","5,572272372673576","12,0","0,0",Infravalorado,Phoenix Suns,Phoenix,"33,4457","-112,0712"
Austin Daye,2015,ATL,SF,26,"0,053838","0,0","0,0","8,2","-0,2",Sobrepagado,Atlanta Hawks,Atlanta,"33,7573","-84,3963"
Ricky Ledo,2015,NYK,SG,22,"0,048028","-0,6","-12,49271258432581","6,3","-0,4",Sobrepagado,New York Knicks,New York,"40,7505","-73,9934"
Kobe Bryant,2016,LAL,SF,37,"25,0","-0,4","-0,016","14,9","0,2",Sobrepagado,LA Lakers,Los Angeles,"34,043","-118,2673"
LeBron James,2016,CLE,SF,31,"22,9705","13,6","0,5920637339195924","27,5","7,5",Valor de mercado,Cleveland Cavaliers,Cleveland,"41,4965","-81,6882"
Carmelo Anthony,2016,NYK,SF,31,"22,875","6,4","0,2797814207650273","20,3","3,4",Valor de mercado,New York Knicks,New York,"40,7505","-73,9934"
Dwight Howard,2016,HOU,C,30,"22,359364","6,6","0,2951783422820077","18,9","1,2",Valor de mercado,Houston Rockets,Houston,"29,7508","-95,3621"
Chris Bosh,2016,MIA,PF,31,"22,19273","6,4","0,28838272713631896","20,2","2,7",Valor de mercado,Miami Heat,Miami,"25,7814","-80,187"
Chris Paul,2016,LAC,PG,30,"21,468695","12,7","0,591559011854237","26,2","6,0",Valor de mercado,LA Clippers,Los Angeles,"34,043","-118,2673"
Kevin Durant,2016,OKC,SF,27,"20,158622","14,5","0,719295197856282","28,2","7,8",Valor de mercado,Oklahoma City Thunder,Oklahoma City,"35,4634","-97,5151"
Derrick Rose,2016,CHI,PG,27,"20,093064","0,4","0,019907367039690912","13,4","-0,3",Sobrepagado,Chicago Bulls,Chicago,"41,8807","-87,6742"
Dwyane Wade,2016,MIA,SG,34,"20,0","4,9","0,24500000000000002","20,3","2,2",Sobrepagado,Miami Heat,Miami,"25,7814","-80,187"
LaMarcus Aldridge,2016,SAS,PF,30,"19,689","10,1","0,5129767890700391","22,4","2,5",Valor de mercado,San Antonio Spurs,San Antonio,"29,427","-98,4375"
DeAndre Jordan,2016,LAC,C,27,"19,689","11,5","0,5840824826045","20,6","3,2",Valor de mercado,LA Clippers,Los Angeles,"34,043","-118,2673"
Brook Lopez,2016,BRK,C,27,"19,689","6,2","0,3148966427954696","21,7","2,1",Valor de mercado,Brooklyn Nets,Brooklyn,"40,6828","-73,9752"
Kevin Love,2016,CLE,PF,27,"19,689","8,5","0,43171313931636957","19,0","3,3",Valor de mercado,Cleveland Cavaliers,Cleveland,"41,4965","-81,6882"
Marc Gasol,2016,MEM,C,31,"19,688","3,7","0,18793173506704594","17,7","1,7",Sobrepagado,Memphis Grizzlies,Memphis,"35,1382","-90,0505"
Blake Griffin,2016,LAC,PF,26,"18,907726","3,8","0,20097604545358863","22,1","1,9",Sobrepagado,LA Clippers,Los Angeles,"34,043","-118,2673"
Paul Millsap,2016,ATL,PF,30,"18,671659","10,1","0,5409267596414438","21,3","4,1",Valor de mercado,Atlanta Hawks,Atlanta,"33,7573","-84,3963"
Paul George,2016,IND,SF,25,"17,120106","9,2","0,5373798503350388","20,9","4,9",Valor de mercado,Indiana Pacers,Indianapolis,"39,764","-86,1555"
Russell Westbrook,2016,OKC,PG,27,"16,744218","14,0","0,8361095155354523","27,6","6,8",Infravalorado,Oklahoma City Thunder,Oklahoma City,"35,4634","-97,5151"
Kyrie Irving,2016,CLE,PG,23,"16,407501","5,0","0,3047386680031286","19,9","1,8",Valor de mercado,Cleveland Cavaliers,Cleveland,"41,4965","-81,6882"
Greg Monroe,2016,MIL,C,25,"16,4075","7,5","0,4571080298643913","21,8","2,4",Valor de mercado,Milwaukee Bucks,Milwaukee,"43,045","-87,917"
Wesley Matthews,2016,DAL,SF,29,"16,4075","3,7","0,22550662806643307","10,9","0,6",Sobrepagado,Dallas Mavericks,Dallas,"32,7905","-96,8103"
Jimmy Butler,2016,CHI,SG,26,"16,4075","9,1","0,5546244095687948","21,3","3,9",Valor de mercado,Chicago Bulls,Chicago,"41,8807","-87,6742"
Kawhi Leonard,2016,SAS,SF,24,"16,4075","13,7","0,8349840012189548","26,0","6,7",Infravalorado,San Antonio Spurs,San Antonio,"29,427","-98,4375"
Tobias Harris,2016,DET,PF,23,"16,0","6,6","0,4125","16,2","2,2",Valor de mercado,Detroit Pistons,Detroit,"42,341","-83,0552"
John Wall,2016,WAS,PG,25,"15,85195","5,7","0,3595772128980977","19,8","3,9",Valor de mercado,Washington Wizards,Washington,"38,8981","-77,0209"
DeMarcus Cousins,2016,SAC,C,25,"15,85195","5,7","0,3595772128980977","23,6","3,0",Valor de mercado,Sacramento Kings,Sacramento,"38,5802","-121,4997"
James Harden,2016,HOU,SG,26,"15,756438","13,3","0,8440994087623105","25,3","6,8",Infravalorado,Houston Rockets,Houston,"29,7508","-95,3621"
Roy Hibbert,2016,LAL,C,29,"15,592217","2,2","0,14109603528478343","11,2","-0,6",Sobrepagado,LA Lakers,Los Angeles,"34,043","-118,2673"
Eric Gordon,2016,NOP,SG,27,"15,514031","2,1","0,13536133839103456","13,5","0,7",Sobrepagado,New Orleans Pelicans,New Orleans,"29,949","-90,0821"
Klay Thompson,2016,GSW,SG,25,"15,501","8,0","0,5160957357589833","18,6","2,5",Valor de mercado,Golden State Warriors,San Francisco,"37,768","-122,3877"
Gordon Hayward,2016,UTA,SF,25,"15,40957","8,9","0,5775631636703685","18,3","3,3",Valor de mercado,Utah Jazz,Salt Lake City,"40,7683","-111,9011"
Chandler Parsons,2016,DAL,SF,27,"15,3615","4,3","0,2799205806724604","16,2","1,8",Valor de mercado,Dallas Mavericks,Dallas,"32,7905","-96,8103"
Khris Middleton,2016,MIL,SG,24,"14,7","6,1","0,41496598639455784","16,8","1,9",Valor de mercado,Milwaukee Bucks,Milwaukee,"43,045","-87,917"
Draymond Green,2016,GSW,PF,25,"14,26087","11,1","0,7783536348062916","19,3","5,3",Infravalorado,Golden State Warriors,San Francisco,"37,768","-122,3877"
Tristan Thompson,2016,CLE,PF,24,"14,26087","8,7","0,6100609570103366","15,9","1,2",Valor de mercado,Cleveland Cavaliers,Cleveland,"41,4965","-81,6882"
Danilo Gallinari,2016,DEN,SF,27,"14,0","6,3","0,45","19,0","2,2",Valor de mercado,Denver Nuggets,Denver,"39,7487","-105,0077"
Reggie Jackson,2016,DET,PG,25,"13,913044","6,9","0,4959374814023445","19,6","2,8",Valor de mercado,Detroit Pistons,Detroit,"42,341","-83,0552"
Andrew Bogut,2016,GSW,C,31,"13,8","5,4","0,391304347826087","15,9","1,6",Valor de mercado,Golden State Warriors,San Francisco,"37,768","-122,3877"
DeMarre Carroll,2016,TOR,SF,29,"13,6","1,2","0,08823529411764706","11,9","0,5",Sobrepagado,Toronto Raptors,Toronto,"43,6435","-79,3791"
Eric Bledsoe,2016,PHO,PG,26,"13,5","2,5","0,18518518518518517","20,0","1,4",Sobrepagado,Phoenix Suns,Phoenix,"33,4457","-112,0712"
Al Jefferson,2016,CHO,C,31,"13,5","2,8","0,2074074074074074","18,2","0,4",Sobrepagado,Charlotte Hornets,Charlotte,"35,2251","-80,8392"
Brandon Knight,2016,PHO,SG,24,"13,5","1,7","0,1259259259259259","14,7","0,6",Sobrepagado,Phoenix Suns,Phoenix,"33,4457","-112,0712"
Tony Parker,2016,SAS,PG,33,"13,4375","5,8","0,4316279069767442","16,2","1,2",Valor de mercado,San Antonio Spurs,San Antonio,"29,427","-98,4375"
Joakim Noah,2016,CHI,C,30,"13,4","1,1","0,08208955223880597","14,1","0,6",Sobrepagado,Chicago Bulls,Chicago,"41,8807","-87,6742"
Nicolas Batum,2016,CHO,SF,27,"13,125306","5,0","0,38094349952679196","15,6","2,0",Valor de mercado,Charlotte Hornets,Charlotte,"35,2251","-80,8392"
Tyson Chandler,2016,PHO,C,33,"13,0","3,8","0,29230769230769227","14,7","0,4",Valor de mercado,Phoenix Suns,Phoenix,"33,4457","-112,0712"
Ricky Rubio,2016,MIN,PG,25,"12,7","5,8","0,4566929133858268","17,6","2,3",Valor de mercado,Minnesota Timberwolves,Minneapolis,"44,9795","-93,276"
Robin Lopez,2016,NYK,C,27,"12,65","5,8","0,458498023715415","17,6","1,0",Valor de mercado,New York Knicks,New York,"40,7505","-73,9934"
Rudy Gay,2016,SAC,SF,29,"12,403101","3,8","0,3063749944469532","15,5","1,0",Valor de mercado,Sacramento Kings,Sacramento,"38,5802","-121,4997"
Serge Ibaka,2016,OKC,PF,26,"12,25","5,5","0,4489795918367347","13,9","0,8",Valor de mercado,Oklahoma City Thunder,Oklahoma City,"35,4634","-97,5151"
Kyle Lowry,2016,TOR,PG,29,"12,0","11,6","0,9666666666666667","22,2","5,7",Infravalorado,Toronto Raptors,Toronto,"43,6435","-79,3791"
Al Horford,2016,ATL,C,29,"12,0","9,4","0,7833333333333333","19,4","3,9",Infravalorado,Atlanta Hawks,Atlanta,"33,7573","-84,3963"
Amir Johnson,2016,BOS,PF,28,"12,0","5,9","0,4916666666666667","16,0","1,4",Valor de mercado,Boston Celtics,Boston,"42,3662","-71,0621"
Derrick Favors,2016,UTA,PF,24,"12,0","7,1","0,5916666666666667","21,6","2,6",Valor de mercado,Utah Jazz,Salt Lake City,"40,7683","-111,9011"
Kemba Walker,2016,CHO,PG,25,"12,0","9,9","0,8250000000000001","20,8","4,3",Infravalorado,Charlotte Hornets,Charlotte,"35,2251","-80,8392"
Andre Iguodala,2016,GSW,SF,32,"11,710456","4,4","0,3757325931628965","12,2","1,4",Valor de mercado,Golden State Warriors,San Francisco,"37,768","-122,3877"
Stephen Curry,2016,GSW,PG,27,"11,370786","17,9","1,5742095577209876","31,5","9,5",Infravalorado,Golden State Warriors,San Francisco,"37,768","-122,3877"
Kenneth Faried,2016,DEN,PF,26,"11,235955","5,5","0,48950000244749997","21,0","1,0",Valor de mercado,Denver Nuggets,Denver,"39,7487","-105,0077"
Thaddeus Young,2016,BRK,PF,27,"11,235955","4,1","0,36490000182449994","17,5","1,2",Valor de mercado,Brooklyn Nets,Brooklyn,"40,6828","-73,9752"
Marcin Gortat,2016,WAS,C,31,"11,217391","7,3","0,6507752114551414","19,0","1,5",Valor de mercado,Washington Wizards,Washington,"38,8981","-77,0209"
Tyreke Evans,2016,NOP,SG,26,"10,734586","1,4","0,13041956159278056","17,9","0,7",Sobrepagado,New Orleans Pelicans,New Orleans,"29,949","-90,0821"
Jrue Holiday,2016,NOP,PG,25,"10,595507","3,4","0,3208907322698197","19,7","1,9",Valor de mercado,New Orleans Pelicans,New Orleans,"29,949","-90,0821"
Monta Ellis,2016,IND,SG,30,"10,3","4,3","0,4174757281553398","13,7","1,5",Valor de mercado,Indiana Pacers,Indianapolis,"39,764","-86,1555"
Luol Deng,2016,MIA,PF,30,"10,151612","6,4","0,6304417465915758","15,0","1,7",Valor de mercado,Miami Heat,Miami,"25,7814","-80,187"
DeMar DeRozan,2016,TOR,SG,26,"10,05","9,9","0,9850746268656716","21,5","3,2",Infravalorado,Toronto Raptors,Toronto,"43,6435","-79,3791"
Danny Green,2016,SAS,SG,28,"10,0","4,2","0,42000000000000004","10,5","1,6",Valor de mercado,San Antonio Spurs,San Antonio,"29,427","-98,4375"
Tiago Splitter,2016,ATL,C,31,"9,75625","1,7","0,17424727738629084","13,7","0,0",Sobrepagado,Atlanta Hawks,Atlanta,"33,7573","-84,3963"
Jeff Green,2016,LAC,SF,29,"9,65","3,1","0,32124352331606215","13,0","0,1",Valor de mercado,LA Clippers,Los Angeles,"34,043","-118,2673"
Zach Randolph,2016,MEM,PF,34,"9,638555","4,3","0,44612496375234667","18,3","0,9",Valor de mercado,Memphis Grizzlies,Memphis,"35,1382","-90,0505"
Mike Conley,2016,MEM,PG,28,"9,588426","5,3","0,552749742241323","19,4","2,2",Valor de mercado,Memphis Grizzlies,Memphis,"35,1382","-90,0505"
Rajon Rondo,2016,SAC,PG,29,"9,5","4,6","0,4842105263157894","16,9","1,9",Valor de mercado,Sacramento Kings,Sacramento,"38,5802","-121,4997"
Alec Burks,2016,UTA,SG,24,"9,463484","1,5","0,1585039928212485","14,3","0,3",Sobrepagado,Utah Jazz,Salt Lake City,"40,7683","-111,9011"
Lance Stephenson,2016,MEM,SF,25,"9,0","2,2","0,24444444444444446","13,5","0,3",Sobrepagado,Memphis Grizzlies,Memphis,"35,1382","-90,0505"
Iman Shumpert,2016,CLE,SG,25,"8,988765","1,7","0,18912497990547086","8,4","0,1",Sobrepagado,Cleveland Cavaliers,Cleveland,"41,4965","-81,6882"
Taj Gibson,2016,CHI,PF,30,"8,5","5,4","0,6352941176470589","15,7","1,0",Valor de mercado,Chicago Bulls,Chicago,"41,8807","-87,6742"
Kevin Garnett,2016,MIN,PF,39,"8,5","1,1","0,12941176470588237","12,3","0,5",Sobrepagado,Minnesota Timberwolves,Minneapolis,"44,9795","-93,276"
Ryan Anderson,2016,NOP,PF,27,"8,5","3,9","0,4588235294117647","17,2","0,9",Valor de mercado,New Orleans Pelicans,New Orleans,"29,949","-90,0821"
Brandon Jennings,2016,ORL,PG,26,"8,344497","1,5","0,17975918740218852","13,7","0,3",Sobrepagado,Orlando Magic,Orlando,"28,5392","-81,3839"
Dirk Nowitzki,2016,DAL,PF,37,"8,333334","6,8","0,8159999347200051","19,0","2,7",Infravalorado,Dallas Mavericks,Dallas,"32,7905","-96,8103"
Corey Brewer,2016,HOU,SF,29,"8,229375","1,2","0,14581909318751424","9,9","-0,4",Sobrepagado,Houston Rockets,Houston,"29,7508","-95,3621"
Channing Frye,2016,CLE,PF,32,"8,193029","3,0","0,3661649433927306","12,9","0,8",Valor de mercado,Cleveland Cavaliers,Cleveland,"41,4965","-81,6882"
Al-Farouq Aminu,2016,POR,SF,25,"8,042895","4,0","0,49733336068666817","12,7","1,2",Valor de mercado,Portland Trail Blazers,Portland,"45,5316","-122,6668"
Arron Afflalo,2016,NYK,SG,30,"8,0","2,7","0,3375","10,9","-0,5",Valor de mercado,New York Knicks,New York,"40,7505","-73,9934"
O.J. Mayo,2016,MIL,SG,28,"8,0","-0,1","-0,0125","7,7","-0,6",Sobrepagado,Milwaukee Bucks,Milwaukee,"43,045","-87,917"
George Hill,2016,IND,PG,29,"8,0","6,2","0,775","13,2","1,7",Infravalorado,Indiana Pacers,Indianapolis,"39,764","-86,1555"
Markieff Morris,2016,WAS,PF,26,"8,0","0,5","0,0625","12,2","-0,2",Sobrepagado,Washington Wizards,Washington,"38,8981","-77,0209"
Jeff Teague,2016,ATL,PG,27,"8,0","5,9","0,7375","17,9","1,9",Infravalorado,Atlanta Hawks,Atlanta,"33,7573","-84,3963"
Avery Bradley,2016,BOS,SG,25,"7,730337","4,8","0,6209302388757437","13,2","1,2",Valor de mercado,Boston Celtics,Boston,"42,3662","-71,0621"
Kosta Koufos,2016,SAC,C,26,"7,7","3,5","0,45454545454545453","15,1","0,0",Valor de mercado,Sacramento Kings,Sacramento,"38,5802","-121,4997"
Boris Diaw,2016,SAS,PF,33,"7,5","3,8","0,5066666666666666","14,0","1,0",Valor de mercado,San Antonio Spurs,San Antonio,"29,427","-98,4375"
Pau Gasol,2016,CHI,C,35,"7,44876","7,1","0,9531787841197729","21,7","4,0",Infravalorado,Chicago Bulls,Chicago,"41,8807","-87,6742"
Anthony Davis,2016,NOP,C,22,"7,07073","7,2","1,0182824121413205","25,0","3,2",Infravalorado,New Orleans Pelicans,New Orleans,"29,949","-90,0821"
Cory Joseph,2016,TOR,SG,24,"7,0","3,5","0,5","12,4","0,4",Valor de mercado,Toronto Raptors,Toronto,"43,6435","-79,3791"
Marvin Williams,2016,CHO,PF,29,"7,0","7,8","1,1142857142857143","16,9","2,7",Infravalorado,Charlotte Hornets,Charlotte,"35,2251","-80,8392"
Lou Williams,2016,LAL,SG,29,"7,0","4,7","0,6714285714285715","17,7","1,6",Valor de mercado,LA Lakers,Los Angeles,"34,043","-118,2673"
Rodney Stuckey,2016,IND,PG,29,"7,0","2,0","0,2857142857142857","12,6","0,2",Valor de mercado,Indiana Pacers,Indianapolis,"39,764","-86,1555"
Ed Davis,2016,POR,PF,26,"6,980802","6,7","0,9597751089344749","18,7","1,6",Infravalorado,Portland Trail Blazers,Portland,"45,5316","-122,6668"
Isaiah Thomas,2016,BOS,PG,26,"6,912869","9,7","1,4031800689409852","21,5","4,2",Infravalorado,Boston Celtics,Boston,"42,3662","-71,0621"
Jae Crowder,2016,BOS,SF,25,"6,796117","7,3","1,0741427788838833","15,8","2,5",Infravalorado,Boston Celtics,Boston,"42,3662","-71,0621"
Aron Baynes,2016,DET,C,29,"6,5","4,1","0,6307692307692307","17,8","0,6",Valor de mercado,Detroit Pistons,Detroit,"42,341","-83,0552"
Carl Landry,2016,PHI,PF,32,"6,5","2,1","0,3230769230769231","22,4","0,5",Valor de mercado,Philadelphia 76ers,Philadelphia,"39,9012","-75,172"
Patrick Beverley,2016,HOU,PG,27,"6,486486","4,4","0,6783333842083372","13,0","1,1",Valor de mercado,Houston Rockets,Houston,"29,7508","-95,3621"
Jarrett Jack,2016,BRK,PG,32,"6,3","0,9","0,14285714285714288","14,5","0,3",Sobrepagado,Brooklyn Nets,Brooklyn,"40,6828","-73,9752"
Patrick Patterson,2016,TOR,PF,26,"6,268675","3,6","0,5742840392905997","10,6","1,0",Valor de mercado,Toronto Raptors,Toronto,"43,6435","-79,3791"
Spencer Hawes,2016,CHO,PF,27,"6,110034","1,9","0,310963899709887","12,4","0,3",Valor de mercado,Charlotte Hornets,Charlotte,"35,2251","-80,8392"
Marco Belinelli,2016,SAC,SG,29,"6,060606","0,5","0,082500000825","9,4","-0,8",Sobrepagado,Sacramento Kings,Sacramento,"38,5802","-121,4997"
Gerald Henderson,2016,POR,SG,28,"6,0","2,0","0,3333333333333333","12,9","0,1",Valor de mercado,Portland Trail Blazers,Portland,"45,5316","-122,6668"
Andrew Wiggins,2016,MIN,SF,20,"5,75868","4,1","0,711968715052755","16,5","0,5",Valor de mercado,Minnesota Timberwolves,Minneapolis,"44,9795","-93,276"
Kyle Korver,2016,ATL,SG,34,"5,746479","4,1","0,713480376418325","9,7","0,6",Valor de mercado,Atlanta Hawks,Atlanta,"33,7573","-84,3963"
Karl-Anthony Towns,2016,MIN,C,20,"5,7036","8,3","1,4552212637632373","22,5","2,7",Infravalorado,Minnesota Timberwolves,Minneapolis,"44,9795","-93,276"
Bradley Beal,2016,WAS,SG,22,"5,694674","2,7","0,4741272283540726","15,5","1,0",Valor de mercado,Washington Wizards,Washington,"38,8981","-77,0209"
Jamal Crawford,2016,LAC,SG,35,"5,675","3,3","0,5814977973568282","14,0","0,3",Valor de mercado,LA Clippers,Los Angeles,"34,043","-118,2673"
Courtney Lee,2016,CHO,SG,30,"5,675","3,9","0,6872246696035242","11,5","0,6",Valor de mercado,Charlotte Hornets,Charlotte,"35,2251","-80,8392"
Shaun Livingston,2016,GSW,PG,30,"5,543725","4,6","0,8297669888026552","13,8","0,9",Infravalorado,Golden State Warriors,San Francisco,"37,768","-122,3877"
Josh McRoberts,2016,MIA,PF,28,"5,543725","0,8","0,14430730240046177","9,9","0,1",Sobrepagado,Miami Heat,Miami,"25,7814","-80,187"
P.J. Tucker,2016,PHO,SF,30,"5,5","3,5","0,6363636363636364","10,8","0,5",Valor de mercado,Phoenix Suns,Phoenix,"33,4457","-112,0712"
Brandan Wright,2016,MEM,PF,28,"5,464","0,7","0,1281112737920937","18,3","0,1",Sobrepagado,Memphis Grizzlies,Memphis,"35,1382","-90,0505"
Deron Williams,2016,DAL,PG,31,"5,378974","3,7","0,6878635219281595","14,6","0,9",Valor de mercado,Dallas Mavericks,Dallas,"32,7905","-96,8103"
Tim Duncan,2016,SAS,C,39,"5,25","5,2","0,9904761904761905","16,9","2,0",Infravalorado,San Antonio Spurs,San Antonio,"29,427","-98,4375"
Nick Young,2016,LAL,SG,30,"5,219169","0,1","0,01916013832853468","9,1","-0,5",Sobrepagado,LA Lakers,Los Angeles,"34,043","-118,2673"
Zaza Pachulia,2016,DAL,C,31,"5,2","6,0","1,1538461538461537","16,2","0,9",Infravalorado,Dallas Mavericks,Dallas,"32,7905","-96,8103"
Victor Oladipo,2016,ORL,SG,23,"5,19252","4,9","0,9436651182855339","16,7","2,3",Infravalorado,Orlando Magic,Orlando,"28,5392","-81,3839"
Tony Allen,2016,MEM,SG,34,"5,158539","2,4","0,4652480091746907","12,9","0,4",Valor de mercado,Memphis Grizzlies,Memphis,"35,1382","-90,0505"
Jabari Parker,2016,MIL,PF,20,"5,15244","3,6","0,6986980925542073","14,8","0,0",Valor de mercado,Milwaukee Bucks,Milwaukee,"43,045","-87,917"
Dion Waiters,2016,OKC,SG,24,"5,13843","2,1","0,4086851431273755","9,4","-0,4",Valor de mercado,Oklahoma City Thunder,Oklahoma City,"35,4634","-97,5151"
D'Angelo Russell,2016,LAL,PG,19,"5,10312","0,0","0,0","13,2","-0,1",Sobrepagado,LA Lakers,Los Angeles,"34,043","-118,2673"
Chris Kaman,2016,POR,C,33,"5,016","0,1","0,019936204146730464","11,1","0,0",Sobrepagado,Portland Trail Blazers,Portland,"45,5316","-122,6668"
Darren Collison,2016,SAC,PG,28,"5,013559","5,2","1,0371873553298168","15,9","1,2",Infravalorado,Sacramento Kings,Sacramento,"38,5802","-121,4997"
C.J. Watson,2016,ORL,PG,31,"5,0","0,6","0,12","8,6","-0,2",Sobrepagado,Orlando Magic,Orlando,"28,5392","-81,3839"
Jonas Jerebko,2016,BOS,PF,28,"5,0","2,4","0,48","10,3","0,0",Valor de mercado,Boston Celtics,Boston,"42,3662","-71,0621"
Chris Andersen,2016,MEM,C,37,"5,0","1,3","0,26","15,3","0,3",Valor de mercado,Memphis Grizzlies,Memphis,"35,1382","-90,0505"
Timofey Mozgov,2016,CLE,C,29,"4,95","3,7","0,7474747474747475","14,6","0,2",Infravalorado,Cleveland Cavaliers,Cleveland,"41,4965","-81,6882"
Trevor Booker,2016,UTA,PF,28,"4,775","4,3","0,900523560209424","14,4","0,8",Infravalorado,Utah Jazz,Salt Lake City,"40,7683","-111,9011"
Otto Porter Jr.,2016,WAS,SF,22,"4,66296","5,6","1,200953900526704","14,5","1,8",Infravalorado,Washington Wizards,Washington,"38,8981","-77,0209"
Jahlil Okafor,2016,PHI,C,20,"4,58268","1,2","0,26185550813061353","17,1","-0,1",Valor de mercado,Philadelphia 76ers,Philadelphia,"39,9012","-75,172"
Kyle Singler,2016,OKC,SF,27,"4,5","1,1","0,24444444444444446","6,6","-0,3",Sobrepagado,Oklahoma City Thunder,Oklahoma City,"35,4634","-97,5151"
Mike Dunleavy,2016,CHI,SF,35,"4,5","0,9","0,2","9,1","-0,3",Sobrepagado,Chicago Bulls,Chicago,"41,8807","-87,6742"
C.J. Miles,2016,IND,SF,28,"4,394225","3,1","0,7054713857392374","14,0","0,9",Valor de mercado,Indiana Pacers,Indianapolis,"39,764","-86,1555"
Jared Dudley,2016,WAS,PF,30,"4,375","4,6","1,0514285714285714","11,7","1,0",Infravalorado,Washington Wizards,Washington,"38,8981","-77,0209"
Jameer Nelson,2016,DEN,PG,33,"4,345","0,5","0,11507479861910243","9,5","-0,3",Sobrepagado,Denver Nuggets,Denver,"39,7487","-105,0077"
Mario Chalmers,2016,MEM,PG,29,"4,3","3,8","0,8837209302325582","17,3","1,2",Infravalorado,Memphis Grizzlies,Memphis,"35,1382","-90,0505"
Jason Smith,2016,ORL,C,29,"4,3","1,8","0,4186046511627907","14,6","-0,1",Valor de mercado,Orlando Magic,Orlando,"28,5392","-81,3839"
J.J. Barea,2016,DAL,PG,31,"4,29","2,8","0,6526806526806527","15,4","0,9",Valor de mercado,Dallas Mavericks,Dallas,"32,7905","-96,8103"
Damian Lillard,2016,POR,PG,25,"4,236287","9,2","2,171713106312202","22,2","4,3",Infravalorado,Portland Trail Blazers,Portland,"45,5316","-122,6668"
Cody Zeller,2016,CHO,C,23,"4,2042","6,3","1,4985014985014984","16,1","0,9",Infravalorado,Charlotte Hornets,Charlotte,"35,2251","-80,8392"
Aaron Gordon,2016,ORL,PF,20,"4,17168","5,4","1,2944425267518123","17,0","1,4",Infravalorado,Orlando Magic,Orlando,"28,5392","-81,3839"
Vince Carter,2016,MEM,SG,39,"4,088019","1,8","0,4403110650904509","12,7","0,3",Valor de mercado,Memphis Grizzlies,Memphis,"35,1382","-90,0505"
Devin Harris,2016,DAL,PG,32,"4,053446","2,5","0,6167591723190589","13,1","0,7",Valor de mercado,Dallas Mavericks,Dallas,"32,7905","-96,8103"
Lavoy Allen,2016,IND,PF,26,"4,05","3,7","0,9135802469135803","12,4","0,2",Infravalorado,Indiana Pacers,Indianapolis,"39,764","-86,1555"
Ian Mahinmi,2016,IND,C,29,"4,0","6,2","1,55","16,6","1,4",Infravalorado,Indiana Pacers,Indianapolis,"39,764","-86,1555"
Jordan Hill,2016,IND,C,28,"4,0","3,9","0,975","16,4","0,5",Infravalorado,Indiana Pacers,Indianapolis,"39,764","-86,1555"
Derrick Williams,2016,NYK,SF,24,"4,0","3,6","0,9","17,2","0,8",Infravalorado,New York Knicks,New York,"40,7505","-73,9934"
Alan Anderson,2016,WAS,SG,33,"4,0","0,3","0,075","9,2","0,0",Sobrepagado,Washington Wizards,Washington,"38,8981","-77,0209"
Thabo Sefolosha,2016,ATL,SF,31,"4,0","4,5","1,125","12,4","1,3",Infravalorado,Atlanta Hawks,Atlanta,"33,7573","-84,3963"
Raymond Felton,2016,DAL,PG,31,"3,950313","2,7","0,6834901436924112","11,9","0,2",Valor de mercado,Dallas Mavericks,Dallas,"32,7905","-96,8103"
Nemanja Bjelica,2016,MIN,PF,27,"3,950001","1,9","0,4810125364525224","11,2","0,3",Valor de mercado,Minnesota Timberwolves,Minneapolis,"44,9795","-93,276"
Harrison Barnes,2016,GSW,SF,23,"3,873398","4,9","1,2650391206893794","12,3","0,3",Infravalorado,Golden State Warriors,San Francisco,"37,768","-122,3877"
Marreese Speights,2016,GSW,C,28,"3,815","1,8","0,471821756225426","17,1","-0,4",Valor de mercado,Golden State Warriors,San Francisco,"37,768","-122,3877"
Alex Len,2016,PHO,C,22,"3,80712","1,3","0,3414654647082309","12,4","-1,0",Valor de mercado,Phoenix Suns,Phoenix,"33,4457","-112,0712"
Nick Collison,2016,OKC,PF,35,"3,75","0,8","0,21333333333333335","7,7","-0,2",Sobrepagado,Oklahoma City Thunder,Oklahoma City,"35,4634","-97,5151"
Kyle O'Quinn,2016,NYK,PF,25,"3,75","1,6","0,4266666666666667","17,5","0,5",Valor de mercado,New York Knicks,New York,"40,7505","-73,9934"
Mario Hezonja,2016,ORL,SF,20,"3,74148","0,9","0,24054652169729626","9,4","-0,4",Sobrepagado,Orlando Magic,Orlando,"28,5392","-81,3839"
Patty Mills,2016,SAS,PG,27,"3,578947","4,8","1,3411766086505332","14,6","1,5",Infravalorado,San Antonio Spurs,San Antonio,"29,427","-98,4375"
Terrence Ross,2016,TOR,SF,24,"3,553917","3,6","1,0129668194276906","12,9","1,0",Infravalorado,Toronto Raptors,Toronto,"43,6435","-79,3791"
Matt Barnes,2016,MEM,SF,35,"3,5425","2,6","0,7339449541284404","11,7","0,6",Valor de mercado,Memphis Grizzlies,Memphis,"35,1382","-90,0505"
Will Barton,2016,DEN,SG,25,"3,533333","4,3","1,2169812468850234","16,0","1,7",Infravalorado,Denver Nuggets,Denver,"39,7487","-105,0077"
Nerlens Noel,2016,PHI,C,21,"3,4578","3,0","0,8676036786395974","16,2","0,9",Infravalorado,Philadelphia 76ers,Philadelphia,"39,9012","-75,172"
Marcus Smart,2016,BOS,PG,21,"3,43104","2,9","0,8452247714978549","11,3","0,4",Infravalorado,Boston Celtics,Boston,"42,3662","-71,0621"
Evan Turner,2016,BOS,SG,27,"3,42551","4,0","1,1677093337926323","13,6","1,1",Infravalorado,Boston Celtics,Boston,"42,3662","-71,0621"
Willie Cauley-Stein,2016,SAC,C,22,"3,39828","3,8","1,118212742917005","15,3","0,4",Infravalorado,Sacramento Kings,Sacramento,"38,5802","-121,4997"
Paul Pierce,2016,LAC,SF,38,"3,376","0,9","0,2665876777251185","8,2","-0,4",Valor de mercado,LA Clippers,Los Angeles,"34,043","-118,2673"
Anthony Morrow,2016,OKC,SG,30,"3,344","1,9","0,5681818181818182","10,7","0,2",Valor de mercado,Oklahoma City Thunder,Oklahoma City,"35,4634","-97,5151"
Mike Scott,2016,ATL,PF,27,"3,333333","3,2","0,9600000960000096","14,0","0,6",Infravalorado,Atlanta Hawks,Atlanta,"33,7573","-84,3963"
Drew Gooden,2016,WAS,PF,34,"3,3","0,0","0,0","7,5","-0,3",Sobrepagado,Washington Wizards,Washington,"38,8981","-77,0209"
Andre Drummond,2016,DET,C,22,"3,272091","7,4","2,261550794278032","21,2","2,0",Infravalorado,Detroit Pistons,Detroit,"42,341","-83,0552"
Ben McLemore,2016,SAC,SG,22,"3,1566","0,3","0,09503896597605017","8,6","-0,7",Sobrepagado,Sacramento Kings,Sacramento,"38,5802","-121,4997"
Randy Foye,2016,OKC,SG,32,"3,135","0,4","0,12759170653907498","7,6","-0,5",Sobrepagado,Oklahoma City Thunder,Oklahoma City,"35,4634","-97,5151"
Julius Randle,2016,LAL,PF,21,"3,13224","1,6","0,510816540239573","13,9","-0,7",Valor de mercado,LA Lakers,Los Angeles,"34,043","-118,2673"
Austin Rivers,2016,LAC,SG,23,"3,110796","1,9","0,6107761486127666","11,1","-0,2",Valor de mercado,LA Clippers,Los Angeles,"34,043","-118,2673"
Emmanuel Mudiay,2016,DEN,PG,19,"3,10224","-2,1","-0,6769302181649389","9,9","-1,2",Sobrepagado,Denver Nuggets,Denver,"39,7487","-105,0077"
Meyers Leonard,2016,POR,PF,23,"3,07588","2,2","0,7152424671963796","11,3","0,1",Valor de mercado,Portland Trail Blazers,Portland,"45,5316","-122,6668"
Norris Cole,2016,NOP,PG,27,"3,036927","-0,1","-0,03292802230675943","10,8","-0,5",Sobrepagado,New Orleans Pelicans,New Orleans,"29,949","-90,0821"
Jeremy Lamb,2016,CHO,SG,23,"3,034356","2,7","0,8898098970588818","15,9","0,9",Infravalorado,Charlotte Hornets,Charlotte,"35,2251","-80,8392"
Anthony Tolliver,2016,DET,PF,30,"3,0","2,8","0,9333333333333332","10,2","0,8",Infravalorado,Detroit Pistons,Detroit,"42,341","-83,0552"
D.J. Augustin,2016,DEN,PG,28,"3,0","2,6","0,8666666666666667","13,9","0,4",Infravalorado,Denver Nuggets,Denver,"39,7487","-105,0077"
Jerryd Bayless,2016,MIL,SG,27,"3,0","2,4","0,7999999999999999","12,4","0,4",Infravalorado,Milwaukee Bucks,Milwaukee,"43,045","-87,917"
Brandon Bass,2016,LAL,PF,30,"3,0","4,1","1,3666666666666665","17,3","0,9",Infravalorado,LA Lakers,Los Angeles,"34,043","-118,2673"
John Henson,2016,MIL,C,25,"2,943221","2,3","0,781456778135247","18,6","0,5",Infravalorado,Milwaukee Bucks,Milwaukee,"43,045","-87,917"
Luis Scola,2016,TOR,PF,35,"2,9","3,3","1,1379310344827587","13,6","0,4",Infravalorado,Toronto Raptors,Toronto,"43,6435","-79,3791"
Maurice Harkless,2016,POR,SF,22,"2,894059","2,9","1,002052826151782","13,3","0,5",Infravalorado,Portland Trail Blazers,Portland,"45,5316","-122,6668"
Kentavious Caldwell-Pope,2016,DET,SG,22,"2,89176","5,3","1,8327938694774115","12,4","1,2",Infravalorado,Detroit Pistons,Detroit,"42,341","-83,0552"
Nik Stauskas,2016,PHI,SG,22,"2,86944","0,5","0,17425002788000446","9,2","-0,8",Sobrepagado,Philadelphia 76ers,Philadelphia,"39,9012","-75,172"
Brian Roberts,2016,POR,PG,30,"2,85494","1,0","0,35027005821488366","13,8","0,0",Valor de mercado,Portland Trail Blazers,Portland,"45,5316","-122,6668"
Udonis Haslem,2016,MIA,PF,35,"2,85494","0,4","0,14010802328595348","9,1","0,0",Sobrepagado,Miami Heat,Miami,"25,7814","-80,187"
Kirk Hinrich,2016,ATL,PG,35,"2,85494","0,6","0,2101620349289302","7,2","-0,2",Sobrepagado,Atlanta Hawks,Atlanta,"33,7573","-84,3963"
Dante Cunningham,2016,NOP,SF,28,"2,85","2,1","0,7368421052631579","8,6","-0,4",Infravalorado,New Orleans Pelicans,New Orleans,"29,949","-90,0821"
Stanley Johnson,2016,DET,SF,19,"2,84196","0,6","0,2111219017860913","8,7","-0,5",Sobrepagado,Detroit Pistons,Detroit,"42,341","-83,0552"
Omri Casspi,2016,SAC,PF,27,"2,836186","3,6","1,2693102638543452","13,9","1,0",Infravalorado,Sacramento Kings,Sacramento,"38,5802","-121,4997"
Bismack Biyombo,2016,TOR,C,23,"2,814","5,9","2,0966595593461266","14,9","0,8",Infravalorado,Toronto Raptors,Toronto,"43,6435","-79,3791"
Sonny Weems,2016,PHI,SG,29,"2,814","-0,5","-0,17768301350390903","3,7","-0,7",Sobrepagado,Philadelphia 76ers,Philadelphia,"39,9012","-75,172"
Trey Burke,2016,UTA,PG,23,"2,65824","2,1","0,7899963885879379","14,0","0,5",Infravalorado,Utah Jazz,Salt Lake City,"40,7683","-111,9011"
Noah Vonleh,2016,POR,PF,20,"2,63772","1,2","0,454938355852782","8,6","-0,6",Valor de mercado,Portland Trail Blazers,Portland,"45,5316","-122,6668"
Tyler Zeller,2016,BOS,C,26,"2,616975","1,7","0,649604982852339","15,4","-0,2",Valor de mercado,Boston Celtics,Boston,"42,3662","-71,0621"
Frank Kaminsky,2016,CHO,C,22,"2,61252","3,3","1,263148224702586","12,5","0,5",Infravalorado,Charlotte Hornets,Charlotte,"35,2251","-80,8392"
Jared Sullinger,2016,BOS,PF,23,"2,56926","4,8","1,8682422176035123","16,7","1,3",Infravalorado,Boston Celtics,Boston,"42,3662","-71,0621"
CJ McCollum,2016,POR,SG,24,"2,52516","6,0","2,3760870598298722","17,7","2,3",Infravalorado,Portland Trail Blazers,Portland,"45,5316","-122,6668"
Elfrid Payton,2016,ORL,PG,21,"2,50572","2,2","0,8779911562345354","13,9","0,4",Infravalorado,Orlando Magic,Orlando,"28,5392","-81,3839"
Leandro Barbosa,2016,GSW,SG,33,"2,5","2,1","0,8400000000000001","11,7","0,0",Infravalorado,Golden State Warriors,San Francisco,"37,768","-122,3877"
James Johnson,2016,TOR,PF,28,"2,5","1,3","0,52","11,4","0,2",Valor de mercado,Toronto Raptors,Toronto,"43,6435","-79,3791"
Terrence Jones,2016,HOU,PF,24,"2,48953","1,5","0,602523367864617","13,5","0,0",Valor de mercado,Houston Rockets,Houston,"29,7508","-95,3621"
Justise Winslow,2016,MIA,SF,19,"2,48172","2,5","1,007365859162194","8,4","-0,3",Infravalorado,Miami Heat,Miami,"25,7814","-80,187"
Shelvin Mack,2016,UTA,PG,25,"2,433333","1,3","0,5342466485269382","13,6","0,1",Valor de mercado,Utah Jazz,Salt Lake City,"40,7683","-111,9011"
Michael Carter-Williams,2016,MIL,PG,24,"2,39904","1,2","0,5002000800320128","13,9","0,5",Valor de mercado,Milwaukee Bucks,Milwaukee,"43,045","-87,917"
Andrew Nicholson,2016,ORL,PF,26,"2,380593","1,6","0,672101446992409","14,8","0,2",Valor de mercado,Orlando Magic,Orlando,"28,5392","-81,3839"
Doug McDermott,2016,CHI,SF,24,"2,38044","2,8","1,1762531296735057","10,9","-0,4",Infravalorado,Chicago Bulls,Chicago,"41,8807","-87,6742"
Myles Turner,2016,IND,C,19,"2,35776","3,1","1,3148072747014117","15,4","0,1",Infravalorado,Indiana Pacers,Indianapolis,"39,764","-86,1555"
Evan Fournier,2016,ORL,SF,23,"2,288205","5,7","2,4910355496994367","14,6","1,1",Infravalorado,Orlando Magic,Orlando,"28,5392","-81,3839"
Steven Adams,2016,OKC,C,22,"2,27904","6,5","2,8520780679584385","15,5","1,1",Infravalorado,Oklahoma City Thunder,Oklahoma City,"35,4634","-97,5151"
Aaron Brooks,2016,CHI,PG,31,"2,25","0,9","0,4","11,8","-0,2",Valor de mercado,Chicago Bulls,Chicago,"41,8807","-87,6742"
Trey Lyles,2016,UTA,PF,20,"2,2398","2,3","1,0268773997678364","11,6","0,1",Infravalorado,Utah Jazz,Salt Lake City,"40,7683","-111,9011"
Ramon Sessions,2016,WAS,PG,29,"2,170465","3,8","1,7507769072525932","15,9","0,7",Infravalorado,Washington Wizards,Washington,"38,8981","-77,0209"
Beno Udrih,2016,MIA,PG,33,"2,170465","0,4","0,18429230602658878","9,5","-0,3",Sobrepagado,Miami Heat,Miami,"25,7814","-80,187"
Steve Blake,2016,DET,PG,35,"2,170465","1,1","0,5068038415731192","9,8","-0,1",Valor de mercado,Detroit Pistons,Detroit,"42,341","-83,0552"
Kelly Olynyk,2016,BOS,C,24,"2,16516","4,1","1,8936244896451067","16,3","1,4",Infravalorado,Boston Celtics,Boston,"42,3662","-71,0621"
Zach LaVine,2016,MIN,SG,20,"2,14836","2,6","1,2102254743152918","14,3","0,3",Infravalorado,Minnesota Timberwolves,Minneapolis,"44,9795","-93,276"
Kendall Marshall,2016,PHI,PG,24,"2,144772","-0,5","-0,2331250128218757","6,7","-0,5",Sobrepagado,Philadelphia 76ers,Philadelphia,"39,9012","-75,172"
Jeremy Lin,2016,CHO,SG,27,"2,139","3,5","1,6362786348761105","13,8","0,5",Infravalorado,Charlotte Hornets,Charlotte,"35,2251","-80,8392"
Gary Neal,2016,WAS,SG,31,"2,139","1,4","0,6545114539504442","13,5","0,1",Valor de mercado,Washington Wizards,Washington,"38,8981","-77,0209"
Devin Booker,2016,PHO,SG,19,"2,12784","1,9","0,8929242800210542","11,9","-0,5",Infravalorado,Phoenix Suns,Phoenix,"33,4457","-112,0712"
Miles Plumlee,2016,MIL,C,27,"2,109294","2,2","1,0430030142787114","17,4","0,1",Infravalorado,Milwaukee Bucks,Milwaukee,"43,045","-87,917"
Mo Williams,2016,CLE,PG,33,"2,1","1,1","0,5238095238095238","12,4","0,1",Valor de mercado,Cleveland Cavaliers,Cleveland,"41,4965","-81,6882"
David Lee,2016,DAL,PF,32,"2,085671","3,0","1,4383860158193693","19,6","0,7",Infravalorado,Dallas Mavericks,Dallas,"32,7905","-96,8103"
Shabazz Muhammad,2016,MIN,SF,23,"2,05692","2,7","1,3126422029053149","15,2","-0,2",Infravalorado,Minnesota Timberwolves,Minneapolis,"44,9795","-93,276"
Joe Ingles,2016,UTA,SF,28,"2,05","2,3","1,1219512195121952","10,3","0,7",Infravalorado,Utah Jazz,Salt Lake City,"40,7683","-111,9011"
T.J. Warren,2016,PHO,SF,22,"2,04108","2,2","1,0778607403923415","15,7","0,4",Infravalorado,Phoenix Suns,Phoenix,"33,4457","-112,0712"
Cameron Payne,2016,OKC,PG,21,"2,02152","1,4","0,692548181566346","12,9","0,2",Valor de mercado,Oklahoma City Thunder,Oklahoma City,"35,4634","-97,5151"
Festus Ezeli,2016,GSW,C,26,"2,008748","2,7","1,3441208155527722","17,7","0,4",Infravalorado,Golden State Warriors,San Francisco,"37,768","-122,3877"
Kent Bazemore,2016,ATL,SF,26,"2,0","4,1","2,05","13,4","1,2",Infravalorado,Atlanta Hawks,Atlanta,"33,7573","-84,3963"
DeJuan Blair,2016,WAS,C,26,"2,0","-0,1","-0,05","5,4","-0,4",Sobrepagado,Washington Wizards,Washington,"38,8981","-77,0209"
Adreian Payne,2016,MIN,PF,24,"1,93884","-0,5","-0,25788615873408843","5,6","-0,5",Sobrepagado,Minnesota Timberwolves,Minneapolis,"44,9795","-93,276"
Kelly Oubre Jr.,2016,WAS,SF,20,"1,92024","0,4","0,20830729492146816","8,2","-0,5",Sobrepagado,Washington Wizards,Washington,"38,8981","-77,0209"
Lucas Nogueira,2016,TOR,C,23,"1,842","0,7","0,38002171552660147","15,6","0,1",Valor de mercado,Toronto Raptors,Toronto,"43,6435","-79,3791"
Terry Rozier,2016,BOS,PG,21,"1,82436","-0,3","-0,1644412287048609","5,0","-0,3",Sobrepagado,Boston Celtics,Boston,"42,3662","-71,0621"
James Young,2016,BOS,SG,20,"1,74984","0,1","0,05714808211036438","3,6","-0,1",Sobrepagado,Boston Celtics,Boston,"42,3662","-71,0621"
Rashad Vaughn,2016,MIL,SG,19,"1,73304","-0,8","-0,4616165812675992","4,2","-0,9",Sobrepagado,Milwaukee Bucks,Milwaukee,"43,045","-87,917"
Ryan Kelly,2016,LAL,PF,24,"1,72425","0,1","0,05799623024503407","10,3","-0,2",Sobrepagado,LA Lakers,Los Angeles,"34,043","-118,2673"
Joffrey Lauvergne,2016,DEN,C,24,"1,709719","2,3","1,3452503013653119","15,7","0,1",Infravalorado,Denver Nuggets,Denver,"39,7487","-105,0077"
Tyler Ennis,2016,MIL,PG,21,"1,66236","0,4","0,24062176664501073","10,7","-0,4",Sobrepagado,Milwaukee Bucks,Milwaukee,"43,045","-87,917"
Lance Thomas,2016,NYK,PF,27,"1,636842","1,7","1,0385852757932654","10,4","-0,4",Infravalorado,New York Knicks,New York,"40,7505","-73,9934"
Lou Amundson,2016,NYK,PF,33,"1,635476","-0,1","-0,061144278485285024","6,7","-0,3",Sobrepagado,New York Knicks,New York,"40,7505","-73,9934"
Sergey Karasev,2016,BRK,SF,22,"1,59984","0,3","0,18751875187518752","8,5","-0,2",Sobrepagado,Brooklyn Nets,Brooklyn,"40,6828","-73,9752"
Gary Harris,2016,DEN,SG,21,"1,58448","4,0","2,5244875290316062","12,7","0,7",Infravalorado,Denver Nuggets,Denver,"39,7487","-105,0077"
Jerian Grant,2016,NYK,PG,23,"1,57236","0,8","0,5087893357755222","11,2","-0,3",Valor de mercado,New York Knicks,New York,"40,7505","-73,9934"
Tony Snell,2016,CHI,SF,24,"1,53588","0,4","0,2604370133083314","6,4","-0,6",Valor de mercado,Chicago Bulls,Chicago,"41,8807","-87,6742"
Delon Wright,2016,TOR,PG,23,"1,50936","0,6","0,39751947845444424","17,8","0,2",Valor de mercado,Toronto Raptors,Toronto,"43,6435","-79,3791"
Wayne Ellington,2016,BRK,SG,28,"1,5","0,8","0,5333333333333333","10,1","-0,3",Valor de mercado,Brooklyn Nets,Brooklyn,"40,6828","-73,9752"
Shane Larkin,2016,BRK,PG,23,"1,5","1,4","0,9333333333333332","13,3","0,0",Infravalorado,Brooklyn Nets,Brooklyn,"40,6828","-73,9752"
David West,2016,SAS,PF,35,"1,499187","5,4","3,6019522581239034","17,6","1,7",Infravalorado,San Antonio Spurs,San Antonio,"29,427","-98,4375"
Gorgui Dieng,2016,MIN,C,26,"1,47444","5,9","4,001519220856732","17,1","1,5",Infravalorado,Minnesota Timberwolves,Minneapolis,"44,9795","-93,276"
Mitch McGary,2016,OKC,PF,23,"1,46304","0,0","0,0","7,4","-0,1",Sobrepagado,Oklahoma City Thunder,Oklahoma City,"35,4634","-97,5151"
Caron Butler,2016,SAC,SF,35,"1,449187","0,3","0,20701262155953648","11,3","0,0",Sobrepagado,Sacramento Kings,Sacramento,"38,5802","-121,4997"
Justin Anderson,2016,DAL,SF,22,"1,449","1,1","0,759144237405107","12,3","0,4",Infravalorado,Dallas Mavericks,Dallas,"32,7905","-96,8103"
Mason Plumlee,2016,POR,C,25,"1,41552","6,1","4,309370408047926","17,2","1,9",Infravalorado,Portland Trail Blazers,Portland,"45,5316","-122,6668"
Bobby Portis,2016,CHI,PF,20,"1,39116","1,5","1,0782368670749591","13,8","-0,4",Infravalorado,Chicago Bulls,Chicago,"41,8807","-87,6742"
Andrea Bargnani,2016,BRK,C,30,"1,362897","0,2","0,14674623247391402","11,8","-0,5",Sobrepagado,Brooklyn Nets,Brooklyn,"40,6828","-73,9752"
Solomon Hill,2016,IND,SF,24,"1,35888","2,1","1,5453903214411868","12,2","0,5",Infravalorado,Indiana Pacers,Indianapolis,"39,764","-86,1555"
Rodney Hood,2016,UTA,SG,23,"1,34844","6,0","4,449586188484471","14,1","1,7",Infravalorado,Utah Jazz,Salt Lake City,"40,7683","-111,9011"
Rondae Hollis-Jefferson,2016,BRK,SF,21,"1,33548","1,2","0,8985533291400845","14,2","0,4",Infravalorado,Brooklyn Nets,Brooklyn,"40,6828","-73,9752"
Alonzo Gee,2016,NOP,SF,28,"1,32","1,9","1,4393939393939392","8,4","-0,2",Infravalorado,New Orleans Pelicans,New Orleans,"29,949","-90,0821"
Tim Hardaway Jr.,2016,ATL,SG,23,"1,30452","1,9","1,456474412044277","11,7","0,2",Infravalorado,Atlanta Hawks,Atlanta,"33,7573","-84,3963"
Shabazz Napier,2016,ORL,PG,24,"1,29444","0,1","0,07725348413213436","9,6","-0,2",Sobrepagado,Orlando Magic,Orlando,"28,5392","-81,3839"
Tyus Jones,2016,MIN,PG,19,"1,28208","0,3","0,23399475851740917","11,2","-0,1",Sobrepagado,Minnesota Timberwolves,Minneapolis,"44,9795","-93,276"
Sasha Kaun,2016,CLE,C,30,"1,276","0,2","0,15673981191222572","12,5","0,0",Sobrepagado,Cleveland Cavaliers,Cleveland,"41,4965","-81,6882"
Brandon Rush,2016,GSW,SG,30,"1,270964","2,0","1,573608693873312","10,1","0,3",Infravalorado,Golden State Warriors,San Francisco,"37,768","-122,3877"
JaVale McGee,2016,DAL,C,28,"1,270964","1,1","0,8654847816303216","19,9","0,1",Infravalorado,Dallas Mavericks,Dallas,"32,7905","-96,8103"
Reggie Bullock,2016,DET,SF,24,"1,25244","1,2","0,9581297307655456","12,0","0,3",Infravalorado,Detroit Pistons,Detroit,"42,341","-83,0552"
Clint Capela,2016,HOU,C,21,"1,24272","4,4","3,5406205742242824","18,3","0,6",Infravalorado,Houston Rockets,Houston,"29,7508","-95,3621"
Jarell Martin,2016,MEM,PF,21,"1,23084","0,8","0,649962627148939","14,0","-0,2",Valor de mercado,Memphis Grizzlies,Memphis,"35,1382","-90,0505"
Andre Roberson,2016,OKC,SG,24,"1,2108","3,4","2,8080607862570197","10,2","1,0",Infravalorado,Oklahoma City Thunder,Oklahoma City,"35,4634","-97,5151"
P.J. Hairston,2016,MEM,SF,23,"1,20144","0,6","0,4994007191370355","6,9","-0,8",Valor de mercado,Memphis Grizzlies,Memphis,"35,1382","-90,0505"
Rudy Gobert,2016,UTA,C,23,"1,17588","6,4","5,442732251590298","17,5","2,0",Infravalorado,Utah Jazz,Salt Lake City,"40,7683","-111,9011"
Jordan Mickey,2016,BOS,PF,21,"1,17096","0,1","0,0854000136640022","15,3","0,0",Sobrepagado,Boston Celtics,Boston,"42,3662","-71,0621"
Toney Douglas,2016,NOP,PG,29,"1,164858","2,5","2,146184341782432","14,7","0,6",Infravalorado,New Orleans Pelicans,New Orleans,"29,949","-90,0821"
Archie Goodwin,2016,PHO,PG,21,"1,16016","0,1","0,08619500758516066","11,1","-0,5",Sobrepagado,Phoenix Suns,Phoenix,"33,4457","-112,0712"
Larry Nance Jr.,2016,LAL,PF,23,"1,1556","2,2","1,9037729318103151","13,4","0,2",Infravalorado,LA Lakers,Los Angeles,"34,043","-118,2673"
Chris Copeland,2016,MIL,PF,31,"1,15","-0,1","-0,08695652173913045","5,4","-0,2",Sobrepagado,Milwaukee Bucks,Milwaukee,"43,045","-87,917"
Matthew Dellavedova,2016,CLE,PG,25,"1,147276","3,8","3,3121934042026506","11,3","0,4",Infravalorado,Cleveland Cavaliers,Cleveland,"41,4965","-81,6882"
Kyle Anderson,2016,SAS,SF,22,"1,14288","3,5","3,0624387512249758","12,9","1,1",Infravalorado,San Antonio Spurs,San Antonio,"29,427","-98,4375"
Chris McCullough,2016,BRK,PF,20,"1,14024","0,3","0,26310250473584507","12,2","0,0",Valor de mercado,Brooklyn Nets,Brooklyn,"40,6828","-73,9752"
Wesley Johnson,2016,LAC,SF,28,"1,100602","2,6","2,36234351745681","11,0","0,8",Infravalorado,LA Clippers,Los Angeles,"34,043","-118,2673"
Garrett Temple,2016,WAS,SF,29,"1,100602","2,7","2,453202883512841","9,3","0,0",Infravalorado,Washington Wizards,Washington,"38,8981","-77,0209"
Luke Babbitt,2016,NOP,SF,26,"1,100602","1,1","0,9994530266163427","11,6","-0,1",Infravalorado,New Orleans Pelicans,New Orleans,"29,949","-90,0821"
Jeremy Evans,2016,DAL,SF,28,"1,100602","0,6","0,5451561963361868","12,6","0,1",Valor de mercado,Dallas Mavericks,Dallas,"32,7905","-96,8103"
Cole Aldrich,2016,LAC,C,27,"1,100602","3,5","3,18007781196109","21,3","0,9",Infravalorado,LA Clippers,Los Angeles,"34,043","-118,2673"
Glenn Robinson III,2016,IND,SF,22,"1,1","0,8","0,7272727272727273","11,4","0,1",Valor de mercado,Indiana Pacers,Indianapolis,"39,764","-86,1555"
Richaun Holmes,2016,PHI,PF,22,"1,074169","1,5","1,3964283087670564","15,9","0,1",Infravalorado,Philadelphia 76ers,Philadelphia,"39,9012","-75,172"
Jon Leuer,2016,PHO,PF,26,"1,035","2,7","2,6086956521739135","16,2","0,6",Infravalorado,Phoenix Suns,Phoenix,"33,4457","-112,0712"
James Anderson,2016,SAC,SG,26,"1,015421","-0,3","-0,2954439587126916","6,0","-0,5",Sobrepagado,Sacramento Kings,Sacramento,"38,5802","-121,4997"
E'Twaun Moore,2016,CHI,SG,26,"1,015421","1,8","1,7726637522761497","11,4","0,0",Infravalorado,Chicago Bulls,Chicago,"41,8807","-87,6742"
Jordan Hamilton,2016,NOP,SF,25,"1,015421","0,2","0,1969626391417944","12,4","-0,1",Sobrepagado,New Orleans Pelicans,New Orleans,"29,949","-90,0821"
Joe Young,2016,IND,PG,23,"1,007026","-0,1","-0,09930230202596557","9,9","-0,3",Sobrepagado,Indiana Pacers,Indianapolis,"39,764","-86,1555"
Kris Humphries,2016,ATL,PF,30,"1,0","1,6","1,6","13,1","0,0",Infravalorado,Atlanta Hawks,Atlanta,"33,7573","-84,3963"
Montrezl Harrell,2016,HOU,PF,22,"1,0","0,9","0,9","14,6","0,1",Infravalorado,Houston Rockets,Houston,"29,7508","-95,3621"
Robert Covington,2016,PHI,SF,25,"1,0","2,0","2,0","13,2","0,5",Infravalorado,Philadelphia 76ers,Philadelphia,"39,9012","-75,172"
Edy Tavares,2016,ATL,C,23,"1,0","0,2","0,2","14,4","0,0",Sobrepagado,Atlanta Hawks,Atlanta,"33,7573","-84,3963"
Hassan Whiteside,2016,MIA,C,26,"0,981348","10,3","10,495767046959896","25,6","3,3",Infravalorado,Miami Heat,Miami,"25,7814","-80,187"
Quincy Acy,2016,SAC,PF,25,"0,981348","2,5","2,5475162735339554","14,7","0,4",Infravalorado,Sacramento Kings,Sacramento,"38,5802","-121,4997"
John Jenkins,2016,PHO,SG,24,"0,981348","0,2","0,20380130188271645","10,0","-0,1",Sobrepagado,Phoenix Suns,Phoenix,"33,4457","-112,0712"
Chris Johnson,2016,UTA,SF,25,"0,981348","1,1","1,1209071603549405","8,2","0,0",Infravalorado,Utah Jazz,Salt Lake City,"40,7683","-111,9011"
Robert Sacre,2016,LAL,C,26,"0,981348","0,3","0,30570195282407464","10,4","-0,2",Valor de mercado,LA Lakers,Los Angeles,"34,043","-118,2673"
Thomas Robinson,2016,BRK,PF,24,"0,981348","0,6","0,6114039056481493","14,5","-0,4",Valor de mercado,Brooklyn Nets,Brooklyn,"40,6828","-73,9752"
Pablo Prigioni,2016,LAC,PG,38,"0,947726","1,5","1,5827359384463442","10,2","0,3",Infravalorado,LA Clippers,Los Angeles,"34,043","-118,2673"
Tyler Hansbrough,2016,CHO,PF,30,"0,947276","1,0","1,055658540910991","12,5","-0,1",Infravalorado,Charlotte Hornets,Charlotte,"35,2251","-80,8392"
Ish Smith,2016,PHI,PG,27,"0,947276","1,3","1,3723561031842884","14,9","0,2",Infravalorado,Philadelphia 76ers,Philadelphia,"39,9012","-75,172"
Henry Sims,2016,BRK,C,25,"0,947276","0,4","0,42226341636439646","13,9","-0,2",Valor de mercado,Brooklyn Nets,Brooklyn,"40,6828","-73,9752"
Mike Muscala,2016,ATL,C,24,"0,947276","1,6","1,6890536654575858","13,6","0,2",Infravalorado,Atlanta Hawks,Atlanta,"33,7573","-84,3963"
Matt Bonner,2016,SAS,C,35,"0,947276","0,8","0,8445268327287929","14,1","0,2",Infravalorado,San Antonio Spurs,San Antonio,"29,427","-98,4375"
Hollis Thompson,2016,PHI,SG,24,"0,947276","1,2","1,2667902490931893","9,2","-0,7",Infravalorado,Philadelphia 76ers,Philadelphia,"39,9012","-75,172"
Ronnie Price,2016,PHO,PG,32,"0,947276","1,4","1,4779219572753874","9,6","0,1",Infravalorado,Phoenix Suns,Phoenix,"33,4457","-112,0712"
Allen Crabbe,2016,POR,SG,23,"0,947276","4,3","4,539331725917261","12,2","0,5",Infravalorado,Portland Trail Blazers,Portland,"45,5316","-122,6668"
Rasual Butler,2016,SAS,SF,36,"0,947276","1,3","1,3723561031842884","13,4","0,5",Infravalorado,San Antonio Spurs,San Antonio,"29,427","-98,4375"
Tayshaun Prince,2016,MIN,SF,35,"0,947276","0,4","0,42226341636439646","6,3","-0,4",Valor de mercado,Minnesota Timberwolves,Minneapolis,"44,9795","-93,276"
Isaiah Canaan,2016,PHI,SG,24,"0,947276","1,4","1,4779219572753874","11,1","-0,2",Infravalorado,Philadelphia 76ers,Philadelphia,"39,9012","-75,172"
Jared Cunningham,2016,MIL,SG,24,"0,947276","0,1","0,10556585409109911","5,9","-0,4",Sobrepagado,Milwaukee Bucks,Milwaukee,"43,045","-87,917"
Jason Terry,2016,HOU,SG,38,"0,947276","1,5","1,5834878113664865","10,2","0,1",Infravalorado,Houston Rockets,Houston,"29,7508","-95,3621"
Amar'e Stoudemire,2016,MIA,C,33,"0,947276","2,4","2,5335804981863785","17,3","0,3",Infravalorado,Miami Heat,Miami,"25,7814","-80,187"
Metta World Peace,2016,LAL,SF,36,"0,947276","0,1","0,10556585409109911","8,3","-0,2",Sobrepagado,LA Lakers,Los Angeles,"34,043","-118,2673"
Justin Holiday,2016,CHI,SG,26,"0,947276","0,6","0,6333951245465946","9,4","-0,2",Valor de mercado,Chicago Bulls,Chicago,"41,8807","-87,6742"
Anthony Bennett,2016,TOR,PF,22,"0,947276","0,1","0,10556585409109911","10,4","0,0",Sobrepagado,Toronto Raptors,Toronto,"43,6435","-79,3791"
Luc Mbah a Moute,2016,LAC,PF,29,"0,947276","1,6","1,6890536654575858","7,3","-0,2",Infravalorado,LA Clippers,Los Angeles,"34,043","-118,2673"
Troy Daniels,2016,CHO,SG,24,"0,947276","1,1","1,1612243950020902","14,9","0,3",Infravalorado,Charlotte Hornets,Charlotte,"35,2251","-80,8392"
Donald Sloan,2016,BRK,PG,28,"0,947276","2,0","2,111317081821982","13,9","0,1",Infravalorado,Brooklyn Nets,Brooklyn,"40,6828","-73,9752"
Gerald Green,2016,MIA,SG,30,"0,947276","1,7","1,7946195195486847","10,1","-0,4",Infravalorado,Miami Heat,Miami,"25,7814","-80,187"
Richard Jefferson,2016,CLE,SF,35,"0,947276","2,7","2,8502780604596762","9,7","0,3",Infravalorado,Cleveland Cavaliers,Cleveland,"41,4965","-81,6882"
Mike Miller,2016,DEN,SF,35,"0,947276","0,3","0,3166975622732973","6,5","0,0",Valor de mercado,Denver Nuggets,Denver,"39,7487","-105,0077"
Jeff Withey,2016,UTA,C,25,"0,947276","2,3","2,4280146440952795","17,7","0,5",Infravalorado,Utah Jazz,Salt Lake City,"40,7683","-111,9011"
Seth Curry,2016,SAC,PG,25,"0,947276","1,4","1,4779219572753874","13,8","0,3",Infravalorado,Sacramento Kings,Sacramento,"38,5802","-121,4997"
Charlie Villanueva,2016,DAL,PF,31,"0,947276","0,2","0,21113170818219823","11,9","-0,1",Sobrepagado,Dallas Mavericks,Dallas,"32,7905","-96,8103"
Kendrick Perkins,2016,NOP,C,31,"0,947276","-0,1","-0,10556585409109911","6,0","-0,4",Sobrepagado,New Orleans Pelicans,New Orleans,"29,949","-90,0821"
James Jones,2016,CLE,SF,35,"0,947276","1,2","1,2667902490931893","11,6","0,2",Infravalorado,Cleveland Cavaliers,Cleveland,"41,4965","-81,6882"
Willie Reed,2016,BRK,C,25,"0,947276","1,2","1,2667902490931893","19,2","0,2",Infravalorado,Brooklyn Nets,Brooklyn,"40,6828","-73,9752"
Ian Clark,2016,GSW,SG,24,"0,947276","0,9","0,950092686819892","11,5","0,0",Infravalorado,Golden State Warriors,San Francisco,"37,768","-122,3877"
Josh Smith,2016,HOU,PF,30,"0,947276","0,0","0,0","10,6","-0,2",Sobrepagado,Houston Rockets,Houston,"29,7508","-95,3621"
Dewayne Dedmon,2016,ORL,C,26,"0,947276","2,4","2,5335804981863785","17,0","0,2",Infravalorado,Orlando Magic,Orlando,"28,5392","-81,3839"
Raul Neto,2016,UTA,PG,23,"0,9","1,8","2,0","10,2","0,0",Infravalorado,Utah Jazz,Salt Lake City,"40,7683","-111,9011"
Damien Inglis,2016,MIL,SF,20,"0,855","-0,1","-0,11695906432748539","6,7","-0,1",Sobrepagado,Milwaukee Bucks,Milwaukee,"43,045","-87,917"
Russ Smith,2016,MEM,PG,24,"0,845059","-0,1","-0,11833493282717539","10,5","0,0",Sobrepagado,Memphis Grizzlies,Memphis,"35,1382","-90,0505"
Jordan Clarkson,2016,LAL,SG,23,"0,845059","2,1","2,485033589370683","14,3","0,2",Infravalorado,LA Lakers,Los Angeles,"34,043","-118,2673"
Markel Brown,2016,BRK,SG,24,"0,845059","0,6","0,7100095969630522","11,3","-0,3",Valor de mercado,Brooklyn Nets,Brooklyn,"40,6828","-73,9752"
James Michael McAdoo,2016,GSW,PF,23,"0,845059","0,8","0,9466794626174031","15,9","0,0",Infravalorado,Golden State Warriors,San Francisco,"37,768","-122,3877"
James Ennis III,2016,NOP,SF,25,"0,845059","0,9","1,0650143954445785","17,8","0,3",Infravalorado,New Orleans Pelicans,New Orleans,"29,949","-90,0821"
Cleanthony Early,2016,NYK,SF,24,"0,845059","-0,2","-0,23666986565435078","2,2","-0,3",Sobrepagado,New York Knicks,New York,"40,7505","-73,9934"
Spencer Dinwiddie,2016,DET,PG,22,"0,845059","0,1","0,11833493282717539","8,9","-0,1",Sobrepagado,Detroit Pistons,Detroit,"42,341","-83,0552"
Tyler Johnson,2016,MIA,SG,23,"0,845059","2,0","2,3666986565435075","13,8","0,6",Infravalorado,Miami Heat,Miami,"25,7814","-80,187"
JaMychal Green,2016,MEM,PF,25,"0,845059","2,6","3,07670825350656","14,6","-0,2",Infravalorado,Memphis Grizzlies,Memphis,"35,1382","-90,0505"
Tarik Black,2016,LAL,C,24,"0,845059","0,7","0,8283445297902277","12,3","-0,2",Infravalorado,LA Lakers,Los Angeles,"34,043","-118,2673"
Devyn Marble,2016,ORL,SG,23,"0,845059","-0,1","-0,11833493282717539","5,2","-0,3",Sobrepagado,Orlando Magic,Orlando,"28,5392","-81,3839"
Langston Galloway,2016,NYK,PG,24,"0,845059","3,3","3,9050527832967874","11,7","0,5",Infravalorado,New York Knicks,New York,"40,7505","-73,9934"
Tim Frazier,2016,NOP,PG,25,"0,845059","1,0","1,1833493282717538","13,9","0,0",Infravalorado,New Orleans Pelicans,New Orleans,"29,949","-90,0821"
Jerami Grant,2016,PHI,PF,21,"0,845059","2,1","2,485033589370683","12,6","0,1",Infravalorado,Philadelphia 76ers,Philadelphia,"39,9012","-75,172"
Elijah Millsap,2016,UTA,SG,28,"0,845059","0,1","0,11833493282717539","6,5","-0,1",Sobrepagado,Utah Jazz,Salt Lake City,"40,7683","-111,9011"
Dwight Powell,2016,DAL,PF,24,"0,845059","3,1","3,668382917642437","16,8","0,5",Infravalorado,Dallas Mavericks,Dallas,"32,7905","-96,8103"
Kostas Papanikolaou,2016,DEN,SF,25,"0,800321","-0,1","-0,12494986386712333","6,0","-0,2",Sobrepagado,Denver Nuggets,Denver,"39,7487","-105,0077"
Anthony Brown,2016,LAL,SF,23,"0,7","-0,3","-0,4285714285714286","4,9","-0,5",Sobrepagado,LA Lakers,Los Angeles,"34,043","-118,2673"
Norman Powell,2016,TOR,SG,22,"0,65","1,6","2,4615384615384617","13,3","0,3",Infravalorado,Toronto Raptors,Toronto,"43,6435","-79,3791"
Pat Connaughton,2016,POR,SG,23,"0,625093","-0,2","-0,3199523910842067","4,6","-0,2",Sobrepagado,Portland Trail Blazers,Portland,"45,5316","-122,6668"
Darrun Hilliard,2016,DET,SG,22,"0,6","0,5","0,8333333333333334","10,7","0,0",Infravalorado,Detroit Pistons,Detroit,"42,341","-83,0552"
Jarell Eddie,2016,WAS,SF,24,"0,561716","0,1","0,17802590632988913","11,0","0,0",Sobrepagado,Washington Wizards,Washington,"38,8981","-77,0209"
Jonathon Simmons,2016,SAS,SG,26,"0,525093","2,0","3,8088490991119666","11,9","-0,2",Infravalorado,San Antonio Spurs,San Antonio,"29,427","-98,4375"
Josh Richardson,2016,MIA,SG,22,"0,525093","2,5","4,761061373889958","11,4","0,5",Infravalorado,Miami Heat,Miami,"25,7814","-80,187"
T.J. McConnell,2016,PHI,PG,23,"0,525093","1,9","3,618406644156368","14,5","0,3",Infravalorado,Philadelphia 76ers,Philadelphia,"39,9012","-75,172"
Luis Montero,2016,POR,SG,22,"0,525093","-0,2","-0,38088490991119667","-2,7","-0,1",Sobrepagado,Portland Trail Blazers,Portland,"45,5316","-122,6668"
Christian Wood,2016,PHI,PF,20,"0,525093","0,3","0,5713273648667949","16,4","0,1",Valor de mercado,Philadelphia 76ers,Philadelphia,"39,9012","-75,172"
Aaron Harrison,2016,CHO,SG,21,"0,525093","0,0","0,0","4,3","-0,1",Sobrepagado,Charlotte Hornets,Charlotte,"35,2251","-80,8392"
Salah Mejri,2016,DAL,C,29,"0,525093","1,3","2,475751914422778","16,8","0,2",Infravalorado,Dallas Mavericks,Dallas,"32,7905","-96,8103"
Lamar Patterson,2016,ATL,SG,24,"0,525093","0,2","0,38088490991119667","5,1","-0,3",Valor de mercado,Atlanta Hawks,Atlanta,"33,7573","-84,3963"
Michael Beasley,2016,HOU,PF,27,"0,306527","1,0","3,2623553553194338","22,5","0,3",Infravalorado,Houston Rockets,Houston,"29,7508","-95,3621"
Steve Novak,2016,MIL,PF,32,"0,295327","0,1","0,33860771280648233","14,4","0,0",Valor de mercado,Milwaukee Bucks,Milwaukee,"43,045","-87,917"
Joe Johnson,2016,MIA,SF,34,"0,261894","2,7","10,309514536415497","12,0","0,1",Infravalorado,Miami Heat,Miami,"25,7814","-80,187"
JaKarr Sampson,2016,DEN,SF,22,"0,258489","0,1","0,3868636576411375","8,3","-1,0",Valor de mercado,Denver Nuggets,Denver,"39,7487","-105,0077"
Andre Miller,2016,SAS,PG,39,"0,25075","1,0","3,9880358923230315","13,4","0,0",Infravalorado,San Antonio Spurs,San Antonio,"29,427","-98,4375"
Jason Thompson,2016,TOR,C,29,"0,245177","1,6","6,525897616823764","14,2","0,1",Infravalorado,Toronto Raptors,Toronto,"43,6435","-79,3791"
Ryan Hollins,2016,MEM,C,31,"0,239605","1,0","4,173535610692598","12,3","-0,2",Infravalorado,Memphis Grizzlies,Memphis,"35,1382","-90,0505"
Ty Lawson,2016,IND,PG,28,"0,211744","0,9","4,250415596191628","9,7","-0,6",Infravalorado,Indiana Pacers,Indianapolis,"39,764","-86,1555"
Chase Budinger,2016,PHO,SF,27,"0,206192","1,4","6,7897881586094515","10,7","0,2",Infravalorado,Phoenix Suns,Phoenix,"33,4457","-112,0712"
Kevin Martin,2016,SAS,SG,32,"0,2006","1,2","5,982053838484546","11,5","-0,4",Infravalorado,San Antonio Spurs,San Antonio,"29,427","-98,4375"
Marcus Thornton,2016,WAS,SG,28,"0,2006","1,7","8,474576271186441","14,7","0,4",Infravalorado,Washington Wizards,Washington,"38,8981","-77,0209"
Bryce Dejean-Jones,2016,NOP,SG,23,"0,169883","0,2","1,1772808344566554","9,6","0,0",Infravalorado,New Orleans Pelicans,New Orleans,"29,949","-90,0821"
Sean Kilpatrick,2016,BRK,SG,26,"0,134215","1,0","7,450732034422382","15,6","0,0",Infravalorado,Brooklyn Nets,Brooklyn,"40,6828","-73,9752"
Jeff Ayres,2016,LAC,C,28,"0,111444","0,2","1,7946233085675318","8,3","-0,1",Infravalorado,LA Clippers,Los Angeles,"34,043","-118,2673"
Jordan McRae,2016,CLE,PG,24,"0,111196","0,4","3,5972516997014283","14,2","0,0",Infravalorado,Cleveland Cavaliers,Cleveland,"41,4965","-81,6882"
Alan Williams,2016,PHO,PF,23,"0,083397","0,2","2,398167799800952","21,1","0,0",Infravalorado,Phoenix Suns,Phoenix,"33,4457","-112,0712"
Phil Pressey,2016,PHO,PG,24,"0,055722","-0,1","-1,7946233085675318","10,6","-0,1",Sobrepagado,Phoenix Suns,Phoenix,"33,4457","-112,0712"
LeBron James,2017,CLE,SF,32,"30,96345","12,9","0,4166202409615207","27,0","6,7",Valor de mercado,Cleveland Cavaliers,Cleveland,"41,4965","-81,6882"
Mike Conley,2017,MEM,PG,29,"26,5401","10,0","0,3767883316189464","23,2","5,1",Valor de mercado,Memphis Grizzlies,Memphis,"35,1382","-90,0505"
DeMar DeRozan,2017,TOR,SG,27,"26,5401","9,0","0,3391094984570518","24,0","3,3",Valor de mercado,Toronto Raptors,Toronto,"43,6435","-79,3791"
Al Horford,2017,BOS,C,30,"26,5401","6,3","0,23737664891993626","17,7","3,0",Sobrepagado,Boston Celtics,Boston,"42,3662","-71,0621"
Kevin Durant,2017,GSW,PF,28,"26,5401","12,0","0,45214599794273574","27,6","5,7",Valor de mercado,Golden State Warriors,San Francisco,"37,768","-122,3877"
James Harden,2017,HOU,PG,27,"26,5401","15,0","0,5651824974284196","27,4","8,0",Valor de mercado,Houston Rockets,Houston,"29,7508","-95,3621"
Russell Westbrook,2017,OKC,PG,28,"26,5401","13,1","0,4935927144208198","30,6","9,3",Valor de mercado,Oklahoma City Thunder,Oklahoma City,"35,4634","-97,5151"
Dirk Nowitzki,2017,DAL,PF,38,"25,0","2,5","0,1","17,0","1,0",Sobrepagado,Dallas Mavericks,Dallas,"32,7905","-96,8103"
Damian Lillard,2017,POR,PG,26,"24,328425","10,4","0,42748348896404104","24,1","4,8",Valor de mercado,Portland Trail Blazers,Portland,"45,5316","-122,6668"
Dwyane Wade,2017,CHI,SG,35,"23,2","3,4","0,14655172413793102","18,5","2,1",Sobrepagado,Chicago Bulls,Chicago,"41,8807","-87,6742"
Dwight Howard,2017,ATL,C,31,"23,180275","8,3","0,3580630514521506","20,8","1,9",Valor de mercado,Atlanta Hawks,Atlanta,"33,7573","-84,3963"
Chris Paul,2017,LAC,PG,31,"22,868827","10,6","0,4635130608141817","26,2","5,2",Valor de mercado,LA Clippers,Los Angeles,"34,043","-118,2673"
Bradley Beal,2017,WAS,SG,23,"22,11675","8,5","0,38432409825132535","20,1","3,5",Valor de mercado,Washington Wizards,Washington,"38,8981","-77,0209"
Harrison Barnes,2017,DAL,PF,24,"22,11675","4,6","0,20798715905365842","16,3","0,8",Sobrepagado,Dallas Mavericks,Dallas,"32,7905","-96,8103"
Hassan Whiteside,2017,MIA,C,27,"22,11675","9,5","0,4295386980455989","22,6","2,2",Valor de mercado,Miami Heat,Miami,"25,7814","-80,187"
Anthony Davis,2017,NOP,C,23,"22,11675","11,0","0,4973605977370093","27,5","5,4",Valor de mercado,New Orleans Pelicans,New Orleans,"29,949","-90,0821"
Andre Drummond,2017,DET,C,23,"22,11675","6,7","0,30293781862163294","20,9","1,8",Valor de mercado,Detroit Pistons,Detroit,"42,341","-83,0552"
Chandler Parsons,2017,MEM,SF,28,"22,11675","0,2","0,009042919958854714","7,7","-0,3",Sobrepagado,Memphis Grizzlies,Memphis,"35,1382","-90,0505"
Derrick Rose,2017,NYK,PG,28,"21,323252","3,0","0,1406914855201261","17,0","0,5",Sobrepagado,New York Knicks,New York,"40,7505","-73,9934"
Marc Gasol,2017,MEM,C,32,"21,165675","7,7","0,36379657157166023","20,3","4,6",Valor de mercado,Memphis Grizzlies,Memphis,"35,1382","-90,0505"
DeAndre Jordan,2017,LAC,C,28,"21,165675","11,8","0,5575064343565703","21,8","3,5",Valor de mercado,LA Clippers,Los Angeles,"34,043","-118,2673"
Brook Lopez,2017,BRK,C,28,"21,165675","4,9","0,23150690918196562","20,4","2,4",Sobrepagado,Brooklyn Nets,Brooklyn,"40,6828","-73,9752"
Kevin Love,2017,CLE,PF,28,"21,165675","6,4","0,3023763711764449","21,1","1,9",Valor de mercado,Cleveland Cavaliers,Cleveland,"41,4965","-81,6882"
Nicolas Batum,2017,CHO,SG,28,"20,869566","4,6","0,22041665840104196","15,8","1,9",Sobrepagado,Charlotte Hornets,Charlotte,"35,2251","-80,8392"
LaMarcus Aldridge,2017,SAS,PF,31,"20,575005","7,2","0,3499391616186727","18,6","1,7",Valor de mercado,San Antonio Spurs,San Antonio,"29,427","-98,4375"
Blake Griffin,2017,LAC,PF,27,"20,140839","7,7","0,3823078075347308","22,6","3,5",Valor de mercado,LA Clippers,Los Angeles,"34,043","-118,2673"
Paul Millsap,2017,ATL,PF,31,"20,072033","6,4","0,3188516081056662","17,9","2,4",Valor de mercado,Atlanta Hawks,Atlanta,"33,7573","-84,3963"
Ryan Anderson,2017,HOU,PF,28,"18,735364","5,2","0,2775499851510758","13,5","0,9",Valor de mercado,Houston Rockets,Houston,"29,7508","-95,3621"
Allen Crabbe,2017,POR,SG,24,"18,5","4,2","0,22702702702702704","11,6","0,4",Sobrepagado,Portland Trail Blazers,Portland,"45,5316","-122,6668"
Paul George,2017,IND,SF,26,"18,314532","7,1","0,38767029373177536","20,2","3,4",Valor de mercado,Indiana Pacers,Indianapolis,"39,764","-86,1555"
Luol Deng,2017,LAL,SF,31,"18,0","0,9","0,05","10,1","0,0",Sobrepagado,LA Lakers,Los Angeles,"34,043","-118,2673"
Kyrie Irving,2017,CLE,PG,24,"17,638063","8,9","0,504590555096668","23,0","3,4",Valor de mercado,Cleveland Cavaliers,Cleveland,"41,4965","-81,6882"
Kawhi Leonard,2017,SAS,SF,25,"17,638063","13,6","0,7710597246420994","27,6","7,1",Infravalorado,San Antonio Spurs,San Antonio,"29,427","-98,4375"
Jimmy Butler,2017,CHI,SF,27,"17,552209","13,8","0,7862258249089901","25,1","6,6",Infravalorado,Chicago Bulls,Chicago,"41,8807","-87,6742"
Tobias Harris,2017,DET,PF,24,"17,2","6,8","0,3953488372093023","16,9","2,3",Valor de mercado,Detroit Pistons,Detroit,"42,341","-83,0552"
Greg Monroe,2017,MIL,C,26,"17,145838","5,6","0,3266098746529624","21,1","1,7",Valor de mercado,Milwaukee Bucks,Milwaukee,"43,045","-87,917"
Wesley Matthews,2017,DAL,SG,30,"17,145838","3,1","0,18080189489717563","11,9","0,8",Sobrepagado,Dallas Mavericks,Dallas,"32,7905","-96,8103"
Bismack Biyombo,2017,ORL,C,24,"17,0","2,9","0,17058823529411765","12,2","-0,6",Sobrepagado,Orlando Magic,Orlando,"28,5392","-81,3839"
Evan Fournier,2017,ORL,SG,24,"17,0","2,8","0,16470588235294117","13,9","0,4",Sobrepagado,Orlando Magic,Orlando,"28,5392","-81,3839"
Joakim Noah,2017,NYK,C,31,"17,0","2,2","0,12941176470588237","15,2","0,4",Sobrepagado,New York Knicks,New York,"40,7505","-73,9934"
John Wall,2017,WAS,PG,26,"16,9579","8,8","0,5189321791023653","23,2","4,8",Valor de mercado,Washington Wizards,Washington,"38,8981","-77,0209"
DeMarcus Cousins,2017,NOP,C,26,"16,9579","7,6","0,44816870013386095","25,8","5,5",Valor de mercado,New Orleans Pelicans,New Orleans,"29,949","-90,0821"
Klay Thompson,2017,GSW,SG,26,"16,663575","7,1","0,42607903766148614","17,4","1,9",Valor de mercado,Golden State Warriors,San Francisco,"37,768","-122,3877"
Evan Turner,2017,POR,SF,28,"16,393443","1,2","0,07319999831640003","11,4","-0,2",Sobrepagado,Portland Trail Blazers,Portland,"45,5316","-122,6668"
Gordon Hayward,2017,UTA,SF,26,"16,07314","10,4","0,6470422083052846","22,2","4,5",Valor de mercado,Utah Jazz,Salt Lake City,"40,7683","-111,9011"
Timofey Mozgov,2017,LAL,C,30,"16,0","1,1","0,06875","12,3","-0,7",Sobrepagado,LA Lakers,Los Angeles,"34,043","-118,2673"
Ian Mahinmi,2017,WAS,C,30,"15,944154","1,4","0,08780647753402282","14,1","0,1",Sobrepagado,Washington Wizards,Washington,"38,8981","-77,0209"
Kent Bazemore,2017,ATL,SF,27,"15,730338","2,1","0,13349999218071476","11,6","0,5",Sobrepagado,Atlanta Hawks,Atlanta,"33,7573","-84,3963"
Pau Gasol,2017,SAS,C,36,"15,5","6,4","0,4129032258064516","20,2","2,5",Valor de mercado,San Antonio Spurs,San Antonio,"29,427","-98,4375"
Draymond Green,2017,GSW,PF,26,"15,330435","8,2","0,5348837133453812","16,5","4,3",Valor de mercado,Golden State Warriors,San Francisco,"37,768","-122,3877"
Tristan Thompson,2017,CLE,C,25,"15,330435","7,3","0,47617696431966866","15,3","0,7",Valor de mercado,Cleveland Cavaliers,Cleveland,"41,4965","-81,6882"
Khris Middleton,2017,MIL,SF,25,"15,2","1,6","0,10526315789473685","15,0","0,4",Sobrepagado,Milwaukee Bucks,Milwaukee,"43,045","-87,917"
Danilo Gallinari,2017,DEN,SF,28,"15,05","6,8","0,4518272425249169","17,4","1,9",Valor de mercado,Denver Nuggets,Denver,"39,7487","-105,0077"
Jeff Green,2017,ORL,PF,30,"15,0","0,7","0,04666666666666666","10,5","-0,6",Sobrepagado,Orlando Magic,Orlando,"28,5392","-81,3839"
Reggie Jackson,2017,DET,PG,26,"14,956522","1,9","0,12703488150520556","14,9","0,4",Sobrepagado,Detroit Pistons,Detroit,"42,341","-83,0552"
Tony Parker,2017,SAS,PG,34,"14,445313","3,0","0,20767981974499272","13,0","-0,2",Sobrepagado,San Antonio Spurs,San Antonio,"29,427","-98,4375"
DeMarre Carroll,2017,TOR,SF,30,"14,2","3,8","0,2676056338028169","11,9","1,0",Valor de mercado,Toronto Raptors,Toronto,"43,6435","-79,3791"
Thaddeus Young,2017,IND,PF,28,"14,153652","4,6","0,32500445821332896","14,9","1,4",Valor de mercado,Indiana Pacers,Indianapolis,"39,764","-86,1555"
Eric Bledsoe,2017,PHO,PG,27,"14,0","5,3","0,37857142857142856","20,5","3,1",Valor de mercado,Phoenix Suns,Phoenix,"33,4457","-112,0712"
Rajon Rondo,2017,CHI,PG,30,"14,0","2,3","0,16428571428571428","13,6","0,7",Sobrepagado,Chicago Bulls,Chicago,"41,8807","-87,6742"
Ricky Rubio,2017,MIN,PG,26,"13,55","6,1","0,4501845018450184","16,8","1,8",Valor de mercado,Minnesota Timberwolves,Minneapolis,"44,9795","-93,276"
Rudy Gay,2017,SAC,SF,30,"13,333333","1,8","0,1350000033750001","17,9","1,0",Sobrepagado,Sacramento Kings,Sacramento,"38,5802","-121,4997"
Jamal Crawford,2017,LAC,SG,36,"13,253012","1,9","0,14336363688495868","12,0","0,0",Sobrepagado,LA Clippers,Los Angeles,"34,043","-118,2673"
Robin Lopez,2017,CHI,C,28,"13,21925","4,3","0,3252832044177998","14,4","-0,1",Valor de mercado,Chicago Bulls,Chicago,"41,8807","-87,6742"
Michael Kidd-Gilchrist,2017,CHO,SF,23,"13,0","5,8","0,4461538461538461","14,3","0,7",Valor de mercado,Charlotte Hornets,Charlotte,"35,2251","-80,8392"
Brandon Knight,2017,PHO,SG,25,"12,60625","0,3","0,023797719385225583","12,4","-0,2",Sobrepagado,Phoenix Suns,Phoenix,"33,4457","-112,0712"
John Henson,2017,MIL,C,26,"12,517606","2,7","0,21569619622154587","15,3","0,1",Sobrepagado,Milwaukee Bucks,Milwaukee,"43,045","-87,917"
Miles Plumlee,2017,CHO,C,28,"12,5","0,5","0,04","8,4","-0,4",Sobrepagado,Charlotte Hornets,Charlotte,"35,2251","-80,8392"
Jordan Clarkson,2017,LAL,SG,24,"12,5","1,2","0,096","13,2","-0,3",Sobrepagado,LA Lakers,Los Angeles,"34,043","-118,2673"
Arron Afflalo,2017,SAC,SG,31,"12,5","1,4","0,11199999999999999","8,9","-0,7",Sobrepagado,Sacramento Kings,Sacramento,"38,5802","-121,4997"
Tyson Chandler,2017,PHO,C,34,"12,415","4,1","0,3302456705598067","16,6","0,8",Valor de mercado,Phoenix Suns,Phoenix,"33,4457","-112,0712"
Eric Gordon,2017,HOU,SG,28,"12,385364","3,8","0,3068137521028853","13,2","1,1",Valor de mercado,Houston Rockets,Houston,"29,7508","-95,3621"
Serge Ibaka,2017,TOR,PF,27,"12,25","5,1","0,4163265306122449","16,4","1,2",Valor de mercado,Toronto Raptors,Toronto,"43,6435","-79,3791"
Marvin Williams,2017,CHO,PF,30,"12,25","5,0","0,40816326530612246","13,7","1,1",Valor de mercado,Charlotte Hornets,Charlotte,"35,2251","-80,8392"
Stephen Curry,2017,GSW,PG,28,"12,112359","12,6","1,040259787544276","24,6","5,9",Infravalorado,Golden State Warriors,San Francisco,"37,768","-122,3877"
Kenneth Faried,2017,DEN,PF,27,"12,078652","4,5","0,3725581298310441","20,3","0,7",Valor de mercado,Denver Nuggets,Denver,"39,7487","-105,0077"
Kyle Lowry,2017,TOR,PG,30,"12,0","10,1","0,8416666666666667","22,9","4,6",Infravalorado,Toronto Raptors,Toronto,"43,6435","-79,3791"
Amir Johnson,2017,BOS,PF,29,"12,0","5,0","0,4166666666666667","15,0","1,1",Valor de mercado,Boston Celtics,Boston,"42,3662","-71,0621"
Marcin Gortat,2017,WAS,C,32,"12,0","6,8","0,5666666666666667","15,4","0,8",Valor de mercado,Washington Wizards,Washington,"38,8981","-77,0209"
Kemba Walker,2017,CHO,PG,26,"12,0","8,1","0,6749999999999999","21,3","4,2",Valor de mercado,Charlotte Hornets,Charlotte,"35,2251","-80,8392"
Jeremy Lin,2017,BRK,PG,28,"11,483254","2,1","0,1828749934469794","19,2","0,9",Sobrepagado,Brooklyn Nets,Brooklyn,"40,6828","-73,9752"
Jrue Holiday,2017,NOP,PG,26,"11,286518","3,8","0,3366848836815748","17,1","1,8",Valor de mercado,New Orleans Pelicans,New Orleans,"29,949","-90,0821"
Courtney Lee,2017,NYK,SG,31,"11,242","4,2","0,37359900373599003","12,2","0,7",Valor de mercado,New York Knicks,New York,"40,7505","-73,9934"
Solomon Hill,2017,NOP,SF,25,"11,241218","2,7","0,24018749569664072","8,0","-0,4",Sobrepagado,New Orleans Pelicans,New Orleans,"29,949","-90,0821"
Wilson Chandler,2017,DEN,SF,29,"11,233146","3,5","0,31157789634355326","14,9","0,5",Valor de mercado,Denver Nuggets,Denver,"39,7487","-105,0077"
Andre Iguodala,2017,GSW,SF,33,"11,131368","6,9","0,6198699027828386","14,3","2,3",Valor de mercado,Golden State Warriors,San Francisco,"37,768","-122,3877"
Derrick Favors,2017,UTA,PF,25,"11,05","2,7","0,24434389140271492","15,8","0,6",Sobrepagado,Utah Jazz,Salt Lake City,"40,7683","-111,9011"
Austin Rivers,2017,LAC,SG,24,"11,0","2,5","0,22727272727272727","11,4","-0,1",Sobrepagado,LA Clippers,Los Angeles,"34,043","-118,2673"
Joe Johnson,2017,UTA,SF,35,"11,0","3,8","0,34545454545454546","12,8","1,1",Valor de mercado,Utah Jazz,Salt Lake City,"40,7683","-111,9011"
Jon Leuer,2017,DET,PF,27,"10,991957","4,5","0,40939024779663896","14,2","1,0",Valor de mercado,Detroit Pistons,Detroit,"42,341","-83,0552"
Monta Ellis,2017,IND,SG,31,"10,7635","1,1","0,1021972406745018","9,9","-0,5",Sobrepagado,Indiana Pacers,Indianapolis,"39,764","-86,1555"
Jared Dudley,2017,PHO,PF,31,"10,47","1,8","0,17191977077363896","10,6","0,3",Sobrepagado,Phoenix Suns,Phoenix,"33,4457","-112,0712"
Zach Randolph,2017,MEM,PF,35,"10,361445","3,2","0,3088372326446746","18,5","0,7",Valor de mercado,Memphis Grizzlies,Memphis,"35,1382","-90,0505"
Al Jefferson,2017,IND,C,32,"10,314532","2,3","0,2229863652563199","18,9","0,1",Sobrepagado,Indiana Pacers,Indianapolis,"39,764","-86,1555"
Tyreke Evans,2017,SAC,SF,27,"10,203755","0,7","0,06860219595629256","15,5","0,5",Sobrepagado,Sacramento Kings,Sacramento,"38,5802","-121,4997"
Alec Burks,2017,UTA,SG,25,"10,154495","0,8","0,07878284444475082","11,6","0,0",Sobrepagado,Utah Jazz,Salt Lake City,"40,7683","-111,9011"
Terrence Ross,2017,ORL,SF,25,"10,0","3,5","0,35","13,4","0,9",Valor de mercado,Orlando Magic,Orlando,"28,5392","-81,3839"
Danny Green,2017,SAS,SG,29,"10,0","3,4","0,33999999999999997","10,1","1,3",Valor de mercado,San Antonio Spurs,San Antonio,"29,427","-98,4375"
Iman Shumpert,2017,CLE,SG,26,"9,662922","2,0","0,20697673022715074","9,0","-0,1",Sobrepagado,Cleveland Cavaliers,Cleveland,"41,4965","-81,6882"
Matthew Dellavedova,2017,MIL,PG,26,"9,6075","1,2","0,1249024199843872","9,4","-1,1",Sobrepagado,Milwaukee Bucks,Milwaukee,"43,045","-87,917"
Trevor Booker,2017,BRK,PF,29,"9,25","3,1","0,33513513513513515","15,7","0,6",Valor de mercado,Brooklyn Nets,Brooklyn,"40,6828","-73,9752"
Meyers Leonard,2017,POR,PF,24,"9,213483","1,4","0,1519512219211779","8,9","-0,4",Sobrepagado,Portland Trail Blazers,Portland,"45,5316","-122,6668"
Gerald Henderson,2017,PHI,SG,29,"9,0","2,0","0,2222222222222222","10,8","-0,5",Sobrepagado,Philadelphia 76ers,Philadelphia,"39,9012","-75,172"
Maurice Harkless,2017,POR,SF,23,"8,988765","4,2","0,46724995035469274","13,1","0,8",Valor de mercado,Portland Trail Blazers,Portland,"45,5316","-122,6668"
Taj Gibson,2017,OKC,PF,31,"8,95","4,0","0,446927374301676","15,0","0,2",Valor de mercado,Oklahoma City Thunder,Oklahoma City,"35,4634","-97,5151"
Jeff Teague,2017,IND,PG,28,"8,8","8,1","0,9204545454545453","19,2","2,8",Infravalorado,Indiana Pacers,Indianapolis,"39,764","-86,1555"
Dwight Powell,2017,DAL,C,25,"8,375","4,6","0,5492537313432836","17,6","1,0",Valor de mercado,Dallas Mavericks,Dallas,"32,7905","-96,8103"
Avery Bradley,2017,BOS,SG,26,"8,269663","3,1","0,3748641268694988","14,4","0,7",Valor de mercado,Boston Celtics,Boston,"42,3662","-71,0621"
E'Twaun Moore,2017,NOP,SG,27,"8,081363","2,7","0,3341020567941324","12,1","0,2",Valor de mercado,New Orleans Pelicans,New Orleans,"29,949","-90,0821"
Darrell Arthur,2017,DEN,PF,28,"8,070175","1,1","0,13630435523393236","12,8","0,3",Sobrepagado,Denver Nuggets,Denver,"39,7487","-105,0077"
Kosta Koufos,2017,SAC,C,27,"8,0465","2,6","0,3231218542223327","13,8","-0,2",Valor de mercado,Sacramento Kings,Sacramento,"38,5802","-121,4997"
Anthony Tolliver,2017,SAC,PF,31,"8,0","2,3","0,2875","11,1","0,4",Valor de mercado,Sacramento Kings,Sacramento,"38,5802","-121,4997"
Garrett Temple,2017,SAC,SG,30,"8,0","2,2","0,275","11,2","0,5",Valor de mercado,Sacramento Kings,Sacramento,"38,5802","-121,4997"
George Hill,2017,UTA,PG,30,"8,0","5,9","0,7375","19,3","2,3",Infravalorado,Utah Jazz,Salt Lake City,"40,7683","-111,9011"
Tyler Zeller,2017,BOS,C,27,"8,0","1,0","0,125","13,0","0,0",Sobrepagado,Boston Celtics,Boston,"42,3662","-71,0621"
Channing Frye,2017,CLE,C,33,"7,806971","3,7","0,47393540977672394","15,6","1,1",Valor de mercado,Cleveland Cavaliers,Cleveland,"41,4965","-81,6882"
Al-Farouq Aminu,2017,POR,PF,26,"7,680965","1,9","0,24736475169461128","11,3","0,4",Valor de mercado,Portland Trail Blazers,Portland,"45,5316","-122,6668"
Cole Aldrich,2017,MIN,C,28,"7,643979","1,3","0,1700684944320229","12,7","0,2",Sobrepagado,Minnesota Timberwolves,Minneapolis,"44,9795","-93,276"
Corey Brewer,2017,LAL,SF,30,"7,612172","1,2","0,15764226031676634","9,1","-0,2",Sobrepagado,LA Lakers,Los Angeles,"34,043","-118,2673"
Markieff Morris,2017,WAS,PF,27,"7,4","4,1","0,554054054054054","13,7","0,3",Valor de mercado,Washington Wizards,Washington,"38,8981","-77,0209"
Cory Joseph,2017,TOR,PG,25,"7,315","3,4","0,4647983595352016","13,2","0,4",Valor de mercado,Toronto Raptors,Toronto,"43,6435","-79,3791"
Boris Diaw,2017,UTA,PF,34,"7,0","1,1","0,15714285714285717","9,0","-0,1",Sobrepagado,Utah Jazz,Salt Lake City,"40,7683","-111,9011"
Lou Williams,2017,HOU,SG,30,"7,0","6,1","0,8714285714285713","21,4","3,0",Infravalorado,Houston Rockets,Houston,"29,7508","-95,3621"
Rodney Stuckey,2017,IND,PG,30,"7,0","-0,1","-0,014285714285714287","9,5","-0,4",Sobrepagado,Indiana Pacers,Indianapolis,"39,764","-86,1555"
Ed Davis,2017,POR,PF,27,"6,666667","1,7","0,2549999872500006","11,5","-0,4",Valor de mercado,Portland Trail Blazers,Portland,"45,5316","-122,6668"
Isaiah Thomas,2017,BOS,PG,27,"6,587132","12,5","1,8976392153671733","26,5","5,6",Infravalorado,Boston Celtics,Boston,"42,3662","-71,0621"
Victor Oladipo,2017,OKC,SG,24,"6,552961","4,0","0,6104110798156742","13,6","0,8",Valor de mercado,Oklahoma City Thunder,Oklahoma City,"35,4634","-97,5151"
Jodie Meeks,2017,ORL,SG,29,"6,54","1,1","0,16819571865443425","13,1","0,1",Sobrepagado,Orlando Magic,Orlando,"28,5392","-81,3839"
Jeremy Lamb,2017,CHO,SG,24,"6,511628","2,7","0,4146428512193879","17,0","0,7",Valor de mercado,Charlotte Hornets,Charlotte,"35,2251","-80,8392"
Aron Baynes,2017,DET,C,30,"6,5","3,0","0,46153846153846156","13,1","-0,2",Valor de mercado,Detroit Pistons,Detroit,"42,341","-83,0552"
Spencer Hawes,2017,MIL,PF,28,"6,348759","1,7","0,26776886632489905","15,6","0,5",Valor de mercado,Milwaukee Bucks,Milwaukee,"43,045","-87,917"
Marco Belinelli,2017,CHO,SG,30,"6,333333","3,2","0,505263184487536","13,3","0,4",Valor de mercado,Charlotte Hornets,Charlotte,"35,2251","-80,8392"
Jae Crowder,2017,BOS,SF,26,"6,286408","6,7","1,0657914662872663","14,9","1,7",Infravalorado,Boston Celtics,Boston,"42,3662","-71,0621"
Lance Thomas,2017,NYK,PF,28,"6,191","0,9","0,14537231465029882","8,4","-0,4",Sobrepagado,New York Knicks,New York,"40,7505","-73,9934"
Tarik Black,2017,LAL,C,25,"6,191","2,4","0,38765950573413016","15,0","-0,3",Valor de mercado,LA Lakers,Los Angeles,"34,043","-118,2673"
Andrew Nicholson,2017,BRK,PF,27,"6,088993","-0,1","-0,016423076853594676","5,9","-0,3",Sobrepagado,Brooklyn Nets,Brooklyn,"40,6828","-73,9752"
Patrick Patterson,2017,TOR,PF,27,"6,05","3,3","0,5454545454545454","10,8","0,8",Valor de mercado,Toronto Raptors,Toronto,"43,6435","-79,3791"
Andrew Wiggins,2017,MIN,SF,21,"6,0066","4,2","0,6992308460693238","16,5","0,2",Valor de mercado,Minnesota Timberwolves,Minneapolis,"44,9795","-93,276"
Ish Smith,2017,DET,PG,28,"6,0","3,1","0,5166666666666667","14,7","1,1",Valor de mercado,Detroit Pistons,Detroit,"42,341","-83,0552"
Ramon Sessions,2017,CHO,PG,30,"6,0","0,9","0,15","12,4","-0,1",Sobrepagado,Charlotte Hornets,Charlotte,"35,2251","-80,8392"
Wayne Ellington,2017,MIA,SG,29,"6,0","3,3","0,5499999999999999","12,6","0,7",Valor de mercado,Miami Heat,Miami,"25,7814","-80,187"
Patrick Beverley,2017,HOU,SG,28,"6,0","5,3","0,8833333333333333","13,0","1,6",Infravalorado,Houston Rockets,Houston,"29,7508","-95,3621"
Karl-Anthony Towns,2017,MIN,C,21,"5,96016","12,7","2,1308152801267077","25,9","5,2",Infravalorado,Minnesota Timberwolves,Minneapolis,"44,9795","-93,276"
Otto Porter Jr.,2017,WAS,SF,23,"5,893981","9,4","1,5948473535968304","17,3","3,5",Infravalorado,Washington Wizards,Washington,"38,8981","-77,0209"
Shaun Livingston,2017,GSW,PG,31,"5,78245","2,6","0,4496363997959343","10,1","-0,2",Valor de mercado,Golden State Warriors,San Francisco,"37,768","-122,3877"
Josh McRoberts,2017,MIA,PF,29,"5,78245","0,3","0,051881123053377026","9,8","0,0",Sobrepagado,Miami Heat,Miami,"25,7814","-80,187"
Brandan Wright,2017,MEM,PF,29,"5,70988","1,6","0,28021604657190696","18,6","0,4",Valor de mercado,Memphis Grizzlies,Memphis,"35,1382","-90,0505"
Wesley Johnson,2017,LAC,SF,29,"5,628","0,9","0,15991471215351813","8,4","0,0",Sobrepagado,LA Clippers,Los Angeles,"34,043","-118,2673"
Jared Sullinger,2017,TOR,PF,24,"5,628","-0,1","-0,017768301350390904","6,0","-0,2",Sobrepagado,Toronto Raptors,Toronto,"43,6435","-79,3791"
Tyler Johnson,2017,MIA,PG,24,"5,628","5,8","1,0305614783226722","15,9","1,8",Infravalorado,Miami Heat,Miami,"25,7814","-80,187"
Tony Allen,2017,MEM,SG,35,"5,505618","3,1","0,5630612221915868","13,3","0,5",Valor de mercado,Memphis Grizzlies,Memphis,"35,1382","-90,0505"
Luis Scola,2017,BRK,PF,36,"5,5","0,8","0,14545454545454548","13,9","-0,1",Sobrepagado,Brooklyn Nets,Brooklyn,"40,6828","-73,9752"
Nick Young,2017,LAL,SG,31,"5,443918","3,2","0,5878119398565519","14,1","0,7",Valor de mercado,LA Lakers,Los Angeles,"34,043","-118,2673"
Jabari Parker,2017,MIL,PF,21,"5,37432","4,0","0,7442802066121853","19,1","1,2",Infravalorado,Milwaukee Bucks,Milwaukee,"43,045","-87,917"
D'Angelo Russell,2017,LAL,PG,20,"5,3328","1,3","0,2437743774377438","15,3","0,6",Sobrepagado,LA Lakers,Los Angeles,"34,043","-118,2673"
Cody Zeller,2017,CHO,C,24,"5,318313","5,6","1,0529654798429502","16,7","1,0",Infravalorado,Charlotte Hornets,Charlotte,"35,2251","-80,8392"
P.J. Tucker,2017,TOR,SF,31,"5,3","3,6","0,679245283018868","10,5","1,0",Valor de mercado,Toronto Raptors,Toronto,"43,6435","-79,3791"
Brandon Ingram,2017,LAL,SF,19,"5,28168","-0,3","-0,056800109056209386","8,5","-1,4",Sobrepagado,LA Lakers,Los Angeles,"34,043","-118,2673"
Kyle Korver,2017,CLE,SG,35,"5,239437","3,7","0,7061827444437256","12,1","0,9",Valor de mercado,Cleveland Cavaliers,Cleveland,"41,4965","-81,6882"
Darren Collison,2017,SAC,PG,29,"5,229454","3,9","0,7457757540270935","15,3","0,6",Infravalorado,Sacramento Kings,Sacramento,"38,5802","-121,4997"
Langston Galloway,2017,SAC,PG,25,"5,2","1,3","0,25","10,4","-0,1",Valor de mercado,Sacramento Kings,Sacramento,"38,5802","-121,4997"
C.J. Watson,2017,ORL,PG,32,"5,0","0,9","0,18","9,3","-0,4",Sobrepagado,Orlando Magic,Orlando,"28,5392","-81,3839"
Brandon Jennings,2017,WAS,PG,27,"5,0","1,7","0,33999999999999997","12,1","-0,2",Valor de mercado,Washington Wizards,Washington,"38,8981","-77,0209"
Jonas Jerebko,2017,BOS,PF,29,"5,0","2,1","0,42000000000000004","9,3","-0,1",Valor de mercado,Boston Celtics,Boston,"42,3662","-71,0621"
Roy Hibbert,2017,DEN,C,30,"5,0","1,8","0,36","13,5","0,0",Valor de mercado,Denver Nuggets,Denver,"39,7487","-105,0077"
Jason Smith,2017,WAS,C,30,"5,0","2,3","0,45999999999999996","13,6","0,1",Valor de mercado,Washington Wizards,Washington,"38,8981","-77,0209"
Kyle Singler,2017,OKC,SF,28,"4,8375","0,3","0,062015503875968984","5,9","-0,2",Sobrepagado,Oklahoma City Thunder,Oklahoma City,"35,4634","-97,5151"
Mike Dunleavy,2017,ATL,SF,36,"4,8375","1,5","0,31007751937984496","10,1","0,1",Valor de mercado,Atlanta Hawks,Atlanta,"33,7573","-84,3963"
Joel Embiid,2017,PHI,C,22,"4,82616","1,9","0,39368773517662076","24,1","1,3",Valor de mercado,Philadelphia 76ers,Philadelphia,"39,9012","-75,172"
Alex Len,2017,PHO,C,23,"4,823621","3,0","0,6219394102480273","15,0","-0,1",Valor de mercado,Phoenix Suns,Phoenix,"33,4457","-112,0712"
Jahlil Okafor,2017,PHI,C,21,"4,78884","1,2","0,2505826045555917","14,8","-0,1",Valor de mercado,Philadelphia 76ers,Philadelphia,"39,9012","-75,172"
Jaylen Brown,2017,BOS,SF,20,"4,743","1,5","0,31625553447185323","10,3","-0,6",Valor de mercado,Boston Celtics,Boston,"42,3662","-71,0621"
C.J. Miles,2017,IND,SF,29,"4,58345","4,0","0,8727050584166949","13,8","1,1",Infravalorado,Indiana Pacers,Indianapolis,"39,764","-86,1555"
Jameer Nelson,2017,DEN,PG,34,"4,540525","2,8","0,6166687772889698","11,5","0,0",Valor de mercado,Denver Nuggets,Denver,"39,7487","-105,0077"
Nerlens Noel,2017,DAL,C,22,"4,38449","4,0","0,9123067905275185","20,4","1,2",Infravalorado,Dallas Mavericks,Dallas,"32,7905","-96,8103"
Aaron Gordon,2017,ORL,SF,21,"4,35132","3,7","0,850316685511523","14,5","0,6",Infravalorado,Orlando Magic,Orlando,"28,5392","-81,3839"
Dragan Bender,2017,PHO,PF,19,"4,27632","-0,3","-0,07015377707935795","5,3","-0,4",Sobrepagado,Phoenix Suns,Phoenix,"33,4457","-112,0712"
Vince Carter,2017,MEM,SF,40,"4,264057","4,0","0,9380737640233233","11,7","1,3",Infravalorado,Memphis Grizzlies,Memphis,"35,1382","-90,0505"
Devin Harris,2017,DAL,PG,33,"4,227996","2,2","0,5203410788468107","13,8","0,4",Valor de mercado,Dallas Mavericks,Dallas,"32,7905","-96,8103"
J.J. Barea,2017,DAL,PG,32,"4,09695","1,3","0,3173092178327781","17,2","0,7",Valor de mercado,Dallas Mavericks,Dallas,"32,7905","-96,8103"
Ben McLemore,2017,SAC,SG,23,"4,008882","0,4","0,0997784419696065","9,8","-0,6",Sobrepagado,Sacramento Kings,Sacramento,"38,5802","-121,4997"
Lavoy Allen,2017,IND,PF,27,"4,0","1,7","0,425","11,6","0,1",Valor de mercado,Indiana Pacers,Indianapolis,"39,764","-86,1555"
Kris Humphries,2017,ATL,PF,31,"4,0","1,6","0,4","13,6","0,0",Valor de mercado,Atlanta Hawks,Atlanta,"33,7573","-84,3963"
James Johnson,2017,MIA,PF,29,"4,0","5,1","1,275","17,0","2,5",Infravalorado,Miami Heat,Miami,"25,7814","-80,187"
Udonis Haslem,2017,MIA,C,36,"4,0","0,2","0,05","8,8","-0,1",Sobrepagado,Miami Heat,Miami,"25,7814","-80,187"
Lance Stephenson,2017,IND,SG,26,"4,0","0,1","0,025","9,6","-0,2",Sobrepagado,Indiana Pacers,Indianapolis,"39,764","-86,1555"
Dante Exum,2017,UTA,PG,21,"3,94032","1,2","0,30454379339749055","8,5","-0,4",Valor de mercado,Utah Jazz,Salt Lake City,"40,7683","-111,9011"
Kyle O'Quinn,2017,NYK,C,26,"3,91875","3,9","0,9952153110047847","20,5","1,2",Infravalorado,New York Knicks,New York,"40,7505","-73,9934"
Mario Hezonja,2017,ORL,SF,21,"3,90984","-0,7","-0,17903545925152947","7,2","-0,7",Sobrepagado,Orlando Magic,Orlando,"28,5392","-81,3839"
Kris Dunn,2017,MIN,PG,22,"3,87252","0,1","0,025822978319027405","8,1","-0,3",Sobrepagado,Minnesota Timberwolves,Minneapolis,"44,9795","-93,276"
Thabo Sefolosha,2017,ATL,SF,32,"3,85","3,3","0,8571428571428571","11,9","1,0",Infravalorado,Atlanta Hawks,Atlanta,"33,7573","-84,3963"
Nemanja Bjelica,2017,MIN,PF,28,"3,8","1,5","0,39473684210526316","11,0","0,1",Valor de mercado,Minnesota Timberwolves,Minneapolis,"44,9795","-93,276"
Nick Collison,2017,OKC,PF,36,"3,75","0,4","0,10666666666666667","12,9","0,1",Sobrepagado,Oklahoma City Thunder,Oklahoma City,"35,4634","-97,5151"
Kentavious Caldwell-Pope,2017,DET,SG,23,"3,678319","4,5","1,223384921209933","12,8","1,1",Infravalorado,Detroit Pistons,Detroit,"42,341","-83,0552"
Patty Mills,2017,SAS,PG,28,"3,578948","5,1","1,424999748529456","15,2","1,6",Infravalorado,San Antonio Spurs,San Antonio,"29,427","-98,4375"
Marcus Smart,2017,BOS,SG,22,"3,57888","3,2","0,8941344778254651","12,0","0,4",Infravalorado,Boston Celtics,Boston,"42,3662","-71,0621"
Willie Cauley-Stein,2017,SAC,C,23,"3,55116","2,9","0,8166345644803388","16,3","0,3",Infravalorado,Sacramento Kings,Sacramento,"38,5802","-121,4997"
Will Barton,2017,DEN,SG,26,"3,533333","3,3","0,9339623522605993","15,5","1,0",Infravalorado,Denver Nuggets,Denver,"39,7487","-105,0077"
Paul Pierce,2017,LAC,SF,39,"3,52792","0,1","0,02834531395269734","5,7","-0,2",Sobrepagado,LA Clippers,Los Angeles,"34,043","-118,2673"
Buddy Hield,2017,SAC,SG,24,"3,5172","1,3","0,3696121915159786","11,8","0,0",Valor de mercado,Sacramento Kings,Sacramento,"38,5802","-121,4997"
Brandon Rush,2017,MIN,SG,31,"3,5","0,4","0,1142857142857143","6,6","-0,1",Sobrepagado,Minnesota Timberwolves,Minneapolis,"44,9795","-93,276"
Mike Miller,2017,DEN,SF,36,"3,5","0,1","0,028571428571428574","7,6","0,0",Sobrepagado,Denver Nuggets,Denver,"39,7487","-105,0077"
Anthony Morrow,2017,CHI,SG,31,"3,488","1,2","0,3440366972477064","10,1","0,0",Valor de mercado,Chicago Bulls,Chicago,"41,8807","-87,6742"
Trey Burke,2017,WAS,PG,24,"3,386598","0,5","0,1476407887797725","10,8","-0,2",Sobrepagado,Washington Wizards,Washington,"38,8981","-77,0209"
Mike Scott,2017,ATL,PF,28,"3,333334","-0,1","-0,029999994000001202","5,9","-0,2",Sobrepagado,Atlanta Hawks,Atlanta,"33,7573","-84,3963"
Troy Daniels,2017,MEM,SG,25,"3,33294","1,3","0,3900460254310009","10,4","0,0",Valor de mercado,Memphis Grizzlies,Memphis,"35,1382","-90,0505"
Julius Randle,2017,LAL,PF,22,"3,26712","3,5","1,0712799040133207","16,3","0,6",Infravalorado,LA Lakers,Los Angeles,"34,043","-118,2673"
Emmanuel Mudiay,2017,DEN,PG,20,"3,2418","0,2","0,06169412055031156","10,9","-0,4",Sobrepagado,Denver Nuggets,Denver,"39,7487","-105,0077"
CJ McCollum,2017,POR,SG,25,"3,219579","7,6","2,36055707904667","19,9","2,8",Infravalorado,Portland Trail Blazers,Portland,"45,5316","-122,6668"
Jamal Murray,2017,DEN,SG,19,"3,21084","1,3","0,40487847416875333","11,9","0,0",Valor de mercado,Denver Nuggets,Denver,"39,7487","-105,0077"
Michael Carter-Williams,2017,CHI,PG,25,"3,183526","0,2","0,06282342283367562","9,9","-0,3",Sobrepagado,Chicago Bulls,Chicago,"41,8807","-87,6742"
Steven Adams,2017,OKC,C,23,"3,140517","6,5","2,0697229150487004","16,5","1,1",Infravalorado,Oklahoma City Thunder,Oklahoma City,"35,4634","-97,5151"
Kelly Olynyk,2017,BOS,C,25,"3,094014","4,1","1,325139446686408","15,3","0,9",Infravalorado,Boston Celtics,Boston,"42,3662","-71,0621"
Shabazz Muhammad,2017,MIN,SF,24,"3,046299","2,7","0,8863214018059292","14,9","-0,1",Infravalorado,Minnesota Timberwolves,Minneapolis,"44,9795","-93,276"
Justin Hamilton,2017,BRK,C,26,"3,0","2,1","0,7000000000000001","13,6","0,4",Valor de mercado,Brooklyn Nets,Brooklyn,"40,6828","-73,9752"
Giannis Antetokounmpo,2017,MIL,SF,22,"2,995421","12,4","4,139651821897489","26,1","6,7",Infravalorado,Milwaukee Bucks,Milwaukee,"43,045","-87,917"
Nik Stauskas,2017,PHI,SG,23,"2,99304","1,4","0,4677518509608959","9,0","-0,5",Valor de mercado,Philadelphia 76ers,Philadelphia,"39,9012","-75,172"
Dante Cunningham,2017,NOP,PF,29,"2,97825","3,0","1,007302946361118","10,2","0,2",Infravalorado,New Orleans Pelicans,New Orleans,"29,949","-90,0821"
Stanley Johnson,2017,DET,SF,20,"2,96988","0,4","0,1346855765216103","7,2","-0,3",Sobrepagado,Detroit Pistons,Detroit,"42,341","-83,0552"
Marquese Chriss,2017,PHO,PF,19,"2,94144","1,8","0,6119451697127938","12,3","-0,1",Valor de mercado,Phoenix Suns,Phoenix,"33,4457","-112,0712"
James Ennis III,2017,MEM,SF,26,"2,898","3,1","1,069703243616287","10,6","0,3",Infravalorado,Memphis Grizzlies,Memphis,"35,1382","-90,0505"
Mindaugas Kuzminskas,2017,NYK,SF,27,"2,898","1,2","0,41407867494824013","12,4","0,0",Valor de mercado,New York Knicks,New York,"40,7505","-73,9934"
Dion Waiters,2017,MIA,SG,25,"2,898","1,6","0,5521048999309869","14,5","0,7",Valor de mercado,Miami Heat,Miami,"25,7814","-80,187"
Zaza Pachulia,2017,GSW,C,32,"2,898","4,7","1,621808143547274","16,1","0,8",Infravalorado,Golden State Warriors,San Francisco,"37,768","-122,3877"
Seth Curry,2017,DAL,PG,26,"2,898","4,6","1,5873015873015872","15,5","1,7",Infravalorado,Dallas Mavericks,Dallas,"32,7905","-96,8103"
Dewayne Dedmon,2017,SAS,C,27,"2,898","5,2","1,7943409247757074","16,0","0,9",Infravalorado,San Antonio Spurs,San Antonio,"29,427","-98,4375"
Noah Vonleh,2017,POR,PF,21,"2,75136","1,8","0,6542219120725751","10,8","-0,6",Valor de mercado,Portland Trail Blazers,Portland,"45,5316","-122,6668"
Frank Kaminsky,2017,CHO,C,23,"2,73","2,3","0,8424908424908424","13,0","0,4",Infravalorado,Charlotte Hornets,Charlotte,"35,2251","-80,8392"
Jakob Poeltl,2017,TOR,C,21,"2,70396","1,6","0,5917247296557642","12,2","-0,2",Valor de mercado,Toronto Raptors,Toronto,"43,6435","-79,3791"
Aaron Brooks,2017,IND,PG,32,"2,7","0,3","0,1111111111111111","9,5","-0,4",Sobrepagado,Indiana Pacers,Indianapolis,"39,764","-86,1555"
Elfrid Payton,2017,ORL,PG,22,"2,6136","4,4","1,6835016835016836","17,2","1,7",Infravalorado,Orlando Magic,Orlando,"28,5392","-81,3839"
Justise Winslow,2017,MIA,SF,20,"2,59344","-0,1","-0,038558825343944725","8,2","-0,3",Sobrepagado,Miami Heat,Miami,"25,7814","-80,187"
Thon Maker,2017,MIL,C,19,"2,5686","1,3","0,5061122790625243","14,0","0,0",Valor de mercado,Milwaukee Bucks,Milwaukee,"43,045","-87,917"
Randy Foye,2017,BRK,SG,33,"2,5","0,2","0,08","7,3","-0,8",Sobrepagado,Brooklyn Nets,Brooklyn,"40,6828","-73,9752"
Richard Jefferson,2017,CLE,SF,36,"2,5","2,1","0,8400000000000001","8,3","-0,4",Infravalorado,Cleveland Cavaliers,Cleveland,"41,4965","-81,6882"
Malcolm Delaney,2017,ATL,PG,27,"2,5","0,1","0,04","7,5","-1,1",Sobrepagado,Atlanta Hawks,Atlanta,"33,7573","-84,3963"
Doug McDermott,2017,OKC,SF,25,"2,48304","2,6","1,0471035504865005","10,7","-0,1",Infravalorado,Oklahoma City Thunder,Oklahoma City,"35,4634","-97,5151"
Myles Turner,2017,IND,C,20,"2,46384","8,0","3,2469640885771804","18,5","2,0",Infravalorado,Indiana Pacers,Indianapolis,"39,764","-86,1555"
Domantas Sabonis,2017,OKC,PF,20,"2,4402","0,8","0,3278419801655602","6,9","-1,0",Valor de mercado,Oklahoma City Thunder,Oklahoma City,"35,4634","-97,5151"
Shelvin Mack,2017,UTA,PG,26,"2,433334","1,4","0,575342308125395","10,9","-0,1",Valor de mercado,Utah Jazz,Salt Lake City,"40,7683","-111,9011"
Tony Snell,2017,MIL,SG,25,"2,368327","3,4","1,4356125653256497","9,7","0,2",Infravalorado,Milwaukee Bucks,Milwaukee,"43,045","-87,917"
Gorgui Dieng,2017,MIN,PF,27,"2,348783","5,7","2,42678868162789","14,2","1,3",Infravalorado,Minnesota Timberwolves,Minneapolis,"44,9795","-93,276"
Trey Lyles,2017,UTA,PF,21,"2,3406","0,8","0,34179270272579687","9,9","-0,1",Valor de mercado,Utah Jazz,Salt Lake City,"40,7683","-111,9011"
Mason Plumlee,2017,DEN,C,26,"2,32853","6,0","2,5767329602796614","18,1","2,2",Infravalorado,Denver Nuggets,Denver,"39,7487","-105,0077"
Taurean Prince,2017,ATL,SF,22,"2,31828","1,1","0,47448970788688166","9,8","0,0",Valor de mercado,Atlanta Hawks,Atlanta,"33,7573","-84,3963"
Tim Hardaway Jr.,2017,ATL,SG,24,"2,281605","4,8","2,1037822059471294","15,2","1,4",Infravalorado,Atlanta Hawks,Atlanta,"33,7573","-84,3963"
Reggie Bullock,2017,DET,SF,25,"2,255644","1,0","0,44333236982431623","11,7","0,3",Valor de mercado,Detroit Pistons,Detroit,"42,341","-83,0552"
Zach LaVine,2017,MIN,SG,21,"2,24088","3,0","1,3387597729463423","14,6","0,9",Infravalorado,Minnesota Timberwolves,Minneapolis,"44,9795","-93,276"
Devin Booker,2017,PHO,SG,20,"2,2236","2,0","0,8994423457456378","14,6","0,1",Infravalorado,Phoenix Suns,Phoenix,"33,4457","-112,0712"
Luc Mbah a Moute,2017,LAC,SF,30,"2,203","3,1","1,4071720381298232","10,2","0,8",Infravalorado,LA Clippers,Los Angeles,"34,043","-118,2673"
Georgios Papagiannis,2017,SAC,C,19,"2,20224","0,4","0,18163324614937518","12,7","-0,2",Sobrepagado,Sacramento Kings,Sacramento,"38,5802","-121,4997"
Andre Roberson,2017,OKC,SF,25,"2,183072","4,2","1,9238944020169741","9,6","0,6",Infravalorado,Oklahoma City Thunder,Oklahoma City,"35,4634","-97,5151"
Joe Ingles,2017,UTA,SF,29,"2,15","5,0","2,3255813953488373","12,4","1,8",Infravalorado,Utah Jazz,Salt Lake City,"40,7683","-111,9011"
T.J. Warren,2017,PHO,SF,23,"2,12892","4,1","1,925859121056686","15,6","0,7",Infravalorado,Phoenix Suns,Phoenix,"33,4457","-112,0712"
Rudy Gobert,2017,UTA,C,24,"2,121288","14,3","6,741187429523951","23,3","4,4",Infravalorado,Utah Jazz,Salt Lake City,"40,7683","-111,9011"
Cameron Payne,2017,CHI,PG,22,"2,11248","-0,3","-0,14201317882299477","5,5","-0,5",Sobrepagado,Chicago Bulls,Chicago,"41,8807","-87,6742"
Denzel Valentine,2017,CHI,SG,23,"2,0922","0,6","0,2867794665901921","7,3","-0,3",Valor de mercado,Chicago Bulls,Chicago,"41,8807","-87,6742"
Tim Frazier,2017,NOP,PG,26,"2,09","2,4","1,1483253588516746","12,4","-0,3",Infravalorado,New Orleans Pelicans,New Orleans,"29,949","-90,0821"
Adreian Payne,2017,MIN,PF,25,"2,02224","0,2","0,09890022944853233","14,4","0,0",Sobrepagado,Minnesota Timberwolves,Minneapolis,"44,9795","-93,276"
Kelly Oubre Jr.,2017,WAS,SF,21,"2,00664","2,0","0,9966909859267233","9,1","-0,5",Infravalorado,Washington Wizards,Washington,"38,8981","-77,0209"
Lucas Nogueira,2017,TOR,C,24,"1,92132","3,7","1,9257593737638707","15,5","1,1",Infravalorado,Toronto Raptors,Toronto,"43,6435","-79,3791"
Terry Rozier,2017,BOS,PG,22,"1,90644","1,4","0,734353034976186","10,9","0,2",Valor de mercado,Boston Celtics,Boston,"42,3662","-71,0621"
James Young,2017,BOS,SG,21,"1,8252","0,3","0,16436554898093358","10,0","0,0",Sobrepagado,Boston Celtics,Boston,"42,3662","-71,0621"
Rashad Vaughn,2017,MIL,SG,20,"1,81104","0,0","0,0","7,8","-0,2",Sobrepagado,Milwaukee Bucks,Milwaukee,"43,045","-87,917"
Quincy Acy,2017,BRK,PF,26,"1,790092","0,9","0,5027674555274254","11,8","0,0",Valor de mercado,Brooklyn Nets,Brooklyn,"40,6828","-73,9752"
Tyler Ennis,2017,LAL,PG,22,"1,73388","0,4","0,23069647265093318","10,9","-0,2",Sobrepagado,LA Lakers,Los Angeles,"34,043","-118,2673"
Sam Dekker,2017,HOU,PF,22,"1,72056","3,1","1,8017389687078624","13,1","0,6",Infravalorado,Houston Rockets,Houston,"29,7508","-95,3621"
Joffrey Lauvergne,2017,CHI,PF,25,"1,709719","1,5","0,877337153064334","12,6","-0,1",Infravalorado,Chicago Bulls,Chicago,"41,8807","-87,6742"
Henry Ellenson,2017,DET,PF,20,"1,70412","-0,2","-0,11736262704504377","7,5","-0,1",Sobrepagado,Detroit Pistons,Detroit,"42,341","-83,0552"
Gary Harris,2017,DEN,SG,22,"1,65588","4,6","2,7779790806097058","16,5","1,2",Infravalorado,Denver Nuggets,Denver,"39,7487","-105,0077"
Jerian Grant,2017,CHI,PG,24,"1,64304","2,5","1,5215697731035154","13,2","0,6",Infravalorado,Chicago Bulls,Chicago,"41,8807","-87,6742"
Malik Beasley,2017,DEN,SG,20,"1,62732","0,2","0,12290145761128726","13,7","0,1",Sobrepagado,Denver Nuggets,Denver,"39,7487","-105,0077"
Delon Wright,2017,TOR,PG,24,"1,57728","1,1","0,6974031243659972","15,0","0,5",Valor de mercado,Toronto Raptors,Toronto,"43,6435","-79,3791"
Caris LeVert,2017,BRK,SF,22,"1,56228","1,8","1,1521622244412015","12,3","0,3",Infravalorado,Brooklyn Nets,Brooklyn,"40,6828","-73,9752"
David Lee,2017,SAS,PF,33,"1,551659","5,7","3,6734875381768806","18,5","1,4",Infravalorado,San Antonio Spurs,San Antonio,"29,427","-98,4375"
Justin Anderson,2017,PHI,SF,23,"1,51416","1,9","1,2548211549638082","13,9","0,2",Infravalorado,Philadelphia 76ers,Philadelphia,"39,9012","-75,172"
DeAndre' Bembry,2017,ATL,SF,22,"1,49976","0,3","0,20003200512081934","8,8","-0,1",Sobrepagado,Atlanta Hawks,Atlanta,"33,7573","-84,3963"
Bobby Portis,2017,CHI,PF,21,"1,45368","2,4","1,6509823344890209","14,9","0,1",Infravalorado,Chicago Bulls,Chicago,"41,8807","-87,6742"
Malachi Richardson,2017,SAC,SG,21,"1,4398","0,1","0,06945409084595083","9,6","-0,1",Sobrepagado,Sacramento Kings,Sacramento,"38,5802","-121,4997"
Rodney Hood,2017,UTA,SG,24,"1,40652","2,6","1,8485339703665786","12,4","0,4",Infravalorado,Utah Jazz,Salt Lake City,"40,7683","-111,9011"
Marreese Speights,2017,LAC,C,29,"1,403611","4,2","2,9922820496562084","17,5","0,9",Infravalorado,LA Clippers,Los Angeles,"34,043","-118,2673"
Michael Beasley,2017,MIL,PF,28,"1,403611","1,8","1,2824065927098036","17,8","0,3",Infravalorado,Milwaukee Bucks,Milwaukee,"43,045","-87,917"
JaVale McGee,2017,GSW,C,29,"1,403611","3,5","2,493568374713507","25,2","0,6",Infravalorado,Golden State Warriors,San Francisco,"37,768","-122,3877"
Rondae Hollis-Jefferson,2017,BRK,SF,22,"1,3956","2,6","1,8629979936944685","13,7","0,3",Infravalorado,Brooklyn Nets,Brooklyn,"40,6828","-73,9752"
Deyonta Davis,2017,MEM,C,20,"1,369299","0,5","0,3651503433508678","10,6","-0,2",Valor de mercado,Memphis Grizzlies,Memphis,"35,1382","-90,0505"
Shabazz Napier,2017,POR,PG,25,"1,35012","0,6","0,4444049417829526","13,6","0,2",Valor de mercado,Portland Trail Blazers,Portland,"45,5316","-122,6668"
Tyus Jones,2017,MIN,PG,20,"1,33968","1,5","1,1196703690433536","13,8","0,4",Infravalorado,Minnesota Timberwolves,Minneapolis,"44,9795","-93,276"
Clint Capela,2017,HOU,C,22,"1,29624","5,9","4,551626242053941","21,4","1,2",Infravalorado,Houston Rockets,Houston,"29,7508","-95,3621"
Jarell Martin,2017,MEM,PF,22,"1,28616","0,6","0,4665049449524165","8,7","-0,5",Valor de mercado,Memphis Grizzlies,Memphis,"35,1382","-90,0505"
Jordan Mickey,2017,BOS,PF,22,"1,223653","0,1","0,08172251447101425","9,8","-0,1",Sobrepagado,Boston Celtics,Boston,"42,3662","-71,0621"
Larry Nance Jr.,2017,LAL,PF,24,"1,20768","3,5","2,898118706942236","15,7","1,0",Infravalorado,LA Lakers,Los Angeles,"34,043","-118,2673"
Pascal Siakam,2017,TOR,PF,22,"1,19604","1,6","1,3377479014079798","11,5","-0,1",Infravalorado,Toronto Raptors,Toronto,"43,6435","-79,3791"
Kyle Anderson,2017,SAS,SF,23,"1,19208","2,7","2,26494866116368","12,5","1,0",Infravalorado,San Antonio Spurs,San Antonio,"29,427","-98,4375"
Chris McCullough,2017,WAS,PF,21,"1,19148","0,1","0,08392923087252828","15,2","0,0",Sobrepagado,Washington Wizards,Washington,"38,8981","-77,0209"
Kevon Looney,2017,GSW,C,20,"1,18284","1,4","1,183592032734774","13,6","0,0",Infravalorado,Golden State Warriors,San Francisco,"37,768","-122,3877"
Dejounte Murray,2017,SAS,PG,20,"1,18008","0,0","0,0","9,6","-0,2",Sobrepagado,San Antonio Spurs,San Antonio,"29,427","-98,4375"
Damian Jones,2017,GSW,C,21,"1,17156","0,0","0,0","5,3","-0,2",Sobrepagado,Golden State Warriors,San Francisco,"37,768","-122,3877"
Isaiah Whitehead,2017,BRK,PG,21,"1,074145","-0,8","-0,7447784051501428","7,6","-1,3",Sobrepagado,Brooklyn Nets,Brooklyn,"40,6828","-73,9752"
Rakeem Christmas,2017,IND,PF,25,"1,052342","0,5","0,47513070845789673","10,4","-0,2",Valor de mercado,Indiana Pacers,Indianapolis,"39,764","-86,1555"
Joe Young,2017,IND,PG,24,"1,052342","-0,1","-0,09502614169157934","11,4","-0,1",Sobrepagado,Indiana Pacers,Indianapolis,"39,764","-86,1555"
Glenn Robinson III,2017,IND,SF,23,"1,0505","2,5","2,379819133745835","11,5","0,6",Infravalorado,Indiana Pacers,Indianapolis,"39,764","-86,1555"
Montrezl Harrell,2017,HOU,C,23,"1,045","4,1","3,923444976076555","19,2","0,8",Infravalorado,Houston Rockets,Houston,"29,7508","-95,3621"
Ivica Zubac,2017,LAL,C,19,"1,034956","1,1","1,0628471162059063","17,0","0,0",Infravalorado,LA Lakers,Los Angeles,"34,043","-118,2673"
Richaun Holmes,2017,PHI,C,23,"1,025831","3,8","3,704313868463714","18,6","0,9",Infravalorado,Philadelphia 76ers,Philadelphia,"39,9012","-75,172"
Mike Muscala,2017,ATL,C,25,"1,015696","3,4","3,3474582946078355","14,4","1,0",Infravalorado,Atlanta Hawks,Atlanta,"33,7573","-84,3963"
Isaiah Canaan,2017,CHI,SG,25,"1,015696","0,5","0,4922732786187994","8,1","-0,2",Valor de mercado,Chicago Bulls,Chicago,"41,8807","-87,6742"
DeAndre Liggins,2017,DAL,SG,28,"1,015696","0,5","0,4922732786187994","7,5","0,0",Valor de mercado,Dallas Mavericks,Dallas,"32,7905","-96,8103"
Justin Holiday,2017,NYK,SG,27,"1,015696","2,5","2,461366393093997","12,7","0,7",Infravalorado,New York Knicks,New York,"40,7505","-73,9934"
Anthony Bennett,2017,BRK,PF,23,"1,015696","0,5","0,4922732786187994","14,7","0,0",Valor de mercado,Brooklyn Nets,Brooklyn,"40,6828","-73,9752"
Robert Covington,2017,PHI,SF,26,"1,015696","3,1","3,052094327436556","13,2","1,1",Infravalorado,Philadelphia 76ers,Philadelphia,"39,9012","-75,172"
Jeff Withey,2017,UTA,C,26,"1,015696","1,8","1,7721838030276778","18,8","0,4",Infravalorado,Utah Jazz,Salt Lake City,"40,7683","-111,9011"
Willie Reed,2017,MIA,C,26,"1,015696","3,6","3,5443676060553555","17,1","0,3",Infravalorado,Miami Heat,Miami,"25,7814","-80,187"
Brian Roberts,2017,CHO,PG,31,"0,980431","0,2","0,20399191784021517","9,8","-0,2",Sobrepagado,Charlotte Hornets,Charlotte,"35,2251","-80,8392"
Ty Lawson,2017,SAC,PG,29,"0,980431","3,2","3,2638706854434427","15,4","0,4",Infravalorado,Sacramento Kings,Sacramento,"38,5802","-121,4997"
Raymond Felton,2017,LAC,PG,32,"0,980431","1,9","1,937923219482044","10,9","0,3",Infravalorado,LA Clippers,Los Angeles,"34,043","-118,2673"
James Michael McAdoo,2017,GSW,PF,24,"0,980431","1,1","1,1219555481211834","13,1","0,0",Infravalorado,Golden State Warriors,San Francisco,"37,768","-122,3877"
Joe Harris,2017,BRK,SG,25,"0,980431","0,8","0,8159676713608607","9,0","-0,4",Infravalorado,Brooklyn Nets,Brooklyn,"40,6828","-73,9752"
Marcus Thornton,2017,WAS,SG,29,"0,980431","0,5","0,5099797946005379","10,4","-0,1",Valor de mercado,Washington Wizards,Washington,"38,8981","-77,0209"
Jason Terry,2017,MIL,SG,39,"0,980431","2,1","2,1419151373222594","9,1","0,4",Infravalorado,Milwaukee Bucks,Milwaukee,"43,045","-87,917"
Metta World Peace,2017,LAL,SF,37,"0,980431","-0,2","-0,20399191784021517","6,5","-0,2",Sobrepagado,LA Lakers,Los Angeles,"34,043","-118,2673"
JaMychal Green,2017,MEM,PF,26,"0,980431","5,8","5,915765617366239","13,5","0,6",Infravalorado,Memphis Grizzlies,Memphis,"35,1382","-90,0505"
Alan Anderson,2017,LAC,SF,34,"0,980431","0,1","0,10199595892010759","5,0","-0,3",Sobrepagado,LA Clippers,Los Angeles,"34,043","-118,2673"
Brandon Bass,2017,LAC,PF,31,"0,980431","2,2","2,2439110962423667","19,7","0,4",Infravalorado,LA Clippers,Los Angeles,"34,043","-118,2673"
Terrence Jones,2017,MIL,PF,25,"0,980431","2,3","2,345907055162474","16,1","0,5",Infravalorado,Milwaukee Bucks,Milwaukee,"43,045","-87,917"
David West,2017,GSW,C,36,"0,980431","2,6","2,651894931922797","16,6","1,0",Infravalorado,Golden State Warriors,San Francisco,"37,768","-122,3877"
Beno Udrih,2017,DET,PG,34,"0,980431","1,3","1,3259474659613986","16,2","0,3",Infravalorado,Detroit Pistons,Detroit,"42,341","-83,0552"
Jerami Grant,2017,OKC,PF,22,"0,980431","2,9","2,9578828086831197","10,1","0,3",Infravalorado,Oklahoma City Thunder,Oklahoma City,"35,4634","-97,5151"
Gerald Green,2017,BOS,SF,31,"0,980431","0,6","0,6119757535206455","11,9","-0,1",Valor de mercado,Boston Celtics,Boston,"42,3662","-71,0621"
James Jones,2017,CLE,SF,36,"0,980431","0,8","0,8159676713608607","11,1","0,2",Infravalorado,Cleveland Cavaliers,Cleveland,"41,4965","-81,6882"
Chris Andersen,2017,CLE,C,38,"0,980431","0,2","0,20399191784021517","11,6","0,0",Sobrepagado,Cleveland Cavaliers,Cleveland,"41,4965","-81,6882"
Sean Kilpatrick,2017,BRK,SG,27,"0,980431","1,4","1,427943424881506","13,1","-0,1",Infravalorado,Brooklyn Nets,Brooklyn,"40,6828","-73,9752"
Ian Clark,2017,GSW,SG,25,"0,980431","2,3","2,345907055162474","13,1","0,1",Infravalorado,Golden State Warriors,San Francisco,"37,768","-122,3877"
Thomas Robinson,2017,LAL,PF,25,"0,980431","0,9","0,9179636302809683","17,3","0,0",Infravalorado,LA Lakers,Los Angeles,"34,043","-118,2673"
Stephen Zimmerman,2017,ORL,C,20,"0,95","0,0","0,0","7,3","-0,2",Sobrepagado,Orlando Magic,Orlando,"28,5392","-81,3839"
Andrew Harrison,2017,MEM,PG,22,"0,945","1,6","1,6931216931216932","8,7","-0,5",Infravalorado,Memphis Grizzlies,Memphis,"35,1382","-90,0505"
Raul Neto,2017,UTA,PG,24,"0,9378","0,7","0,7464278097675411","10,7","0,2",Infravalorado,Utah Jazz,Salt Lake City,"40,7683","-111,9011"
Malcolm Brogdon,2017,MIL,SG,24,"0,925","4,1","4,432432432432432","14,9","0,8",Infravalorado,Milwaukee Bucks,Milwaukee,"43,045","-87,917"
Tyler Ulis,2017,PHO,PG,21,"0,918369","0,7","0,7622208502246918","13,0","-0,1",Infravalorado,Phoenix Suns,Phoenix,"33,4457","-112,0712"
Norman Powell,2017,TOR,SG,23,"0,874636","2,8","3,2013317540096677","14,0","0,5",Infravalorado,Toronto Raptors,Toronto,"43,6435","-79,3791"
Jonathon Simmons,2017,SAS,SG,27,"0,874636","2,0","2,2866655385783345","9,9","-0,2",Infravalorado,San Antonio Spurs,San Antonio,"29,427","-98,4375"
Darrun Hilliard,2017,DET,SG,23,"0,874636","-0,2","-0,22866655385783344","5,9","-0,4",Sobrepagado,Detroit Pistons,Detroit,"42,341","-83,0552"
Josh Richardson,2017,MIA,SG,23,"0,874636","2,2","2,515332092436168","10,7","0,4",Infravalorado,Miami Heat,Miami,"25,7814","-80,187"
Alan Williams,2017,PHO,C,24,"0,874636","2,1","2,400998815507251","19,5","0,1",Infravalorado,Phoenix Suns,Phoenix,"33,4457","-112,0712"
Pat Connaughton,2017,POR,SG,24,"0,874636","0,6","0,6859996615735003","11,8","0,1",Valor de mercado,Portland Trail Blazers,Portland,"45,5316","-122,6668"
T.J. McConnell,2017,PHI,PG,24,"0,874636","3,8","4,344664523298835","13,7","0,5",Infravalorado,Philadelphia 76ers,Philadelphia,"39,9012","-75,172"
Christian Wood,2017,CHO,PF,21,"0,874636","0,3","0,34299983078675017","15,1","0,0",Valor de mercado,Charlotte Hornets,Charlotte,"35,2251","-80,8392"
Jordan McRae,2017,CLE,SG,25,"0,874636","0,2","0,22866655385783344","9,7","-0,2",Sobrepagado,Cleveland Cavaliers,Cleveland,"41,4965","-81,6882"
Salah Mejri,2017,DAL,C,30,"0,874636","3,0","3,4299983078675016","14,8","0,3",Infravalorado,Dallas Mavericks,Dallas,"32,7905","-96,8103"
Paul Zipser,2017,CHI,SF,22,"0,75","0,5","0,6666666666666666","6,9","-0,5",Valor de mercado,Chicago Bulls,Chicago,"41,8807","-87,6742"
Spencer Dinwiddie,2017,BRK,PG,23,"0,726672","2,8","3,853182728934099","12,7","0,4",Infravalorado,Brooklyn Nets,Brooklyn,"40,6828","-73,9752"
Bobby Brown,2017,HOU,PG,32,"0,680534","0,1","0,14694342971842703","10,8","0,0",Sobrepagado,Houston Rockets,Houston,"29,7508","-95,3621"
Georges Niang,2017,IND,PF,23,"0,65","-0,3","-0,4615384615384615","0,1","-0,2",Sobrepagado,Indiana Pacers,Indianapolis,"39,764","-86,1555"
Jake Layman,2017,POR,SF,22,"0,6","-0,3","-0,5","4,9","-0,3",Sobrepagado,Portland Trail Blazers,Portland,"45,5316","-122,6668"
Joel Bolomboy,2017,UTA,PF,23,"0,6","0,2","0,33333333333333337","19,7","0,1",Valor de mercado,Utah Jazz,Salt Lake City,"40,7683","-111,9011"
Patrick McCaw,2017,GSW,SG,21,"0,543471","1,7","3,1280417906383224","8,6","-0,1",Infravalorado,Golden State Warriors,San Francisco,"37,768","-122,3877"
Kay Felder,2017,CLE,PG,21,"0,543471","0,1","0,18400245827284253","11,4","0,0",Sobrepagado,Cleveland Cavaliers,Cleveland,"41,4965","-81,6882"
Fred VanVleet,2017,TOR,PG,22,"0,543471","0,2","0,36800491654568507","10,5","0,0",Valor de mercado,Toronto Raptors,Toronto,"43,6435","-79,3791"
Kyle Wiltjer,2017,HOU,PF,24,"0,543471","0,0","0,0","6,7","0,0",Sobrepagado,Houston Rockets,Houston,"29,7508","-95,3621"
Daniel Ochefu,2017,WAS,C,23,"0,543471","0,0","0,0","6,6","-0,1",Sobrepagado,Washington Wizards,Washington,"38,8981","-77,0209"
Semaj Christon,2017,OKC,PG,24,"0,543471","0,1","0,18400245827284253","5,7","-0,8",Sobrepagado,Oklahoma City Thunder,Oklahoma City,"35,4634","-97,5151"
Bryn Forbes,2017,SAS,SG,23,"0,543471","0,1","0,18400245827284253","5,9","-0,2",Sobrepagado,San Antonio Spurs,San Antonio,"29,427","-98,4375"
Cheick Diallo,2017,NOP,PF,20,"0,543471","0,5","0,9200122913642126","16,8","-0,1",Infravalorado,New Orleans Pelicans,New Orleans,"29,949","-90,0821"
Maurice Ndour,2017,NYK,PF,24,"0,543471","0,4","0,7360098330913701","11,3","-0,1",Infravalorado,New York Knicks,New York,"40,7505","-73,9934"
Marshall Plumlee,2017,NYK,C,24,"0,543471","0,2","0,36800491654568507","10,9","-0,1",Valor de mercado,New York Knicks,New York,"40,7505","-73,9934"
Derrick Jones Jr.,2017,PHO,SF,19,"0,543471","1,1","2,024027041001268","12,0","0,0",Infravalorado,Phoenix Suns,Phoenix,"33,4457","-112,0712"
Rodney McGruder,2017,MIA,SG,25,"0,543471","2,9","5,336071289912432","9,1","0,0",Infravalorado,Miami Heat,Miami,"25,7814","-80,187"
Tim Quarterman,2017,POR,SG,22,"0,543471","-0,1","-0,18400245827284253","10,2","0,0",Sobrepagado,Portland Trail Blazers,Portland,"45,5316","-122,6668"
Dorian Finney-Smith,2017,DAL,PF,23,"0,543471","1,4","2,576034415819795","7,7","-0,3",Infravalorado,Dallas Mavericks,Dallas,"32,7905","-96,8103"
Sheldon Mac,2017,WAS,SG,24,"0,543471","0,5","0,9200122913642126","10,1","0,0",Infravalorado,Washington Wizards,Washington,"38,8981","-77,0209"
Treveon Graham,2017,CHO,SG,23,"0,543471","0,4","0,7360098330913701","10,6","0,1",Infravalorado,Charlotte Hornets,Charlotte,"35,2251","-80,8392"
Jonathan Gibson,2017,DAL,PG,29,"0,469943","-0,1","-0,21279176410756198","9,5","-0,1",Sobrepagado,Dallas Mavericks,Dallas,"32,7905","-96,8103"
Toney Douglas,2017,MEM,PG,30,"0,379159","0,5","1,3187079826669021","10,6","0,1",Infravalorado,Memphis Grizzlies,Memphis,"35,1382","-90,0505"
Joel Anthony,2017,SAS,C,34,"0,346034","0,4","1,15595577313212","11,6","0,0",Infravalorado,San Antonio Spurs,San Antonio,"29,427","-98,4375"
Ryan Kelly,2017,ATL,PF,25,"0,286785","0,1","0,34869327196331745","7,8","0,0",Valor de mercado,Atlanta Hawks,Atlanta,"33,7573","-84,3963"
Ronnie Price,2017,PHO,PG,33,"0,276828","0,0","0,0","5,9","0,0",Sobrepagado,Phoenix Suns,Phoenix,"33,4457","-112,0712"
Deron Williams,2017,CLE,PG,32,"0,259526","2,4","9,247628368641292","14,0","0,1",Infravalorado,Cleveland Cavaliers,Cleveland,"41,4965","-81,6882"
Norris Cole,2017,OKC,PG,28,"0,247991","-0,1","-0,4032404401772645","5,4","-0,1",Sobrepagado,Oklahoma City Thunder,Oklahoma City,"35,4634","-97,5151"
Andrew Bogut,2017,CLE,C,32,"0,242224","0,7","2,8898870467005744","9,3","-0,1",Infravalorado,Cleveland Cavaliers,Cleveland,"41,4965","-81,6882"
Matt Barnes,2017,GSW,SF,36,"0,242224","2,0","8,256820133430214","10,3","0,3",Infravalorado,Golden State Warriors,San Francisco,"37,768","-122,3877"
Okaro White,2017,MIA,PF,24,"0,210995","0,6","2,843669281262589","7,5","-0,1",Infravalorado,Miami Heat,Miami,"25,7814","-80,187"
Yogi Ferrell,2017,DAL,PG,23,"0,207798","1,8","8,66225853954321","13,1","0,3",Infravalorado,Dallas Mavericks,Dallas,"32,7905","-96,8103"
Jordan Crawford,2017,NOP,SG,28,"0,173099","0,9","5,199336795706503","17,6","0,4",Infravalorado,New Orleans Pelicans,New Orleans,"29,949","-90,0821"
Chasson Randle,2017,NYK,PG,23,"0,14386","0,7","4,865841790629779","13,6","0,0",Infravalorado,New York Knicks,New York,"40,7505","-73,9934"
Omri Casspi,2017,MIN,PF,28,"0,138414","0,5","3,6123513517418755","10,0","-0,2",Infravalorado,Minnesota Timberwolves,Minneapolis,"44,9795","-93,276"
Briante Weber,2017,CHO,PG,24,"0,128623","0,3","2,332397782667175","11,0","-0,1",Infravalorado,Charlotte Hornets,Charlotte,"35,2251","-80,8392"
Hollis Thompson,2017,NOP,SG,25,"0,115344","0,7","6,0688028852822855","7,9","-0,1",Infravalorado,New Orleans Pelicans,New Orleans,"29,949","-90,0821"
Derrick Williams,2017,CLE,PF,25,"0,115344","1,1","9,536690248300737","10,6","-0,2",Infravalorado,Cleveland Cavaliers,Cleveland,"41,4965","-81,6882"
Shawn Long,2017,PHI,C,24,"0,089513","0,9","10,054405505345594","24,1","0,2",Infravalorado,Philadelphia 76ers,Philadelphia,"39,9012","-75,172"
Wayne Selden,2017,MEM,SG,22,"0,083119","0,1","1,2030943586905523","6,9","-0,2",Infravalorado,Memphis Grizzlies,Memphis,"35,1382","-90,0505"
Troy Williams,2017,HOU,SF,22,"0,076725","0,4","5,213424568263278","9,0","-0,3",Infravalorado,Houston Rockets,Houston,"29,7508","-95,3621"
Archie Goodwin,2017,BRK,SG,22,"0,075","0,7","9,333333333333334","18,7","0,2",Infravalorado,Brooklyn Nets,Brooklyn,"40,6828","-73,9752"
David Nwaba,2017,LAL,SG,24,"0,073528","0,8","10,880208900010881","12,2","0,0",Infravalorado,LA Lakers,Los Angeles,"34,043","-118,2673"
Anthony Brown,2017,ORL,SF,24,"0,057672","0,0","0,0","7,2","-0,1",Sobrepagado,Orlando Magic,Orlando,"28,5392","-81,3839"
Alonzo Gee,2017,DEN,SF,29,"0,057672","-0,1","-1,7339436815092246","3,1","-0,1",Sobrepagado,Denver Nuggets,Denver,"39,7487","-105,0077"
Quinn Cook,2017,NOP,PG,23,"0,015984","0,2","12,512512512512512","11,8","-0,1",Infravalorado,New Orleans Pelicans,New Orleans,"29,949","-90,0821"
Stephen Curry,2018,GSW,PG,29,"37,457154","9,1","0,2429442450432833","28,2","4,0",Sobrepagado,Golden State Warriors,San Francisco,"37,768","-122,3877"
Blake Griffin,2018,DET,PF,28,"32,088932","4,9","0,1527006258731204","19,6","2,7",Sobrepagado,Detroit Pistons,Detroit,"42,341","-83,0552"
Paul Millsap,2018,DEN,PF,32,"31,269231","2,5","0,07995079891795227","17,0","0,7",Sobrepagado,Denver Nuggets,Denver,"39,7487","-105,0077"
Kyle Lowry,2018,TOR,PG,31,"31,2","10,2","0,3269230769230769","19,5","4,5",Valor de mercado,Toronto Raptors,Toronto,"43,6435","-79,3791"
Mike Conley,2018,MEM,PG,30,"28,530608","0,6","0,021030046047388826","15,4","0,2",Sobrepagado,Memphis Grizzlies,Memphis,"35,1382","-90,0505"
Russell Westbrook,2018,OKC,PG,29,"28,530608","10,1","0,3540057751310452","24,7","6,1",Valor de mercado,Oklahoma City Thunder,Oklahoma City,"35,4634","-97,5151"
James Harden,2018,HOU,SG,28,"28,299399","15,4","0,5441811679463582","29,8","7,7",Valor de mercado,Houston Rockets,Houston,"29,7508","-95,3621"
DeMar DeRozan,2018,TOR,SG,28,"27,739975","9,6","0,3460709679803244","21,0","3,2",Valor de mercado,Toronto Raptors,Toronto,"43,6435","-79,3791"
Al Horford,2018,BOS,C,31,"27,734406","7,8","0,28123912226567965","17,6","3,7",Valor de mercado,Boston Celtics,Boston,"42,3662","-71,0621"
Carmelo Anthony,2018,OKC,PF,33,"26,24376","3,7","0,14098589531378125","12,7","0,0",Sobrepagado,Oklahoma City Thunder,Oklahoma City,"35,4634","-97,5151"
Damian Lillard,2018,POR,PG,27,"26,153057","12,6","0,4817792428625074","25,2","6,3",Valor de mercado,Portland Trail Blazers,Portland,"45,5316","-122,6668"
Otto Porter Jr.,2018,WAS,SF,24,"26,011913","8,1","0,31139578238632426","18,3","3,4",Valor de mercado,Washington Wizards,Washington,"38,8981","-77,0209"
Jrue Holiday,2018,NOP,SG,27,"25,686667","7,1","0,2764079901841683","17,8","2,7",Valor de mercado,New Orleans Pelicans,New Orleans,"29,949","-90,0821"
Bradley Beal,2018,WAS,SG,24,"25,434263","6,9","0,2712875934325284","18,4","3,1",Valor de mercado,Washington Wizards,Washington,"38,8981","-77,0209"
Andre Drummond,2018,DET,C,24,"25,434263","10,3","0,40496553802246993","22,9","3,4",Valor de mercado,Detroit Pistons,Detroit,"42,341","-83,0552"
Hassan Whiteside,2018,MIA,C,28,"25,434262","5,3","0,2083803335831014","24,1","1,6",Sobrepagado,Miami Heat,Miami,"25,7814","-80,187"
Joel Embiid,2018,PHI,C,23,"25,25","6,2","0,24554455445544554","22,9","2,6",Sobrepagado,Philadelphia 76ers,Philadelphia,"39,9012","-75,172"
Chris Paul,2018,HOU,PG,32,"24,599495","10,2","0,4146426583147336","24,4","4,2",Valor de mercado,Houston Rockets,Houston,"29,7508","-95,3621"
Giannis Antetokounmpo,2018,MIL,PF,23,"24,157303","11,9","0,49260465872369946","27,3","5,7",Valor de mercado,Milwaukee Bucks,Milwaukee,"43,045","-87,917"
Kevin Love,2018,CLE,C,29,"24,119025","6,4","0,26535069307320674","22,4","2,2",Valor de mercado,Cleveland Cavaliers,Cleveland,"41,4965","-81,6882"
Nicolas Batum,2018,CHO,SG,29,"24,0","3,5","0,14583333333333334","14,4","1,2",Sobrepagado,Charlotte Hornets,Charlotte,"35,2251","-80,8392"
CJ McCollum,2018,POR,SG,26,"23,962573","6,6","0,27542952086155353","16,9","2,4",Valor de mercado,Portland Trail Blazers,Portland,"45,5316","-122,6668"
Dwight Howard,2018,CHO,C,32,"23,819725","6,8","0,28547768708496846","20,5","1,2",Valor de mercado,Charlotte Hornets,Charlotte,"35,2251","-80,8392"
Anthony Davis,2018,NOP,PF,24,"23,775506","13,7","0,5762232778557899","28,9","5,9",Valor de mercado,New Orleans Pelicans,New Orleans,"29,949","-90,0821"
Harrison Barnes,2018,DAL,PF,25,"23,112004","3,8","0,16441672474615357","15,8","1,0",Sobrepagado,Dallas Mavericks,Dallas,"32,7905","-96,8103"
Chandler Parsons,2018,MEM,SF,29,"23,112004","1,1","0,04759431505809709","13,6","0,5",Sobrepagado,Memphis Grizzlies,Memphis,"35,1382","-90,0505"
Brook Lopez,2018,LAL,C,29,"22,64265","3,8","0,1678248791550459","16,5","1,3",Sobrepagado,LA Lakers,Los Angeles,"34,043","-118,2673"
Marc Gasol,2018,MEM,C,33,"22,64235","4,0","0,1766601081601512","17,4","2,7",Sobrepagado,Memphis Grizzlies,Memphis,"35,1382","-90,0505"
DeAndre Jordan,2018,LAC,C,29,"22,64235","9,4","0,4151512541763554","20,2","2,1",Valor de mercado,LA Clippers,Los Angeles,"34,043","-118,2673"
Steven Adams,2018,OKC,C,24,"22,47191","9,7","0,43165000215824995","20,6","2,0",Valor de mercado,Oklahoma City Thunder,Oklahoma City,"35,4634","-97,5151"
Rudy Gobert,2018,UTA,C,25,"21,924719","8,1","0,3694460120560724","20,7","2,5",Valor de mercado,Utah Jazz,Salt Lake City,"40,7683","-111,9011"
Serge Ibaka,2018,TOR,PF,28,"21,666667","5,1","0,23538461176331366","14,7","1,0",Sobrepagado,Toronto Raptors,Toronto,"43,6435","-79,3791"
LaMarcus Aldridge,2018,SAS,C,32,"21,46101","10,9","0,5078978109604347","25,0","3,7",Valor de mercado,San Antonio Spurs,San Antonio,"29,427","-98,4375"
Victor Oladipo,2018,IND,SG,25,"21,0","8,2","0,3904761904761904","23,1","5,0",Valor de mercado,Indiana Pacers,Indianapolis,"39,764","-86,1555"
Danilo Gallinari,2018,LAC,SF,29,"20,559599","1,2","0,058366897136466526","13,8","0,3",Sobrepagado,LA Clippers,Los Angeles,"34,043","-118,2673"
Ryan Anderson,2018,HOU,PF,29,"19,578455","4,8","0,24516745575685106","12,6","0,9",Sobrepagado,Houston Rockets,Houston,"29,7508","-95,3621"
Paul George,2018,OKC,SF,27,"19,508958","8,9","0,4562006848341157","18,7","3,6",Valor de mercado,Oklahoma City Thunder,Oklahoma City,"35,4634","-97,5151"
Jimmy Butler,2018,MIN,SG,28,"19,30107","8,9","0,4611143320033553","23,7","4,2",Valor de mercado,Minnesota Timberwolves,Minneapolis,"44,9795","-93,276"
Tyler Johnson,2018,MIA,PG,25,"19,24537","4,2","0,21823430778415795","13,0","0,9",Sobrepagado,Miami Heat,Miami,"25,7814","-80,187"
John Wall,2018,WAS,PG,27,"19,1698","2,7","0,14084653987000387","19,1","1,8",Sobrepagado,Washington Wizards,Washington,"38,8981","-77,0209"
George Hill,2018,CLE,PG,31,"19,0","3,2","0,16842105263157894","13,3","0,6",Sobrepagado,Cleveland Cavaliers,Cleveland,"41,4965","-81,6882"
Jeff Teague,2018,MIN,PG,29,"19,0","4,9","0,2578947368421053","16,4","1,4",Valor de mercado,Minnesota Timberwolves,Minneapolis,"44,9795","-93,276"
Kyrie Irving,2018,BOS,PG,25,"18,868626","8,9","0,4716824637893613","25,0","4,5",Valor de mercado,Boston Celtics,Boston,"42,3662","-71,0621"
Allen Crabbe,2018,BRK,SG,25,"18,5","3,2","0,17297297297297298","12,3","0,7",Sobrepagado,Brooklyn Nets,Brooklyn,"40,6828","-73,9752"
Kent Bazemore,2018,ATL,SG,28,"18,089887","2,2","0,12161491113791922","14,5","1,2",Sobrepagado,Atlanta Hawks,Atlanta,"33,7573","-84,3963"
DeMarcus Cousins,2018,NOP,C,27,"18,06385","4,7","0,2601881658671878","22,6","2,9",Valor de mercado,New Orleans Pelicans,New Orleans,"29,949","-90,0821"
Wesley Matthews,2018,DAL,SF,31,"17,884176","2,6","0,14537991574227407","11,4","0,6",Sobrepagado,Dallas Mavericks,Dallas,"32,7905","-96,8103"
Klay Thompson,2018,GSW,SG,27,"17,82615","4,9","0,27487707665424116","16,0","1,0",Valor de mercado,Golden State Warriors,San Francisco,"37,768","-122,3877"
Kentavious Caldwell-Pope,2018,LAL,SG,24,"17,745894","5,3","0,2986606366520616","13,2","1,4",Valor de mercado,LA Lakers,Los Angeles,"34,043","-118,2673"
Draymond Green,2018,GSW,PF,27,"17,469565","6,1","0,3491787002137718","16,1","2,8",Valor de mercado,Golden State Warriors,San Francisco,"37,768","-122,3877"
Tristan Thompson,2018,CLE,C,26,"17,469565","2,5","0,14310602467777533","13,6","-0,2",Sobrepagado,Cleveland Cavaliers,Cleveland,"41,4965","-81,6882"
Tim Hardaway Jr.,2018,NYK,SG,25,"17,325","2,6","0,15007215007215008","14,4","0,7",Sobrepagado,New York Knicks,New York,"40,7505","-73,9934"
Evan Turner,2018,POR,SF,29,"17,131148","2,6","0,15177033086165623","9,8","-0,3",Sobrepagado,Portland Trail Blazers,Portland,"45,5316","-122,6668"
Reggie Jackson,2018,DET,PG,27,"17,043478","2,0","0,11734694057163685","15,9","0,5",Sobrepagado,Detroit Pistons,Detroit,"42,341","-83,0552"
Bismack Biyombo,2018,ORL,C,25,"17,0","2,9","0,17058823529411765","14,1","-0,2",Sobrepagado,Orlando Magic,Orlando,"28,5392","-81,3839"
Evan Fournier,2018,ORL,SF,25,"17,0","3,3","0,1941176470588235","15,5","0,7",Sobrepagado,Orlando Magic,Orlando,"28,5392","-81,3839"
Pau Gasol,2018,SAS,C,37,"16,0","6,0","0,375","18,9","2,5",Valor de mercado,San Antonio Spurs,San Antonio,"29,427","-98,4375"
Tobias Harris,2018,LAC,PF,25,"16,0","6,7","0,41875","17,1","2,6",Valor de mercado,LA Clippers,Los Angeles,"34,043","-118,2673"
Timofey Mozgov,2018,BRK,C,31,"16,0","0,4","0,025","12,3","-0,2",Sobrepagado,Brooklyn Nets,Brooklyn,"40,6828","-73,9752"
Ian Mahinmi,2018,WAS,C,31,"15,944154","2,2","0,13798160755346445","12,2","-0,7",Sobrepagado,Washington Wizards,Washington,"38,8981","-77,0209"
Tony Parker,2018,SAS,PG,35,"15,453126","1,4","0,0905965563213553","12,7","-0,3",Sobrepagado,San Antonio Spurs,San Antonio,"29,427","-98,4375"
DeMarre Carroll,2018,BRK,PF,31,"15,4","4,1","0,2662337662337662","14,3","1,2",Valor de mercado,Brooklyn Nets,Brooklyn,"40,6828","-73,9752"
Eric Bledsoe,2018,MIL,PG,28,"15,0","5,6","0,3733333333333333","19,7","2,6",Valor de mercado,Milwaukee Bucks,Milwaukee,"43,045","-87,917"
Andre Iguodala,2018,GSW,SF,34,"14,814815","3,2","0,21599999730000005","11,2","0,7",Sobrepagado,Golden State Warriors,San Francisco,"37,768","-122,3877"
James Johnson,2018,MIA,PF,30,"14,6517","5,0","0,34125732850112955","15,8","1,7",Valor de mercado,Miami Heat,Miami,"25,7814","-80,187"
Robin Lopez,2018,CHI,C,29,"14,35775","1,9","0,13233271229823615","14,7","-0,1",Sobrepagado,Chicago Bulls,Chicago,"41,8807","-87,6742"
Ricky Rubio,2018,UTA,PG,27,"14,275","5,3","0,3712784588441331","15,4","1,6",Valor de mercado,Utah Jazz,Salt Lake City,"40,7683","-111,9011"
Joe Ingles,2018,UTA,SF,30,"14,136364","7,6","0,5376205649486671","14,4","2,8",Valor de mercado,Utah Jazz,Salt Lake City,"40,7683","-111,9011"
Gorgui Dieng,2018,MIN,C,28,"14,11236","2,9","0,20549362402886545","14,7","0,3",Sobrepagado,Minnesota Timberwolves,Minneapolis,"44,9795","-93,276"
Marvin Williams,2018,CHO,PF,31,"14,0875","5,0","0,354924578527063","13,9","1,5",Valor de mercado,Charlotte Hornets,Charlotte,"35,2251","-80,8392"
Mason Plumlee,2018,DEN,C,27,"14,041096","3,6","0,25639024190134446","16,9","0,9",Valor de mercado,Denver Nuggets,Denver,"39,7487","-105,0077"
Taj Gibson,2018,MIN,PF,32,"14,0","7,2","0,5142857142857143","15,4","1,0",Valor de mercado,Minnesota Timberwolves,Minneapolis,"44,9795","-93,276"
Thaddeus Young,2018,IND,PF,29,"13,964045","5,5","0,39386868203303554","14,8","1,4",Valor de mercado,Indiana Pacers,Indianapolis,"39,764","-86,1555"
Cody Zeller,2018,CHO,C,25,"13,52809","1,9","0,14044850381687288","15,9","0,1",Sobrepagado,Charlotte Hornets,Charlotte,"35,2251","-80,8392"
Tyson Chandler,2018,PHO,C,35,"13,0","2,7","0,2076923076923077","14,2","0,2",Sobrepagado,Phoenix Suns,Phoenix,"33,4457","-112,0712"
Michael Kidd-Gilchrist,2018,CHO,SF,24,"13,0","3,3","0,25384615384615383","12,5","-0,1",Valor de mercado,Charlotte Hornets,Charlotte,"35,2251","-80,8392"
Eric Gordon,2018,HOU,SG,29,"12,94302","4,7","0,36313008865009866","15,2","1,3",Valor de mercado,Houston Rockets,Houston,"29,7508","-95,3621"
Kenneth Faried,2018,DEN,PF,28,"12,921348","1,3","0,100608698101777","17,4","0,0",Sobrepagado,Denver Nuggets,Denver,"39,7487","-105,0077"
Marcin Gortat,2018,WAS,C,33,"12,782609","4,9","0,3833333242063494","14,7","0,8",Valor de mercado,Washington Wizards,Washington,"38,8981","-77,0209"
Austin Rivers,2018,LAC,SG,25,"12,65","2,4","0,18972332015810275","12,6","0,4",Sobrepagado,LA Clippers,Los Angeles,"34,043","-118,2673"
Kelly Olynyk,2018,MIA,PF,26,"12,537527","5,5","0,4386830034344093","17,8","1,9",Valor de mercado,Miami Heat,Miami,"25,7814","-80,187"
Miles Plumlee,2018,ATL,C,29,"12,5","0,9","0,07200000000000001","10,6","-0,4",Sobrepagado,Atlanta Hawks,Atlanta,"33,7573","-84,3963"
Jordan Clarkson,2018,CLE,SG,25,"12,5","3,0","0,24","16,4","1,0",Sobrepagado,Cleveland Cavaliers,Cleveland,"41,4965","-81,6882"
Zach Randolph,2018,SAC,PF,36,"12,307692","1,5","0,12187500304687508","17,3","0,4",Sobrepagado,Sacramento Kings,Sacramento,"38,5802","-121,4997"
Courtney Lee,2018,NYK,SG,32,"12,25378","3,9","0,3182691381761383","13,0","1,0",Valor de mercado,New York Knicks,New York,"40,7505","-73,9934"
Solomon Hill,2018,NOP,SF,26,"12,236535","-0,1","-0,008172248107818103","4,8","-0,1",Sobrepagado,New Orleans Pelicans,New Orleans,"29,949","-90,0821"
Wilson Chandler,2018,DEN,SF,30,"12,016854","3,3","0,2746143042097374","10,9","-0,1",Valor de mercado,Denver Nuggets,Denver,"39,7487","-105,0077"
Derrick Favors,2018,UTA,C,26,"12,0","8,0","0,6666666666666666","18,8","1,9",Valor de mercado,Utah Jazz,Salt Lake City,"40,7683","-111,9011"
Kemba Walker,2018,CHO,PG,27,"12,0","8,6","0,7166666666666667","20,6","4,2",Valor de mercado,Charlotte Hornets,Charlotte,"35,2251","-80,8392"
Dion Waiters,2018,MIA,SG,26,"11,55","0,1","0,008658008658008658","10,5","-0,4",Sobrepagado,Miami Heat,Miami,"25,7814","-80,187"
John Henson,2018,MIL,C,27,"11,327466","4,9","0,4325768887763601","15,7","0,5",Valor de mercado,Milwaukee Bucks,Milwaukee,"43,045","-87,917"
Alec Burks,2018,UTA,SG,26,"10,845506","1,9","0,17518776901695504","13,1","0,3",Sobrepagado,Utah Jazz,Salt Lake City,"40,7683","-111,9011"
Patty Mills,2018,SAS,PG,29,"10,714286","4,1","0,3826666564622225","11,8","0,5",Valor de mercado,San Antonio Spurs,San Antonio,"29,427","-98,4375"
Tony Snell,2018,MIL,SG,26,"10,607143","2,4","0,22626262321531818","8,5","-0,1",Sobrepagado,Milwaukee Bucks,Milwaukee,"43,045","-87,917"
Terrence Ross,2018,ORL,SG,26,"10,5","0,3","0,02857142857142857","9,9","-0,1",Sobrepagado,Orlando Magic,Orlando,"28,5392","-81,3839"
Robert Covington,2018,PHI,SF,27,"10,464092","6,1","0,5829459450471192","12,9","2,3",Valor de mercado,Philadelphia 76ers,Philadelphia,"39,9012","-75,172"
Iman Shumpert,2018,CLE,SG,27,"10,337079","0,0","0,0","6,4","-0,1",Sobrepagado,Cleveland Cavaliers,Cleveland,"41,4965","-81,6882"
Maurice Harkless,2018,POR,SF,24,"10,162922","3,2","0,314870073783898","12,6","1,1",Valor de mercado,Portland Trail Blazers,Portland,"45,5316","-122,6668"
Danny Green,2018,SAS,SG,30,"10,0","2,9","0,29","11,3","1,1",Valor de mercado,San Antonio Spurs,San Antonio,"29,427","-98,4375"
Jared Dudley,2018,PHO,PF,32,"10,0","0,8","0,08","8,8","-0,1",Sobrepagado,Phoenix Suns,Phoenix,"33,4457","-112,0712"
Darren Collison,2018,IND,PG,30,"10,0","7,6","0,76","18,8","2,4",Infravalorado,Indiana Pacers,Indianapolis,"39,764","-86,1555"
Al Jefferson,2018,IND,C,33,"10,0","1,6","0,16","20,2","0,5",Sobrepagado,Indiana Pacers,Indianapolis,"39,764","-86,1555"
Meyers Leonard,2018,POR,C,25,"9,904495","1,1","0,11106068507278766","17,8","0,3",Sobrepagado,Portland Trail Blazers,Portland,"45,5316","-122,6668"
Matthew Dellavedova,2018,MIL,PG,27,"9,6075","0,5","0,052042674993494666","8,6","-0,4",Sobrepagado,Milwaukee Bucks,Milwaukee,"43,045","-87,917"
Norman Powell,2018,TOR,SG,24,"9,3672","0,6","0,06405329233922623","8,5","-0,3",Sobrepagado,Toronto Raptors,Toronto,"43,6435","-79,3791"
Josh Richardson,2018,MIA,SF,24,"9,3672","5,4","0,5764796310530361","13,6","1,8",Valor de mercado,Miami Heat,Miami,"25,7814","-80,187"
Andre Roberson,2018,OKC,SG,26,"9,25926","2,2","0,23759998099200155","10,9","0,5",Sobrepagado,Oklahoma City Thunder,Oklahoma City,"35,4634","-97,5151"
Dwight Powell,2018,DAL,C,26,"9,003125","6,6","0,7330787920860812","18,8","1,5",Valor de mercado,Dallas Mavericks,Dallas,"32,7905","-96,8103"
Avery Bradley,2018,LAC,SG,27,"8,808989","-0,2","-0,022704081024508035","9,6","-0,7",Sobrepagado,LA Clippers,Los Angeles,"34,043","-118,2673"
Markieff Morris,2018,WAS,PF,28,"8,6","3,3","0,38372093023255816","13,2","0,4",Valor de mercado,Washington Wizards,Washington,"38,8981","-77,0209"
Jerryd Bayless,2018,PHI,SG,29,"8,575916","1,1","0,1282661817116679","7,5","-0,2",Sobrepagado,Philadelphia 76ers,Philadelphia,"39,9012","-75,172"
JaMychal Green,2018,MEM,PF,27,"8,533333","2,6","0,30468751190185595","14,0","-0,1",Valor de mercado,Memphis Grizzlies,Memphis,"35,1382","-90,0505"
E'Twaun Moore,2018,NOP,SG,28,"8,445024","4,4","0,52101687336827","12,1","0,3",Valor de mercado,New Orleans Pelicans,New Orleans,"29,949","-90,0821"
Rudy Gay,2018,SAS,PF,31,"8,406","3,1","0,36878420176064713","18,0","0,9",Valor de mercado,San Antonio Spurs,San Antonio,"29,427","-98,4375"
Kosta Koufos,2018,SAC,C,28,"8,393","3,9","0,4646729417371619","17,5","0,6",Valor de mercado,Sacramento Kings,Sacramento,"38,5802","-121,4997"
Markelle Fultz,2018,PHI,SG,19,"8,33988","0,2","0,023981160400389452","12,4","0,0",Sobrepagado,Philadelphia 76ers,Philadelphia,"39,9012","-75,172"
Garrett Temple,2018,SAC,SG,31,"8,0","1,2","0,15","10,3","-0,2",Sobrepagado,Sacramento Kings,Sacramento,"38,5802","-121,4997"
Vince Carter,2018,SAC,SF,41,"8,0","1,2","0,15","10,8","0,2",Sobrepagado,Sacramento Kings,Sacramento,"38,5802","-121,4997"
Cory Joseph,2018,IND,PG,26,"7,945","3,1","0,39018250471994964","11,0","0,3",Valor de mercado,Indiana Pacers,Indianapolis,"39,764","-86,1555"
C.J. Miles,2018,TOR,SF,30,"7,936509","2,9","0,36539995103640655","13,0","0,8",Valor de mercado,Toronto Raptors,Toronto,"43,6435","-79,3791"
Shaun Livingston,2018,GSW,PG,32,"7,692308","1,8","0,23399999064000038","11,6","-0,3",Sobrepagado,Golden State Warriors,San Francisco,"37,768","-122,3877"
P.J. Tucker,2018,HOU,PF,32,"7,590035","3,9","0,5138316226473264","8,3","0,5",Valor de mercado,Houston Rockets,Houston,"29,7508","-95,3621"
Corey Brewer,2018,OKC,SF,31,"7,579366","2,3","0,30345546052268746","11,2","0,2",Valor de mercado,Oklahoma City Thunder,Oklahoma City,"35,4634","-97,5151"
Andrew Wiggins,2018,MIN,SF,22,"7,574323","2,1","0,2772525016427211","13,0","-0,3",Valor de mercado,Minnesota Timberwolves,Minneapolis,"44,9795","-93,276"
Kyle Korver,2018,CLE,SG,36,"7,56","3,4","0,44973544973544977","13,4","0,9",Valor de mercado,Cleveland Cavaliers,Cleveland,"41,4965","-81,6882"
Jeremy Lamb,2018,CHO,SG,25,"7,488372","4,9","0,6543478342155011","17,0","1,8",Valor de mercado,Charlotte Hornets,Charlotte,"35,2251","-80,8392"
Darrell Arthur,2018,DEN,PF,29,"7,464912","0,0","0,0","8,4","-0,1",Sobrepagado,Denver Nuggets,Denver,"39,7487","-105,0077"
Trevor Ariza,2018,HOU,SF,32,"7,420912","5,3","0,7141979314671835","11,8","1,5",Valor de mercado,Houston Rockets,Houston,"29,7508","-95,3621"
Channing Frye,2018,LAL,C,34,"7,420912","1,5","0,20213149003788214","13,1","0,3",Sobrepagado,LA Lakers,Los Angeles,"34,043","-118,2673"
Al-Farouq Aminu,2018,POR,PF,27,"7,319035","4,2","0,573846142285151","12,0","1,3",Valor de mercado,Portland Trail Blazers,Portland,"45,5316","-122,6668"
Cole Aldrich,2018,MIN,C,29,"7,3","0,0","0,0","6,0","-0,1",Sobrepagado,Minnesota Timberwolves,Minneapolis,"44,9795","-93,276"
Dewayne Dedmon,2018,ATL,C,28,"7,2","3,7","0,513888888888889","15,8","0,8",Valor de mercado,Atlanta Hawks,Atlanta,"33,7573","-84,3963"
Lance Thomas,2018,NYK,PF,29,"7,11965","0,9","0,1264107083915642","6,3","-0,6",Sobrepagado,New York Knicks,New York,"40,7505","-73,9934"
D'Angelo Russell,2018,BRK,PG,21,"7,019698","0,4","0,05698250836431995","15,2","0,3",Sobrepagado,Brooklyn Nets,Brooklyn,"40,6828","-73,9752"
Lou Williams,2018,LAC,SG,31,"7,0","6,7","0,9571428571428572","20,2","2,8",Infravalorado,LA Clippers,Los Angeles,"34,043","-118,2673"
Langston Galloway,2018,DET,SG,26,"7,0","1,4","0,19999999999999998","12,2","0,5",Sobrepagado,Detroit Pistons,Detroit,"42,341","-83,0552"
Jae Crowder,2018,UTA,SF,27,"6,796117","2,6","0,3825714006983694","10,4","-0,3",Valor de mercado,Utah Jazz,Salt Lake City,"40,7683","-111,9011"
Ben Simmons,2018,PHI,PG,21,"6,43452","9,2","1,429788080540584","20,0","4,5",Infravalorado,Philadelphia 76ers,Philadelphia,"39,9012","-75,172"
Ed Davis,2018,POR,C,28,"6,352531","5,0","0,7870878552186522","15,5","0,5",Infravalorado,Portland Trail Blazers,Portland,"45,5316","-122,6668"
Lonzo Ball,2018,LAL,PG,20,"6,28656","2,0","0,31813901402356776","12,5","1,3",Valor de mercado,LA Lakers,Los Angeles,"34,043","-118,2673"
Isaiah Thomas,2018,LAL,PG,28,"6,261395","0,2","0,031941763776283084","12,6","-0,6",Sobrepagado,LA Lakers,Los Angeles,"34,043","-118,2673"
Karl-Anthony Towns,2018,MIN,C,22,"6,21684","14,0","2,2519479349637437","24,9","5,2",Infravalorado,Minnesota Timberwolves,Minneapolis,"44,9795","-93,276"
Shelvin Mack,2018,ORL,PG,27,"6,0","1,9","0,31666666666666665","13,3","0,2",Valor de mercado,Orlando Magic,Orlando,"28,5392","-81,3839"
Jonathon Simmons,2018,ORL,SG,28,"6,0","1,9","0,31666666666666665","12,7","-0,5",Valor de mercado,Orlando Magic,Orlando,"28,5392","-81,3839"
Ish Smith,2018,DET,PG,29,"6,0","4,4","0,7333333333333334","15,4","1,0",Valor de mercado,Detroit Pistons,Detroit,"42,341","-83,0552"
Wesley Johnson,2018,LAC,SF,30,"5,88226","1,7","0,2890045662721471","9,8","0,5",Valor de mercado,LA Clippers,Los Angeles,"34,043","-118,2673"
Jayson Tatum,2018,BOS,SF,19,"5,6454","7,1","1,2576611046161474","15,2","2,0",Infravalorado,Boston Celtics,Boston,"42,3662","-71,0621"
Brandon Ingram,2018,LAL,SF,20,"5,5194","2,8","0,5073015182809725","13,8","0,4",Valor de mercado,LA Lakers,Los Angeles,"34,043","-118,2673"
Patrick Beverley,2018,LAC,SG,29,"5,513514","0,4","0,07254901320645962","12,4","0,2",Sobrepagado,LA Clippers,Los Angeles,"34,043","-118,2673"
Thabo Sefolosha,2018,UTA,SF,33,"5,5","2,6","0,4727272727272727","15,8","0,9",Valor de mercado,Utah Jazz,Salt Lake City,"40,7683","-111,9011"
Jason Smith,2018,WAS,C,31,"5,45","0,0","0,0","8,8","-0,3",Sobrepagado,Washington Wizards,Washington,"38,8981","-77,0209"
Ben McLemore,2018,MEM,SG,24,"5,2","0,5","0,09615384615384615","9,7","-0,5",Sobrepagado,Memphis Grizzlies,Memphis,"35,1382","-90,0505"
Patrick Patterson,2018,OKC,PF,28,"5,192","2,6","0,5007704160246533","10,0","0,6",Valor de mercado,Oklahoma City Thunder,Oklahoma City,"35,4634","-97,5151"
Nick Young,2018,GSW,SG,32,"5,192","1,7","0,3274268104776579","10,0","-0,5",Valor de mercado,Golden State Warriors,San Francisco,"37,768","-122,3877"
Josh Jackson,2018,PHO,SF,20,"5,09004","-0,7","-0,13752347722218292","11,8","-1,1",Sobrepagado,Phoenix Suns,Phoenix,"33,4457","-112,0712"
Mike Muscala,2018,ATL,C,26,"5,0","2,4","0,48","14,4","0,6",Valor de mercado,Atlanta Hawks,Atlanta,"33,7573","-84,3963"
Dirk Nowitzki,2018,DAL,C,39,"5,0","4,8","0,96","16,7","2,1",Infravalorado,Dallas Mavericks,Dallas,"32,7905","-96,8103"
Dante Exum,2018,UTA,PG,22,"4,992385","0,7","0,14021354522938437","16,7","0,1",Sobrepagado,Utah Jazz,Salt Lake City,"40,7683","-111,9011"
Jonathan Isaac,2018,ORL,PF,20,"4,96908","0,2","0,04024889919260709","9,8","0,1",Sobrepagado,Orlando Magic,Orlando,"28,5392","-81,3839"
Jaylen Brown,2018,BOS,SG,21,"4,95648","4,5","0,9079023823358513","13,6","0,8",Infravalorado,Boston Celtics,Boston,"42,3662","-71,0621"
Kyle Singler,2018,OKC,SF,29,"4,6665","0,0","0,0","5,9","-0,1",Sobrepagado,Oklahoma City Thunder,Oklahoma City,"35,4634","-97,5151"
De'Aaron Fox,2018,SAC,PG,20,"4,6092","-0,6","-0,1301744337412132","11,2","-1,1",Sobrepagado,Sacramento Kings,Sacramento,"38,5802","-121,4997"
Ron Baker,2018,NYK,SG,24,"4,544","0,5","0,11003521126760564","9,3","0,2",Sobrepagado,New York Knicks,New York,"40,7505","-73,9934"
Lauri Markkanen,2018,CHI,PF,20,"4,53612","3,3","0,7274939816406972","15,6","0,9",Valor de mercado,Chicago Bulls,Chicago,"41,8807","-87,6742"
Dragan Bender,2018,PHO,PF,20,"4,4688","0,1","0,022377372001432153","7,1","-0,9",Sobrepagado,Phoenix Suns,Phoenix,"33,4457","-112,0712"
Devin Harris,2018,DEN,PG,34,"4,402546","2,5","0,5678532376493056","13,0","0,1",Valor de mercado,Denver Nuggets,Denver,"39,7487","-105,0077"
Justin Holiday,2018,CHI,SG,28,"4,384616","1,7","0,387719243828878","10,8","0,0",Valor de mercado,Chicago Bulls,Chicago,"41,8807","-87,6742"
Jamal Crawford,2018,MIN,SG,37,"4,328","1,3","0,30036968576709794","13,0","-0,1",Valor de mercado,Minnesota Timberwolves,Minneapolis,"44,9795","-93,276"
Emmanuel Mudiay,2018,NYK,PG,21,"4,29448","0,0","0,0","11,5","-0,6",Sobrepagado,New York Knicks,New York,"40,7505","-73,9934"
Kris Dunn,2018,CHI,PG,23,"4,221","0,9","0,21321961620469082","14,5","0,3",Sobrepagado,Chicago Bulls,Chicago,"41,8807","-87,6742"
Nerlens Noel,2018,DAL,C,23,"4,187599","1,3","0,3104404218264452","16,2","0,3",Valor de mercado,Dallas Mavericks,Dallas,"32,7905","-96,8103"
Alex Len,2018,PHO,C,24,"4,187599","4,5","1,0746014601684641","19,4","0,8",Infravalorado,Phoenix Suns,Phoenix,"33,4457","-112,0712"
Frank Ntilikina,2018,NYK,PG,19,"4,15572","-0,9","-0,21656896999797873","7,0","-1,3",Sobrepagado,New York Knicks,New York,"40,7505","-73,9934"
Julius Randle,2018,LAL,C,23,"4,149242","6,6","1,5906519793253804","19,9","1,4",Infravalorado,LA Lakers,Los Angeles,"34,043","-118,2673"
Jonas Jerebko,2018,UTA,PF,30,"4,0","3,4","0,85","13,2","0,6",Infravalorado,Utah Jazz,Salt Lake City,"40,7683","-111,9011"
Nemanja Bjelica,2018,MIN,PF,29,"3,949999","2,8","0,7088609389521364","12,6","0,7",Valor de mercado,Minnesota Timberwolves,Minneapolis,"44,9795","-93,276"
Stanley Johnson,2018,DET,SF,21,"3,940402","1,8","0,45680618373455295","9,0","-0,4",Valor de mercado,Detroit Pistons,Detroit,"42,341","-83,0552"
Quincy Pondexter,2018,CHI,SF,29,"3,853931","-0,2","-0,0518950650647352","4,0","-0,3",Sobrepagado,Chicago Bulls,Chicago,"41,8807","-87,6742"
Willie Cauley-Stein,2018,SAC,C,24,"3,70416","3,9","1,052870286380718","17,6","1,0",Infravalorado,Sacramento Kings,Sacramento,"38,5802","-121,4997"
Buddy Hield,2018,SAC,SG,25,"3,67548","2,8","0,7618052608094725","16,1","1,5",Infravalorado,Sacramento Kings,Sacramento,"38,5802","-121,4997"
Frank Kaminsky,2018,CHO,PF,24,"3,627842","3,6","0,992325465111215","14,4","0,8",Infravalorado,Charlotte Hornets,Charlotte,"35,2251","-80,8392"
Will Barton,2018,DEN,SG,27,"3,533333","6,2","1,754717146671429","16,2","2,1",Infravalorado,Denver Nuggets,Denver,"39,7487","-105,0077"
Zaza Pachulia,2018,GSW,C,33,"3,4776","3,3","0,9489302967563837","17,0","0,5",Infravalorado,Golden State Warriors,San Francisco,"37,768","-122,3877"
Jodie Meeks,2018,WAS,SG,30,"3,4545","2,0","0,5789549862498191","12,4","0,3",Valor de mercado,Washington Wizards,Washington,"38,8981","-77,0209"
Justise Winslow,2018,MIA,PF,21,"3,448926","2,6","0,7538578676376356","11,5","0,4",Infravalorado,Miami Heat,Miami,"25,7814","-80,187"
Malik Monk,2018,CHO,SG,19,"3,44748","0,0","0,0","10,2","-0,3",Sobrepagado,Charlotte Hornets,Charlotte,"35,2251","-80,8392"
Myles Turner,2018,IND,C,21,"3,410284","4,7","1,3781843388996342","16,6","0,8",Infravalorado,Indiana Pacers,Indianapolis,"39,764","-86,1555"
Troy Daniels,2018,PHO,SG,26,"3,40852","1,4","0,4107354511635548","9,8","-0,3",Valor de mercado,Phoenix Suns,Phoenix,"33,4457","-112,0712"
Jamal Murray,2018,DEN,PG,20,"3,35532","5,5","1,6391879165027479","16,1","1,1",Infravalorado,Denver Nuggets,Denver,"39,7487","-105,0077"
Elfrid Payton,2018,PHO,PG,23,"3,33234","2,8","0,840250394617596","16,5","0,8",Infravalorado,Phoenix Suns,Phoenix,"33,4457","-112,0712"
Rajon Rondo,2018,NOP,PG,31,"3,3","3,6","1,090909090909091","15,3","0,7",Infravalorado,New Orleans Pelicans,New Orleans,"29,949","-90,0821"
Doug McDermott,2018,DAL,SF,26,"3,294994","2,3","0,6980285851810352","10,4","-0,1",Valor de mercado,Dallas Mavericks,Dallas,"32,7905","-96,8103"
Anthony Tolliver,2018,DET,PF,32,"3,29","5,3","1,6109422492401215","13,9","1,3",Infravalorado,Detroit Pistons,Detroit,"42,341","-83,0552"
Tyreke Evans,2018,MEM,PG,28,"3,29","4,2","1,2765957446808511","21,1","2,6",Infravalorado,Memphis Grizzlies,Memphis,"35,1382","-90,0505"
Tarik Black,2018,HOU,C,26,"3,29","1,5","0,45592705167173253","14,3","-0,1",Valor de mercado,Houston Rockets,Houston,"29,7508","-95,3621"
Luke Kennard,2018,DET,SG,21,"3,27528","2,6","0,7938252607410664","12,1","0,5",Infravalorado,Detroit Pistons,Detroit,"42,341","-83,0552"
Cameron Payne,2018,CHI,PG,23,"3,263294","0,8","0,2451510651507342","14,0","0,2",Sobrepagado,Chicago Bulls,Chicago,"41,8807","-87,6742"
Dennis Smith Jr.,2018,DAL,PG,20,"3,21828","-0,7","-0,2175074884721031","12,8","-0,2",Sobrepagado,Dallas Mavericks,Dallas,"32,7905","-96,8103"
Kelly Oubre Jr.,2018,WAS,SF,22,"3,20863","3,7","1,1531401252247846","11,9","0,2",Infravalorado,Washington Wizards,Washington,"38,8981","-77,0209"
Ekpe Udoh,2018,UTA,C,30,"3,2","3,2","1,0","15,2","1,1",Infravalorado,Utah Jazz,Salt Lake City,"40,7683","-111,9011"
T.J. Warren,2018,PHO,SF,24,"3,152931","3,4","1,0783616894882888","17,6","0,7",Infravalorado,Phoenix Suns,Phoenix,"33,4457","-112,0712"
Marquese Chriss,2018,PHO,PF,20,"3,0738","0,7","0,22773114711432102","11,1","-0,3",Sobrepagado,Phoenix Suns,Phoenix,"33,4457","-112,0712"
Zach Collins,2018,POR,C,20,"3,05724","0,6","0,19625544608862894","7,5","-0,6",Sobrepagado,Portland Trail Blazers,Portland,"45,5316","-122,6668"
Bam Adebayo,2018,MIA,C,20,"2,95584","4,2","1,4209158817797989","15,7","0,6",Infravalorado,Miami Heat,Miami,"25,7814","-80,187"
Jakob Poeltl,2018,TOR,C,22,"2,94732","5,6","1,9000312147985288","17,5","0,9",Infravalorado,Toronto Raptors,Toronto,"43,6435","-79,3791"
Thon Maker,2018,MIL,C,20,"2,79972","1,5","0,5357678625005358","10,2","-0,5",Valor de mercado,Milwaukee Bucks,Milwaukee,"43,045","-87,917"
Cedi Osman,2018,CLE,SF,22,"2,775","0,9","0,32432432432432434","11,0","-0,1",Valor de mercado,Cleveland Cavaliers,Cleveland,"41,4965","-81,6882"
Domantas Sabonis,2018,IND,C,21,"2,6598","4,7","1,7670501541469283","17,5","0,4",Infravalorado,Indiana Pacers,Indianapolis,"39,764","-86,1555"
Jerian Grant,2018,CHI,PG,25,"2,639314","3,3","1,2503248950295416","14,3","0,3",Infravalorado,Chicago Bulls,Chicago,"41,8807","-87,6742"
Donovan Mitchell,2018,UTA,SG,21,"2,62128","5,2","1,9837636574497954","16,7","2,2",Infravalorado,Utah Jazz,Salt Lake City,"40,7683","-111,9011"
Gary Harris,2018,DEN,SG,23,"2,550055","5,5","2,1568162255323906","16,5","1,7",Infravalorado,Denver Nuggets,Denver,"39,7487","-105,0077"
Delon Wright,2018,TOR,PG,25,"2,536898","4,5","1,773819838243398","16,5","1,9",Infravalorado,Toronto Raptors,Toronto,"43,6435","-79,3791"
D.J. Wilson,2018,MIL,PF,21,"2,53428","0,1","0,03945893902804742","10,3","0,0",Sobrepagado,Milwaukee Bucks,Milwaukee,"43,045","-87,917"
Taurean Prince,2018,ATL,SF,23,"2,52684","2,0","0,7915024299124599","12,8","0,6",Infravalorado,Atlanta Hawks,Atlanta,"33,7573","-84,3963"
Justin Anderson,2018,PHI,SF,24,"2,516048","1,2","0,47693843678657954","13,0","0,1",Valor de mercado,Philadelphia 76ers,Philadelphia,"39,9012","-75,172"
Reggie Bullock,2018,DET,SF,26,"2,5","4,2","1,6800000000000002","13,6","1,2",Infravalorado,Detroit Pistons,Detroit,"42,341","-83,0552"
Bobby Portis,2018,CHI,PF,22,"2,494346","3,5","1,4031734169998868","19,7","1,2",Infravalorado,Chicago Bulls,Chicago,"41,8807","-87,6742"
Rondae Hollis-Jefferson,2018,BRK,SF,23,"2,470357","4,1","1,6596791475887898","16,9","1,0",Infravalorado,Brooklyn Nets,Brooklyn,"40,6828","-73,9752"
Bruno Caboclo,2018,SAC,SF,22,"2,451225","0,0","0,0","7,4","-0,1",Sobrepagado,Sacramento Kings,Sacramento,"38,5802","-121,4997"
Trey Lyles,2018,DEN,PF,22,"2,4414","3,9","1,597444089456869","17,9","1,1",Infravalorado,Denver Nuggets,Denver,"39,7487","-105,0077"
T.J. Leaf,2018,IND,PF,20,"2,40756","0,8","0,33228663044742396","10,7","-0,1",Valor de mercado,Indiana Pacers,Indianapolis,"39,764","-86,1555"
Justin Jackson,2018,SAC,SF,22,"2,36556","1,0","0,4227328835455453","9,2","-0,6",Valor de mercado,Sacramento Kings,Sacramento,"38,5802","-121,4997"
Shabazz Napier,2018,POR,PG,26,"2,36136","3,2","1,3551512687603755","14,2","1,0",Infravalorado,Portland Trail Blazers,Portland,"45,5316","-122,6668"
Clint Capela,2018,HOU,C,23,"2,334528","10,2","4,3691915453573476","24,5","2,8",Infravalorado,Houston Rockets,Houston,"29,7508","-95,3621"
Devin Booker,2018,PHO,SG,21,"2,31936","2,4","1,0347682119205297","18,1","1,4",Infravalorado,Phoenix Suns,Phoenix,"33,4457","-112,0712"
John Collins,2018,ATL,PF,20,"2,29908","5,4","2,348765593193799","18,3","0,8",Infravalorado,Atlanta Hawks,Atlanta,"33,7573","-84,3963"
Denzel Valentine,2018,CHI,SG,24,"2,2806","2,5","1,096202753661317","12,1","0,5",Infravalorado,Chicago Bulls,Chicago,"41,8807","-87,6742"
Larry Nance Jr.,2018,CLE,C,25,"2,272391","5,8","2,552377649797064","20,2","1,6",Infravalorado,Cleveland Cavaliers,Cleveland,"41,4965","-81,6882"
Guerschon Yabusele,2018,BOS,PF,22,"2,24748","0,6","0,26696566821506756","12,3","0,0",Valor de mercado,Boston Celtics,Boston,"42,3662","-71,0621"
Brandon Jennings,2018,MIL,PG,28,"2,222803","0,1","0,044988242322868924","12,7","-0,1",Sobrepagado,Milwaukee Bucks,Milwaukee,"43,045","-87,917"
Kyle Anderson,2018,SAS,SF,24,"2,151704","6,2","2,88143722370735","15,9","2,4",Infravalorado,San Antonio Spurs,San Antonio,"29,427","-98,4375"
Darius Miller,2018,NOP,SF,27,"2,1","3,0","1,4285714285714286","9,3","0,1",Infravalorado,New Orleans Pelicans,New Orleans,"29,949","-90,0821"
Sean Kilpatrick,2018,CHI,SG,28,"2,054856","0,1","0,04866521060356541","11,6","-0,1",Sobrepagado,Chicago Bulls,Chicago,"41,8807","-87,6742"
OG Anunoby,2018,TOR,SF,20,"2,03412","3,0","1,474839242522565","10,0","0,5",Infravalorado,Toronto Raptors,Toronto,"43,6435","-79,3791"
Jarrett Allen,2018,BRK,C,19,"2,03412","4,2","2,064774939531591","17,5","0,5",Infravalorado,Brooklyn Nets,Brooklyn,"40,6828","-73,9752"
Terry Rozier,2018,BOS,PG,23,"1,98852","5,6","2,8161647858708987","15,1","2,1",Infravalorado,Boston Celtics,Boston,"42,3662","-71,0621"
Tyler Zeller,2018,MIL,C,28,"1,933941","2,9","1,4995286826226861","16,0","0,2",Infravalorado,Milwaukee Bucks,Milwaukee,"43,045","-87,917"
Rashad Vaughn,2018,ORL,SG,21,"1,88904","0,2","0,10587388303053404","9,3","0,0",Sobrepagado,Orlando Magic,Orlando,"28,5392","-81,3839"
Henry Ellenson,2018,DET,PF,21,"1,85748","0,1","0,053836380472468075","10,5","-0,2",Sobrepagado,Detroit Pistons,Detroit,"42,341","-83,0552"
Eric Moreland,2018,DET,PF,26,"1,8263","2,3","1,2593768822208837","13,9","0,5",Infravalorado,Detroit Pistons,Detroit,"42,341","-83,0552"
Sam Dekker,2018,LAC,PF,23,"1,7946","1,2","0,6686726847208292","11,5","-0,2",Valor de mercado,LA Clippers,Los Angeles,"34,043","-118,2673"
Terrance Ferguson,2018,OKC,SG,19,"1,785","1,2","0,6722689075630253","7,4","-0,3",Valor de mercado,Oklahoma City Thunder,Oklahoma City,"35,4634","-97,5151"
Furkan Korkmaz,2018,PHI,SG,20,"1,74","0,0","0,0","3,4","-0,1",Sobrepagado,Philadelphia 76ers,Philadelphia,"39,9012","-75,172"
Caris LeVert,2018,BRK,SF,23,"1,7028","2,3","1,3507164669955365","14,2","0,6",Infravalorado,Brooklyn Nets,Brooklyn,"40,6828","-73,9752"
Malik Beasley,2018,DEN,SG,21,"1,70064","0,3","0,1764041772509173","9,0","-0,3",Sobrepagado,Denver Nuggets,Denver,"39,7487","-105,0077"
Spencer Dinwiddie,2018,BRK,PG,24,"1,656092","5,7","3,4418377722976747","15,9","1,5",Infravalorado,Brooklyn Nets,Brooklyn,"40,6828","-73,9752"
Julyan Stone,2018,CHO,SG,29,"1,656092","0,3","0,1811493564367197","7,6","0,0",Sobrepagado,Charlotte Hornets,Charlotte,"35,2251","-80,8392"
DeAndre' Bembry,2018,ATL,SF,23,"1,63464","-0,4","-0,24470219742573288","7,6","-0,3",Sobrepagado,Atlanta Hawks,Atlanta,"33,7573","-84,3963"
Richaun Holmes,2018,PHI,C,24,"1,60052","2,8","1,7494314347836952","17,4","0,6",Infravalorado,Philadelphia 76ers,Philadelphia,"39,9012","-75,172"
T.J. McConnell,2018,PHI,PG,25,"1,60052","3,8","2,3742283757778724","12,5","0,9",Infravalorado,Philadelphia 76ers,Philadelphia,"39,9012","-75,172"
Dwight Buycks,2018,DET,PG,28,"1,60052","0,2","0,12495938819883538","12,8","-0,1",Sobrepagado,Detroit Pistons,Detroit,"42,341","-83,0552"
Malachi Richardson,2018,TOR,SG,22,"1,56936","-0,1","-0,063720242646684","5,9","-0,3",Sobrepagado,Toronto Raptors,Toronto,"43,6435","-79,3791"
Pascal Siakam,2018,TOR,PF,23,"1,544951","4,7","3,0421676803989253","14,5","1,4",Infravalorado,Toronto Raptors,Toronto,"43,6435","-79,3791"
Isaiah Taylor,2018,ATL,PG,23,"1,544951","0,6","0,3883618315402883","10,9","-0,7",Valor de mercado,Atlanta Hawks,Atlanta,"33,7573","-84,3963"
Troy Williams,2018,NYK,SF,23,"1,544951","0,5","0,32363485961690697","15,1","0,1",Valor de mercado,New York Knicks,New York,"40,7505","-73,9934"
Quinn Cook,2018,GSW,PG,24,"1,544951","1,6","1,0356315507741023","12,8","0,1",Infravalorado,Golden State Warriors,San Francisco,"37,768","-122,3877"
Rodney McGruder,2018,MIA,SG,26,"1,544951","0,8","0,5178157753870511","12,0","0,1",Valor de mercado,Miami Heat,Miami,"25,7814","-80,187"
Malcolm Brogdon,2018,MIL,PG,25,"1,544951","2,7","1,7476282419312976","14,3","0,3",Infravalorado,Milwaukee Bucks,Milwaukee,"43,045","-87,917"
Trey Burke,2018,NYK,PG,25,"1,544951","2,4","1,5534473261611532","21,0","0,9",Infravalorado,New York Knicks,New York,"40,7505","-73,9934"
Joffrey Lauvergne,2018,SAS,C,26,"1,524305","1,3","0,8528476912428943","16,5","0,1",Infravalorado,San Antonio Spurs,San Antonio,"29,427","-98,4375"
Tyler Ennis,2018,LAL,PG,23,"1,524305","0,8","0,5248293484571658","11,1","0,0",Valor de mercado,LA Lakers,Los Angeles,"34,043","-118,2673"
Jerami Grant,2018,OKC,PF,23,"1,524305","5,4","3,542598102085869","16,2","1,0",Infravalorado,Oklahoma City Thunder,Oklahoma City,"35,4634","-97,5151"
Tyus Jones,2018,MIN,PG,21,"1,471382","3,6","2,446679380337669","14,1","1,1",Infravalorado,Minnesota Timberwolves,Minneapolis,"44,9795","-93,276"
Omri Casspi,2018,GSW,SF,29,"1,471382","2,2","1,4951929546507978","15,5","0,2",Infravalorado,Golden State Warriors,San Francisco,"37,768","-122,3877"
Mario Chalmers,2018,MEM,PG,31,"1,471382","0,6","0,4077798967229448","10,4","-0,4",Valor de mercado,Memphis Grizzlies,Memphis,"35,1382","-90,0505"
Raymond Felton,2018,OKC,PG,33,"1,471382","2,2","1,4951929546507978","13,0","0,5",Infravalorado,Oklahoma City Thunder,Oklahoma City,"35,4634","-97,5151"
Nick Collison,2018,OKC,PF,37,"1,471382","0,1","0,06796331612049081","13,2","0,0",Sobrepagado,Oklahoma City Thunder,Oklahoma City,"35,4634","-97,5151"
Josh Huestis,2018,OKC,PF,26,"1,471382","0,5","0,339816580602454","5,4","-0,5",Valor de mercado,Oklahoma City Thunder,Oklahoma City,"35,4634","-97,5151"
Raul Neto,2018,UTA,PG,25,"1,471382","0,9","0,6116698450844172","11,9","0,1",Valor de mercado,Utah Jazz,Salt Lake City,"40,7683","-111,9011"
Aaron Brooks,2018,MIN,PG,33,"1,471382","0,1","0,06796331612049081","9,8","-0,1",Sobrepagado,Minnesota Timberwolves,Minneapolis,"44,9795","-93,276"
Pat Connaughton,2018,POR,SG,25,"1,471382","2,5","1,69908290301227","9,3","0,1",Infravalorado,Portland Trail Blazers,Portland,"45,5316","-122,6668"
JaVale McGee,2018,GSW,C,30,"1,471382","2,7","1,8350095352532518","22,3","0,5",Infravalorado,Golden State Warriors,San Francisco,"37,768","-122,3877"
Montrezl Harrell,2018,LAC,C,24,"1,471382","5,5","3,737982386626994","24,7","1,7",Infravalorado,LA Clippers,Los Angeles,"34,043","-118,2673"
Damien Wilkins,2018,IND,SF,38,"1,471382","-0,1","-0,06796331612049081","4,9","-0,2",Sobrepagado,Indiana Pacers,Indianapolis,"39,764","-86,1555"
Luc Mbah a Moute,2018,HOU,PF,31,"1,471382","2,8","1,9029728513737425","10,3","0,7",Infravalorado,Houston Rockets,Houston,"29,7508","-95,3621"
Kevon Looney,2018,GSW,C,21,"1,471382","2,8","1,9029728513737425","14,8","0,4",Infravalorado,Golden State Warriors,San Francisco,"37,768","-122,3877"
Andrew Bogut,2018,LAL,C,33,"1,471382","0,4","0,27185326448196323","10,9","-0,1",Valor de mercado,LA Lakers,Los Angeles,"34,043","-118,2673"
David West,2018,GSW,C,37,"1,471382","3,5","2,378716064217178","20,9","1,3",Infravalorado,Golden State Warriors,San Francisco,"37,768","-122,3877"
Chris McCullough,2018,WAS,PF,22,"1,471382","0,2","0,13592663224098162","15,8","0,0",Sobrepagado,Washington Wizards,Washington,"38,8981","-77,0209"
Salah Mejri,2018,DAL,C,31,"1,471382","2,7","1,8350095352532518","17,8","0,5",Infravalorado,Dallas Mavericks,Dallas,"32,7905","-96,8103"
Jarell Martin,2018,MEM,PF,23,"1,471382","1,3","0,8835231095663805","10,5","-0,8",Infravalorado,Memphis Grizzlies,Memphis,"35,1382","-90,0505"
Willie Reed,2018,DET,C,27,"1,471382","1,5","1,019449741807362","19,2","0,3",Infravalorado,Detroit Pistons,Detroit,"42,341","-83,0552"
Tony Allen,2018,NOP,SF,36,"1,471382","0,1","0,06796331612049081","8,7","-0,2",Sobrepagado,New Orleans Pelicans,New Orleans,"29,949","-90,0821"
Ian Clark,2018,NOP,SG,26,"1,471382","1,1","0,7475964773253989","9,4","-0,6",Infravalorado,New Orleans Pelicans,New Orleans,"29,949","-90,0821"
Caleb Swanigan,2018,POR,PF,20,"1,46592","0,0","0,0","7,5","-0,2",Sobrepagado,Portland Trail Blazers,Portland,"45,5316","-122,6668"
Richard Jefferson,2018,DEN,SF,37,"1,454756","0,1","0,0687400498777802","6,4","-0,1",Sobrepagado,Denver Nuggets,Denver,"39,7487","-105,0077"
Kyle Kuzma,2018,LAL,PF,22,"1,42356","3,8","2,6693641293658152","14,2","0,8",Infravalorado,LA Lakers,Los Angeles,"34,043","-118,2673"
Derrick White,2018,SAS,PG,23,"1,4046","0,5","0,35597323081304283","15,9","0,2",Valor de mercado,San Antonio Spurs,San Antonio,"29,427","-98,4375"
Josh Hart,2018,LAL,SG,22,"1,39452","3,4","2,438114906921378","12,2","0,7",Infravalorado,LA Lakers,Los Angeles,"34,043","-118,2673"
Tyler Dorsey,2018,ATL,SG,21,"1,378242","0,4","0,29022479361389364","10,0","-0,2",Valor de mercado,Atlanta Hawks,Atlanta,"33,7573","-84,3963"
Wes Iwundu,2018,ORL,SF,23,"1,378242","0,7","0,5078933888243139","7,8","-0,6",Valor de mercado,Orlando Magic,Orlando,"28,5392","-81,3839"
Khem Birch,2018,ORL,C,25,"1,378242","1,8","1,3060115712625215","16,4","0,2",Infravalorado,Orlando Magic,Orlando,"28,5392","-81,3839"
Damyean Dotson,2018,NYK,SG,23,"1,378242","0,6","0,43533719042084046","11,6","0,0",Valor de mercado,New York Knicks,New York,"40,7505","-73,9934"
Sterling Brown,2018,MIL,SG,22,"1,378242","0,7","0,5078933888243139","9,1","-0,2",Valor de mercado,Milwaukee Bucks,Milwaukee,"43,045","-87,917"
Rodney Purvis,2018,ORL,SG,23,"1,378242","-0,3","-0,21766859521042023","4,5","-0,5",Sobrepagado,Orlando Magic,Orlando,"28,5392","-81,3839"
Ike Anigbogu,2018,IND,C,19,"1,378242","0,1","0,07255619840347341","21,6","0,0",Sobrepagado,Indiana Pacers,Indianapolis,"39,764","-86,1555"
Antonius Cleveland,2018,ATL,SG,23,"1,378242","0,0","0,0","4,5","-0,1",Sobrepagado,Atlanta Hawks,Atlanta,"33,7573","-84,3963"
Jordan Bell,2018,GSW,C,23,"1,378242","2,9","2,104129753700729","18,0","1,0",Infravalorado,Golden State Warriors,San Francisco,"37,768","-122,3877"
Alfonzo McKinnie,2018,TOR,SF,25,"1,378242","0,1","0,07255619840347341","10,1","0,0",Sobrepagado,Toronto Raptors,Toronto,"43,6435","-79,3791"
Alex Poythress,2018,IND,PF,24,"1,378242","0,1","0,07255619840347341","7,8","-0,1",Sobrepagado,Indiana Pacers,Indianapolis,"39,764","-86,1555"
Brice Johnson,2018,MEM,PF,23,"1,33116","0,2","0,15024489918567266","18,2","0,0",Sobrepagado,Memphis Grizzlies,Memphis,"35,1382","-90,0505"
Patrick McCaw,2018,GSW,SG,22,"1,312611","0,6","0,4571041991877258","7,4","-0,5",Valor de mercado,Golden State Warriors,San Francisco,"37,768","-122,3877"
Dejounte Murray,2018,SAS,PG,21,"1,312611","3,2","2,437889062334538","15,1","1,1",Infravalorado,San Antonio Spurs,San Antonio,"29,427","-98,4375"
Bryn Forbes,2018,SAS,SG,24,"1,312611","2,1","1,5998646971570405","9,1","-0,4",Infravalorado,San Antonio Spurs,San Antonio,"29,427","-98,4375"
Tyler Ulis,2018,PHO,PG,22,"1,312611","-0,2","-0,15236806639590864","10,1","-1,0",Sobrepagado,Phoenix Suns,Phoenix,"33,4457","-112,0712"
Yogi Ferrell,2018,DAL,SG,24,"1,312611","3,0","2,2855209959386293","11,4","0,4",Infravalorado,Dallas Mavericks,Dallas,"32,7905","-96,8103"
Cheick Diallo,2018,NOP,PF,21,"1,312611","1,9","1,4474966307611319","17,0","0,1",Infravalorado,New Orleans Pelicans,New Orleans,"29,949","-90,0821"
Jake Layman,2018,POR,SF,23,"1,312611","-0,1","-0,07618403319795432","4,9","-0,1",Sobrepagado,Portland Trail Blazers,Portland,"45,5316","-122,6668"
Ivica Zubac,2018,LAL,C,20,"1,312611","1,0","0,761840331979543","15,3","0,0",Infravalorado,LA Lakers,Los Angeles,"34,043","-118,2673"
Deyonta Davis,2018,MEM,C,21,"1,312611","2,7","2,0569688963447663","16,6","0,1",Infravalorado,Memphis Grizzlies,Memphis,"35,1382","-90,0505"
Andrew Harrison,2018,MEM,PG,23,"1,312611","1,7","1,2951285643652233","12,7","0,2",Infravalorado,Memphis Grizzlies,Memphis,"35,1382","-90,0505"
Isaiah Whitehead,2018,BRK,PG,22,"1,312611","-0,1","-0,07618403319795432","11,5","-0,1",Sobrepagado,Brooklyn Nets,Brooklyn,"40,6828","-73,9752"
Dorian Finney-Smith,2018,DAL,PF,24,"1,312611","0,1","0,07618403319795432","7,6","-0,3",Sobrepagado,Dallas Mavericks,Dallas,"32,7905","-96,8103"
Paul Zipser,2018,CHI,SF,23,"1,312611","-0,6","-0,4571041991877258","5,2","-0,8",Sobrepagado,Chicago Bulls,Chicago,"41,8807","-87,6742"
Wayne Selden,2018,MEM,SG,23,"1,312611","0,3","0,2285520995938629","11,8","-0,2",Sobrepagado,Memphis Grizzlies,Memphis,"35,1382","-90,0505"
Marcus Georges-Hunt,2018,MIN,SG,23,"1,312611","0,2","0,15236806639590864","6,9","-0,2",Sobrepagado,Minnesota Timberwolves,Minneapolis,"44,9795","-93,276"
Damian Jones,2018,GSW,C,22,"1,312611","0,1","0,07618403319795432","6,8","-0,1",Sobrepagado,Golden State Warriors,San Francisco,"37,768","-122,3877"
Khris Middleton,2018,MIL,SF,26,"1,3","6,9","5,3076923076923075","17,4","1,5",Infravalorado,Milwaukee Bucks,Milwaukee,"43,045","-87,917"
Semi Ojeleye,2018,BOS,PF,23,"1,291892","1,2","0,9288702151573041","4,6","-0,8",Infravalorado,Boston Celtics,Boston,"42,3662","-71,0621"
Frank Mason III,2018,SAC,PG,23,"1,184385","0,5","0,42216002397868935","13,0","-0,1",Valor de mercado,Sacramento Kings,Sacramento,"38,5802","-121,4997"
Abdel Nader,2018,BOS,SF,24,"1,167333","-0,1","-0,08566535855664152","5,1","-0,4",Sobrepagado,Boston Celtics,Boston,"42,3662","-71,0621"
Isaiah Canaan,2018,PHO,PG,26,"0,997547","0,6","0,6014754192033057","13,5","0,1",Valor de mercado,Phoenix Suns,Phoenix,"33,4457","-112,0712"
Ivan Rabb,2018,MEM,PF,20,"0,95","1,2","1,263157894736842","16,6","0,0",Infravalorado,Memphis Grizzlies,Memphis,"35,1382","-90,0505"
Gerald Green,2018,HOU,SG,32,"0,872854","2,1","2,405900643177439","14,1","0,5",Infravalorado,Houston Rockets,Houston,"29,7508","-95,3621"
Dillon Brooks,2018,MEM,SF,22,"0,815615","1,2","1,4712824065275896","9,8","-1,2",Infravalorado,Memphis Grizzlies,Memphis,"35,1382","-90,0505"
Dakari Johnson,2018,OKC,C,22,"0,815615","0,6","0,7356412032637948","16,4","0,1",Infravalorado,Oklahoma City Thunder,Oklahoma City,"35,4634","-97,5151"
Thomas Bryant,2018,LAL,C,20,"0,815615","0,1","0,12260686721063248","9,9","0,0",Sobrepagado,LA Lakers,Los Angeles,"34,043","-118,2673"
Royce O'Neale,2018,UTA,SF,24,"0,815615","2,4","2,942564813055179","10,8","0,5",Infravalorado,Utah Jazz,Salt Lake City,"40,7683","-111,9011"
Brandon Paul,2018,SAS,SG,26,"0,815615","0,5","0,6130343360531624","7,4","-0,2",Valor de mercado,San Antonio Spurs,San Antonio,"29,427","-98,4375"
Jawun Evans,2018,LAC,PG,21,"0,815615","-0,2","-0,24521373442126496","7,2","-0,6",Sobrepagado,LA Clippers,Los Angeles,"34,043","-118,2673"
Davon Reed,2018,PHO,SG,22,"0,815615","-0,3","-0,3678206016318974","4,8","-0,3",Sobrepagado,Phoenix Suns,Phoenix,"33,4457","-112,0712"
Zhou Qi,2018,HOU,C,22,"0,815615","-0,3","-0,3678206016318974","1,9","-0,3",Sobrepagado,Houston Rockets,Houston,"29,7508","-95,3621"
Maxi Kleber,2018,DAL,PF,26,"0,815615","2,8","3,4329922818977088","13,4","0,5",Infravalorado,Dallas Mavericks,Dallas,"32,7905","-96,8103"
Sindarius Thornwell,2018,LAC,SG,23,"0,815615","1,0","1,2260686721063248","8,2","-0,1",Infravalorado,LA Clippers,Los Angeles,"34,043","-118,2673"
Daniel Theis,2018,BOS,C,25,"0,815615","3,5","4,291240352372136","16,1","0,5",Infravalorado,Boston Celtics,Boston,"42,3662","-71,0621"
Tyler Cavanaugh,2018,ATL,PF,23,"0,679919","1,2","1,764916115007817","13,0","0,0",Infravalorado,Atlanta Hawks,Atlanta,"33,7573","-84,3963"
Emeka Okafor,2018,NOP,C,35,"0,59203","1,0","1,689103592723342","16,4","0,1",Infravalorado,New Orleans Pelicans,New Orleans,"29,949","-90,0821"
DeAndre Liggins,2018,NOP,SG,29,"0,58812","0,5","0,8501666326600014","6,0","-0,1",Infravalorado,New Orleans Pelicans,New Orleans,"29,949","-90,0821"
Brandan Wright,2018,HOU,PF,30,"0,490461","1,3","2,650567527285554","19,0","0,4",Infravalorado,Houston Rockets,Houston,"29,7508","-95,3621"
Joe Johnson,2018,HOU,SF,36,"0,473835","1,0","2,1104392879377842","8,1","-0,3",Infravalorado,Houston Rockets,Houston,"29,7508","-95,3621"
C.J. Williams,2018,LAC,SG,27,"0,375","0,7","1,8666666666666665","9,5","0,0",Infravalorado,LA Clippers,Los Angeles,"34,043","-118,2673"
Derrick Rose,2018,MIN,PG,29,"0,290951","-0,2","-0,6874009712975725","11,5","-0,4",Sobrepagado,Minnesota Timberwolves,Minneapolis,"44,9795","-93,276"
Georgios Papagiannis,2018,POR,C,20,"0,185397","0,0","0,0","12,2","-0,1",Sobrepagado,Portland Trail Blazers,Portland,"45,5316","-122,6668"
Shaquille Harrison,2018,PHO,PG,24,"0,175","0,8","4,571428571428572","15,6","0,1",Infravalorado,Phoenix Suns,Phoenix,"33,4457","-112,0712"
Travis Wear,2018,LAL,SF,27,"0,148318","0,2","1,3484539974918757","6,9","-0,1",Infravalorado,LA Lakers,Los Angeles,"34,043","-118,2673"
Stephen Curry,2019,GSW,PG,30,"37,457154","9,7","0,258962546914269","24,4","5,1",Valor de mercado,Golden State Warriors,San Francisco,"37,768","-122,3877"
Chris Paul,2019,HOU,PG,33,"35,65415","6,6","0,18511169106541592","19,7","2,8",Sobrepagado,Houston Rockets,Houston,"29,7508","-95,3621"
LeBron James,2019,LAL,SF,34,"35,65415","7,2","0,2019400266168174","25,6","4,9",Sobrepagado,LA Lakers,Los Angeles,"34,043","-118,2673"
Russell Westbrook,2019,OKC,PG,30,"35,65415","6,8","0,1907211362492164","21,1","4,7",Sobrepagado,Oklahoma City Thunder,Oklahoma City,"35,4634","-97,5151"
Blake Griffin,2019,DET,PF,29,"32,088932","8,0","0,2493071442826455","21,0","4,7",Valor de mercado,Detroit Pistons,Detroit,"42,341","-83,0552"
Gordon Hayward,2019,BOS,PF,28,"31,214295","4,9","0,15697935833566","15,6","1,3",Sobrepagado,Boston Celtics,Boston,"42,3662","-71,0621"
Kyle Lowry,2019,TOR,PG,32,"31,2","6,6","0,21153846153846154","16,5","2,4",Sobrepagado,Toronto Raptors,Toronto,"43,6435","-79,3791"
Paul George,2019,OKC,SF,28,"30,5607","11,9","0,38938898650881687","23,3","6,6",Valor de mercado,Oklahoma City Thunder,Oklahoma City,"35,4634","-97,5151"
Mike Conley,2019,MEM,PG,31,"30,521115","8,0","0,2621136219957888","21,4","3,9",Valor de mercado,Memphis Grizzlies,Memphis,"35,1382","-90,0505"
James Harden,2019,HOU,PG,29,"30,421854","15,2","0,49964081742026634","30,6","9,3",Valor de mercado,Houston Rockets,Houston,"29,7508","-95,3621"
Kevin Durant,2019,GSW,SF,30,"30,0","11,5","0,38333333333333336","24,2","5,1",Valor de mercado,Golden State Warriors,San Francisco,"37,768","-122,3877"
Paul Millsap,2019,DEN,PF,33,"29,230769","6,1","0,20868421217382271","17,9","1,8",Sobrepagado,Denver Nuggets,Denver,"39,7487","-105,0077"
Al Horford,2019,BOS,C,32,"28,928709","7,5","0,25925802634331174","20,2","3,6",Valor de mercado,Boston Celtics,Boston,"42,3662","-71,0621"
Damian Lillard,2019,POR,PG,28,"27,977689","12,1","0,4324874724284768","23,7","6,0",Valor de mercado,Portland Trail Blazers,Portland,"45,5316","-122,6668"
DeMar DeRozan,2019,SAS,SG,29,"27,739975","6,3","0,22710907273708789","19,6","2,2",Sobrepagado,San Antonio Spurs,San Antonio,"29,427","-98,4375"
Otto Porter Jr.,2019,CHI,SF,25,"26,011913","3,2","0,1230205560044738","15,9","1,2",Sobrepagado,Chicago Bulls,Chicago,"41,8807","-87,6742"
Jrue Holiday,2019,NOP,SG,28,"25,976111","5,4","0,20788331247891575","19,4","3,1",Sobrepagado,New Orleans Pelicans,New Orleans,"29,949","-90,0821"
CJ McCollum,2019,POR,SG,27,"25,759766","5,6","0,21739327911596712","17,0","1,8",Sobrepagado,Portland Trail Blazers,Portland,"45,5316","-122,6668"
Joel Embiid,2019,PHI,C,24,"25,46725","8,7","0,3416152116934494","26,1","3,8",Valor de mercado,Philadelphia 76ers,Philadelphia,"39,9012","-75,172"
Andrew Wiggins,2019,MIN,SF,23,"25,46725","0,6","0,023559669771962027","12,4","-0,6",Sobrepagado,Minnesota Timberwolves,Minneapolis,"44,9795","-93,276"
Bradley Beal,2019,WAS,SG,25,"25,434263","7,6","0,29880952320104576","20,8","3,7",Valor de mercado,Washington Wizards,Washington,"38,8981","-77,0209"
Anthony Davis,2019,NOP,C,25,"25,434263","9,5","0,3735119040013072","30,3","5,3",Valor de mercado,New Orleans Pelicans,New Orleans,"29,949","-90,0821"
Andre Drummond,2019,DET,C,25,"25,434263","10,0","0,3931704252645339","23,4","2,7",Valor de mercado,Detroit Pistons,Detroit,"42,341","-83,0552"
Hassan Whiteside,2019,MIA,C,29,"25,434262","6,3","0,2476973776553847","23,5","1,8",Valor de mercado,Miami Heat,Miami,"25,7814","-80,187"
Steven Adams,2019,OKC,C,25,"24,157303","9,1","0,376697680200476","18,5","2,1",Valor de mercado,Oklahoma City Thunder,Oklahoma City,"35,4634","-97,5151"
Giannis Antetokounmpo,2019,MIL,PF,24,"24,157303","14,4","0,5960930324051489","30,9","7,4",Valor de mercado,Milwaukee Bucks,Milwaukee,"43,045","-87,917"
Marc Gasol,2019,TOR,C,34,"24,119025","6,0","0,2487662747561313","16,7","3,1",Valor de mercado,Toronto Raptors,Toronto,"43,6435","-79,3791"
Kevin Love,2019,CLE,PF,30,"24,119025","1,3","0,05389935953049512","19,5","0,6",Sobrepagado,Cleveland Cavaliers,Cleveland,"41,4965","-81,6882"
Harrison Barnes,2019,SAC,PF,26,"24,107258","3,6","0,14933262007649314","12,8","0,4",Sobrepagado,Sacramento Kings,Sacramento,"38,5802","-121,4997"
Chandler Parsons,2019,MEM,SF,30,"24,107258","0,0","0,0","8,5","-0,3",Sobrepagado,Memphis Grizzlies,Memphis,"35,1382","-90,0505"
Nicolas Batum,2019,CHO,SF,30,"24,0","3,7","0,15416666666666667","11,9","1,0",Sobrepagado,Charlotte Hornets,Charlotte,"35,2251","-80,8392"
Rudy Gobert,2019,UTA,C,26,"23,241573","14,4","0,6195794062647998","24,6","4,8",Valor de mercado,Utah Jazz,Salt Lake City,"40,7683","-111,9011"
Kawhi Leonard,2019,TOR,SF,27,"23,114067","9,5","0,41100512514738324","25,8","4,7",Valor de mercado,Toronto Raptors,Toronto,"43,6435","-79,3791"
DeAndre Jordan,2019,NYK,C,30,"22,8972","7,1","0,31008158202749675","19,0","2,1",Valor de mercado,New York Knicks,New York,"40,7505","-73,9934"
LaMarcus Aldridge,2019,SAS,C,33,"22,347015","9,3","0,4161629640468761","22,9","2,6",Valor de mercado,San Antonio Spurs,San Antonio,"29,427","-98,4375"
Serge Ibaka,2019,TOR,C,29,"21,666667","6,1","0,28153845720710063","18,7","1,2",Valor de mercado,Toronto Raptors,Toronto,"43,6435","-79,3791"
Aaron Gordon,2019,ORL,PF,23,"21,590909","5,1","0,2362105273103601","15,1","1,7",Sobrepagado,Orlando Magic,Orlando,"28,5392","-81,3839"
Danilo Gallinari,2019,LAC,SF,30,"21,587579","8,2","0,3798480598496014","21,0","3,3",Valor de mercado,LA Clippers,Los Angeles,"34,043","-118,2673"
Victor Oladipo,2019,IND,SG,26,"21,0","2,3","0,10952380952380951","17,6","1,4",Sobrepagado,Indiana Pacers,Indianapolis,"39,764","-86,1555"
Jimmy Butler,2019,PHI,SF,29,"20,445779","7,9","0,38638782117326026","20,2","3,2",Valor de mercado,Philadelphia 76ers,Philadelphia,"39,9012","-75,172"
Ryan Anderson,2019,MIA,PF,30,"20,421546","-0,2","-0,009793577822168803","4,6","-0,4",Sobrepagado,Miami Heat,Miami,"25,7814","-80,187"
Kyrie Irving,2019,BOS,PG,26,"20,099189","9,1","0,45275458626713744","24,3","5,1",Valor de mercado,Boston Celtics,Boston,"42,3662","-71,0621"
Jabari Parker,2019,WAS,PF,23,"20,0","1,4","0,06999999999999999","15,5","0,2",Sobrepagado,Washington Wizards,Washington,"38,8981","-77,0209"
Zach LaVine,2019,CHI,SG,23,"19,5","2,8","0,14358974358974358","18,7","1,5",Sobrepagado,Chicago Bulls,Chicago,"41,8807","-87,6742"
Tyler Johnson,2019,PHO,PG,26,"19,356932","2,3","0,11882048250208245","12,4","0,6",Sobrepagado,Phoenix Suns,Phoenix,"33,4457","-112,0712"
Tim Hardaway Jr.,2019,DAL,SG,26,"19,200127","1,8","0,0937493798869143","13,6","0,0",Sobrepagado,Dallas Mavericks,Dallas,"32,7905","-96,8103"
John Wall,2019,WAS,PG,28,"19,1698","1,2","0,06259846216444616","18,0","0,8",Sobrepagado,Washington Wizards,Washington,"38,8981","-77,0209"
George Hill,2019,MIL,PG,32,"19,0","2,8","0,14736842105263157","12,1","0,2",Sobrepagado,Milwaukee Bucks,Milwaukee,"43,045","-87,917"
Jeff Teague,2019,MIN,PG,30,"19,0","2,2","0,11578947368421054","15,4","0,5",Sobrepagado,Minnesota Timberwolves,Minneapolis,"44,9795","-93,276"
Klay Thompson,2019,GSW,SG,28,"18,988725","5,3","0,2791129999512869","16,6","1,2",Valor de mercado,Golden State Warriors,San Francisco,"37,768","-122,3877"
Allen Crabbe,2019,BRK,SG,26,"18,5","0,8","0,043243243243243246","7,7","-0,2",Sobrepagado,Brooklyn Nets,Brooklyn,"40,6828","-73,9752"
Kent Bazemore,2019,ATL,SG,29,"18,089887","0,7","0,03869565354388338","11,9","-0,1",Sobrepagado,Atlanta Hawks,Atlanta,"33,7573","-84,3963"
Evan Turner,2019,POR,PG,30,"17,868853","2,0","0,1119266021159836","11,6","0,3",Sobrepagado,Portland Trail Blazers,Portland,"45,5316","-122,6668"
Draymond Green,2019,GSW,PF,28,"17,469565","4,3","0,24614236244577356","12,9","1,8",Sobrepagado,Golden State Warriors,San Francisco,"37,768","-122,3877"
Tristan Thompson,2019,CLE,C,27,"17,469565","2,6","0,14883026566488633","18,4","0,4",Sobrepagado,Cleveland Cavaliers,Cleveland,"41,4965","-81,6882"
Evan Fournier,2019,ORL,SG,26,"17,15","3,2","0,18658892128279886","12,3","-0,3",Sobrepagado,Orlando Magic,Orlando,"28,5392","-81,3839"
Reggie Jackson,2019,DET,PG,28,"17,043478","5,0","0,2933673514290921","15,2","1,4",Valor de mercado,Detroit Pistons,Detroit,"42,341","-83,0552"
Bismack Biyombo,2019,CHO,C,26,"17,0","2,0","0,11764705882352941","14,4","-0,1",Sobrepagado,Charlotte Hornets,Charlotte,"35,2251","-80,8392"
Derrick Favors,2019,UTA,C,27,"16,9","7,9","0,4674556213017752","21,8","2,4",Valor de mercado,Utah Jazz,Salt Lake City,"40,7683","-111,9011"
Gary Harris,2019,DEN,SG,24,"16,517857","2,6","0,15740540676674947","12,2","0,2",Sobrepagado,Denver Nuggets,Denver,"39,7487","-105,0077"
Andre Iguodala,2019,GSW,SF,35,"16,0","4,2","0,2625","13,1","1,5",Valor de mercado,Golden State Warriors,San Francisco,"37,768","-122,3877"
Ian Mahinmi,2019,WAS,C,32,"15,944154","1,0","0,06271891252430202","12,0","-0,1",Sobrepagado,Washington Wizards,Washington,"38,8981","-77,0209"
DeMarre Carroll,2019,BRK,PF,32,"15,4","3,1","0,2012987012987013","12,1","0,2",Sobrepagado,Brooklyn Nets,Brooklyn,"40,6828","-73,9752"
Gorgui Dieng,2019,MIN,C,29,"15,170787","2,8","0,18456524371477892","18,1","0,7",Sobrepagado,Minnesota Timberwolves,Minneapolis,"44,9795","-93,276"
Eric Bledsoe,2019,MIL,PG,29,"15,0","8,2","0,5466666666666666","19,3","2,9",Valor de mercado,Milwaukee Bucks,Milwaukee,"43,045","-87,917"
Ricky Rubio,2019,UTA,PG,28,"14,975","3,7","0,24707846410684475","14,0","0,9",Sobrepagado,Utah Jazz,Salt Lake City,"40,7683","-111,9011"
Tobias Harris,2019,PHI,PF,26,"14,8","7,1","0,47972972972972966","17,2","2,6",Valor de mercado,Philadelphia 76ers,Philadelphia,"39,9012","-75,172"
James Johnson,2019,MIA,PF,31,"14,6517","1,5","0,10237719855033887","10,9","0,2",Sobrepagado,Miami Heat,Miami,"25,7814","-80,187"
Brandon Knight,2019,CLE,PG,27,"14,63125","0,0","0,0","8,9","-0,6",Sobrepagado,Cleveland Cavaliers,Cleveland,"41,4965","-81,6882"
Robin Lopez,2019,CHI,C,30,"14,35775","2,7","0,1880517490553882","15,9","0,0",Sobrepagado,Chicago Bulls,Chicago,"41,8807","-87,6742"
Marvin Williams,2019,CHO,PF,32,"14,0875","3,8","0,26974267968056787","12,6","0,9",Valor de mercado,Charlotte Hornets,Charlotte,"35,2251","-80,8392"
Taj Gibson,2019,MIN,PF,33,"14,0","5,1","0,36428571428571427","17,8","0,8",Valor de mercado,Minnesota Timberwolves,Minneapolis,"44,9795","-93,276"
Thaddeus Young,2019,IND,PF,30,"13,964045","6,9","0,4941261647323537","16,2","2,2",Valor de mercado,Indiana Pacers,Indianapolis,"39,764","-86,1555"
Clint Capela,2019,HOU,C,24,"13,793104","10,8","0,7829999686800013","23,8","2,8",Infravalorado,Houston Rockets,Houston,"29,7508","-95,3621"
Marcin Gortat,2019,LAC,C,34,"13,565218","1,4","0,10320512357412906","12,8","0,1",Sobrepagado,LA Clippers,Los Angeles,"34,043","-118,2673"
Cody Zeller,2019,CHO,C,26,"13,52809","3,9","0,2882890341504233","17,2","0,7",Valor de mercado,Charlotte Hornets,Charlotte,"35,2251","-80,8392"
Eric Gordon,2019,HOU,SG,30,"13,500375","2,6","0,19258724294695517","12,2","0,4",Sobrepagado,Houston Rockets,Houston,"29,7508","-95,3621"
Joe Ingles,2019,UTA,PF,31,"13,045455","6,0","0,45993029756340426","13,4","2,2",Valor de mercado,Utah Jazz,Salt Lake City,"40,7683","-111,9011"
Khris Middleton,2019,MIL,SF,27,"13,0","6,1","0,46923076923076923","16,5","1,7",Valor de mercado,Milwaukee Bucks,Milwaukee,"43,045","-87,917"
Michael Kidd-Gilchrist,2019,CHO,PF,25,"13,0","2,5","0,19230769230769232","13,3","-0,1",Sobrepagado,Charlotte Hornets,Charlotte,"35,2251","-80,8392"
Mason Plumlee,2019,DEN,C,28,"12,917808","5,8","0,44899258450040436","17,8","1,8",Valor de mercado,Denver Nuggets,Denver,"39,7487","-105,0077"
Wilson Chandler,2019,LAC,PF,31,"12,800562","1,5","0,11718235496222744","8,5","-0,2",Sobrepagado,LA Clippers,Los Angeles,"34,043","-118,2673"
Kelly Olynyk,2019,MIA,PF,27,"12,537527","4,7","0,37487456657122253","14,4","1,2",Valor de mercado,Miami Heat,Miami,"25,7814","-80,187"
Miles Plumlee,2019,ATL,C,30,"12,5","0,5","0,04","18,9","0,2",Sobrepagado,Atlanta Hawks,Atlanta,"33,7573","-84,3963"
Jordan Clarkson,2019,CLE,SG,26,"12,5","1,8","0,14400000000000002","16,8","0,8",Sobrepagado,Cleveland Cavaliers,Cleveland,"41,4965","-81,6882"
Tyreke Evans,2019,IND,SG,29,"12,4","0,3","0,024193548387096774","11,5","-0,2",Sobrepagado,Indiana Pacers,Indianapolis,"39,764","-86,1555"
Courtney Lee,2019,DAL,SG,33,"12,25378","0,4","0,03264298853088598","10,3","-0,1",Sobrepagado,Dallas Mavericks,Dallas,"32,7905","-96,8103"
Solomon Hill,2019,NOP,SF,27,"12,252928","0,5","0,04080657292689551","6,8","-0,3",Sobrepagado,New Orleans Pelicans,New Orleans,"29,949","-90,0821"
Kentavious Caldwell-Pope,2019,LAL,SG,25,"12,0","4,0","0,3333333333333333","12,9","0,8",Valor de mercado,LA Lakers,Los Angeles,"34,043","-118,2673"
Avery Bradley,2019,MEM,SG,28,"12,0","0,3","0,024999999999999998","7,6","-0,8",Sobrepagado,Memphis Grizzlies,Memphis,"35,1382","-90,0505"
Kemba Walker,2019,CHO,PG,28,"12,0","7,4","0,6166666666666667","21,7","4,4",Valor de mercado,Charlotte Hornets,Charlotte,"35,2251","-80,8392"
Will Barton,2019,DEN,SF,28,"11,830358","1,2","0,10143395491497383","11,0","0,0",Sobrepagado,Denver Nuggets,Denver,"39,7487","-105,0077"
T.J. Warren,2019,PHO,SF,25,"11,75","2,1","0,17872340425531916","16,3","0,6",Sobrepagado,Phoenix Suns,Phoenix,"33,4457","-112,0712"
Marcus Smart,2019,BOS,SG,24,"11,660716","5,3","0,45451754420569024","13,1","1,5",Valor de mercado,Boston Celtics,Boston,"42,3662","-71,0621"
Patty Mills,2019,SAS,PG,30,"11,571429","3,5","0,30246912459990893","13,2","0,8",Valor de mercado,San Antonio Spurs,San Antonio,"29,427","-98,4375"
Dion Waiters,2019,MIA,SG,27,"11,55","1,2","0,10389610389610389","11,4","0,3",Sobrepagado,Miami Heat,Miami,"25,7814","-80,187"
Alec Burks,2019,SAC,SG,27,"11,536515","1,5","0,13002193470038395","12,7","0,3",Sobrepagado,Sacramento Kings,Sacramento,"38,5802","-121,4997"
John Henson,2019,MIL,C,28,"11,327466","0,6","0,05296859862567674","17,1","0,2",Sobrepagado,Milwaukee Bucks,Milwaukee,"43,045","-87,917"
Iman Shumpert,2019,HOU,SG,28,"11,011234","1,4","0,12714287971720517","9,1","0,0",Sobrepagado,Houston Rockets,Houston,"29,7508","-95,3621"
Maurice Harkless,2019,POR,SF,25,"10,837079","3,4","0,31373767783735823","13,2","1,0",Valor de mercado,Portland Trail Blazers,Portland,"45,5316","-122,6668"
Tony Snell,2019,MIL,SF,27,"10,807143","3,2","0,2961004587428889","10,7","0,4",Valor de mercado,Milwaukee Bucks,Milwaukee,"43,045","-87,917"
Meyers Leonard,2019,POR,C,26,"10,595506","3,0","0,2831389081370913","15,8","0,8",Valor de mercado,Portland Trail Blazers,Portland,"45,5316","-122,6668"
Terrence Ross,2019,ORL,SG,27,"10,5","4,3","0,4095238095238095","15,4","1,5",Valor de mercado,Orlando Magic,Orlando,"28,5392","-81,3839"
Robert Covington,2019,MIN,SF,28,"10,464092","2,5","0,23891227256029474","13,3","1,1",Sobrepagado,Minnesota Timberwolves,Minneapolis,"44,9795","-93,276"
Rudy Gay,2019,SAS,PF,32,"10,0872","4,4","0,4361963676738838","17,5","1,6",Valor de mercado,San Antonio Spurs,San Antonio,"29,427","-98,4375"
Jon Leuer,2019,DET,PF,29,"10,002681","0,9","0,08997587746725103","13,2","0,0",Sobrepagado,Detroit Pistons,Detroit,"42,341","-83,0552"
Danny Green,2019,TOR,SG,31,"10,0","5,9","0,5900000000000001","13,0","2,2",Valor de mercado,Toronto Raptors,Toronto,"43,6435","-79,3791"
Darren Collison,2019,IND,PG,31,"10,0","6,8","0,6799999999999999","16,7","2,1",Valor de mercado,Indiana Pacers,Indianapolis,"39,764","-86,1555"
Dwight Powell,2019,DAL,C,27,"9,63125","7,5","0,7787151200519143","20,4","2,1",Infravalorado,Dallas Mavericks,Dallas,"32,7905","-96,8103"
Matthew Dellavedova,2019,CLE,PG,28,"9,6075","0,5","0,052042674993494666","11,1","-0,5",Sobrepagado,Cleveland Cavaliers,Cleveland,"41,4965","-81,6882"
Dante Exum,2019,UTA,PG,23,"9,6","1,0","0,10416666666666667","11,2","0,0",Sobrepagado,Utah Jazz,Salt Lake City,"40,7683","-111,9011"
Jared Dudley,2019,BRK,PF,33,"9,53","1,8","0,1888772298006296","7,8","0,1",Sobrepagado,Brooklyn Nets,Brooklyn,"40,6828","-73,9752"
Norman Powell,2019,TOR,SG,25,"9,3672","2,4","0,2562131693569049","13,3","0,4",Valor de mercado,Toronto Raptors,Toronto,"43,6435","-79,3791"
Josh Richardson,2019,MIA,SG,25,"9,3672","5,6","0,5978307284994449","14,0","1,5",Valor de mercado,Miami Heat,Miami,"25,7814","-80,187"
Rajon Rondo,2019,LAL,PG,32,"9,0","1,3","0,14444444444444446","12,1","0,2",Sobrepagado,LA Lakers,Los Angeles,"34,043","-118,2673"
E'Twaun Moore,2019,NOP,SG,29,"8,808685","1,7","0,19299134887897568","11,5","-0,1",Sobrepagado,New Orleans Pelicans,New Orleans,"29,949","-90,0821"
Kosta Koufos,2019,SAC,C,29,"8,7395","0,7","0,08009611533840609","12,3","-0,2",Sobrepagado,Sacramento Kings,Sacramento,"38,5802","-121,4997"
Fred VanVleet,2019,TOR,PG,24,"8,653847","4,3","0,4968888403042022","13,7","1,1",Valor de mercado,Toronto Raptors,Toronto,"43,6435","-79,3791"
Jerami Grant,2019,OKC,PF,24,"8,653847","7,3","0,8435554730745759","13,8","1,5",Infravalorado,Oklahoma City Thunder,Oklahoma City,"35,4634","-97,5151"
Kyle Anderson,2019,MEM,SF,25,"8,641","2,7","0,3124638352042588","12,8","0,9",Valor de mercado,Memphis Grizzlies,Memphis,"35,1382","-90,0505"
Julius Randle,2019,NOP,PF,24,"8,641","6,1","0,7059368128688809","20,9","2,0",Valor de mercado,New Orleans Pelicans,New Orleans,"29,949","-90,0821"
Jerryd Bayless,2019,MIN,PG,30,"8,575916","0,0","0,0","8,5","-0,4",Sobrepagado,Minnesota Timberwolves,Minneapolis,"44,9795","-93,276"
Markelle Fultz,2019,PHI,SG,20,"8,33988","0,3","0,035971740600584175","10,5","-0,1",Sobrepagado,Philadelphia 76ers,Philadelphia,"39,9012","-75,172"
C.J. Miles,2019,MEM,SF,31,"8,333333","0,7","0,08400000336000013","9,0","-0,2",Sobrepagado,Memphis Grizzlies,Memphis,"35,1382","-90,0505"
Joe Harris,2019,BRK,SG,27,"8,333333","5,5","0,6600000264000011","13,5","1,4",Valor de mercado,Brooklyn Nets,Brooklyn,"40,6828","-73,9752"
Shaun Livingston,2019,GSW,PG,33,"8,307692","2,0","0,24074074965706482","11,7","0,2",Sobrepagado,Golden State Warriors,San Francisco,"37,768","-122,3877"
Garrett Temple,2019,LAC,SG,32,"8,0","2,2","0,275","8,5","-0,4",Valor de mercado,LA Clippers,Los Angeles,"34,043","-118,2673"
Lou Williams,2019,LAC,SG,32,"8,0","5,1","0,6375","21,2","2,1",Valor de mercado,LA Clippers,Los Angeles,"34,043","-118,2673"
P.J. Tucker,2019,HOU,PF,33,"7,969537","5,0","0,6273890189605745","9,2","1,0",Valor de mercado,Houston Rockets,Houston,"29,7508","-95,3621"
Cory Joseph,2019,IND,PG,27,"7,945","3,5","0,44052863436123346","11,0","0,9",Valor de mercado,Indiana Pacers,Indianapolis,"39,764","-86,1555"
Karl-Anthony Towns,2019,MIN,C,23,"7,839435","10,4","1,3266262173230596","26,3","5,1",Infravalorado,Minnesota Timberwolves,Minneapolis,"44,9795","-93,276"
JaMychal Green,2019,LAC,PF,28,"7,666667","2,9","0,3782608531190933","14,7","0,1",Valor de mercado,LA Clippers,Los Angeles,"34,043","-118,2673"
Kyle Korver,2019,UTA,SG,37,"7,56","2,3","0,30423280423280424","11,2","0,5",Valor de mercado,Utah Jazz,Salt Lake City,"40,7683","-111,9011"
Jeremy Lamb,2019,CHO,SG,26,"7,488372","5,3","0,7077639839473786","17,3","1,8",Valor de mercado,Charlotte Hornets,Charlotte,"35,2251","-80,8392"
Lonzo Ball,2019,LAL,PG,21,"7,46196","1,6","0,21442087601648896","11,7","0,6",Sobrepagado,LA Lakers,Los Angeles,"34,043","-118,2673"
Doug McDermott,2019,IND,SF,27,"7,333333","2,9","0,3954545634297529","11,6","0,2",Valor de mercado,Indiana Pacers,Indianapolis,"39,764","-86,1555"
Jae Crowder,2019,UTA,SF,28,"7,305825","4,4","0,6022591562212345","12,1","1,2",Valor de mercado,Utah Jazz,Salt Lake City,"40,7683","-111,9011"
Marvin Bagley III,2019,SAC,PF,19,"7,3056","3,6","0,492772667542707","18,9","0,4",Valor de mercado,Sacramento Kings,Sacramento,"38,5802","-121,4997"
Dewayne Dedmon,2019,ATL,C,29,"7,2","4,0","0,5555555555555556","16,0","1,0",Valor de mercado,Atlanta Hawks,Atlanta,"33,7573","-84,3963"
Lance Thomas,2019,NYK,PF,30,"7,11965","0,1","0,014045634265729355","6,4","-0,7",Sobrepagado,New York Knicks,New York,"40,7505","-73,9934"
D'Angelo Russell,2019,BRK,PG,22,"7,019698","5,0","0,7122813545539993","19,4","3,4",Valor de mercado,Brooklyn Nets,Brooklyn,"40,6828","-73,9752"
Langston Galloway,2019,DET,SG,27,"7,0","3,4","0,4857142857142857","10,7","0,2",Valor de mercado,Detroit Pistons,Detroit,"42,341","-83,0552"
Al-Farouq Aminu,2019,POR,PF,28,"6,957105","5,8","0,8336801011340205","13,2","1,5",Infravalorado,Portland Trail Blazers,Portland,"45,5316","-122,6668"
Jayson Tatum,2019,BOS,SF,20,"6,7008","5,0","0,7461795606494747","15,1","1,1",Infravalorado,Boston Celtics,Boston,"42,3662","-71,0621"
Nemanja Bjelica,2019,SAC,PF,30,"6,5","4,5","0,6923076923076923","15,4","1,3",Valor de mercado,Sacramento Kings,Sacramento,"38,5802","-121,4997"
Mario Hezonja,2019,NYK,SF,23,"6,5","-0,1","-0,015384615384615385","10,8","-0,5",Sobrepagado,New York Knicks,New York,"40,7505","-73,9934"
Ben Simmons,2019,PHI,PG,22,"6,43452","8,2","1,274376332655738","20,0","3,8",Infravalorado,Philadelphia 76ers,Philadelphia,"39,9012","-75,172"
Marco Belinelli,2019,SAS,SG,32,"6,153846","2,5","0,4062500101562503","11,9","0,1",Valor de mercado,San Antonio Spurs,San Antonio,"29,427","-98,4375"
Wesley Johnson,2019,WAS,SF,31,"6,13452","0,0","0,0","5,5","-0,4",Sobrepagado,Washington Wizards,Washington,"38,8981","-77,0209"
Josh Jackson,2019,PHO,SG,21,"6,04152","-1,7","-0,2813861412359803","10,6","-1,3",Sobrepagado,Phoenix Suns,Phoenix,"33,4457","-112,0712"
Jonathon Simmons,2019,PHI,SG,29,"6,0","0,3","0,049999999999999996","8,5","-0,6",Sobrepagado,Philadelphia 76ers,Philadelphia,"39,9012","-75,172"
Ish Smith,2019,DET,PG,30,"6,0","1,7","0,2833333333333333","11,8","0,0",Valor de mercado,Detroit Pistons,Detroit,"42,341","-83,0552"
Montrezl Harrell,2019,LAC,C,25,"6,0","8,7","1,45","23,4","2,9",Infravalorado,LA Clippers,Los Angeles,"34,043","-118,2673"
Jaren Jackson Jr.,2019,MEM,PF,19,"5,91504","3,3","0,5578998620465795","16,4","0,7",Valor de mercado,Memphis Grizzlies,Memphis,"35,1382","-90,0505"
Brandon Ingram,2019,LAL,SF,21,"5,75712","2,0","0,3473959201823134","13,4","0,0",Valor de mercado,LA Lakers,Los Angeles,"34,043","-118,2673"
De'Aaron Fox,2019,SAC,PG,21,"5,47092","5,6","1,0235938379650955","18,1","2,3",Infravalorado,Sacramento Kings,Sacramento,"38,5802","-121,4997"
Ben McLemore,2019,SAC,SG,25,"5,46","0,2","0,03663003663003663","10,5","-0,1",Sobrepagado,Sacramento Kings,Sacramento,"38,5802","-121,4997"
Patrick Patterson,2019,OKC,PF,29,"5,4516","1,1","0,2017756255044391","8,1","-0,1",Sobrepagado,Oklahoma City Thunder,Oklahoma City,"35,4634","-97,5151"
Jason Smith,2019,NOP,PF,32,"5,45","0,2","0,03669724770642202","9,8","-0,1",Sobrepagado,New Orleans Pelicans,New Orleans,"29,949","-90,0821"
Trae Young,2019,ATL,PG,20,"5,35644","3,3","0,6160808298048703","17,0","0,9",Valor de mercado,Atlanta Hawks,Atlanta,"33,7573","-84,3963"
DeMarcus Cousins,2019,GSW,C,28,"5,337","2,4","0,44969083754918493","21,4","1,0",Valor de mercado,Golden State Warriors,San Francisco,"37,768","-122,3877"
Thabo Sefolosha,2019,UTA,SF,34,"5,25","1,5","0,2857142857142857","12,1","0,5",Valor de mercado,Utah Jazz,Salt Lake City,"40,7683","-111,9011"
Aron Baynes,2019,BOS,C,32,"5,1936","2,4","0,4621072088724584","14,0","0,1",Valor de mercado,Boston Celtics,Boston,"42,3662","-71,0621"
Jaylen Brown,2019,BOS,SG,22,"5,16996","3,0","0,5802752825940627","13,5","0,0",Valor de mercado,Boston Celtics,Boston,"42,3662","-71,0621"
Patrick Beverley,2019,LAC,PG,30,"5,027028","4,8","0,954838524869963","11,8","1,5",Infravalorado,LA Clippers,Los Angeles,"34,043","-118,2673"
Tony Parker,2019,CHO,PG,36,"5,0","0,9","0,18","15,3","-0,1",Sobrepagado,Charlotte Hornets,Charlotte,"35,2251","-80,8392"
Mike Muscala,2019,LAL,PF,27,"5,0","2,5","0,5","10,8","0,3",Valor de mercado,LA Lakers,Los Angeles,"34,043","-118,2673"
Dirk Nowitzki,2019,DAL,PF,40,"5,0","0,3","0,06","9,6","-0,4",Sobrepagado,Dallas Mavericks,Dallas,"32,7905","-96,8103"
Jonathan Isaac,2019,ORL,PF,21,"4,96908","4,0","0,8049779838521417","13,0","0,8",Infravalorado,Orlando Magic,Orlando,"28,5392","-81,3839"
Mo Bamba,2019,ORL,C,20,"4,86504","1,7","0,34943186489730815","14,9","0,1",Valor de mercado,Orlando Magic,Orlando,"28,5392","-81,3839"
Anthony Tolliver,2019,MIN,PF,33,"4,75","1,2","0,25263157894736843","8,6","-0,1",Valor de mercado,Minnesota Timberwolves,Minneapolis,"44,9795","-93,276"
Willie Cauley-Stein,2019,SAC,C,25,"4,696875","6,7","1,426480372588157","18,0","1,8",Infravalorado,Sacramento Kings,Sacramento,"38,5802","-121,4997"
Dragan Bender,2019,PHO,PF,21,"4,66128","0,5","0,10726667353173377","9,5","-0,5",Sobrepagado,Phoenix Suns,Phoenix,"33,4457","-112,0712"
Lauri Markkanen,2019,CHI,PF,21,"4,53612","2,7","0,595222348615116","17,1","0,7",Valor de mercado,Chicago Bulls,Chicago,"41,8807","-87,6742"
Ed Davis,2019,BRK,C,29,"4,449","5,7","1,2811867835468644","17,3","0,7",Infravalorado,Brooklyn Nets,Brooklyn,"40,6828","-73,9752"
Kyle O'Quinn,2019,IND,C,28,"4,449","1,0","0,22476961114857272","16,8","0,2",Sobrepagado,Indiana Pacers,Indianapolis,"39,764","-86,1555"
Lance Stephenson,2019,LAL,SG,28,"4,449","1,1","0,24724657226343003","11,8","0,1",Valor de mercado,LA Lakers,Los Angeles,"34,043","-118,2673"
Wendell Carter Jr.,2019,CHI,C,19,"4,4412","1,9","0,42781230298117623","15,2","0,1",Valor de mercado,Chicago Bulls,Chicago,"41,8807","-87,6742"
Justin Holiday,2019,MEM,SG,29,"4,384616","2,1","0,47894730120037876","10,0","0,1",Valor de mercado,Memphis Grizzlies,Memphis,"35,1382","-90,0505"
Alex Len,2019,ATL,C,25,"4,35","3,2","0,7356321839080461","17,2","0,3",Infravalorado,Atlanta Hawks,Atlanta,"33,7573","-84,3963"
Mike Scott,2019,PHI,PF,30,"4,3205","1,6","0,37032750839023265","8,6","-0,2",Valor de mercado,Philadelphia 76ers,Philadelphia,"39,9012","-75,172"
Emmanuel Mudiay,2019,NYK,PG,22,"4,29448","0,8","0,18628565041634843","14,6","0,0",Sobrepagado,New York Knicks,New York,"40,7505","-73,9934"
Kris Dunn,2019,CHI,PG,24,"4,221","0,6","0,1421464108031272","12,4","-0,2",Sobrepagado,Chicago Bulls,Chicago,"41,8807","-87,6742"
Frank Ntilikina,2019,NYK,PG,20,"4,15572","-0,8","-0,19250575110931442","6,0","-0,9",Sobrepagado,New York Knicks,New York,"40,7505","-73,9934"
Glenn Robinson III,2019,DET,SF,25,"4,075","0,7","0,17177914110429446","8,7","-0,2",Sobrepagado,Detroit Pistons,Detroit,"42,341","-83,0552"
Collin Sexton,2019,CLE,PG,20,"4,0686","-0,6","-0,1474708745022858","12,0","-1,8",Sobrepagado,Cleveland Cavaliers,Cleveland,"41,4965","-81,6882"
Stanley Johnson,2019,NOP,SF,22,"3,940402","0,5","0,1268906065929314","9,6","0,0",Sobrepagado,New Orleans Pelicans,New Orleans,"29,949","-90,0821"
Buddy Hield,2019,SAC,SG,26,"3,84476","5,9","1,5345561231390257","17,5","2,7",Infravalorado,Sacramento Kings,Sacramento,"38,5802","-121,4997"
Dennis Smith Jr.,2019,NYK,PG,21,"3,81996","0,0","0,0","12,3","0,0",Sobrepagado,New York Knicks,New York,"40,7505","-73,9934"
J.J. Barea,2019,DAL,PG,34,"3,71085","1,0","0,2694800382661654","16,3","0,3",Valor de mercado,Dallas Mavericks,Dallas,"32,7905","-96,8103"
Zach Collins,2019,POR,C,21,"3,62892","2,9","0,7991358310461515","13,5","0,3",Infravalorado,Portland Trail Blazers,Portland,"45,5316","-122,6668"
Frank Kaminsky,2019,CHO,C,25,"3,627842","1,8","0,4961627325556075","16,8","0,4",Valor de mercado,Charlotte Hornets,Charlotte,"35,2251","-80,8392"
Mikal Bridges,2019,PHO,SF,22,"3,55296","2,9","0,8162208412140862","10,8","0,3",Infravalorado,Phoenix Suns,Phoenix,"33,4457","-112,0712"
Michael Beasley,2019,LAL,PF,30,"3,5","0,2","0,05714285714285715","15,9","0,0",Sobrepagado,LA Lakers,Los Angeles,"34,043","-118,2673"
Jamal Murray,2019,DEN,PG,21,"3,4998","5,1","1,4572261272072689","16,0","1,6",Infravalorado,Denver Nuggets,Denver,"39,7487","-105,0077"
Rodney Hood,2019,POR,SG,26,"3,472887","2,6","0,7486566651895095","12,3","0,0",Infravalorado,Portland Trail Blazers,Portland,"45,5316","-122,6668"
Justise Winslow,2019,MIA,SF,22,"3,448926","2,8","0,8118469343789921","12,8","0,7",Infravalorado,Miami Heat,Miami,"25,7814","-80,187"
Malik Monk,2019,CHO,SG,20,"3,44748","0,3","0,08702008423544154","11,8","-0,3",Sobrepagado,Charlotte Hornets,Charlotte,"35,2251","-80,8392"
Myles Turner,2019,IND,C,22,"3,410284","6,3","1,8473534755463181","18,0","2,4",Infravalorado,Indiana Pacers,Indianapolis,"39,764","-86,1555"
Allonzo Trier,2019,NYK,SG,23,"3,382","0,9","0,26611472501478417","12,2","-0,4",Valor de mercado,New York Knicks,New York,"40,7505","-73,9934"
Brook Lopez,2019,MIL,C,30,"3,382","6,7","1,9810762862211708","14,6","2,4",Infravalorado,Milwaukee Bucks,Milwaukee,"43,045","-87,917"
Shai Gilgeous-Alexander,2019,LAC,PG,20,"3,37536","3,3","0,9776734926052332","13,4","0,8",Infravalorado,LA Clippers,Los Angeles,"34,043","-118,2673"
Trey Lyles,2019,DEN,PF,23,"3,364249","1,2","0,35669179064926526","12,7","-0,1",Valor de mercado,Denver Nuggets,Denver,"39,7487","-105,0077"
Ekpe Udoh,2019,UTA,C,31,"3,36","1,6","0,4761904761904762","20,9","0,5",Valor de mercado,Utah Jazz,Salt Lake City,"40,7683","-111,9011"
Devin Booker,2019,PHO,SG,22,"3,314365","3,5","1,0560092204690792","20,2","1,7",Infravalorado,Phoenix Suns,Phoenix,"33,4457","-112,0712"
Luke Kennard,2019,DET,SG,22,"3,27528","2,5","0,763293519943333","11,9","0,3",Infravalorado,Detroit Pistons,Detroit,"42,341","-83,0552"
Cameron Payne,2019,CLE,PG,24,"3,263294","0,5","0,15321941571920886","11,5","-0,2",Sobrepagado,Cleveland Cavaliers,Cleveland,"41,4965","-81,6882"
Troy Daniels,2019,PHO,SG,27,"3,258539","0,3","0,09206580004106135","9,8","-0,3",Sobrepagado,Phoenix Suns,Phoenix,"33,4457","-112,0712"
Kelly Oubre Jr.,2019,PHO,SF,23,"3,20863","2,2","0,6856508852687908","15,2","0,4",Valor de mercado,Phoenix Suns,Phoenix,"33,4457","-112,0712"
Miles Bridges,2019,CHO,SF,20,"3,20664","2,9","0,9043734251428286","13,1","0,5",Infravalorado,Charlotte Hornets,Charlotte,"35,2251","-80,8392"
Marquese Chriss,2019,CLE,PF,21,"3,20616","-0,2","-0,06237991865658607","9,2","-0,7",Sobrepagado,Cleveland Cavaliers,Cleveland,"41,4965","-81,6882"
Bryn Forbes,2019,SAS,SG,25,"3,125","3,8","1,216","12,0","0,5",Infravalorado,San Antonio Spurs,San Antonio,"29,427","-98,4375"
Donovan Mitchell,2019,UTA,SG,22,"3,11148","5,0","1,6069523185108052","17,2","2,2",Infravalorado,Utah Jazz,Salt Lake City,"40,7683","-111,9011"
Terry Rozier,2019,BOS,PG,24,"3,05039","3,2","1,0490461875366757","12,9","0,8",Infravalorado,Boston Celtics,Boston,"42,3662","-71,0621"
Jerome Robinson,2019,LAC,SG,21,"3,0462","0,1","0,03282778543759438","7,2","-0,2",Sobrepagado,LA Clippers,Los Angeles,"34,043","-118,2673"
Yogi Ferrell,2019,SAC,PG,25,"3,0","1,9","0,6333333333333333","12,7","0,2",Valor de mercado,Sacramento Kings,Sacramento,"38,5802","-121,4997"
Elfrid Payton,2019,NOP,PG,24,"3,0","1,5","0,5","14,0","0,2",Valor de mercado,New Orleans Pelicans,New Orleans,"29,949","-90,0821"
Bam Adebayo,2019,MIA,C,21,"2,95584","6,8","2,3005304752625313","17,9","1,8",Infravalorado,Miami Heat,Miami,"25,7814","-80,187"
Jakob Poeltl,2019,SAS,C,23,"2,94732","5,1","1,7303855706200886","19,4","1,3",Infravalorado,San Antonio Spurs,San Antonio,"29,427","-98,4375"
Justin Jackson,2019,DAL,SF,23,"2,80788","2,9","1,0328076698434405","11,3","0,2",Infravalorado,Dallas Mavericks,Dallas,"32,7905","-96,8103"
Thon Maker,2019,DET,C,21,"2,79972","2,0","0,7143571500007143","11,3","0,2",Valor de mercado,Detroit Pistons,Detroit,"42,341","-83,0552"
Seth Curry,2019,POR,SG,28,"2,795","2,4","0,8586762075134168","11,4","0,3",Infravalorado,Portland Trail Blazers,Portland,"45,5316","-122,6668"
Cedi Osman,2019,CLE,SF,23,"2,775","1,5","0,5405405405405406","11,5","-0,8",Valor de mercado,Cleveland Cavaliers,Cleveland,"41,4965","-81,6882"
Sam Dekker,2019,WAS,PF,24,"2,760095","1,0","0,3623063698894422","13,3","0,1",Valor de mercado,Washington Wizards,Washington,"38,8981","-77,0209"
Troy Brown Jr.,2019,WAS,SF,19,"2,74908","0,6","0,2182548343445807","11,1","-0,1",Sobrepagado,Washington Wizards,Washington,"38,8981","-77,0209"
Guerschon Yabusele,2019,BOS,PF,23,"2,6676","0,5","0,18743439796071373","12,4","0,0",Sobrepagado,Boston Celtics,Boston,"42,3662","-71,0621"
Domantas Sabonis,2019,IND,C,22,"2,6598","7,6","2,857357696067373","21,9","2,4",Infravalorado,Indiana Pacers,Indianapolis,"39,764","-86,1555"
Jerian Grant,2019,ORL,PG,26,"2,639314","1,7","0,6441067641061275","10,8","0,1",Valor de mercado,Orlando Magic,Orlando,"28,5392","-81,3839"
Delon Wright,2019,MEM,PG,26,"2,536898","4,3","1,694983400988136","15,5","1,5",Infravalorado,Memphis Grizzlies,Memphis,"35,1382","-90,0505"
D.J. Wilson,2019,MIL,PF,22,"2,53428","1,7","0,6708019634768061","10,3","0,0",Valor de mercado,Milwaukee Bucks,Milwaukee,"43,045","-87,917"
Taurean Prince,2019,ATL,SF,24,"2,52684","1,5","0,5936268224343448","11,9","0,0",Valor de mercado,Atlanta Hawks,Atlanta,"33,7573","-84,3963"
Justin Anderson,2019,ATL,SF,25,"2,516048","0,4","0,15897947892885986","11,2","-0,1",Sobrepagado,Atlanta Hawks,Atlanta,"33,7573","-84,3963"
Reggie Bullock,2019,LAL,SG,27,"2,5","3,1","1,24","10,5","0,4",Infravalorado,LA Lakers,Los Angeles,"34,043","-118,2673"
Bobby Portis,2019,WAS,PF,23,"2,494346","1,6","0,6414507049142341","16,1","-0,1",Valor de mercado,Washington Wizards,Washington,"38,8981","-77,0209"
Dante Cunningham,2019,SAS,PF,31,"2,487","1,9","0,7639726578206674","10,2","0,3",Infravalorado,San Antonio Spurs,San Antonio,"29,427","-98,4375"
Donte DiVincenzo,2019,MIL,SG,22,"2,481","0,6","0,2418379685610641","9,1","0,0",Sobrepagado,Milwaukee Bucks,Milwaukee,"43,045","-87,917"
Rondae Hollis-Jefferson,2019,BRK,SF,24,"2,470357","1,2","0,4857597505137921","12,5","-0,2",Valor de mercado,Brooklyn Nets,Brooklyn,"40,6828","-73,9752"
Tyus Jones,2019,MIN,PG,22,"2,444053","3,0","1,2274692897412618","13,7","0,6",Infravalorado,Minnesota Timberwolves,Minneapolis,"44,9795","-93,276"
Jarell Martin,2019,ORL,PF,24,"2,416222","0,5","0,20693462769563395","9,4","-0,2",Sobrepagado,Orlando Magic,Orlando,"28,5392","-81,3839"
T.J. Leaf,2019,IND,PF,21,"2,40756","1,6","0,6645732608948479","16,9","0,2",Valor de mercado,Indiana Pacers,Indianapolis,"39,764","-86,1555"
Wayne Ellington,2019,DET,SG,31,"2,383076","2,6","1,0910268912951162","11,8","0,7",Infravalorado,Detroit Pistons,Detroit,"42,341","-83,0552"
Lonnie Walker IV,2019,SAS,SG,20,"2,35716","0,0","0,0","10,8","0,0",Sobrepagado,San Antonio Spurs,San Antonio,"29,427","-98,4375"
John Collins,2019,ATL,PF,21,"2,29908","6,0","2,6097395479931103","21,8","1,3",Infravalorado,Atlanta Hawks,Atlanta,"33,7573","-84,3963"
Larry Nance Jr.,2019,CLE,C,26,"2,272391","4,9","2,1563190489664854","18,6","2,0",Infravalorado,Cleveland Cavaliers,Cleveland,"41,4965","-81,6882"
Kevin Huerter,2019,ATL,SG,20,"2,25096","1,5","0,6663823435334257","10,1","-0,2",Valor de mercado,Atlanta Hawks,Atlanta,"33,7573","-84,3963"
Darius Miller,2019,NOP,SF,28,"2,205","1,6","0,7256235827664399","8,4","-0,4",Valor de mercado,New Orleans Pelicans,New Orleans,"29,949","-90,0821"
Josh Okogie,2019,MIN,SG,20,"2,16072","1,2","0,5553704320781961","9,4","-0,5",Valor de mercado,Minnesota Timberwolves,Minneapolis,"44,9795","-93,276"
Raul Neto,2019,UTA,PG,26,"2,15","1,1","0,5116279069767442","13,5","0,2",Valor de mercado,Utah Jazz,Salt Lake City,"40,7683","-111,9011"
Terrance Ferguson,2019,OKC,SG,20,"2,11884","2,8","1,3214777897340053","6,4","-0,9",Infravalorado,Oklahoma City Thunder,Oklahoma City,"35,4634","-97,5151"
Grayson Allen,2019,UTA,SG,23,"2,07432","0,0","0,0","7,5","-0,5",Sobrepagado,Utah Jazz,Salt Lake City,"40,7683","-111,9011"
OG Anunoby,2019,TOR,SF,21,"2,03412","2,0","0,98322616168171","9,8","-0,1",Infravalorado,Toronto Raptors,Toronto,"43,6435","-79,3791"
Jarrett Allen,2019,BRK,C,20,"2,03412","7,6","3,7362594143904975","18,5","1,9",Infravalorado,Brooklyn Nets,Brooklyn,"40,6828","-73,9752"
Corey Brewer,2019,SAC,SF,32,"2,0","1,0","0,5","11,6","0,1",Valor de mercado,Sacramento Kings,Sacramento,"38,5802","-121,4997"
Torrey Craig,2019,DEN,SF,28,"2,0","3,0","1,5","10,4","0,0",Infravalorado,Denver Nuggets,Denver,"39,7487","-105,0077"
Chandler Hutchison,2019,CHI,SF,22,"1,99052","0,6","0,30142877238108634","8,8","-0,4",Valor de mercado,Chicago Bulls,Chicago,"41,8807","-87,6742"
Shabazz Napier,2019,BRK,PG,27,"1,942422","2,0","1,0296423743141294","15,3","0,9",Infravalorado,Brooklyn Nets,Brooklyn,"40,6828","-73,9752"
Aaron Holiday,2019,IND,PG,22,"1,91196","0,9","0,4707211447938241","11,9","0,1",Valor de mercado,Indiana Pacers,Indianapolis,"39,764","-86,1555"
Tyler Lydon,2019,DEN,PF,22,"1,87464","0,2","0,10668715059958178","9,3","-0,1",Sobrepagado,Denver Nuggets,Denver,"39,7487","-105,0077"
Trey Burke,2019,DAL,PG,26,"1,795015","1,9","1,0584869764319518","16,5","0,6",Infravalorado,Dallas Mavericks,Dallas,"32,7905","-96,8103"
Malik Beasley,2019,DEN,SG,22,"1,77384","4,5","2,53686916520092","14,2","1,0",Infravalorado,Denver Nuggets,Denver,"39,7487","-105,0077"
Moritz Wagner,2019,LAL,C,21,"1,76208","0,2","0,11350222464360302","10,1","-0,3",Sobrepagado,LA Lakers,Los Angeles,"34,043","-118,2673"
Anfernee Simons,2019,POR,SG,19,"1,76052","0,1","0,056801399586485814","11,1","-0,1",Sobrepagado,Portland Trail Blazers,Portland,"45,5316","-122,6668"
Nerlens Noel,2019,OKC,C,24,"1,757429","4,3","2,4467560282662912","19,3","1,1",Infravalorado,Oklahoma City Thunder,Oklahoma City,"35,4634","-97,5151"
Caleb Swanigan,2019,SAC,PF,21,"1,74","-0,2","-0,1149425287356322","4,7","-0,2",Sobrepagado,Sacramento Kings,Sacramento,"38,5802","-121,4997"
Furkan Korkmaz,2019,PHI,SG,21,"1,74","1,1","0,632183908045977","11,5","0,0",Valor de mercado,Philadelphia 76ers,Philadelphia,"39,9012","-75,172"
Landry Shamet,2019,LAC,SG,21,"1,703649","3,6","2,113111327509364","11,0","0,2",Infravalorado,LA Clippers,Los Angeles,"34,043","-118,2673"
Caris LeVert,2019,BRK,SF,24,"1,7028","1,7","0,9983556495184401","14,9","0,6",Infravalorado,Brooklyn Nets,Brooklyn,"40,6828","-73,9752"
Jonah Bolden,2019,PHI,PF,23,"1,69","1,4","0,8284023668639053","12,7","0,2",Infravalorado,Philadelphia 76ers,Philadelphia,"39,9012","-75,172"
Kyle Kuzma,2019,LAL,PF,23,"1,68984","3,1","1,8344932064574162","14,0","0,4",Infravalorado,LA Lakers,Los Angeles,"34,043","-118,2673"
Derrick White,2019,SAS,PG,24,"1,66716","3,6","2,1593608291945583","14,8","1,3",Infravalorado,San Antonio Spurs,San Antonio,"29,427","-98,4375"
Spencer Dinwiddie,2019,BRK,PG,25,"1,656092","4,8","2,898389702987515","16,3","1,3",Infravalorado,Brooklyn Nets,Brooklyn,"40,6828","-73,9752"
MarShon Brooks,2019,MEM,SG,30,"1,656092","0,1","0,06038311881223991","11,6","-0,1",Sobrepagado,Memphis Grizzlies,Memphis,"35,1382","-90,0505"
Josh Hart,2019,LAL,SG,23,"1,65516","2,1","1,2687595156963678","9,3","0,3",Infravalorado,LA Lakers,Los Angeles,"34,043","-118,2673"
Jacob Evans,2019,GSW,SG,21,"1,64424","-0,1","-0,06081837201381794","3,5","-0,3",Sobrepagado,Golden State Warriors,San Francisco,"37,768","-122,3877"
Pat Connaughton,2019,MIL,SG,26,"1,641","3,9","2,376599634369287","13,6","1,0",Infravalorado,Milwaukee Bucks,Milwaukee,"43,045","-87,917"
DeAndre' Bembry,2019,ATL,SG,24,"1,63464","0,9","0,550579944207899","10,8","-0,2",Valor de mercado,Atlanta Hawks,Atlanta,"33,7573","-84,3963"
James Ennis III,2019,PHI,SF,28,"1,621415","2,6","1,6035376507556671","11,0","0,1",Infravalorado,Philadelphia 76ers,Philadelphia,"39,9012","-75,172"
Omari Spellman,2019,ATL,PF,21,"1,62048","1,2","0,740521327014218","12,4","0,2",Infravalorado,Atlanta Hawks,Atlanta,"33,7573","-84,3963"
Luke Kornet,2019,NYK,PF,23,"1,61926","1,4","0,8645924681644702","14,8","0,8",Infravalorado,New York Knicks,New York,"40,7505","-73,9934"
Rodions Kurucs,2019,BRK,SF,20,"1,61832","1,6","0,9886796183696673","11,0","-0,2",Infravalorado,Brooklyn Nets,Brooklyn,"40,6828","-73,9752"
Richaun Holmes,2019,PHO,C,25,"1,60052","4,3","2,6866268462749607","20,7","0,8",Infravalorado,Phoenix Suns,Phoenix,"33,4457","-112,0712"
T.J. McConnell,2019,PHI,PG,26,"1,60052","2,9","1,811911128883113","13,4","0,4",Infravalorado,Philadelphia 76ers,Philadelphia,"39,9012","-75,172"
Malachi Richardson,2019,TOR,SG,23,"1,56936","-0,1","-0,063720242646684","0,9","-0,2",Sobrepagado,Toronto Raptors,Toronto,"43,6435","-79,3791"
Jahlil Okafor,2019,NOP,C,23,"1,567707","2,2","1,403323452660478","17,9","0,1",Infravalorado,New Orleans Pelicans,New Orleans,"29,949","-90,0821"
Pascal Siakam,2019,TOR,PF,24,"1,544951","9,3","6,019608388874469","18,7","2,8",Infravalorado,Toronto Raptors,Toronto,"43,6435","-79,3791"
Cheick Diallo,2019,NOP,PF,22,"1,544951","2,6","1,6829012700079162","17,5","0,2",Infravalorado,New Orleans Pelicans,New Orleans,"29,949","-90,0821"
Jake Layman,2019,POR,SF,24,"1,544951","3,1","2,006536129624823","13,5","0,5",Infravalorado,Portland Trail Blazers,Portland,"45,5316","-122,6668"
Quinn Cook,2019,GSW,PG,25,"1,544951","1,8","1,165085494620865","13,1","0,0",Infravalorado,Golden State Warriors,San Francisco,"37,768","-122,3877"
Ivica Zubac,2019,LAC,C,21,"1,544951","3,2","2,0712631015482046","18,9","0,4",Infravalorado,LA Clippers,Los Angeles,"34,043","-118,2673"
Rodney McGruder,2019,MIA,SG,27,"1,544951","1,9","1,2298124665442463","9,4","-0,1",Infravalorado,Miami Heat,Miami,"25,7814","-80,187"
Malcolm Brogdon,2019,MIL,SG,26,"1,544951","6,5","4,20725317501979","17,8","1,9",Infravalorado,Milwaukee Bucks,Milwaukee,"43,045","-87,917"
Andrew Harrison,2019,NOP,PG,24,"1,544951","-0,1","-0,0647269719233814","5,8","-0,2",Sobrepagado,New Orleans Pelicans,New Orleans,"29,949","-90,0821"
Dorian Finney-Smith,2019,DAL,SF,25,"1,544951","3,3","2,1359900734715858","11,0","0,3",Infravalorado,Dallas Mavericks,Dallas,"32,7905","-96,8103"
Wayne Selden,2019,CHI,SG,24,"1,544951","-0,3","-0,19418091577014415","8,3","-1,2",Sobrepagado,Chicago Bulls,Chicago,"41,8807","-87,6742"
Damian Jones,2019,GSW,C,23,"1,544951","1,5","0,9709045788507209","15,3","0,3",Infravalorado,Golden State Warriors,San Francisco,"37,768","-122,3877"
Alex Poythress,2019,ATL,PF,25,"1,544951","0,5","0,32363485961690697","12,2","-0,1",Valor de mercado,Atlanta Hawks,Atlanta,"33,7573","-84,3963"
Shelvin Mack,2019,CHO,PG,28,"1,512601","0,9","0,595001589976471","10,4","-0,3",Valor de mercado,Charlotte Hornets,Charlotte,"35,2251","-80,8392"
Omri Casspi,2019,MEM,SF,30,"1,512601","1,3","0,8594467410771247","15,7","0,3",Infravalorado,Memphis Grizzlies,Memphis,"35,1382","-90,0505"
Georges Niang,2019,UTA,PF,25,"1,512601","1,3","0,8594467410771247","13,0","0,3",Infravalorado,Utah Jazz,Salt Lake City,"40,7683","-111,9011"
Raymond Felton,2019,OKC,PG,34,"1,512601","0,7","0,46277901442614405","11,2","0,1",Valor de mercado,Oklahoma City Thunder,Oklahoma City,"35,4634","-97,5151"
Quincy Pondexter,2019,SAS,SF,30,"1,512601","0,8","0,5288903022013075","13,2","0,1",Valor de mercado,San Antonio Spurs,San Antonio,"29,427","-98,4375"
Troy Williams,2019,SAC,SF,24,"1,512601","0,4","0,26444515110065375","10,5","0,0",Valor de mercado,Sacramento Kings,Sacramento,"38,5802","-121,4997"
Carmelo Anthony,2019,HOU,PF,34,"1,512601","0,3","0,1983338633254903","10,9","-0,1",Sobrepagado,Houston Rockets,Houston,"29,7508","-95,3621"
Amir Johnson,2019,PHI,C,31,"1,512601","1,1","0,7272241655267979","13,1","0,0",Valor de mercado,Philadelphia 76ers,Philadelphia,"39,9012","-75,172"
David Nwaba,2019,CLE,SF,26,"1,512601","1,4","0,9255580288522881","12,5","0,0",Infravalorado,Cleveland Cavaliers,Cleveland,"41,4965","-81,6882"
Jamal Crawford,2019,PHO,SG,38,"1,512601","0,2","0,13222257555032688","11,7","-0,6",Sobrepagado,Phoenix Suns,Phoenix,"33,4457","-112,0712"
Luol Deng,2019,MIN,SF,33,"1,512601","0,8","0,5288903022013075","14,6","0,2",Valor de mercado,Minnesota Timberwolves,Minneapolis,"44,9795","-93,276"
Isaiah Canaan,2019,MIL,PG,27,"1,512601","0,1","0,06611128777516344","8,0","-0,3",Sobrepagado,Milwaukee Bucks,Milwaukee,"43,045","-87,917"
Derrick Jones Jr.,2019,MIA,SF,21,"1,512601","2,9","1,9172273454797397","14,0","0,4",Infravalorado,Miami Heat,Miami,"25,7814","-80,187"
Udonis Haslem,2019,MIA,C,38,"1,512601","-0,1","-0,06611128777516344","3,6","-0,2",Sobrepagado,Miami Heat,Miami,"25,7814","-80,187"
Dwyane Wade,2019,MIA,SG,37,"1,512601","2,4","1,5866709066039224","15,8","1,2",Infravalorado,Miami Heat,Miami,"25,7814","-80,187"
JaVale McGee,2019,LAL,C,31,"1,512601","5,9","3,9005659787346434","21,8","1,4",Infravalorado,LA Lakers,Los Angeles,"34,043","-118,2673"
Isaiah Thomas,2019,DEN,SG,29,"1,512601","-0,3","-0,1983338633254903","7,0","-0,2",Sobrepagado,Denver Nuggets,Denver,"39,7487","-105,0077"
Jeff Green,2019,WAS,PF,32,"1,512601","3,6","2,380006359905884","13,6","0,3",Infravalorado,Washington Wizards,Washington,"38,8981","-77,0209"
Kevon Looney,2019,GSW,C,22,"1,512601","6,0","3,9666772665098065","17,3","0,9",Infravalorado,Golden State Warriors,San Francisco,"37,768","-122,3877"
Jonas Jerebko,2019,GSW,PF,31,"1,512601","3,3","2,1816724965803935","13,5","0,4",Infravalorado,Golden State Warriors,San Francisco,"37,768","-122,3877"
Christian Wood,2019,NOP,PF,23,"1,512601","0,8","0,5288903022013075","21,9","0,1",Valor de mercado,New Orleans Pelicans,New Orleans,"29,949","-90,0821"
Derrick Rose,2019,MIN,PG,30,"1,512601","3,0","1,9833386332549032","19,5","1,2",Infravalorado,Minnesota Timberwolves,Minneapolis,"44,9795","-93,276"
Zaza Pachulia,2019,DET,C,34,"1,512601","2,3","1,520559618828759","13,7","0,2",Infravalorado,Detroit Pistons,Detroit,"42,341","-83,0552"
Noah Vonleh,2019,NYK,PF,23,"1,512601","3,2","2,11556120880523","13,9","0,6",Infravalorado,New York Knicks,New York,"40,7505","-73,9934"
Gerald Green,2019,HOU,SG,33,"1,512601","1,9","1,2561144677281053","11,4","0,1",Infravalorado,Houston Rockets,Houston,"29,7508","-95,3621"
Devin Harris,2019,DAL,PG,35,"1,512601","1,5","0,9916693166274516","10,7","-0,1",Infravalorado,Dallas Mavericks,Dallas,"32,7905","-96,8103"
Channing Frye,2019,CLE,C,35,"1,512601","0,1","0,06611128777516344","8,9","-0,1",Sobrepagado,Cleveland Cavaliers,Cleveland,"41,4965","-81,6882"
Ian Clark,2019,NOP,SG,27,"1,512601","-0,1","-0,06611128777516344","8,3","-0,8",Sobrepagado,New Orleans Pelicans,New Orleans,"29,949","-90,0821"
Treveon Graham,2019,BRK,SG,25,"1,512601","0,5","0,3305564388758172","6,1","-0,3",Valor de mercado,Brooklyn Nets,Brooklyn,"40,6828","-73,9752"
Vince Carter,2019,ATL,PF,42,"1,512601","1,9","1,2561144677281053","11,8","0,5",Infravalorado,Atlanta Hawks,Atlanta,"33,7573","-84,3963"
Mitchell Robinson,2019,NYK,C,20,"1,48544","6,1","4,106527358897027","22,0","1,6",Infravalorado,New York Knicks,New York,"40,7505","-73,9934"
Tyler Dorsey,2019,MEM,SG,22,"1,378242","0,6","0,43533719042084046","11,2","-0,3",Valor de mercado,Memphis Grizzlies,Memphis,"35,1382","-90,0505"
Dillon Brooks,2019,MEM,SF,23,"1,378242","0,0","0,0","7,6","-0,4",Sobrepagado,Memphis Grizzlies,Memphis,"35,1382","-90,0505"
Thomas Bryant,2019,WAS,C,21,"1,378242","5,6","4,063147110594511","21,0","1,5",Infravalorado,Washington Wizards,Washington,"38,8981","-77,0209"
Royce O'Neale,2019,UTA,SF,25,"1,378242","3,3","2,3943545473146224","9,0","0,6",Infravalorado,Utah Jazz,Salt Lake City,"40,7683","-111,9011"
Abdel Nader,2019,OKC,SF,25,"1,378242","0,9","0,6530057856312608","8,8","-0,2",Valor de mercado,Oklahoma City Thunder,Oklahoma City,"35,4634","-97,5151"
Wes Iwundu,2019,ORL,SF,24,"1,378242","1,9","1,3785677696659948","8,7","-0,4",Infravalorado,Orlando Magic,Orlando,"28,5392","-81,3839"
Khem Birch,2019,ORL,C,26,"1,378242","2,8","2,0315735552972556","19,2","0,5",Infravalorado,Orlando Magic,Orlando,"28,5392","-81,3839"
Ivan Rabb,2019,MEM,PF,21,"1,378242","2,1","1,5236801664729418","16,1","0,1",Infravalorado,Memphis Grizzlies,Memphis,"35,1382","-90,0505"
Damyean Dotson,2019,NYK,SG,24,"1,378242","1,5","1,0883429760521013","10,8","-0,3",Infravalorado,New York Knicks,New York,"40,7505","-73,9934"
Frank Mason III,2019,SAC,PG,24,"1,378242","0,3","0,21766859521042023","12,4","-0,1",Sobrepagado,Sacramento Kings,Sacramento,"38,5802","-121,4997"
Sterling Brown,2019,MIL,SG,23,"1,378242","2,1","1,5236801664729418","10,9","0,1",Infravalorado,Milwaukee Bucks,Milwaukee,"43,045","-87,917"
Maxi Kleber,2019,DAL,PF,27,"1,378242","3,5","2,5394669441215694","13,1","0,9",Infravalorado,Dallas Mavericks,Dallas,"32,7905","-96,8103"
Jordan Bell,2019,GSW,C,24,"1,378242","1,6","1,1608991744555746","12,9","0,2",Infravalorado,Golden State Warriors,San Francisco,"37,768","-122,3877"
Frank Jackson,2019,NOP,PG,20,"1,378242","0,4","0,29022479361389364","9,4","-0,8",Valor de mercado,New Orleans Pelicans,New Orleans,"29,949","-90,0821"
Sindarius Thornwell,2019,LAC,SG,24,"1,378242","0,0","0,0","5,2","-0,2",Sobrepagado,LA Clippers,Los Angeles,"34,043","-118,2673"
Semi Ojeleye,2019,BOS,PF,24,"1,378242","0,7","0,5078933888243139","8,5","-0,3",Valor de mercado,Boston Celtics,Boston,"42,3662","-71,0621"
Daniel Theis,2019,BOS,C,26,"1,378242","3,5","2,5394669441215694","17,0","0,5",Infravalorado,Boston Celtics,Boston,"42,3662","-71,0621"
Monte Morris,2019,DEN,PG,23,"1,349383","6,2","4,594692537255916","16,2","1,7",Infravalorado,Denver Nuggets,Denver,"39,7487","-105,0077"
Daniel Hamilton,2019,ATL,SG,23,"1,349383","-0,1","-0,07410794414928898","7,1","-0,1",Sobrepagado,Atlanta Hawks,Atlanta,"33,7573","-84,3963"
Alfonzo McKinnie,2019,GSW,SF,26,"1,349383","2,1","1,5562668271350684","11,2","-0,4",Infravalorado,Golden State Warriors,San Francisco,"37,768","-122,3877"
Antonio Blakeney,2019,CHI,SG,22,"1,349383","-0,5","-0,37053972074644487","10,6","-0,7",Sobrepagado,Chicago Bulls,Chicago,"41,8807","-87,6742"
Tyrone Wallace,2019,LAC,PG,24,"1,349383","-0,3","-0,2223238324478669","7,0","-0,7",Sobrepagado,LA Clippers,Los Angeles,"34,043","-118,2673"
Tyson Chandler,2019,LAL,C,36,"1,33314","2,1","1,5752284081191774","11,2","0,0",Infravalorado,LA Lakers,Los Angeles,"34,043","-118,2673"
Shaquille Harrison,2019,CHI,SG,25,"1,311265","1,4","1,0676712945133136","12,4","0,2",Infravalorado,Chicago Bulls,Chicago,"41,8807","-87,6742"
Elie Okobo,2019,PHO,PG,21,"1,238464","-0,5","-0,4037259056379515","7,6","-0,9",Sobrepagado,Phoenix Suns,Phoenix,"33,4457","-112,0712"
Jalen Brunson,2019,DAL,PG,22,"1,23","2,6","2,113821138211382","12,8","0,1",Infravalorado,Dallas Mavericks,Dallas,"32,7905","-96,8103"
Joakim Noah,2019,MEM,C,33,"1,093858","2,2","2,011229976834288","18,6","0,7",Infravalorado,Memphis Grizzlies,Memphis,"35,1382","-90,0505"
Isaac Bonga,2019,LAL,PG,19,"1,0","-0,1","-0,1","6,0","-0,1",Sobrepagado,LA Lakers,Los Angeles,"34,043","-118,2673"
Devonte' Graham,2019,CHO,PG,23,"0,988464","0,5","0,5058353162077729","10,3","-0,3",Valor de mercado,Charlotte Hornets,Charlotte,"35,2251","-80,8392"
De'Anthony Melton,2019,PHO,PG,20,"0,949","0,0","0,0","9,9","-0,2",Sobrepagado,Phoenix Suns,Phoenix,"33,4457","-112,0712"
Ron Baker,2019,NYK,SG,25,"0,94858","-0,1","-0,10542073414999263","2,5","-0,2",Sobrepagado,New York Knicks,New York,"40,7505","-73,9934"
Austin Rivers,2019,HOU,SG,26,"0,922943","1,2","1,3001886357012296","7,7","-1,1",Infravalorado,Houston Rockets,Houston,"29,7508","-95,3621"
Chasson Randle,2019,WAS,PG,25,"0,869094","0,6","0,6903741137322315","9,9","-0,4",Valor de mercado,Washington Wizards,Washington,"38,8981","-77,0209"
Hamidou Diallo,2019,OKC,SG,20,"0,838464","0,8","0,9541256392641784","10,1","-0,3",Infravalorado,Oklahoma City Thunder,Oklahoma City,"35,4634","-97,5151"
Chimezie Metu,2019,SAS,PF,21,"0,838464","-0,3","-0,35779711472406683","6,4","-0,2",Sobrepagado,San Antonio Spurs,San Antonio,"29,427","-98,4375"
Gary Trent Jr.,2019,POR,SG,20,"0,838464","-0,2","-0,2385314098160446","3,6","-0,2",Sobrepagado,Portland Trail Blazers,Portland,"45,5316","-122,6668"
Jevon Carter,2019,MEM,PG,23,"0,838464","0,0","0,0","7,8","-0,3",Sobrepagado,Memphis Grizzlies,Memphis,"35,1382","-90,0505"
Ryan Broekhoff,2019,DAL,SG,28,"0,838464","0,8","0,9541256392641784","10,7","0,1",Infravalorado,Dallas Mavericks,Dallas,"32,7905","-96,8103"
Isaiah Briscoe,2019,ORL,PG,22,"0,838464","0,3","0,35779711472406683","6,7","-0,4",Valor de mercado,Orlando Magic,Orlando,"28,5392","-81,3839"
Jarred Vanderbilt,2019,DEN,PF,19,"0,838464","0,1","0,1192657049080223","12,4","0,0",Sobrepagado,Denver Nuggets,Denver,"39,7487","-105,0077"
Alize Johnson,2019,IND,PF,22,"0,838464","0,0","0,0","6,3","-0,1",Sobrepagado,Indiana Pacers,Indianapolis,"39,764","-86,1555"
Isaiah Hartenstein,2019,HOU,PF,20,"0,838464","0,5","0,5963285245401114","10,0","-0,1",Valor de mercado,Houston Rockets,Houston,"29,7508","-95,3621"
Bruce Brown,2019,DET,SG,22,"0,838464","1,5","1,7889855736203344","6,9","-0,5",Infravalorado,Detroit Pistons,Detroit,"42,341","-83,0552"
Khyri Thomas,2019,DET,SG,22,"0,838464","0,0","0,0","6,2","-0,2",Sobrepagado,Detroit Pistons,Detroit,"42,341","-83,0552"
Keita Bates-Diop,2019,MIN,SF,23,"0,838464","0,3","0,35779711472406683","9,6","-0,2",Valor de mercado,Minnesota Timberwolves,Minneapolis,"44,9795","-93,276"
Kenrich Williams,2019,NOP,SF,24,"0,838464","1,2","1,4311884588962673","9,7","0,0",Infravalorado,New Orleans Pelicans,New Orleans,"29,949","-90,0821"
Brad Wanamaker,2019,BOS,PG,29,"0,838464","1,0","1,1926570490802229","14,3","0,1",Infravalorado,Boston Celtics,Boston,"42,3662","-71,0621"
Patrick McCaw,2019,TOR,SG,23,"0,777665","0,5","0,6429503706608887","7,5","-0,1",Valor de mercado,Toronto Raptors,Toronto,"43,6435","-79,3791"
Kenneth Faried,2019,HOU,C,29,"0,683661","2,9","4,241868411391025","21,6","0,3",Infravalorado,Houston Rockets,Houston,"29,7508","-95,3621"
Brandon Goodwin,2019,DEN,PG,23,"0,630032","0,0","0,0","8,3","-0,1",Sobrepagado,Denver Nuggets,Denver,"39,7487","-105,0077"
Gary Clark,2019,HOU,PF,24,"0,596873","1,0","1,6753982840570776","9,2","0,2",Infravalorado,Houston Rockets,Houston,"29,7508","-95,3621"
Bruno Caboclo,2019,MEM,PF,23,"0,522151","1,5","2,872732217308786","12,4","0,2",Infravalorado,Memphis Grizzlies,Memphis,"35,1382","-90,0505"
Wesley Matthews,2019,IND,SF,32,"0,512746","2,7","5,265765115671307","10,3","0,1",Infravalorado,Indiana Pacers,Indianapolis,"39,764","-86,1555"
Salah Mejri,2019,DAL,C,32,"0,512746","1,1","2,145311713792014","16,1","0,3",Infravalorado,Dallas Mavericks,Dallas,"32,7905","-96,8103"
Nik Stauskas,2019,CLE,SG,25,"0,5042","1,1","2,18167393891313","10,9","0,0",Infravalorado,Cleveland Cavaliers,Cleveland,"41,4965","-81,6882"
Jeremy Lin,2019,TOR,PG,30,"0,487109","2,1","4,3111500711339765","13,5","-0,1",Infravalorado,Toronto Raptors,Toronto,"43,6435","-79,3791"
John Jenkins,2019,NYK,SG,27,"0,48652","0,2","0,4110827920743238","9,7","-0,1",Valor de mercado,New York Knicks,New York,"40,7505","-73,9934"
Chris Boucher,2019,TOR,PF,26,"0,457418","0,7","1,5303289332732861","22,2","0,2",Infravalorado,Toronto Raptors,Toronto,"43,6435","-79,3791"
Malcolm Miller,2019,TOR,SF,25,"0,457418","0,2","0,4372368380780818","13,7","0,0",Valor de mercado,Toronto Raptors,Toronto,"43,6435","-79,3791"
Markieff Morris,2019,OKC,PF,29,"0,427288","1,6","3,744547003426261","11,7","-0,2",Infravalorado,Oklahoma City Thunder,Oklahoma City,"35,4634","-97,5151"
Henry Ellenson,2019,NYK,PF,22,"0,341831","0,4","1,1701688846242735","13,1","0,0",Infravalorado,New York Knicks,New York,"40,7505","-73,9934"
Pau Gasol,2019,MIL,C,38,"0,333285","1,1","3,300478569392562","16,7","0,5",Infravalorado,Milwaukee Bucks,Milwaukee,"43,045","-87,917"
Andrew Bogut,2019,GSW,C,34,"0,307648","0,3","0,9751404202205118","13,4","0,0",Infravalorado,Golden State Warriors,San Francisco,"37,768","-122,3877"
Jaylen Adams,2019,ATL,PG,22,"0,270014","0,1","0,3703511669765272","7,6","-0,2",Valor de mercado,Atlanta Hawks,Atlanta,"33,7573","-84,3963"
Danuel House Jr.,2019,HOU,SF,25,"0,247827","2,3","9,28066756245284","12,2","0,4",Infravalorado,Houston Rockets,Houston,"29,7508","-95,3621"
Tim Frazier,2019,MIL,PG,28,"0,196553","2,0","10,175372545827333","11,7","0,1",Infravalorado,Milwaukee Bucks,Milwaukee,"43,045","-87,917"
Ray Spalding,2019,PHO,PF,21,"0,184746","0,2","1,0825674168858868","14,6","-0,1",Infravalorado,Phoenix Suns,Phoenix,"33,4457","-112,0712"
Deonte Burton,2019,OKC,SG,25,"0,151587","0,1","0,6596871763409792","7,0","-0,1",Valor de mercado,Oklahoma City Thunder,Oklahoma City,"35,4634","-97,5151"
Cameron Reynolds,2019,MIN,SG,23,"0,108953","0,4","3,6713078116251965","10,4","0,0",Infravalorado,Minnesota Timberwolves,Minneapolis,"44,9795","-93,276"
Greg Monroe,2019,PHI,C,28,"0,05982","1,1","18,388498829822804","16,0","-0,1",Infravalorado,Philadelphia 76ers,Philadelphia,"39,9012","-75,172"
Michael Carter-Williams,2019,ORL,PG,27,"0,05982","0,8","13,373453694416584","14,7","0,3",Infravalorado,Orlando Magic,Orlando,"28,5392","-81,3839"
Jordan McRae,2019,WAS,SG,27,"0,017092","0,5","29,253451907325065","14,3","0,0",Infravalorado,Washington Wizards,Washington,"38,8981","-77,0209"
Duncan Robinson,2019,MIA,SF,24,"0,009474","0,2","21,110407430863418","7,6","-0,1",Infravalorado,Miami Heat,Miami,"25,7814","-80,187"
Theo Pinson,2019,BRK,SG,23,"0,004737","0,0","0,0","8,1","-0,1",Sobrepagado,Brooklyn Nets,Brooklyn,"40,6828","-73,9752"
Chris Paul,2020,OKC,PG,34,"38,506482","8,9","0,2311299172954829","21,7","3,5",Sobrepagado,Oklahoma City Thunder,Oklahoma City,"35,4634","-97,5151"
Russell Westbrook,2020,HOU,PG,31,"38,506482","4,2","0,10907254524056496","21,0","1,8",Sobrepagado,Houston Rockets,Houston,"29,7508","-95,3621"
James Harden,2020,HOU,SG,30,"38,199","13,1","0,34294091468363047","29,1","7,3",Valor de mercado,Houston Rockets,Houston,"29,7508","-95,3621"
LeBron James,2020,LAL,PG,35,"37,436858","9,8","0,26177410508114757","25,5","6,1",Valor de mercado,LA Lakers,Los Angeles,"34,043","-118,2673"
Kyle Lowry,2020,TOR,PG,33,"34,996296","7,5","0,21430839423692152","17,7","2,8",Sobrepagado,Toronto Raptors,Toronto,"43,6435","-79,3791"
Blake Griffin,2020,DET,PF,30,"34,449964","-0,1","-0,0029027606531025693","11,9","-0,3",Sobrepagado,Detroit Pistons,Detroit,"42,341","-83,0552"
Tobias Harris,2020,PHI,PF,27,"32,742","6,2","0,1893592327896891","17,2","1,8",Sobrepagado,Philadelphia 76ers,Philadelphia,"39,9012","-75,172"
Jimmy Butler,2020,MIA,SF,30,"32,742","9,0","0,2748763056624519","23,6","3,7",Valor de mercado,Miami Heat,Miami,"25,7814","-80,187"
Kawhi Leonard,2020,LAC,SF,28,"32,742","8,7","0,2657137621403702","26,9","5,1",Valor de mercado,LA Clippers,Los Angeles,"34,043","-118,2673"
Kemba Walker,2020,BOS,PG,29,"32,742","5,9","0,18019668926760737","20,0","2,9",Sobrepagado,Boston Celtics,Boston,"42,3662","-71,0621"
Gordon Hayward,2020,BOS,SF,29,"32,70069","5,7","0,17430824854154453","18,1","2,0",Sobrepagado,Boston Celtics,Boston,"42,3662","-71,0621"
Mike Conley,2020,UTA,PG,32,"32,511624","2,5","0,07689557433365987","14,1","0,8",Sobrepagado,Utah Jazz,Salt Lake City,"40,7683","-111,9011"
Kyrie Irving,2020,BRK,PG,27,"31,742","2,9","0,09136160292357129","26,2","1,6",Sobrepagado,Brooklyn Nets,Brooklyn,"40,6828","-73,9752"
Khris Middleton,2020,MIL,SF,28,"30,603448","7,9","0,25814084739732596","21,1","2,9",Valor de mercado,Milwaukee Bucks,Milwaukee,"43,045","-87,917"
Paul George,2020,LAC,SF,29,"30,5607","4,8","0,15706446514641353","21,1","2,5",Sobrepagado,LA Clippers,Los Angeles,"34,043","-118,2673"
Paul Millsap,2020,DEN,PF,34,"30,35","3,5","0,11532125205930807","16,9","0,7",Sobrepagado,Denver Nuggets,Denver,"39,7487","-105,0077"
Damian Lillard,2020,POR,PG,29,"29,802321","11,6","0,3892314293239107","26,9","5,9",Valor de mercado,Portland Trail Blazers,Portland,"45,5316","-122,6668"
Kevin Love,2020,CLE,PF,31,"28,94283","3,8","0,13129331167684707","17,9","1,8",Sobrepagado,Cleveland Cavaliers,Cleveland,"41,4965","-81,6882"
Al Horford,2020,PHI,C,33,"28,0","5,4","0,19285714285714287","15,7","2,2",Sobrepagado,Philadelphia 76ers,Philadelphia,"39,9012","-75,172"
DeMar DeRozan,2020,SAS,SF,30,"27,739975","7,3","0,263158131901705","21,6","2,3",Valor de mercado,San Antonio Spurs,San Antonio,"29,427","-98,4375"
CJ McCollum,2020,POR,SG,28,"27,556959","4,1","0,14878274485947451","17,0","1,6",Sobrepagado,Portland Trail Blazers,Portland,"45,5316","-122,6668"
Joel Embiid,2020,PHI,C,25,"27,50463","6,0","0,21814509048112993","25,8","2,5",Sobrepagado,Philadelphia 76ers,Philadelphia,"39,9012","-75,172"
Andrew Wiggins,2020,GSW,SF,24,"27,50463","1,9","0,0690792786523578","16,4","0,8",Sobrepagado,Golden State Warriors,San Francisco,"37,768","-122,3877"
Devin Booker,2020,PHO,SG,23,"27,285","7,5","0,2748763056624519","20,6","2,6",Valor de mercado,Phoenix Suns,Phoenix,"33,4457","-112,0712"
D'Angelo Russell,2020,MIN,PG,23,"27,285","1,8","0,06597031335898845","18,7","1,4",Sobrepagado,Minnesota Timberwolves,Minneapolis,"44,9795","-93,276"
Karl-Anthony Towns,2020,MIN,C,24,"27,285","5,1","0,18691588785046728","26,5","2,9",Sobrepagado,Minnesota Timberwolves,Minneapolis,"44,9795","-93,276"
Otto Porter Jr.,2020,CHI,SF,26,"27,250575","0,8","0,029357178701733818","15,8","0,3",Sobrepagado,Chicago Bulls,Chicago,"41,8807","-87,6742"
Bradley Beal,2020,WAS,SG,26,"27,093019","5,1","0,18824037291672807","23,2","2,5",Sobrepagado,Washington Wizards,Washington,"38,8981","-77,0209"
Andre Drummond,2020,CLE,C,26,"27,093019","4,2","0,15502148357848197","22,0","1,4",Sobrepagado,Cleveland Cavaliers,Cleveland,"41,4965","-81,6882"
Anthony Davis,2020,LAL,PF,26,"27,093018","11,1","0,40969965029366606","27,4","5,4",Valor de mercado,LA Lakers,Los Angeles,"34,043","-118,2673"
Hassan Whiteside,2020,POR,C,30,"27,093017","8,5","0,31373397802097863","25,0","2,6",Valor de mercado,Portland Trail Blazers,Portland,"45,5316","-122,6668"
Jrue Holiday,2020,NOP,SG,29,"26,231111","3,9","0,1486784147266961","17,0","2,0",Sobrepagado,New Orleans Pelicans,New Orleans,"29,949","-90,0821"
LaMarcus Aldridge,2020,SAS,C,34,"26,0","4,5","0,17307692307692307","19,7","1,5",Sobrepagado,San Antonio Spurs,San Antonio,"29,427","-98,4375"
Steven Adams,2020,OKC,C,26,"25,842697","6,5","0,25152173552164464","20,5","2,1",Valor de mercado,Oklahoma City Thunder,Oklahoma City,"35,4634","-97,5151"
Giannis Antetokounmpo,2020,MIL,PF,25,"25,842697","11,1","0,4295217329677316","31,9","6,6",Valor de mercado,Milwaukee Bucks,Milwaukee,"43,045","-87,917"
Marc Gasol,2020,TOR,C,35,"25,5957","3,0","0,11720718714471572","11,8","1,1",Sobrepagado,Toronto Raptors,Toronto,"43,6435","-79,3791"
Nicolas Batum,2020,CHO,SF,31,"25,565217","0,6","0,023469388114327368","9,2","0,0",Sobrepagado,Charlotte Hornets,Charlotte,"35,2251","-80,8392"
Serge Ibaka,2020,TOR,C,30,"23,271604","3,9","0,16758621365334336","17,3","0,8",Sobrepagado,Toronto Raptors,Toronto,"43,6435","-79,3791"
Rudy Gobert,2020,UTA,C,27,"23,241573","10,7","0,46038191993287203","21,7","3,3",Valor de mercado,Utah Jazz,Salt Lake City,"40,7683","-111,9011"
Danilo Gallinari,2020,OKC,PF,31,"22,615559","6,3","0,2785692805559217","19,5","2,4",Valor de mercado,Oklahoma City Thunder,Oklahoma City,"35,4634","-97,5151"
Victor Oladipo,2020,IND,SG,27,"21,0","0,0","0,0","11,3","-0,2",Sobrepagado,Indiana Pacers,Indianapolis,"39,764","-86,1555"
Tim Hardaway Jr.,2020,DAL,SG,27,"20,025127","4,4","0,2197239498156491","14,5","1,0",Sobrepagado,Dallas Mavericks,Dallas,"32,7905","-96,8103"
Malcolm Brogdon,2020,IND,PG,27,"20,0","4,0","0,2","17,7","1,6",Sobrepagado,Indiana Pacers,Indianapolis,"39,764","-86,1555"
Terry Rozier,2020,CHO,PG,25,"19,894737","3,0","0,1507936495968758","14,8","0,8",Sobrepagado,Charlotte Hornets,Charlotte,"35,2251","-80,8392"
Aaron Gordon,2020,ORL,PF,24,"19,863636","3,7","0,1862700262932728","15,1","1,0",Sobrepagado,Orlando Magic,Orlando,"28,5392","-81,3839"
Zach LaVine,2020,CHI,SF,24,"19,5","4,0","0,20512820512820512","19,4","2,4",Sobrepagado,Chicago Bulls,Chicago,"41,8807","-87,6742"
Kent Bazemore,2020,SAC,SF,30,"19,269662","0,6","0,03113702772783456","9,3","-0,5",Sobrepagado,Sacramento Kings,Sacramento,"38,5802","-121,4997"
Jeff Teague,2020,ATL,PG,31,"19,0","2,5","0,13157894736842105","14,6","0,2",Sobrepagado,Atlanta Hawks,Atlanta,"33,7573","-84,3963"
Evan Turner,2020,ATL,SG,31,"18,606556","-0,3","-0,016123349210891043","6,8","-0,2",Sobrepagado,Atlanta Hawks,Atlanta,"33,7573","-84,3963"
Draymond Green,2020,GSW,PF,29,"18,53913","1,1","0,059333960115712014","12,5","0,5",Sobrepagado,Golden State Warriors,San Francisco,"37,768","-122,3877"
Tristan Thompson,2020,CLE,PF,28,"18,53913","3,1","0,16721388759882477","16,8","0,2",Sobrepagado,Cleveland Cavaliers,Cleveland,"41,4965","-81,6882"
Allen Crabbe,2020,MIN,SG,27,"18,5","-0,1","-0,005405405405405406","6,0","-0,5",Sobrepagado,Minnesota Timberwolves,Minneapolis,"44,9795","-93,276"
Julius Randle,2020,NYK,PF,25,"18,0","2,7","0,15000000000000002","17,5","0,9",Sobrepagado,New York Knicks,New York,"40,7505","-73,9934"
Myles Turner,2020,IND,C,23,"18,0","4,2","0,23333333333333334","14,8","1,0",Sobrepagado,Indiana Pacers,Indianapolis,"39,764","-86,1555"
Gary Harris,2020,DEN,SG,25,"17,839286","1,9","0,10650650480069661","9,7","-0,2",Sobrepagado,Denver Nuggets,Denver,"39,7487","-105,0077"
Derrick Favors,2020,NOP,C,28,"17,65","4,2","0,2379603399433428","18,5","0,9",Sobrepagado,New Orleans Pelicans,New Orleans,"29,949","-90,0821"
Andre Iguodala,2020,MIA,SF,36,"17,185185","0,6","0,03491379347967449","10,5","0,2",Sobrepagado,Miami Heat,Miami,"25,7814","-80,187"
Evan Fournier,2020,ORL,SF,27,"17,15","4,6","0,26822157434402333","16,4","1,6",Valor de mercado,Orlando Magic,Orlando,"28,5392","-81,3839"
Bismack Biyombo,2020,CHO,C,27,"17,0","2,4","0,1411764705882353","16,1","-0,1",Sobrepagado,Charlotte Hornets,Charlotte,"35,2251","-80,8392"
Gorgui Dieng,2020,MEM,C,30,"16,229213","2,9","0,17869011886158617","17,1","1,0",Sobrepagado,Memphis Grizzlies,Memphis,"35,1382","-90,0505"
Ricky Rubio,2020,PHO,PG,29,"16,2","4,9","0,30246913580246915","16,5","1,5",Valor de mercado,Phoenix Suns,Phoenix,"33,4457","-112,0712"
Brandon Knight,2020,DET,SG,28,"15,64375","-0,1","-0,006392329204954055","8,5","-0,3",Sobrepagado,Detroit Pistons,Detroit,"42,341","-83,0552"
Kelly Oubre Jr.,2020,PHO,SF,24,"15,625","3,8","0,2432","14,9","0,7",Sobrepagado,Phoenix Suns,Phoenix,"33,4457","-112,0712"
Eric Bledsoe,2020,MIL,PG,30,"15,625","5,4","0,3456","17,6","1,6",Valor de mercado,Milwaukee Bucks,Milwaukee,"43,045","-87,917"
Ian Mahinmi,2020,WAS,C,33,"15,450051","1,4","0,09061458761527712","14,2","-0,2",Sobrepagado,Washington Wizards,Washington,"38,8981","-77,0209"
James Johnson,2020,MIN,PF,32,"15,3494","1,1","0,07166403898523721","14,8","0,3",Sobrepagado,Minnesota Timberwolves,Minneapolis,"44,9795","-93,276"
Bobby Portis,2020,NYK,PF,24,"15,0","1,9","0,12666666666666665","14,6","0,3",Sobrepagado,New York Knicks,New York,"40,7505","-73,9934"
Clint Capela,2020,HOU,C,25,"14,896552","4,9","0,328935179093793","20,6","1,1",Valor de mercado,Houston Rockets,Houston,"29,7508","-95,3621"
Danny Green,2020,LAL,SG,32,"14,634146","3,4","0,23233333875444456","10,8","1,1",Sobrepagado,LA Lakers,Los Angeles,"34,043","-118,2673"
Rudy Gay,2020,SAS,PF,33,"14,5","2,1","0,14482758620689656","15,4","0,4",Sobrepagado,San Antonio Spurs,San Antonio,"29,427","-98,4375"
Cody Zeller,2020,CHO,C,27,"14,47191","3,6","0,24875776590650442","18,8","0,5",Valor de mercado,Charlotte Hornets,Charlotte,"35,2251","-80,8392"
Eric Gordon,2020,HOU,SF,31,"14,05773","0,5","0,035567620092290864","10,3","-0,5",Sobrepagado,Houston Rockets,Houston,"29,7508","-95,3621"
Mason Plumlee,2020,DEN,C,29,"14,041096","3,4","0,242146339573492","18,8","1,1",Sobrepagado,Denver Nuggets,Denver,"39,7487","-105,0077"
Jordan Clarkson,2020,UTA,SG,27,"13,4375","3,4","0,25302325581395346","17,3","1,3",Valor de mercado,Utah Jazz,Salt Lake City,"40,7683","-111,9011"
Dewayne Dedmon,2020,ATL,C,30,"13,333333","0,1","0,007500000187500006","9,4","-0,7",Sobrepagado,Atlanta Hawks,Atlanta,"33,7573","-84,3963"
Justise Winslow,2020,MIA,SG,23,"13,0","0,0","0,0","8,5","-0,1",Sobrepagado,Miami Heat,Miami,"25,7814","-80,187"
Thaddeus Young,2020,CHI,PF,31,"12,9","1,9","0,14728682170542634","13,3","0,3",Sobrepagado,Chicago Bulls,Chicago,"41,8807","-87,6742"
Will Barton,2020,DEN,SF,29,"12,776786","4,2","0,32872116665333523","15,6","1,5",Valor de mercado,Denver Nuggets,Denver,"39,7487","-105,0077"
Courtney Lee,2020,DAL,SG,34,"12,75967","0,7","0,05486035297151102","10,8","0,1",Sobrepagado,Dallas Mavericks,Dallas,"32,7905","-96,8103"
Solomon Hill,2020,MIA,PF,28,"12,758781","1,4","0,10972835100782746","9,8","0,1",Sobrepagado,Miami Heat,Miami,"25,7814","-80,187"
Larry Nance Jr.,2020,CLE,PF,27,"12,727273","3,9","0,306428564862245","17,3","1,4",Valor de mercado,Cleveland Cavaliers,Cleveland,"41,4965","-81,6882"
Kelly Olynyk,2020,MIA,C,28,"12,667885","3,7","0,2920771699458907","14,6","1,0",Valor de mercado,Miami Heat,Miami,"25,7814","-80,187"
Marcus Smart,2020,BOS,SG,25,"12,553571","4,5","0,3584637391225174","13,8","1,6",Valor de mercado,Boston Celtics,Boston,"42,3662","-71,0621"
Terrence Ross,2020,ORL,SG,28,"12,5","3,0","0,24","14,0","0,8",Sobrepagado,Orlando Magic,Orlando,"28,5392","-81,3839"
Patty Mills,2020,SAS,PG,31,"12,428571","2,8","0,22528736409036887","14,8","0,8",Sobrepagado,San Antonio Spurs,San Antonio,"29,427","-98,4375"
Patrick Beverley,2020,LAC,PG,31,"12,34568","3,6","0,2915999766720019","12,5","1,4",Valor de mercado,LA Clippers,Los Angeles,"34,043","-118,2673"
Trevor Ariza,2020,SAC,SF,34,"12,195122","2,5","0,20499999918","11,0","0,6",Sobrepagado,Sacramento Kings,Sacramento,"38,5802","-121,4997"
Brook Lopez,2020,MIL,C,31,"12,093023","5,5","0,45480770192862446","15,0","1,9",Valor de mercado,Milwaukee Bucks,Milwaukee,"43,045","-87,917"
Cory Joseph,2020,SAC,PG,28,"12,0","2,3","0,19166666666666665","10,1","0,0",Sobrepagado,Sacramento Kings,Sacramento,"38,5802","-121,4997"
Joe Ingles,2020,UTA,PF,32,"11,954546","4,8","0,4015208942271835","12,6","1,5",Valor de mercado,Utah Jazz,Salt Lake City,"40,7683","-111,9011"
Tony Snell,2020,DET,SF,28,"11,392857","2,6","0,2282131690058078","9,7","0,1",Sobrepagado,Detroit Pistons,Detroit,"42,341","-83,0552"
Robert Covington,2020,HOU,PF,29,"11,301219","3,7","0,3273983098637413","13,3","1,1",Valor de mercado,Houston Rockets,Houston,"29,7508","-95,3621"
Meyers Leonard,2020,MIA,C,27,"11,286516","2,1","0,18606273184745406","10,6","0,3",Sobrepagado,Miami Heat,Miami,"25,7814","-80,187"
Maurice Harkless,2020,NYK,PF,26,"11,011234","2,7","0,2452041251688957","9,8","0,5",Sobrepagado,New York Knicks,New York,"40,7505","-73,9934"
T.J. Warren,2020,IND,SF,26,"10,81","6,5","0,6012950971322849","18,4","1,7",Valor de mercado,Indiana Pacers,Indianapolis,"39,764","-86,1555"
Spencer Dinwiddie,2020,BRK,PG,26,"10,6056","4,8","0,452591083955646","17,8","1,9",Valor de mercado,Brooklyn Nets,Brooklyn,"40,6828","-73,9752"
Jeremy Lamb,2020,IND,SG,27,"10,5","2,7","0,2571428571428572","14,0","0,5",Valor de mercado,Indiana Pacers,Indianapolis,"39,764","-86,1555"
Dwight Powell,2020,DAL,C,28,"10,259375","3,6","0,3508985683825769","15,9","0,9",Valor de mercado,Dallas Mavericks,Dallas,"32,7905","-96,8103"
Norman Powell,2020,TOR,SG,26,"10,116576","4,6","0,45469929746981586","16,8","1,5",Valor de mercado,Toronto Raptors,Toronto,"43,6435","-79,3791"
Josh Richardson,2020,PHI,SG,26,"10,116576","2,1","0,20758011406230725","12,0","0,1",Sobrepagado,Philadelphia 76ers,Philadelphia,"39,9012","-75,172"
DeAndre Jordan,2020,BRK,C,31,"9,881598","5,2","0,5262306764553668","19,9","1,5",Valor de mercado,Brooklyn Nets,Brooklyn,"40,6828","-73,9752"
Zion Williamson,2020,NOP,PF,19,"9,75744","2,0","0,20497179588088676","24,1","0,7",Sobrepagado,New Orleans Pelicans,New Orleans,"29,949","-90,0821"
Markelle Fultz,2020,ORL,PG,21,"9,7452","2,7","0,27705947543405984","14,3","0,1",Valor de mercado,Orlando Magic,Orlando,"28,5392","-81,3839"
John Henson,2020,DET,C,29,"9,732396","1,4","0,14384946933930762","17,0","0,4",Sobrepagado,Detroit Pistons,Detroit,"42,341","-83,0552"
Matthew Dellavedova,2020,CLE,PG,29,"9,6075","0,2","0,020817069997397866","8,1","-0,7",Sobrepagado,Cleveland Cavaliers,Cleveland,"41,4965","-81,6882"
Dante Exum,2020,CLE,SG,24,"9,6","0,4","0,04166666666666667","10,3","-0,1",Sobrepagado,Cleveland Cavaliers,Cleveland,"41,4965","-81,6882"
Deandre Ayton,2020,PHO,C,21,"9,56292","3,1","0,3241687685351336","20,0","0,7",Valor de mercado,Phoenix Suns,Phoenix,"33,4457","-112,0712"
Delon Wright,2020,DAL,PG,27,"9,473684","4,4","0,46444445476543234","15,4","1,5",Valor de mercado,Dallas Mavericks,Dallas,"32,7905","-96,8103"
Fred VanVleet,2020,TOR,SG,25,"9,346153","5,8","0,6205761878710953","16,3","2,3",Valor de mercado,Toronto Raptors,Toronto,"43,6435","-79,3791"
Jerami Grant,2020,DEN,PF,25,"9,346153","4,4","0,4707819356263482","14,4","0,7",Valor de mercado,Denver Nuggets,Denver,"39,7487","-105,0077"
Tyus Jones,2020,MEM,PG,23,"9,258","3,0","0,32404406999351915","15,7","0,8",Valor de mercado,Memphis Grizzlies,Memphis,"35,1382","-90,0505"
Al-Farouq Aminu,2020,ORL,PF,29,"9,258","0,1","0,010801468999783972","7,6","-0,1",Sobrepagado,Orlando Magic,Orlando,"28,5392","-81,3839"
George Hill,2020,MIL,PG,33,"9,133907","5,5","0,6021519597254493","16,9","1,6",Valor de mercado,Milwaukee Bucks,Milwaukee,"43,045","-87,917"
Kyle Anderson,2020,MEM,SF,26,"9,07305","2,5","0,27554130088558976","12,5","0,9",Valor de mercado,Memphis Grizzlies,Memphis,"35,1382","-90,0505"
Taj Gibson,2020,NYK,C,34,"9,0","2,6","0,2888888888888889","16,1","0,2",Valor de mercado,New York Knicks,New York,"40,7505","-73,9934"
Ja Morant,2020,MEM,PG,20,"8,73024","3,8","0,4352686753170588","17,4","1,2",Valor de mercado,Memphis Grizzlies,Memphis,"35,1382","-90,0505"
E'Twaun Moore,2020,NOP,SG,30,"8,664928","0,9","0,10386699116253477","11,3","-0,2",Sobrepagado,New Orleans Pelicans,New Orleans,"29,949","-90,0821"
P.J. Tucker,2020,HOU,PF,34,"8,349039","4,0","0,47909705536170094","8,3","0,1",Valor de mercado,Houston Rockets,Houston,"29,7508","-95,3621"
C.J. Miles,2020,WAS,SF,32,"8,333333","0,1","0,012000000480000021","11,1","0,0",Sobrepagado,Washington Wizards,Washington,"38,8981","-77,0209"
Ben Simmons,2020,PHI,PG,23,"8,11393","6,9","0,8503893920701806","20,4","2,8",Infravalorado,Philadelphia 76ers,Philadelphia,"39,9012","-75,172"
Kentavious Caldwell-Pope,2020,LAL,SG,26,"8,089282","3,7","0,4573953535060343","11,0","0,5",Valor de mercado,LA Lakers,Los Angeles,"34,043","-118,2673"
Thomas Bryant,2020,WAS,C,22,"8,0","3,9","0,4875","21,1","1,2",Valor de mercado,Washington Wizards,Washington,"38,8981","-77,0209"
Elfrid Payton,2020,NYK,PG,25,"8,0","1,7","0,2125","16,0","0,6",Sobrepagado,New York Knicks,New York,"40,7505","-73,9934"
Wayne Ellington,2020,NYK,SG,32,"8,0","0,4","0,05","8,5","-0,1",Sobrepagado,New York Knicks,New York,"40,7505","-73,9934"
Lou Williams,2020,LAC,PG,33,"8,0","4,1","0,5125","17,3","1,3",Valor de mercado,LA Clippers,Los Angeles,"34,043","-118,2673"
Maxi Kleber,2020,DAL,PF,28,"8,0","4,8","0,6","13,6","1,1",Valor de mercado,Dallas Mavericks,Dallas,"32,7905","-96,8103"
Jayson Tatum,2020,BOS,PF,21,"7,83","6,9","0,8812260536398467","20,4","3,4",Infravalorado,Boston Celtics,Boston,"42,3662","-71,0621"
Jae Crowder,2020,MIA,SF,29,"7,815533","3,8","0,4862112411271246","12,5","0,9",Valor de mercado,Miami Heat,Miami,"25,7814","-80,187"
Joe Harris,2020,BRK,SF,28,"7,666667","4,3","0,560869540831759","13,3","1,0",Valor de mercado,Brooklyn Nets,Brooklyn,"40,6828","-73,9752"
Seth Curry,2020,DAL,SG,29,"7,46138","4,3","0,5763008987613552","15,5","1,2",Valor de mercado,Dallas Mavericks,Dallas,"32,7905","-96,8103"
Doug McDermott,2020,IND,PF,28,"7,333333","3,3","0,4500000204545464","14,4","0,7",Valor de mercado,Indiana Pacers,Indianapolis,"39,764","-86,1555"
Langston Galloway,2020,DET,SG,28,"7,333333","3,1","0,42272729194214964","12,3","0,5",Valor de mercado,Detroit Pistons,Detroit,"42,341","-83,0552"
Derrick Rose,2020,DET,PG,31,"7,317073","2,5","0,3416666746388891","21,0","1,4",Valor de mercado,Detroit Pistons,Detroit,"42,341","-83,0552"
Brandon Ingram,2020,NOP,PF,22,"7,265485","5,1","0,7019490095981203","18,8","2,2",Valor de mercado,New Orleans Pelicans,New Orleans,"29,949","-90,0821"
D.J. Augustin,2020,ORL,PG,32,"7,25","2,9","0,39999999999999997","14,0","0,2",Valor de mercado,Orlando Magic,Orlando,"28,5392","-81,3839"
De'Andre Hunter,2020,ATL,SF,22,"7,06836","0,1","0,014147553322128472","8,6","-1,4",Sobrepagado,Atlanta Hawks,Atlanta,"33,7573","-84,3963"
Josh Jackson,2020,MEM,SF,22,"7,05948","0,5","0,07082674644591387","14,1","0,2",Sobrepagado,Memphis Grizzlies,Memphis,"35,1382","-90,0505"
Jaren Jackson Jr.,2020,MEM,C,20,"6,92748","3,5","0,505234226587446","16,3","1,0",Valor de mercado,Memphis Grizzlies,Memphis,"35,1382","-90,0505"
Nemanja Bjelica,2020,SAC,PF,31,"6,825","5,3","0,7765567765567765","15,7","1,9",Infravalorado,Sacramento Kings,Sacramento,"38,5802","-121,4997"
Jaylen Brown,2020,BOS,SG,23,"6,534829","4,9","0,7498283428686504","16,9","1,4",Infravalorado,Boston Celtics,Boston,"42,3662","-71,0621"
Jabari Parker,2020,SAC,PF,24,"6,5","1,6","0,24615384615384617","18,0","0,5",Sobrepagado,Sacramento Kings,Sacramento,"38,5802","-121,4997"
Ivica Zubac,2020,LAC,C,22,"6,481482","6,6","1,0182856328228636","21,7","1,6",Infravalorado,LA Clippers,Los Angeles,"34,043","-118,2673"
Darius Garland,2020,CLE,SG,20,"6,40092","-1,3","-0,20309580497803442","8,5","-1,7",Sobrepagado,Cleveland Cavaliers,Cleveland,"41,4965","-81,6882"
De'Aaron Fox,2020,SAC,PG,22,"6,39276","4,0","0,625707831984933","20,6","1,6",Valor de mercado,Sacramento Kings,Sacramento,"38,5802","-121,4997"
Trae Young,2020,ATL,PG,21,"6,273","5,9","0,9405388171528775","23,9","3,1",Infravalorado,Atlanta Hawks,Atlanta,"33,7573","-84,3963"
Ish Smith,2020,WAS,PG,31,"6,0","1,9","0,31666666666666665","13,9","0,3",Valor de mercado,Washington Wizards,Washington,"38,8981","-77,0209"
Montrezl Harrell,2020,LAC,C,26,"6,0","7,0","1,1666666666666667","23,2","2,2",Infravalorado,LA Clippers,Los Angeles,"34,043","-118,2673"
Marco Belinelli,2020,SAS,SG,33,"5,846154","0,8","0,13684210166204996","10,8","-0,2",Sobrepagado,San Antonio Spurs,San Antonio,"29,427","-98,4375"
Jarrett Culver,2020,MIN,SG,20,"5,81364","-0,1","-0,0172009274740094","9,6","-0,8",Sobrepagado,Minnesota Timberwolves,Minneapolis,"44,9795","-93,276"
Jonathan Isaac,2020,ORL,PF,22,"5,80644","2,5","0,4305564166683889","17,3","1,1",Valor de mercado,Orlando Magic,Orlando,"28,5392","-81,3839"
Rodney Hood,2020,POR,SF,27,"5,718","1,1","0,19237495627841905","12,2","0,2",Sobrepagado,Portland Trail Blazers,Portland,"45,5316","-122,6668"
Trey Lyles,2020,SAS,PF,24,"5,5","2,2","0,4","12,6","0,3",Valor de mercado,San Antonio Spurs,San Antonio,"29,427","-98,4375"
Aron Baynes,2020,PHO,C,33,"5,45328","2,1","0,38508934072704865","15,2","0,2",Valor de mercado,Phoenix Suns,Phoenix,"33,4457","-112,0712"
Kris Dunn,2020,CHI,PG,25,"5,348007","2,3","0,43006675196947197","12,1","0,4",Valor de mercado,Chicago Bulls,Chicago,"41,8807","-87,6742"
Coby White,2020,CHI,PG,19,"5,30712","0,9","0,16958350291683624","11,9","-0,4",Sobrepagado,Chicago Bulls,Chicago,"41,8807","-87,6742"
Lauri Markkanen,2020,CHI,PF,22,"5,3004","2,6","0,4905290166779866","14,3","0,5",Valor de mercado,Chicago Bulls,Chicago,"41,8807","-87,6742"
Wendell Carter Jr.,2020,CHI,C,20,"5,2014","3,3","0,6344445726150651","15,5","-0,1",Valor de mercado,Chicago Bulls,Chicago,"41,8807","-87,6742"
Daniel Theis,2020,BOS,C,27,"5,0","6,5","1,3","17,9","1,7",Infravalorado,Boston Celtics,Boston,"42,3662","-71,0621"
Jaxson Hayes,2020,NOP,C,19,"4,86204","3,9","0,8021324382358022","17,6","0,5",Infravalorado,New Orleans Pelicans,New Orleans,"29,949","-90,0821"
Buddy Hield,2020,SAC,SG,27,"4,861208","3,0","0,617130556849244","16,0","1,7",Valor de mercado,Sacramento Kings,Sacramento,"38,5802","-121,4997"
Frank Ntilikina,2020,NYK,PG,21,"4,8558","0,9","0,1853453601878166","9,8","-0,4",Sobrepagado,New York Knicks,New York,"40,7505","-73,9934"
Rodney McGruder,2020,LAC,SG,28,"4,807693","1,0","0,2079999700480043","6,7","-0,2",Sobrepagado,LA Clippers,Los Angeles,"34,043","-118,2673"
Ed Davis,2020,UTA,C,30,"4,767","0,6","0,12586532410320955","9,5","-0,1",Sobrepagado,Utah Jazz,Salt Lake City,"40,7683","-111,9011"
Richaun Holmes,2020,SAC,C,26,"4,767","4,9","1,0279001468428781","19,7","0,9",Infravalorado,Sacramento Kings,Sacramento,"38,5802","-121,4997"
Frank Kaminsky,2020,PHO,C,26,"4,767","1,4","0,29368575624082227","14,2","0,3",Valor de mercado,Phoenix Suns,Phoenix,"33,4457","-112,0712"
Mike Scott,2020,PHI,PF,31,"4,767","2,5","0,5244388504300398","11,2","0,1",Valor de mercado,Philadelphia 76ers,Philadelphia,"39,9012","-75,172"
Garrett Temple,2020,BRK,SG,33,"4,767","2,4","0,5034612964128382","10,5","0,4",Valor de mercado,Brooklyn Nets,Brooklyn,"40,6828","-73,9752"
Robin Lopez,2020,MIL,C,31,"4,767","1,5","0,3146633102580239","10,2","-0,2",Valor de mercado,Milwaukee Bucks,Milwaukee,"43,045","-87,917"
Avery Bradley,2020,LAL,SG,29,"4,767","1,5","0,3146633102580239","8,9","-0,2",Valor de mercado,LA Lakers,Los Angeles,"34,043","-118,2673"
JaMychal Green,2020,LAC,PF,29,"4,767","3,1","0,6503041745332494","11,1","0,5",Valor de mercado,LA Clippers,Los Angeles,"34,043","-118,2673"
Justin Holiday,2020,IND,SF,30,"4,767","4,2","0,8810572687224669","12,1","1,5",Infravalorado,Indiana Pacers,Indianapolis,"39,764","-86,1555"
Collin Sexton,2020,CLE,PG,21,"4,76496","2,5","0,5246633759779725","16,3","0,1",Valor de mercado,Cleveland Cavaliers,Cleveland,"41,4965","-81,6882"
Rui Hachimura,2020,WAS,PF,21,"4,46916","1,8","0,40276025024836887","13,5","-0,4",Valor de mercado,Washington Wizards,Washington,"38,8981","-77,0209"
Kevon Looney,2020,GSW,C,23,"4,464226","0,0","0,0","9,4","-0,2",Sobrepagado,Golden State Warriors,San Francisco,"37,768","-122,3877"
Dennis Smith Jr.,2020,NYK,PG,22,"4,46364","-0,9","-0,20162916364222921","7,4","-0,6",Sobrepagado,New York Knicks,New York,"40,7505","-73,9934"
Jamal Murray,2020,DEN,PG,22,"4,444746","4,3","0,9674343595787025","17,7","1,5",Infravalorado,Denver Nuggets,Denver,"39,7487","-105,0077"
Cam Reddish,2020,ATL,SF,20,"4,24572","-0,4","-0,09421252461302206","9,0","-0,9",Sobrepagado,Atlanta Hawks,Atlanta,"33,7573","-84,3963"
Zach Collins,2020,POR,PF,22,"4,2402","0,3","0,07075137965190322","9,9","-0,1",Sobrepagado,Portland Trail Blazers,Portland,"45,5316","-122,6668"
Mikal Bridges,2020,PHO,SF,23,"4,161","4,8","1,1535688536409519","12,9","1,5",Infravalorado,Phoenix Suns,Phoenix,"33,4457","-112,0712"
Alex Len,2020,SAC,C,26,"4,16","2,5","0,6009615384615384","17,7","0,3",Valor de mercado,Sacramento Kings,Sacramento,"38,5802","-121,4997"
Cameron Johnson,2020,PHO,PF,23,"4,03344","2,7","0,6694037843627277","12,9","0,7",Valor de mercado,Phoenix Suns,Phoenix,"33,4457","-112,0712"
Malik Monk,2020,CHO,SG,21,"4,0284","0,7","0,17376625955714425","12,6","-0,1",Sobrepagado,Charlotte Hornets,Charlotte,"35,2251","-80,8392"
Patrick McCaw,2020,TOR,SF,24,"4,0","1,4","0,35","7,3","0,0",Valor de mercado,Toronto Raptors,Toronto,"43,6435","-79,3791"
Reggie Bullock,2020,NYK,SG,28,"4,0","0,5","0,125","9,3","-0,2",Sobrepagado,New York Knicks,New York,"40,7505","-73,9934"
JaVale McGee,2020,LAL,C,32,"4,0","4,7","1,175","19,4","1,0",Infravalorado,LA Lakers,Los Angeles,"34,043","-118,2673"
Dorian Finney-Smith,2020,DAL,PF,26,"4,0","4,9","1,225","12,3","0,9",Infravalorado,Dallas Mavericks,Dallas,"32,7905","-96,8103"
Shai Gilgeous-Alexander,2020,OKC,SG,21,"3,95292","6,1","1,5431630288495592","17,7","2,2",Infravalorado,Oklahoma City Thunder,Oklahoma City,"35,4634","-97,5151"
Luke Kennard,2020,DET,SG,23,"3,82716","1,9","0,49645167696150666","14,4","0,4",Valor de mercado,Detroit Pistons,Detroit,"42,341","-83,0552"
Miles Bridges,2020,CHO,SF,21,"3,7554","1,6","0,42605315013047884","12,1","-0,3",Valor de mercado,Charlotte Hornets,Charlotte,"35,2251","-80,8392"
Jakob Poeltl,2020,SAS,C,24,"3,754886","4,0","1,0652786795657712","19,1","1,3",Infravalorado,San Antonio Spurs,San Antonio,"29,427","-98,4375"
Tyler Herro,2020,MIA,SG,20,"3,6402","1,6","0,4395362892148783","12,5","0,1",Valor de mercado,Miami Heat,Miami,"25,7814","-80,187"
Donovan Mitchell,2020,UTA,SG,23,"3,63576","5,4","1,4852465509274542","18,8","2,3",Infravalorado,Utah Jazz,Salt Lake City,"40,7683","-111,9011"
Stanley Johnson,2020,TOR,PF,23,"3,623","0,0","0,0","9,9","0,0",Sobrepagado,Toronto Raptors,Toronto,"43,6435","-79,3791"
Jake Layman,2020,MIN,SF,25,"3,581986","0,3","0,08375242114290787","10,3","-0,2",Sobrepagado,Minnesota Timberwolves,Minneapolis,"44,9795","-93,276"
Thon Maker,2020,DET,C,22,"3,569643","1,5","0,4202100882357143","13,7","0,1",Valor de mercado,Detroit Pistons,Detroit,"42,341","-83,0552"
Jerome Robinson,2020,WAS,SG,22,"3,56772","0,2","0,05605821084614264","7,4","-0,5",Sobrepagado,Washington Wizards,Washington,"38,8981","-77,0209"
Allonzo Trier,2020,NYK,SG,24,"3,551","0,5","0,14080540692762603","14,5","0,1",Sobrepagado,New York Knicks,New York,"40,7505","-73,9934"
Danuel House Jr.,2020,HOU,SF,26,"3,54","3,6","1,0169491525423728","11,3","0,6",Infravalorado,Houston Rockets,Houston,"29,7508","-95,3621"
Domantas Sabonis,2020,IND,PF,23,"3,529555","7,5","2,1249137639164144","20,7","2,9",Infravalorado,Indiana Pacers,Indianapolis,"39,764","-86,1555"
T.J. McConnell,2020,IND,PG,27,"3,5","3,3","0,9428571428571428","16,5","0,8",Infravalorado,Indiana Pacers,Indianapolis,"39,764","-86,1555"
Taurean Prince,2020,BRK,PF,25,"3,481986","0,6","0,1723154544561638","9,1","-0,4",Sobrepagado,Brooklyn Nets,Brooklyn,"40,6828","-73,9752"
Romeo Langford,2020,BOS,SG,20,"3,4584","0,2","0,057830210501966225","5,4","-0,3",Sobrepagado,Boston Celtics,Boston,"42,3662","-71,0621"
Bam Adebayo,2020,MIA,PF,22,"3,45408","8,5","2,460857884009635","20,3","3,3",Infravalorado,Miami Heat,Miami,"25,7814","-80,187"
Michael Porter Jr.,2020,DEN,SF,21,"3,3894","2,9","0,855608662300112","19,8","0,8",Infravalorado,Denver Nuggets,Denver,"39,7487","-105,0077"
Denzel Valentine,2020,CHI,SF,26,"3,377569","0,5","0,14803546574474127","13,0","0,2",Sobrepagado,Chicago Bulls,Chicago,"41,8807","-87,6742"
Sekou Doumbouya,2020,DET,PF,19,"3,28512","-0,3","-0,0913208649912332","6,2","-0,9",Sobrepagado,Detroit Pistons,Detroit,"42,341","-83,0552"
Justin Jackson,2020,DAL,PF,24,"3,28092","1,2","0,3657510698218792","9,5","-0,4",Valor de mercado,Dallas Mavericks,Dallas,"32,7905","-96,8103"
Troy Brown Jr.,2020,WAS,SF,20,"3,21948","2,4","0,7454620000745462","13,7","0,3",Infravalorado,Washington Wizards,Washington,"38,8981","-77,0209"
Yogi Ferrell,2020,SAC,PG,26,"3,15","0,7","0,2222222222222222","12,2","0,0",Sobrepagado,Sacramento Kings,Sacramento,"38,5802","-121,4997"
Khem Birch,2020,ORL,C,27,"3,0","2,2","0,7333333333333334","11,7","-0,1",Valor de mercado,Orlando Magic,Orlando,"28,5392","-81,3839"
Quinn Cook,2020,LAL,PG,26,"3,0","0,3","0,09999999999999999","10,0","-0,2",Sobrepagado,LA Lakers,Los Angeles,"34,043","-118,2673"
Ryan Arcidiacono,2020,CHI,PG,25,"3,0","1,4","0,4666666666666666","9,0","-0,2",Valor de mercado,Chicago Bulls,Chicago,"41,8807","-87,6742"
Nickeil Alexander-Walker,2020,NOP,SG,21,"2,96484","-0,2","-0,0674572658221017","8,9","-0,4",Sobrepagado,New Orleans Pelicans,New Orleans,"29,949","-90,0821"
D.J. Wilson,2020,MIL,PF,23,"2,96112","0,3","0,10131301669638514","8,2","-0,2",Sobrepagado,Milwaukee Bucks,Milwaukee,"43,045","-87,917"
Cedi Osman,2020,CLE,SF,24,"2,907143","1,6","0,5503685233234141","10,7","-0,3",Valor de mercado,Cleveland Cavaliers,Cleveland,"41,4965","-81,6882"
Donte DiVincenzo,2020,MIL,SG,23,"2,9058","4,3","1,4797990226443662","14,1","1,3",Infravalorado,Milwaukee Bucks,Milwaukee,"43,045","-87,917"
Bryn Forbes,2020,SAS,SG,26,"2,875","1,5","0,5217391304347826","11,1","-0,3",Valor de mercado,San Antonio Spurs,San Antonio,"29,427","-98,4375"
Goga Bitadze,2020,IND,C,20,"2,81676","0,7","0,24851247532626136","12,1","0,0",Valor de mercado,Indiana Pacers,Indianapolis,"39,764","-86,1555"
T.J. Leaf,2020,IND,PF,22,"2,81328","0,3","0,1066370926463061","12,9","0,0",Sobrepagado,Indiana Pacers,Indianapolis,"39,764","-86,1555"
Alex Caruso,2020,LAL,PG,25,"2,75","2,3","0,8363636363636363","10,8","0,5",Infravalorado,LA Lakers,Los Angeles,"34,043","-118,2673"
Malik Beasley,2020,MIN,SG,23,"2,731714","1,2","0,4392846396072209","12,7","0,0",Valor de mercado,Minnesota Timberwolves,Minneapolis,"44,9795","-93,276"
Lonnie Walker IV,2020,SAS,SG,21,"2,68992","0,3","0,11152748037116346","10,5","-0,4",Sobrepagado,San Antonio Spurs,San Antonio,"29,427","-98,4375"
John Collins,2020,ATL,PF,22,"2,68656","4,9","1,8238937526055625","23,5","1,7",Infravalorado,Atlanta Hawks,Atlanta,"33,7573","-84,3963"
Kevin Huerter,2020,ATL,SG,21,"2,63628","1,6","0,6069158056048675","11,5","0,2",Valor de mercado,Atlanta Hawks,Atlanta,"33,7573","-84,3963"
Caris LeVert,2020,BRK,SG,25,"2,625718","1,5","0,5712723148487385","16,1","0,5",Valor de mercado,Brooklyn Nets,Brooklyn,"40,6828","-73,9752"
DeAndre' Bembry,2020,ATL,SG,25,"2,603982","0,2","0,0768054464278171","9,6","-0,1",Sobrepagado,Atlanta Hawks,Atlanta,"33,7573","-84,3963"
Matisse Thybulle,2020,PHI,SG,22,"2,58216","2,3","0,8907271431669609","10,0","0,8",Infravalorado,Philadelphia 76ers,Philadelphia,"39,9012","-75,172"
Wesley Matthews,2020,MIL,SG,33,"2,564753","3,2","1,247683500126523","8,1","0,1",Infravalorado,Milwaukee Bucks,Milwaukee,"43,045","-87,917"
Rajon Rondo,2020,LAL,PG,33,"2,564753","1,4","0,5458615313053538","12,4","0,2",Valor de mercado,LA Lakers,Los Angeles,"34,043","-118,2673"
Josh Okogie,2020,MIN,SG,21,"2,53068","2,2","0,8693315630581505","11,5","-0,2",Infravalorado,Minnesota Timberwolves,Minneapolis,"44,9795","-93,276"
Vincent Poirier,2020,BOS,C,26,"2,505793","0,3","0,11972257884031122","12,7","-0,1",Sobrepagado,Boston Celtics,Boston,"42,3662","-71,0621"
Rondae Hollis-Jefferson,2020,TOR,PF,25,"2,5","3,4","1,3599999999999999","15,1","0,6",Infravalorado,Toronto Raptors,Toronto,"43,6435","-79,3791"
Brandon Clarke,2020,MEM,PF,23,"2,47884","5,0","2,0170725016539994","20,9","1,7",Infravalorado,Memphis Grizzlies,Memphis,"35,1382","-90,0505"
Terrance Ferguson,2020,OKC,SF,21,"2,47584","0,6","0,24234199302055062","3,7","-0,8",Sobrepagado,Oklahoma City Thunder,Oklahoma City,"35,4634","-97,5151"
Grayson Allen,2020,MEM,SG,24,"2,4294","1,2","0,49394912324030626","12,0","0,1",Valor de mercado,Memphis Grizzlies,Memphis,"35,1382","-90,0505"
Grant Williams,2020,BOS,PF,21,"2,37984","1,6","0,6723141051499261","7,9","-0,2",Valor de mercado,Boston Celtics,Boston,"42,3662","-71,0621"
Jarrett Allen,2020,BRK,C,21,"2,37684","8,2","3,449958768785446","20,7","2,0",Infravalorado,Brooklyn Nets,Brooklyn,"40,6828","-73,9752"
Pascal Siakam,2020,TOR,PF,25,"2,351839","5,4","2,2960755391844425","17,9","2,0",Infravalorado,Toronto Raptors,Toronto,"43,6435","-79,3791"
Chandler Hutchison,2020,CHI,SF,23,"2,33232","0,7","0,3001303423200933","12,4","-0,1",Valor de mercado,Chicago Bulls,Chicago,"41,8807","-87,6742"
Aaron Holiday,2020,IND,PG,23,"2,3292","2,1","0,9015971148892323","11,6","0,2",Infravalorado,Indiana Pacers,Indianapolis,"39,764","-86,1555"
Dejounte Murray,2020,SAS,PG,23,"2,321735","2,6","1,1198521795123044","16,2","1,0",Infravalorado,San Antonio Spurs,San Antonio,"29,427","-98,4375"
Damian Jones,2020,ATL,C,24,"2,305057","2,8","1,214720503657827","15,6","0,1",Infravalorado,Atlanta Hawks,Atlanta,"33,7573","-84,3963"
Darius Bazley,2020,OKC,PF,19,"2,2848","1,0","0,43767507002801115","9,6","0,1",Valor de mercado,Oklahoma City Thunder,Oklahoma City,"35,4634","-97,5151"
OG Anunoby,2020,TOR,SF,22,"2,2818","5,7","2,4980278727320537","13,2","1,7",Infravalorado,Toronto Raptors,Toronto,"43,6435","-79,3791"
Luke Kornet,2020,CHI,C,24,"2,25","1,1","0,48888888888888893","12,7","0,1",Valor de mercado,Chicago Bulls,Chicago,"41,8807","-87,6742"
Ty Jerome,2020,PHO,SG,22,"2,19348","0,0","0,0","7,9","-0,1",Sobrepagado,Phoenix Suns,Phoenix,"33,4457","-112,0712"
Willie Cauley-Stein,2020,DAL,C,26,"2,177483","2,9","1,3318129234533633","17,0","0,7",Infravalorado,Dallas Mavericks,Dallas,"32,7905","-96,8103"
Anfernee Simons,2020,POR,SG,20,"2,14956","0,2","0,09304229702822903","9,0","-0,9",Sobrepagado,Portland Trail Blazers,Portland,"45,5316","-122,6668"
Austin Rivers,2020,HOU,SG,27,"2,147317","2,4","1,117673822728549","10,4","-0,2",Infravalorado,Houston Rockets,Houston,"29,7508","-95,3621"
Nassir Little,2020,POR,PF,19,"2,10552","0,6","0,28496523424142256","9,6","-0,2",Valor de mercado,Portland Trail Blazers,Portland,"45,5316","-122,6668"
Moritz Wagner,2020,WAS,C,22,"2,06352","1,7","0,823835000387687","15,1","-0,1",Infravalorado,Washington Wizards,Washington,"38,8981","-77,0209"
Caleb Swanigan,2020,POR,PF,22,"2,03316","0,0","0,0","7,6","-0,3",Sobrepagado,Portland Trail Blazers,Portland,"45,5316","-122,6668"
Mike Muscala,2020,OKC,C,28,"2,028594","1,3","0,6408379399722173","12,5","0,3",Valor de mercado,Oklahoma City Thunder,Oklahoma City,"35,4634","-97,5151"
Ben McLemore,2020,HOU,SF,26,"2,028594","3,3","1,6267424630063974","11,8","0,6",Infravalorado,Houston Rockets,Houston,"29,7508","-95,3621"
Edmond Sumner,2020,IND,SG,24,"2,0","0,4","0,2","10,1","-0,1",Sobrepagado,Indiana Pacers,Indianapolis,"39,764","-86,1555"
Noah Vonleh,2020,DEN,C,24,"2,0","1,0","0,5","15,5","0,1",Valor de mercado,Denver Nuggets,Denver,"39,7487","-105,0077"
Torrey Craig,2020,DEN,SF,29,"2,0","2,0","1,0","10,8","-0,1",Infravalorado,Denver Nuggets,Denver,"39,7487","-105,0077"
Landry Shamet,2020,LAC,SG,22,"1,99512","2,6","1,303179758611011","8,5","0,0",Infravalorado,LA Clippers,Los Angeles,"34,043","-118,2673"
Mfiondu Kabengele,2020,LAC,C,22,"1,977","0,2","0,10116337885685382","18,2","0,1",Sobrepagado,LA Clippers,Los Angeles,"34,043","-118,2673"
Kyle Kuzma,2020,LAL,PF,24,"1,9746","2,0","1,0128633647320977","12,2","-0,2",Infravalorado,LA Lakers,Los Angeles,"34,043","-118,2673"
Jordan Poole,2020,GSW,SG,20,"1,96476","-1,2","-0,6107616197398155","7,2","-1,5",Sobrepagado,Golden State Warriors,San Francisco,"37,768","-122,3877"
Tony Bradley,2020,UTA,C,22,"1,96236","3,3","1,6816486271632114","21,7","0,6",Infravalorado,Utah Jazz,Salt Lake City,"40,7683","-111,9011"
Keldon Johnson,2020,SAS,SF,20,"1,9506","1,1","0,5639290474725727","19,1","0,3",Valor de mercado,San Antonio Spurs,San Antonio,"29,427","-98,4375"
Derrick White,2020,SAS,SG,25,"1,94808","4,2","2,155968954047062","16,4","1,4",Infravalorado,San Antonio Spurs,San Antonio,"29,427","-98,4375"
Jacob Evans,2020,MIN,SG,22,"1,92588","-0,5","-0,25962157559141796","5,5","-0,5",Sobrepagado,Minnesota Timberwolves,Minneapolis,"44,9795","-93,276"
Omari Spellman,2020,GSW,C,22,"1,8978","1,2","0,6323110970597534","14,4","0,1",Valor de mercado,Golden State Warriors,San Francisco,"37,768","-122,3877"
James Ennis III,2020,ORL,SF,29,"1,882867","2,4","1,2746519005325387","11,5","-0,2",Infravalorado,Orlando Magic,Orlando,"28,5392","-81,3839"
Shabazz Napier,2020,WAS,PG,28,"1,845301","1,7","0,921258916566999","13,8","0,3",Infravalorado,Washington Wizards,Washington,"38,8981","-77,0209"
Bruno Caboclo,2020,HOU,C,24,"1,845301","0,4","0,21676680389811745","14,1","0,0",Sobrepagado,Houston Rockets,Houston,"29,7508","-95,3621"
Markieff Morris,2020,LAL,PF,30,"1,75","1,4","0,7999999999999999","12,5","0,0",Infravalorado,LA Lakers,Los Angeles,"34,043","-118,2673"
Mario Hezonja,2020,POR,PF,24,"1,737145","0,8","0,4605257477067257","9,5","-0,2",Valor de mercado,Portland Trail Blazers,Portland,"45,5316","-122,6668"
Pat Connaughton,2020,MIL,SG,27,"1,72305","3,4","1,9732451176692494","11,5","0,8",Infravalorado,Milwaukee Bucks,Milwaukee,"43,045","-87,917"
Jahlil Okafor,2020,NOP,C,24,"1,702486","1,3","0,7635892453741177","18,3","0,2",Infravalorado,New Orleans Pelicans,New Orleans,"29,949","-90,0821"
Rodions Kurucs,2020,BRK,PF,21,"1,699236","0,8","0,4707998182712702","8,9","-0,1",Valor de mercado,Brooklyn Nets,Brooklyn,"40,6828","-73,9752"
Cheick Diallo,2020,PHO,C,23,"1,678854","1,3","0,7743377327629443","16,5","0,1",Infravalorado,Phoenix Suns,Phoenix,"33,4457","-112,0712"
Dragan Bender,2020,GSW,PF,22,"1,678854","0,3","0,1786933229452948","10,9","-0,1",Sobrepagado,Golden State Warriors,San Francisco,"37,768","-122,3877"
Josh Hart,2020,NOP,SF,24,"1,65516","3,1","1,872930713647019","11,9","0,6",Infravalorado,New Orleans Pelicans,New Orleans,"29,949","-90,0821"
Georges Niang,2020,UTA,PF,26,"1,645357","1,8","1,0939875054471462","11,7","0,4",Infravalorado,Utah Jazz,Salt Lake City,"40,7683","-111,9011"
Derrick Jones Jr.,2020,MIA,SF,22,"1,645357","4,4","2,674191679981913","14,9","1,0",Infravalorado,Miami Heat,Miami,"25,7814","-80,187"
Christian Wood,2020,DET,PF,24,"1,645357","5,1","3,0996312654335805","23,2","1,7",Infravalorado,Detroit Pistons,Detroit,"42,341","-83,0552"
Jordan McRae,2020,DET,SG,28,"1,645357","0,7","0,42543958545166793","14,2","0,1",Valor de mercado,Detroit Pistons,Detroit,"42,341","-83,0552"
Treveon Graham,2020,ATL,SF,26,"1,645357","0,2","0,12155416727190513","6,6","-0,8",Sobrepagado,Atlanta Hawks,Atlanta,"33,7573","-84,3963"
Emmanuel Mudiay,2020,UTA,PG,23,"1,620564","1,0","0,6170691191461738","13,0","0,0",Valor de mercado,Utah Jazz,Salt Lake City,"40,7683","-111,9011"
Nerlens Noel,2020,OKC,C,25,"1,620564","4,9","3,023638683816252","20,4","1,5",Infravalorado,Oklahoma City Thunder,Oklahoma City,"35,4634","-97,5151"
Furkan Korkmaz,2020,PHI,SG,22,"1,620564","2,8","1,7277935336092867","12,0","0,3",Infravalorado,Philadelphia 76ers,Philadelphia,"39,9012","-75,172"
Glenn Robinson III,2020,PHI,SF,26,"1,620564","2,9","1,789500445523904","13,3","0,1",Infravalorado,Philadelphia 76ers,Philadelphia,"39,9012","-75,172"
Raul Neto,2020,PHI,PG,27,"1,620564","1,2","0,7404829429754086","12,7","0,0",Infravalorado,Philadelphia 76ers,Philadelphia,"39,9012","-75,172"
Kyle O'Quinn,2020,PHI,C,29,"1,620564","1,1","0,6787760310607913","18,6","0,4",Valor de mercado,Philadelphia 76ers,Philadelphia,"39,9012","-75,172"
Alec Burks,2020,PHI,SF,28,"1,620564","3,7","2,283155740840843","16,7","1,1",Infravalorado,Philadelphia 76ers,Philadelphia,"39,9012","-75,172"
Michael Carter-Williams,2020,ORL,SG,28,"1,620564","1,9","1,1724313263777302","15,3","0,5",Infravalorado,Orlando Magic,Orlando,"28,5392","-81,3839"
Wilson Chandler,2020,BRK,PF,32,"1,620564","0,7","0,43194838340232167","7,4","-0,1",Valor de mercado,Brooklyn Nets,Brooklyn,"40,6828","-73,9752"
Kyle Korver,2020,MIL,SF,38,"1,620564","2,5","1,5426727978654347","11,3","0,5",Infravalorado,Milwaukee Bucks,Milwaukee,"43,045","-87,917"
Jared Dudley,2020,LAL,PF,34,"1,620564","0,8","0,4936552953169391","7,8","0,1",Valor de mercado,LA Lakers,Los Angeles,"34,043","-118,2673"
Dwight Howard,2020,LAL,C,34,"1,620564","5,4","3,332173243389339","18,7","0,7",Infravalorado,LA Lakers,Los Angeles,"34,043","-118,2673"
Isaiah Thomas,2020,WAS,PG,30,"1,620564","0,0","0,0","11,6","-0,5",Sobrepagado,Washington Wizards,Washington,"38,8981","-77,0209"
Patrick Patterson,2020,LAC,PF,30,"1,620564","1,9","1,1724313263777302","11,5","0,5",Infravalorado,LA Clippers,Los Angeles,"34,043","-118,2673"
JaKarr Sampson,2020,IND,PF,26,"1,620564","1,2","0,7404829429754086","12,6","0,1",Infravalorado,Indiana Pacers,Indianapolis,"39,764","-86,1555"
Thabo Sefolosha,2020,HOU,PF,35,"1,620564","0,7","0,43194838340232167","9,4","0,1",Valor de mercado,Houston Rockets,Houston,"29,7508","-95,3621"
Tyson Chandler,2020,HOU,C,37,"1,620564","0,6","0,3702414714877043","10,8","0,0",Valor de mercado,Houston Rockets,Houston,"29,7508","-95,3621"
Tim Frazier,2020,DET,PG,29,"1,620564","0,1","0,061706911914617385","9,8","-0,2",Sobrepagado,Detroit Pistons,Detroit,"42,341","-83,0552"
Trey Burke,2020,DAL,PG,27,"1,620564","1,3","0,802189854890026","15,6","0,2",Infravalorado,Dallas Mavericks,Dallas,"32,7905","-96,8103"
Jordan Bell,2020,MEM,C,25,"1,620564","0,4","0,24682764765846954","13,9","0,0",Sobrepagado,Memphis Grizzlies,Memphis,"35,1382","-90,0505"
Shaquille Harrison,2020,CHI,SG,26,"1,620564","1,5","0,9256036787192607","17,8","0,6",Infravalorado,Chicago Bulls,Chicago,"41,8807","-87,6742"
Vince Carter,2020,ATL,PF,43,"1,620564","-0,2","-0,12341382382923477","7,5","-0,5",Sobrepagado,Atlanta Hawks,Atlanta,"33,7573","-84,3963"
Dillon Brooks,2020,MEM,SG,24,"1,61852","1,2","0,7414180856585029","11,3","-1,1",Infravalorado,Memphis Grizzlies,Memphis,"35,1382","-90,0505"
Royce O'Neale,2020,UTA,SF,26,"1,61852","4,3","2,6567481402763016","9,5","1,5",Infravalorado,Utah Jazz,Salt Lake City,"40,7683","-111,9011"
Abdel Nader,2020,OKC,SF,26,"1,61852","1,3","0,8032029261300447","11,3","0,2",Infravalorado,Oklahoma City Thunder,Oklahoma City,"35,4634","-97,5151"
Damyean Dotson,2020,NYK,SG,25,"1,61852","0,9","0,5560635642438772","10,9","0,1",Valor de mercado,New York Knicks,New York,"40,7505","-73,9934"
Sterling Brown,2020,MIL,SF,24,"1,61852","1,1","0,679633245186961","9,5","0,0",Valor de mercado,Milwaukee Bucks,Milwaukee,"43,045","-87,917"
Frank Jackson,2020,NOP,PG,21,"1,61852","0,2","0,12356968094308382","9,1","-0,7",Sobrepagado,New Orleans Pelicans,New Orleans,"29,949","-90,0821"
Semi Ojeleye,2020,BOS,PF,25,"1,61852","1,9","1,173911968959296","7,7","0,1",Infravalorado,Boston Celtics,Boston,"42,3662","-71,0621"
Wes Iwundu,2020,ORL,SF,25,"1,61842","1,7","1,0504071872567071","10,3","-0,2",Infravalorado,Orlando Magic,Orlando,"28,5392","-81,3839"
Mitchell Robinson,2020,NYK,C,21,"1,599712","6,8","4,25076513772479","23,5","1,8",Infravalorado,New York Knicks,New York,"40,7505","-73,9934"
Chris Boucher,2020,TOR,C,27,"1,588231","3,8","2,3925990614715364","20,7","0,8",Infravalorado,Toronto Raptors,Toronto,"43,6435","-79,3791"
Malcolm Miller,2020,TOR,SF,26,"1,588231","0,3","0,18888939958985815","6,7","0,0",Sobrepagado,Toronto Raptors,Toronto,"43,6435","-79,3791"
Monte Morris,2020,DEN,PG,24,"1,588231","3,8","2,3925990614715364","14,9","0,7",Infravalorado,Denver Nuggets,Denver,"39,7487","-105,0077"
Tyrone Wallace,2020,ATL,SG,25,"1,588231","-0,2","-0,12592626639323878","3,9","-0,3",Sobrepagado,Atlanta Hawks,Atlanta,"33,7573","-84,3963"
Amile Jefferson,2020,ORL,PF,26,"1,529007","0,0","0,0","8,9","-0,1",Sobrepagado,Orlando Magic,Orlando,"28,5392","-81,3839"
Nigel Williams-Goss,2020,UTA,PG,25,"1,5","0,0","0,0","8,1","0,0",Sobrepagado,Utah Jazz,Salt Lake City,"40,7683","-111,9011"
Alfonzo McKinnie,2020,CLE,SF,27,"1,5","0,2","0,13333333333333333","8,7","-0,5",Sobrepagado,Cleveland Cavaliers,Cleveland,"41,4965","-81,6882"
Shake Milton,2020,PHI,SG,23,"1,455697","2,1","1,4426079053539302","14,4","0,2",Infravalorado,Philadelphia 76ers,Philadelphia,"39,9012","-75,172"
Wenyen Gabriel,2020,POR,PF,22,"1,445697","0,2","0,13834157503266592","9,6","-0,1",Sobrepagado,Portland Trail Blazers,Portland,"45,5316","-122,6668"
Theo Pinson,2020,BRK,SG,24,"1,445697","-0,6","-0,4150247250979977","5,2","-0,5",Sobrepagado,Brooklyn Nets,Brooklyn,"40,6828","-73,9752"
Thanasis Antetokounmpo,2020,MIL,SF,27,"1,445697","0,2","0,13834157503266592","12,2","0,0",Sobrepagado,Milwaukee Bucks,Milwaukee,"43,045","-87,917"
Brad Wanamaker,2020,BOS,PG,30,"1,445697","3,5","2,4209775630716535","12,8","0,5",Infravalorado,Boston Celtics,Boston,"42,3662","-71,0621"
Iman Shumpert,2020,BRK,SF,29,"1,419138","0,0","0,0","5,3","-0,2",Sobrepagado,Brooklyn Nets,Brooklyn,"40,6828","-73,9752"
Devonte' Graham,2020,CHO,PG,24,"1,416852","3,4","2,399686064599549","15,8","1,4",Infravalorado,Charlotte Hornets,Charlotte,"35,2251","-80,8392"
De'Anthony Melton,2020,MEM,PG,21,"1,416852","1,7","1,1998430322997744","13,5","0,5",Infravalorado,Memphis Grizzlies,Memphis,"35,1382","-90,0505"
Hamidou Diallo,2020,OKC,SF,21,"1,416852","0,4","0,28231600759994696","9,3","-0,4",Valor de mercado,Oklahoma City Thunder,Oklahoma City,"35,4634","-97,5151"
Deonte Burton,2020,OKC,SF,26,"1,416852","-0,5","-0,35289500949993363","4,3","-0,4",Sobrepagado,Oklahoma City Thunder,Oklahoma City,"35,4634","-97,5151"
Chimezie Metu,2020,SAS,C,22,"1,416852","0,3","0,21173700569996018","22,2","0,1",Sobrepagado,San Antonio Spurs,San Antonio,"29,427","-98,4375"
Gary Trent Jr.,2020,POR,SF,21,"1,416852","2,5","1,7644750474996682","12,9","0,6",Infravalorado,Portland Trail Blazers,Portland,"45,5316","-122,6668"
Elie Okobo,2020,PHO,PG,22,"1,416852","1,0","0,7057900189998673","10,6","0,0",Valor de mercado,Phoenix Suns,Phoenix,"33,4457","-112,0712"
Jevon Carter,2020,PHO,PG,24,"1,416852","1,8","1,2704220341997612","11,3","0,6",Infravalorado,Phoenix Suns,Phoenix,"33,4457","-112,0712"
Ryan Broekhoff,2020,DAL,SF,29,"1,416852","0,4","0,28231600759994696","13,1","0,1",Valor de mercado,Dallas Mavericks,Dallas,"32,7905","-96,8103"
Jarred Vanderbilt,2020,MIN,PF,20,"1,416852","0,0","0,0","7,6","-0,1",Sobrepagado,Minnesota Timberwolves,Minneapolis,"44,9795","-93,276"
Duncan Robinson,2020,MIA,SG,25,"1,416852","5,3","3,7406871006992968","13,1","1,3",Infravalorado,Miami Heat,Miami,"25,7814","-80,187"
Kendrick Nunn,2020,MIA,PG,24,"1,416852","2,0","1,4115800379997345","12,9","-0,1",Infravalorado,Miami Heat,Miami,"25,7814","-80,187"
Alize Johnson,2020,IND,PF,23,"1,416852","0,3","0,21173700569996018","13,3","0,0",Sobrepagado,Indiana Pacers,Indianapolis,"39,764","-86,1555"
Isaiah Hartenstein,2020,HOU,C,21,"1,416852","1,1","0,7763690208998542","18,6","0,2",Infravalorado,Houston Rockets,Houston,"29,7508","-95,3621"
Bruce Brown,2020,DET,PG,23,"1,416852","2,1","1,4821590398997213","11,9","0,3",Infravalorado,Detroit Pistons,Detroit,"42,341","-83,0552"
Keita Bates-Diop,2020,MIN,PF,24,"1,416852","1,2","0,8469480227998407","12,4","0,1",Infravalorado,Minnesota Timberwolves,Minneapolis,"44,9795","-93,276"
Jalen Brunson,2020,DAL,PG,23,"1,416852","2,1","1,4821590398997213","14,9","0,3",Infravalorado,Dallas Mavericks,Dallas,"32,7905","-96,8103"
Kenrich Williams,2020,NOP,PF,25,"1,416852","0,9","0,6352110170998806","7,5","-0,1",Valor de mercado,New Orleans Pelicans,New Orleans,"29,949","-90,0821"
Isaac Bonga,2020,WAS,SF,20,"1,416842","1,8","1,270431000774963","10,2","-0,3",Infravalorado,Washington Wizards,Washington,"38,8981","-77,0209"
Jaylen Nowell,2020,MIN,SG,20,"1,4","0,2","0,14285714285714288","10,5","-0,1",Sobrepagado,Minnesota Timberwolves,Minneapolis,"44,9795","-93,276"
Bruno Fernando,2020,ATL,C,21,"1,4","0,8","0,5714285714285715","11,9","-0,4",Valor de mercado,Atlanta Hawks,Atlanta,"33,7573","-84,3963"
Carmelo Anthony,2020,POR,PF,35,"1,364204","1,3","0,9529366575673434","12,4","-0,8",Infravalorado,Portland Trail Blazers,Portland,"45,5316","-122,6668"
Kevin Porter Jr.,2020,CLE,SF,19,"1,29096","0,3","0,23238520171035507","10,8","-0,5",Sobrepagado,Cleveland Cavaliers,Cleveland,"41,4965","-81,6882"
Carsen Edwards,2020,BOS,SG,21,"1,228026","0,1","0,08143150063598002","6,9","-0,2",Sobrepagado,Boston Celtics,Boston,"42,3662","-71,0621"
Cody Martin,2020,CHO,SF,24,"1,17331","1,0","0,852289676215152","10,5","0,0",Infravalorado,Charlotte Hornets,Charlotte,"35,2251","-80,8392"
Gary Payton II,2020,WAS,SF,27,"1,052909","0,5","0,47487484673414315","11,3","0,0",Valor de mercado,Washington Wizards,Washington,"38,8981","-77,0209"
Admiral Schofield,2020,WAS,PF,22,"1,0","0,1","0,1","6,1","-0,3",Sobrepagado,Washington Wizards,Washington,"38,8981","-77,0209"
Terance Mann,2020,LAC,SF,23,"1,0","0,8","0,8","10,6","0,0",Infravalorado,LA Clippers,Los Angeles,"34,043","-118,2673"
David Nwaba,2020,BRK,SF,27,"0,903111","0,8","0,8858268806381497","14,0","0,2",Infravalorado,Brooklyn Nets,Brooklyn,"40,6828","-73,9752"
Jalen McDaniels,2020,CHO,SF,22,"0,89831","0,5","0,5566007280337523","10,7","-0,1",Valor de mercado,Charlotte Hornets,Charlotte,"35,2251","-80,8392"
Caleb Martin,2020,CHO,SF,24,"0,89831","0,5","0,5566007280337523","12,0","0,1",Valor de mercado,Charlotte Hornets,Charlotte,"35,2251","-80,8392"
Terence Davis,2020,TOR,SG,22,"0,89831","3,1","3,450924513809264","13,8","0,8",Infravalorado,Toronto Raptors,Toronto,"43,6435","-79,3791"
Matt Thomas,2020,TOR,SG,25,"0,89831","1,2","1,3358417472810054","13,3","0,3",Infravalorado,Toronto Raptors,Toronto,"43,6435","-79,3791"
Miye Oni,2020,UTA,SF,22,"0,89831","0,1","0,11132014560675045","9,7","-0,1",Sobrepagado,Utah Jazz,Salt Lake City,"40,7683","-111,9011"
Justin James,2020,SAC,SF,23,"0,89831","0,1","0,11132014560675045","11,0","0,0",Sobrepagado,Sacramento Kings,Sacramento,"38,5802","-121,4997"
Naz Reid,2020,MIN,C,20,"0,89831","0,8","0,8905611648540036","15,3","0,0",Infravalorado,Minnesota Timberwolves,Minneapolis,"44,9795","-93,276"
Eric Paschall,2020,GSW,PF,23,"0,89831","2,1","2,3377230577417594","14,5","-0,3",Infravalorado,Golden State Warriors,San Francisco,"37,768","-122,3877"
Daniel Gafford,2020,CHI,C,21,"0,89831","1,9","2,1150827665282583","16,2","0,1",Infravalorado,Chicago Bulls,Chicago,"41,8807","-87,6742"
Javonte Green,2020,BOS,SG,26,"0,89831","1,1","1,224521601674255","13,1","0,2",Infravalorado,Boston Celtics,Boston,"42,3662","-71,0621"
Damion Lee,2020,GSW,SG,27,"0,842327","1,7","2,0182185778207273","12,7","-0,1",Infravalorado,Golden State Warriors,San Francisco,"37,768","-122,3877"
Juwan Morgan,2020,UTA,PF,22,"0,746054","0,3","0,40211566454975106","10,1","0,0",Valor de mercado,Utah Jazz,Salt Lake City,"40,7683","-111,9011"
Marquese Chriss,2020,GSW,PF,22,"0,654469","3,4","5,195051255292459","19,5","0,8",Infravalorado,Golden State Warriors,San Francisco,"37,768","-122,3877"
Marvin Williams,2020,MIL,PF,33,"0,604278","2,4","3,9716819079959884","11,2","0,4",Infravalorado,Milwaukee Bucks,Milwaukee,"43,045","-87,917"
Michael Kidd-Gilchrist,2020,DAL,PF,26,"0,595122","-0,2","-0,33606554622413554","4,2","-0,4",Sobrepagado,Dallas Mavericks,Dallas,"32,7905","-96,8103"
Rayjon Tucker,2020,UTA,SG,22,"0,578573","0,2","0,34567807346696094","9,7","-0,2",Valor de mercado,Utah Jazz,Salt Lake City,"40,7683","-111,9011"
Chris Clemons,2020,HOU,SG,22,"0,563347","0,4","0,7100419457279439","13,1","0,1",Valor de mercado,Houston Rockets,Houston,"29,7508","-95,3621"
Gary Clark,2020,ORL,SF,25,"0,555409","1,2","2,1605699583550138","10,7","0,0",Infravalorado,Orlando Magic,Orlando,"28,5392","-81,3839"
Brandon Goodwin,2020,ATL,PG,24,"0,522738","0,1","0,19130042200873096","11,6","-0,1",Sobrepagado,Atlanta Hawks,Atlanta,"33,7573","-84,3963"
Reggie Jackson,2020,LAC,SG,29,"0,512721","1,1","2,1454163180365153","13,7","0,3",Infravalorado,LA Clippers,Los Angeles,"34,043","-118,2673"
DeMarre Carroll,2020,HOU,SF,33,"0,512721","0,3","0,5851135412826859","9,1","-0,1",Valor de mercado,Houston Rockets,Houston,"29,7508","-95,3621"
Chris Silva,2020,MIA,PF,23,"0,466918","1,3","2,784214787178905","17,3","0,0",Infravalorado,Miami Heat,Miami,"25,7814","-80,187"
Jeff Green,2020,HOU,PF,33,"0,439475","2,1","4,77842880709938","13,7","0,5",Infravalorado,Houston Rockets,Houston,"29,7508","-95,3621"
Troy Daniels,2020,DEN,SG,28,"0,384541","0,6","1,5603017623608404","8,4","-0,1",Infravalorado,Denver Nuggets,Denver,"39,7487","-105,0077"
Dion Waiters,2020,LAL,SG,28,"0,375385","0,1","0,2663931696791294","11,5","0,0",Valor de mercado,LA Lakers,Los Angeles,"34,043","-118,2673"
Norvel Pelle,2020,PHI,C,26,"0,350189","0,3","0,8566802498079609","10,5","-0,2",Infravalorado,Philadelphia 76ers,Philadelphia,"39,9012","-75,172"
Juan Toscano-Anderson,2020,GSW,SG,26,"0,350189","0,2","0,5711201665386406","9,4","-0,1",Valor de mercado,Golden State Warriors,San Francisco,"37,768","-122,3877"
Ky Bowman,2020,GSW,PG,22,"0,350189","-0,1","-0,2855600832693203","9,1","-0,6",Sobrepagado,Golden State Warriors,San Francisco,"37,768","-122,3877"
Anthony Tolliver,2020,MEM,PF,34,"0,183115","0,5","2,730524533762936","7,0","-0,3",Infravalorado,Memphis Grizzlies,Memphis,"35,1382","-90,0505"
Tyler Johnson,2020,BRK,PG,27,"0,183115","0,7","3,82273434726811","10,1","-0,2",Infravalorado,Brooklyn Nets,Brooklyn,"40,6828","-73,9752"
Luguentz Dort,2020,OKC,SF,20,"0,155647","0,8","5,139835653754972","7,6","-0,4",Infravalorado,Oklahoma City Thunder,Oklahoma City,"35,4634","-97,5151"
Stephen Curry,2021,GSW,PG,32,"52,411485","9,0","0,17171808812515044","26,3","5,8",Sobrepagado,Golden State Warriors,San Francisco,"37,768","-122,3877"
Chris Paul,2021,PHO,PG,35,"50,403633","9,2","0,18252652541930856","21,4","3,6",Sobrepagado,Phoenix Suns,Phoenix,"33,4457","-112,0712"
Russell Westbrook,2021,WAS,PG,32,"50,403633","3,7","0,07340740696211323","19,5","3,4",Sobrepagado,Washington Wizards,Washington,"38,8981","-77,0209"
James Harden,2021,BRK,PG,31,"50,277018","7,0","0,13922862330458818","24,5","3,7",Sobrepagado,Brooklyn Nets,Brooklyn,"40,6828","-73,9752"
John Wall,2021,HOU,PG,30,"50,277018","-0,2","-0,003977960665845377","15,4","0,4",Sobrepagado,Houston Rockets,Houston,"29,7508","-95,3621"
Kevin Durant,2021,BRK,PF,32,"48,880434","5,0","0,10229041747051591","26,4","2,7",Sobrepagado,Brooklyn Nets,Brooklyn,"40,6828","-73,9752"
LeBron James,2021,LAL,PG,36,"47,796549","5,6","0,11716327051143378","24,2","3,8",Sobrepagado,LA Lakers,Los Angeles,"34,043","-118,2673"
Paul George,2021,LAC,SF,30,"43,203114","5,3","0,12267634226551355","20,5","2,9",Sobrepagado,LA Clippers,Los Angeles,"34,043","-118,2673"
Mike Conley,2021,UTA,PG,33,"42,047453","6,1","0,1450741855874124","19,2","2,6",Sobrepagado,Utah Jazz,Salt Lake City,"40,7683","-111,9011"
Kemba Walker,2021,BOS,PG,30,"41,897515","3,3","0,07876362118373846","17,7","1,4",Sobrepagado,Boston Celtics,Boston,"42,3662","-71,0621"
Kawhi Leonard,2021,LAC,SF,29,"41,897515","8,8","0,21003632315663592","26,0","4,2",Sobrepagado,LA Clippers,Los Angeles,"34,043","-118,2673"
Jimmy Butler,2021,MIA,SF,31,"41,897515","9,3","0,22197020515417207","26,5","4,3",Sobrepagado,Miami Heat,Miami,"25,7814","-80,187"
Tobias Harris,2021,PHI,PF,28,"41,872836","7,1","0,16956100131359625","20,0","2,9",Sobrepagado,Philadelphia 76ers,Philadelphia,"39,9012","-75,172"
Blake Griffin,2021,BRK,PF,31,"41,313933","2,0","0,04840981854717148","12,9","0,3",Sobrepagado,Brooklyn Nets,Brooklyn,"40,6828","-73,9752"
Kyrie Irving,2021,BRK,PG,28,"41,097748","7,4","0,18005852778113293","24,4","3,6",Sobrepagado,Brooklyn Nets,Brooklyn,"40,6828","-73,9752"
Khris Middleton,2021,MIL,SF,29,"40,279853","6,4","0,158888365357242","18,2","1,9",Sobrepagado,Milwaukee Bucks,Milwaukee,"43,045","-87,917"
Anthony Davis,2021,LAL,PF,27,"39,902395","3,7","0,0927262636741479","22,1","2,0",Sobrepagado,LA Lakers,Los Angeles,"34,043","-118,2673"
Damian Lillard,2021,POR,PG,30,"38,543497","10,4","0,26982502392037755","25,6","5,0",Valor de mercado,Portland Trail Blazers,Portland,"45,5316","-122,6668"
Kevin Love,2021,CLE,PF,32,"38,094169","0,9","0,02362566302470071","15,1","0,3",Sobrepagado,Cleveland Cavaliers,Cleveland,"41,4965","-81,6882"
Ben Simmons,2021,PHI,PG,24,"37,242235","6,0","0,1611074093700338","18,3","2,3",Sobrepagado,Philadelphia 76ers,Philadelphia,"39,9012","-75,172"
Pascal Siakam,2021,TOR,PF,26,"37,242235","4,2","0,11277518655902365","17,7","1,4",Sobrepagado,Toronto Raptors,Toronto,"43,6435","-79,3791"
Kyle Lowry,2021,TOR,PG,34,"37,170089","4,1","0,11030374449735646","16,5","1,5",Sobrepagado,Toronto Raptors,Toronto,"43,6435","-79,3791"
Steven Adams,2021,NOP,C,27,"36,064364","4,0","0,11091281132810217","15,1","0,7",Sobrepagado,New Orleans Pelicans,New Orleans,"29,949","-90,0821"
Andrew Wiggins,2021,GSW,PF,25,"36,002595","3,9","0,10832552486841573","15,0","1,0",Sobrepagado,Golden State Warriors,San Francisco,"37,768","-122,3877"
Joel Embiid,2021,PHI,C,26,"36,002595","8,8","0,24442682534411758","30,3","3,8",Sobrepagado,Philadelphia 76ers,Philadelphia,"39,9012","-75,172"
Karl-Anthony Towns,2021,MIN,C,25,"35,912155","5,4","0,15036691615972364","23,1","2,8",Sobrepagado,Minnesota Timberwolves,Minneapolis,"44,9795","-93,276"
Devin Booker,2021,PHO,SG,24,"35,912155","4,9","0,13644405355234182","19,2","1,3",Sobrepagado,Phoenix Suns,Phoenix,"33,4457","-112,0712"
CJ McCollum,2021,POR,SG,29,"35,773654","4,7","0,13138160278511107","20,8","2,4",Sobrepagado,Portland Trail Blazers,Portland,"45,5316","-122,6668"
Andre Drummond,2021,LAL,C,27,"35,03954","2,0","0,057078374887341556","19,4","0,3",Sobrepagado,LA Lakers,Los Angeles,"34,043","-118,2673"
Bradley Beal,2021,WAS,SG,27,"35,039541","5,9","0,16838120111219496","22,7","2,9",Sobrepagado,Washington Wizards,Washington,"38,8981","-77,0209"
D'Angelo Russell,2021,MIN,PG,24,"34,914596","1,6","0,0458261066517854","17,6","1,1",Sobrepagado,Minnesota Timberwolves,Minneapolis,"44,9795","-93,276"
Gordon Hayward,2021,CHO,SF,30,"34,732706","3,5","0,1007695743602586","17,6","1,4",Sobrepagado,Charlotte Hornets,Charlotte,"35,2251","-80,8392"
DeMar DeRozan,2021,SAS,PF,31,"33,80647","7,4","0,2188930107165877","22,0","2,6",Sobrepagado,San Antonio Spurs,San Antonio,"29,427","-98,4375"
Giannis Antetokounmpo,2021,MIL,PF,26,"33,548245","10,2","0,30403974932220745","29,2","5,6",Valor de mercado,Milwaukee Bucks,Milwaukee,"43,045","-87,917"
Rudy Gobert,2021,UTA,C,28,"33,544824","11,3","0,33686270048696637","23,5","3,8",Valor de mercado,Utah Jazz,Salt Lake City,"40,7683","-111,9011"
Al Horford,2021,OKC,C,34,"33,514014","1,6","0,04774122252261397","17,4","1,1",Sobrepagado,Oklahoma City Thunder,Oklahoma City,"35,4634","-97,5151"
Jamal Murray,2021,DEN,PG,23,"33,251996","4,6","0,13833756024751115","18,3","1,7",Sobrepagado,Denver Nuggets,Denver,"39,7487","-105,0077"
Brandon Ingram,2021,NOP,SF,23,"33,251996","5,3","0,15938892811126285","19,2","2,2",Sobrepagado,New Orleans Pelicans,New Orleans,"29,949","-90,0821"
Jrue Holiday,2021,MIL,PG,30,"32,936368","6,6","0,2003863935452749","20,0","2,6",Sobrepagado,Milwaukee Bucks,Milwaukee,"43,045","-87,917"
Jaylen Brown,2021,BOS,SG,24,"30,510084","4,8","0,15732503391337763","19,9","2,3",Sobrepagado,Boston Celtics,Boston,"42,3662","-71,0621"
Buddy Hield,2021,SAC,SG,28,"30,384192","2,2","0,07240607221018089","12,8","0,9",Sobrepagado,Sacramento Kings,Sacramento,"38,5802","-121,4997"
Draymond Green,2021,GSW,PF,30,"27,112175","4,6","0,1696654731684197","13,3","1,9",Sobrepagado,Golden State Warriors,San Francisco,"37,768","-122,3877"
Harrison Barnes,2021,SAC,PF,28,"27,074338","4,5","0,1662090500606146","15,4","1,1",Sobrepagado,Sacramento Kings,Sacramento,"38,5802","-121,4997"
Fred VanVleet,2021,TOR,SG,26,"25,897193","4,3","0,1660411612949712","16,8","2,2",Sobrepagado,Toronto Raptors,Toronto,"43,6435","-79,3791"
Victor Oladipo,2021,MIA,SG,28,"25,59252","0,4","0,015629566764038868","14,3","0,1",Sobrepagado,Miami Heat,Miami,"25,7814","-80,187"
Malcolm Brogdon,2021,IND,PG,28,"25,226913","4,2","0,16648886052764364","17,9","2,0",Sobrepagado,Indiana Pacers,Indianapolis,"39,764","-86,1555"
Julius Randle,2021,NYK,PF,26,"24,184931","7,8","0,32251487506828114","19,7","3,9",Valor de mercado,New York Knicks,New York,"40,7505","-73,9934"
Domantas Sabonis,2021,IND,PF,24,"24,13009","6,9","0,2859500316824347","20,6","3,3",Valor de mercado,Indiana Pacers,Indianapolis,"39,764","-86,1555"
Gary Harris,2021,ORL,SG,26,"23,899409","0,7","0,029289427198806464","9,1","-0,6",Sobrepagado,Orlando Magic,Orlando,"28,5392","-81,3839"
Danilo Gallinari,2021,ATL,PF,32,"23,764483","3,7","0,15569452952121873","16,3","1,0",Sobrepagado,Atlanta Hawks,Atlanta,"33,7573","-84,3963"
Zach LaVine,2021,CHI,SG,25,"23,764483","5,9","0,2482696551824839","21,5","3,1",Valor de mercado,Chicago Bulls,Chicago,"41,8807","-87,6742"
Jerami Grant,2021,DET,SF,26,"23,216072","3,2","0,1378355477188389","16,9","1,4",Sobrepagado,Detroit Pistons,Detroit,"42,341","-83,0552"
Terry Rozier,2021,CHO,SG,26,"23,033268","5,2","0,22576040881389475","17,1","2,2",Sobrepagado,Charlotte Hornets,Charlotte,"35,2251","-80,8392"
Aaron Gordon,2021,DEN,PF,25,"22,102631","1,9","0,08596261684864576","14,5","0,7",Sobrepagado,Denver Nuggets,Denver,"39,7487","-105,0077"
Clint Capela,2021,ATL,C,26,"21,936446","8,2","0,3738071335712266","24,3","2,2",Valor de mercado,Atlanta Hawks,Atlanta,"33,7573","-84,3963"
Myles Turner,2021,IND,C,24,"21,936446","3,3","0,15043457814451802","15,3","0,9",Sobrepagado,Indiana Pacers,Indianapolis,"39,764","-86,1555"
LaMarcus Aldridge,2021,BRK,C,35,"21,483506","1,1","0,05120207102136868","15,7","0,3",Sobrepagado,Brooklyn Nets,Brooklyn,"40,6828","-73,9752"
Gorgui Dieng,2021,SAS,C,31,"21,433964","2,1","0,09797534417805312","19,2","0,7",Sobrepagado,San Antonio Spurs,San Antonio,"29,427","-98,4375"
Evan Fournier,2021,BOS,SF,28,"20,900558","2,8","0,13396771512033315","16,7","1,0",Sobrepagado,Boston Celtics,Boston,"42,3662","-71,0621"
Ricky Rubio,2021,MIN,PG,30,"20,717754","3,1","0,1496301191721844","13,5","0,0",Sobrepagado,Minnesota Timberwolves,Minneapolis,"44,9795","-93,276"
Eric Bledsoe,2021,NOP,SG,31,"20,565418","2,3","0,11183823251246339","11,5","0,0",Sobrepagado,New Orleans Pelicans,New Orleans,"29,949","-90,0821"
Eric Gordon,2021,HOU,SG,32,"20,558431","0,8","0,03891347544956131","14,4","0,2",Sobrepagado,Houston Rockets,Houston,"29,7508","-95,3621"
Caris LeVert,2021,IND,SG,26,"19,747315","2,4","0,1215355100174378","17,8","0,9",Sobrepagado,Indiana Pacers,Indianapolis,"39,764","-86,1555"
Joe Harris,2021,BRK,SF,29,"19,586113","5,2","0,2654942305295594","14,1","1,3",Valor de mercado,Brooklyn Nets,Brooklyn,"40,6828","-73,9752"
James Johnson,2021,NOP,PF,33,"19,556463","1,2","0,06136078901384161","11,4","0,2",Sobrepagado,New Orleans Pelicans,New Orleans,"29,949","-90,0821"
Cody Zeller,2021,CHO,C,28,"18,787018","3,3","0,1756532090404129","18,2","0,4",Sobrepagado,Charlotte Hornets,Charlotte,"35,2251","-80,8392"
Danny Green,2021,PHI,SF,33,"18,726233","4,6","0,2456447060121488","12,1","1,9",Sobrepagado,Philadelphia 76ers,Philadelphia,"39,9012","-75,172"
Andre Iguodala,2021,MIA,SF,37,"18,280371","1,7","0,09299592442626028","9,2","0,5",Sobrepagado,Miami Heat,Miami,"25,7814","-80,187"
Marcus Morris,2021,LAC,PF,31,"18,138663","3,6","0,19847107805023997","14,5","0,8",Sobrepagado,LA Clippers,Los Angeles,"34,043","-118,2673"
Rudy Gay,2021,SAS,PF,34,"17,671026","1,7","0,09620267663009492","14,7","0,6",Sobrepagado,San Antonio Spurs,San Antonio,"29,427","-98,4375"
Dejounte Murray,2021,SAS,PG,24,"17,410226","3,3","0,18954377731799688","16,5","1,5",Sobrepagado,San Antonio Spurs,San Antonio,"29,427","-98,4375"
Will Barton,2021,DEN,SF,30,"16,724363","2,2","0,1315446214603211","11,8","0,1",Sobrepagado,Denver Nuggets,Denver,"39,7487","-105,0077"
Thaddeus Young,2021,CHI,PF,32,"16,507175","5,1","0,3089565597989965","20,3","2,2",Valor de mercado,Chicago Bulls,Chicago,"41,8807","-87,6742"
Terrence Ross,2021,ORL,SG,29,"16,452334","0,9","0,054703484624126886","13,2","-0,1",Sobrepagado,Orlando Magic,Orlando,"28,5392","-81,3839"
Malik Beasley,2021,MIN,SG,24,"16,362023","1,3","0,07945227799765346","14,6","0,6",Sobrepagado,Minnesota Timberwolves,Minneapolis,"44,9795","-93,276"
Patrick Beverley,2021,LAC,PG,32,"16,249218","2,1","0,12923698851230872","12,0","0,6",Sobrepagado,LA Clippers,Los Angeles,"34,043","-118,2673"
Christian Wood,2021,HOU,C,25,"15,862334","2,8","0,17651878973170024","20,0","1,1",Sobrepagado,Houston Rockets,Houston,"29,7508","-95,3621"
Justise Winslow,2021,MEM,SF,24,"15,842988","-0,7","-0,044183584561195144","6,2","-0,5",Sobrepagado,Memphis Grizzlies,Memphis,"35,1382","-90,0505"
Marcus Smart,2021,BOS,PG,26,"15,777701","3,3","0,2091559473715467","13,8","0,7",Sobrepagado,Boston Celtics,Boston,"42,3662","-71,0621"
Kelly Olynyk,2021,HOU,C,29,"15,623197","5,1","0,3264376682954199","16,4","1,6",Valor de mercado,Houston Rockets,Houston,"29,7508","-95,3621"
Brook Lopez,2021,MIL,C,32,"15,474547","5,3","0,34249790963186194","15,4","0,9",Valor de mercado,Milwaukee Bucks,Milwaukee,"43,045","-87,917"
Cory Joseph,2021,DET,PG,29,"15,355512","2,1","0,1367587091853401","12,5","0,1",Sobrepagado,Detroit Pistons,Detroit,"42,341","-83,0552"
Taurean Prince,2021,CLE,PF,26,"14,92897","1,0","0,06698385756016657","12,1","0,0",Sobrepagado,Cleveland Cavaliers,Cleveland,"41,4965","-81,6882"
Tony Snell,2021,ATL,SG,29,"14,84192","2,0","0,1347534550785882","9,5","0,4",Sobrepagado,Atlanta Hawks,Atlanta,"33,7573","-84,3963"
Robert Covington,2021,POR,PF,30,"14,792897","3,7","0,25012004071954264","11,2","1,2",Valor de mercado,Portland Trail Blazers,Portland,"45,5316","-122,6668"
Kentavious Caldwell-Pope,2021,LAL,SG,27,"14,713286","4,2","0,2854562876029189","10,7","0,7",Valor de mercado,LA Lakers,Los Angeles,"34,043","-118,2673"
Nicolas Batum,2021,LAC,SF,32,"14,146851","5,0","0,3534355454793438","12,9","1,9",Valor de mercado,LA Clippers,Los Angeles,"34,043","-118,2673"
Jordan Clarkson,2021,UTA,SG,28,"14,014951","4,2","0,2996799632050087","17,1","1,6",Valor de mercado,Utah Jazz,Salt Lake City,"40,7683","-111,9011"
Dillon Brooks,2021,MEM,SF,25,"13,893082","1,4","0,10076957726154642","12,1","-0,9",Sobrepagado,Memphis Grizzlies,Memphis,"35,1382","-90,0505"
Dwight Powell,2021,DAL,C,29,"13,503253","3,8","0,28141367120944855","16,8","0,6",Valor de mercado,Dallas Mavericks,Dallas,"32,7905","-96,8103"
Lonzo Ball,2021,NOP,PG,23,"13,410215","3,2","0,23862406382000587","15,2","1,6",Sobrepagado,New Orleans Pelicans,New Orleans,"29,949","-90,0821"
Josh Richardson,2021,DAL,SG,27,"13,242242","2,4","0,1812381921429921","11,9","0,1",Sobrepagado,Dallas Mavericks,Dallas,"32,7905","-96,8103"
Norman Powell,2021,POR,SG,27,"13,242242","4,7","0,3549247929466929","16,2","1,3",Valor de mercado,Portland Trail Blazers,Portland,"45,5316","-122,6668"
Jeremy Lamb,2021,IND,SG,28,"12,79626","2,1","0,16411045102240812","15,8","0,7",Sobrepagado,Indiana Pacers,Indianapolis,"39,764","-86,1555"
DeAndre Jordan,2021,BRK,C,32,"12,64475","3,9","0,30842839913798215","17,1","0,9",Valor de mercado,Brooklyn Nets,Brooklyn,"40,6828","-73,9752"
Joe Ingles,2021,UTA,SF,33,"12,630075","7,0","0,5542326549921517","15,9","2,6",Valor de mercado,Utah Jazz,Salt Lake City,"40,7683","-111,9011"
Zion Williamson,2021,NOP,PF,20,"12,486078","8,7","0,6967760412837402","27,1","4,0",Valor de mercado,New Orleans Pelicans,New Orleans,"29,949","-90,0821"
Paul Millsap,2021,DEN,PF,35,"12,308783","3,2","0,2599769611666726","16,4","0,9",Valor de mercado,Denver Nuggets,Denver,"39,7487","-105,0077"
Rodney Hood,2021,TOR,SF,28,"12,244741","-0,4","-0,03266708540425641","5,6","-1,0",Sobrepagado,Toronto Raptors,Toronto,"43,6435","-79,3791"
Jayson Tatum,2021,BOS,SF,22,"12,061535","6,5","0,5389032158842137","21,3","3,4",Valor de mercado,Boston Celtics,Boston,"42,3662","-71,0621"
Anthony Edwards,2021,MIN,SG,19,"11,891308","0,8","0,06727603052582609","13,9","-0,1",Sobrepagado,Minnesota Timberwolves,Minneapolis,"44,9795","-93,276"
Al-Farouq Aminu,2021,CHI,PF,30,"11,846777","0,1","0,008441114406053225","8,9","-0,2",Sobrepagado,Chicago Bulls,Chicago,"41,8807","-87,6742"
George Hill,2021,PHI,PG,34,"11,687984","1,4","0,11978113590846803","13,1","0,1",Sobrepagado,Philadelphia 76ers,Philadelphia,"39,9012","-75,172"
De'Anthony Melton,2021,MEM,PG,22,"11,664963","2,2","0,18859896940950435","15,2","1,1",Sobrepagado,Memphis Grizzlies,Memphis,"35,1382","-90,0505"
Kyle Anderson,2021,MEM,PF,27,"11,583784","5,6","0,4834344286806453","17,2","2,5",Valor de mercado,Memphis Grizzlies,Memphis,"35,1382","-90,0505"
Tristan Thompson,2021,BOS,PF,29,"11,282645","2,9","0,2570319282402309","14,2","-0,2",Valor de mercado,Boston Celtics,Boston,"42,3662","-71,0621"
Serge Ibaka,2021,LAC,C,31,"11,282645","3,0","0,2658950981795492","18,2","0,8",Valor de mercado,LA Clippers,Los Angeles,"34,043","-118,2673"
Montrezl Harrell,2021,LAL,C,27,"11,282645","7,3","0,6470114055702364","22,7","2,0",Valor de mercado,LA Lakers,Los Angeles,"34,043","-118,2673"
Jae Crowder,2021,PHO,PF,30,"11,282645","3,3","0,2924846079975041","11,8","1,3",Valor de mercado,Phoenix Suns,Phoenix,"33,4457","-112,0712"
Derrick Favors,2021,UTA,C,29,"11,282645","5,1","0,4520216669052336","19,7","1,2",Valor de mercado,Utah Jazz,Salt Lake City,"40,7683","-111,9011"
Ja Morant,2021,MEM,PG,21,"11,1715","3,2","0,28644318130958246","16,7","0,8",Valor de mercado,Memphis Grizzlies,Memphis,"35,1382","-90,0505"
Delon Wright,2021,SAC,SG,28,"10,968223","4,3","0,39204162789177427","16,3","1,8",Valor de mercado,Sacramento Kings,Sacramento,"38,5802","-121,4997"
Cedi Osman,2021,CLE,SF,25,"10,773939","0,5","0,0464082820591429","10,3","-0,5",Sobrepagado,Cleveland Cavaliers,Cleveland,"41,4965","-81,6882"
Tyus Jones,2021,MEM,PG,24,"10,745376","2,8","0,2605772008350382","15,0","0,9",Valor de mercado,Memphis Grizzlies,Memphis,"35,1382","-90,0505"
James Wiseman,2021,GSW,C,19,"10,639468","0,7","0,06579276332237663","13,1","-0,6",Sobrepagado,Golden State Warriors,San Francisco,"37,768","-122,3877"
Royce O'Neale,2021,UTA,SF,27,"10,358877","5,6","0,5405991402349888","9,9","1,7",Valor de mercado,Utah Jazz,Salt Lake City,"40,7683","-111,9011"
Maxi Kleber,2021,DAL,PF,29,"10,32841","2,9","0,28077893886861577","10,6","0,7",Valor de mercado,Dallas Mavericks,Dallas,"32,7905","-96,8103"
Thomas Bryant,2021,WAS,C,23,"10,155761","1,0","0,098466279385661","18,7","0,2",Sobrepagado,Washington Wizards,Washington,"38,8981","-77,0209"
RJ Barrett,2021,NYK,SG,20,"10,031975","4,1","0,4086932034818667","13,4","0,5",Valor de mercado,New York Knicks,New York,"40,7505","-73,9934"
Jakob Poeltl,2021,SAS,C,25,"9,873657","5,7","0,5772937018168649","17,5","1,3",Valor de mercado,San Antonio Spurs,San Antonio,"29,427","-98,4375"
De'Aaron Fox,2021,SAC,PG,23,"9,870946","4,2","0,4254911332713197","20,7","2,0",Valor de mercado,Sacramento Kings,Sacramento,"38,5802","-121,4997"
Mason Plumlee,2021,DET,C,30,"9,749531","5,1","0,5231020856285292","18,7","1,6",Valor de mercado,Detroit Pistons,Detroit,"42,341","-83,0552"
Seth Curry,2021,PHI,SG,30,"9,547776","4,0","0,41894573144573144","12,9","0,7",Valor de mercado,Philadelphia 76ers,Philadelphia,"39,9012","-75,172"
Derrick Rose,2021,NYK,PG,32,"9,363116","3,1","0,33108636056629015","18,3","1,3",Valor de mercado,New York Knicks,New York,"40,7505","-73,9934"
Rajon Rondo,2021,LAC,PG,34,"9,140185","1,3","0,1422290686676473","13,2","0,4",Sobrepagado,LA Clippers,Los Angeles,"34,043","-118,2673"
De'Andre Hunter,2021,ATL,SF,23,"9,045127","1,7","0,1879465042337161","15,7","0,5",Sobrepagado,Atlanta Hawks,Atlanta,"33,7573","-84,3963"
Doug McDermott,2021,IND,PF,29,"8,93707","3,8","0,42519528212266433","15,6","0,6",Valor de mercado,Indiana Pacers,Indianapolis,"39,764","-86,1555"
Robin Lopez,2021,WAS,C,32,"8,896447","3,7","0,415896368516555","16,7","0,4",Valor de mercado,Washington Wizards,Washington,"38,8981","-77,0209"
JaMychal Green,2021,DEN,PF,30,"8,774285","2,6","0,2963204409248161","13,6","0,1",Valor de mercado,Denver Nuggets,Denver,"39,7487","-105,0077"
Nemanja Bjelica,2021,MIA,PF,32,"8,713643","0,9","0,10328630631298528","12,9","0,0",Sobrepagado,Miami Heat,Miami,"25,7814","-80,187"
Patrick Williams,2021,CHI,PF,19,"8,614149","2,5","0,290220194705246","10,5","-0,2",Valor de mercado,Chicago Bulls,Chicago,"41,8807","-87,6742"
Ivica Zubac,2021,LAC,C,23,"8,53084","6,9","0,8088300800390115","19,1","1,2",Infravalorado,LA Clippers,Los Angeles,"34,043","-118,2673"
Darius Miller,2021,OKC,SF,30,"8,53084","0,6","0,07033305043817491","15,9","0,3",Sobrepagado,Oklahoma City Thunder,Oklahoma City,"35,4634","-97,5151"
Aron Baynes,2021,TOR,C,34,"8,53084","1,0","0,11722175073029151","10,5","-0,6",Sobrepagado,Toronto Raptors,Toronto,"43,6435","-79,3791"
Jabari Parker,2021,BOS,PF,25,"8,446419","0,3","0,03551801065043067","14,7","0,0",Sobrepagado,Boston Celtics,Boston,"42,3662","-71,0621"
Lauri Markkanen,2021,CHI,PF,23,"8,203631","3,0","0,36569172845536324","15,2","0,7",Valor de mercado,Chicago Bulls,Chicago,"41,8807","-87,6742"
Darius Garland,2021,CLE,PG,21,"8,190484","1,2","0,14651148820997636","14,2","-0,1",Sobrepagado,Cleveland Cavaliers,Cleveland,"41,4965","-81,6882"
Trae Young,2021,ATL,PG,22,"8,008996","7,2","0,898989086771925","23,0","3,0",Infravalorado,Atlanta Hawks,Atlanta,"33,7573","-84,3963"
Chris Boucher,2021,TOR,C,28,"7,921494","6,1","0,7700567594951154","21,9","2,0",Infravalorado,Toronto Raptors,Toronto,"43,6435","-79,3791"
Isaac Okoro,2021,CLE,SG,20,"7,800746","0,9","0,11537358093700269","7,9","-1,7",Sobrepagado,Cleveland Cavaliers,Cleveland,"41,4965","-81,6882"
Frank Ntilikina,2021,NYK,PG,22,"7,527342","0,5","0,06642450947492488","7,7","0,0",Sobrepagado,New York Knicks,New York,"40,7505","-73,9934"
Jarrett Culver,2021,MIN,SG,21,"7,439233","-0,1","-0,013442245994983624","8,8","-0,5",Sobrepagado,Minnesota Timberwolves,Minneapolis,"44,9795","-93,276"
Alec Burks,2021,NYK,SG,29,"7,312148","3,3","0,45130377558003476","14,8","1,1",Valor de mercado,New York Knicks,New York,"40,7505","-73,9934"
Mo Bamba,2021,ORL,C,22,"7,274418","1,8","0,247442475810436","19,3","0,4",Valor de mercado,Orlando Magic,Orlando,"28,5392","-81,3839"
Onyeka Okongwu,2021,ATL,C,20,"7,085033","1,9","0,2681709457104857","16,8","0,1",Valor de mercado,Atlanta Hawks,Atlanta,"33,7573","-84,3963"
Justin Holiday,2021,IND,SG,31,"6,971402","3,1","0,4446738260108942","10,4","0,6",Valor de mercado,Indiana Pacers,Indianapolis,"39,764","-86,1555"
Avery Bradley,2021,HOU,SG,30,"6,867326","-0,1","-0,014561708589340305","6,3","-0,5",Sobrepagado,Houston Rockets,Houston,"29,7508","-95,3621"
Coby White,2021,CHI,PG,20,"6,791377","2,4","0,3533893052911066","12,0","-0,2",Valor de mercado,Chicago Bulls,Chicago,"41,8807","-87,6742"
Trey Lyles,2021,SAS,PF,25,"6,702802","0,6","0,08951480291376651","11,4","0,0",Sobrepagado,San Antonio Spurs,San Antonio,"29,427","-98,4375"
Malik Monk,2021,CHO,SG,22,"6,514743","1,0","0,1534979967743931","13,6","0,0",Sobrepagado,Charlotte Hornets,Charlotte,"35,2251","-80,8392"
Killian Hayes,2021,DET,PG,19,"6,467741","-1,1","-0,17007483756693412","5,3","-0,9",Sobrepagado,Detroit Pistons,Detroit,"42,341","-83,0552"
Luke Kennard,2021,LAC,SG,24,"6,427166","2,7","0,4200918414119069","12,7","0,6",Valor de mercado,LA Clippers,Los Angeles,"34,043","-118,2673"
Donovan Mitchell,2021,UTA,PG,24,"6,331712","6,2","0,9791980431200915","21,3","2,8",Infravalorado,Utah Jazz,Salt Lake City,"40,7683","-111,9011"
Rodney McGruder,2021,DET,SG,29,"6,32782","0,5","0,07901615406253655","16,1","0,1",Sobrepagado,Detroit Pistons,Detroit,"42,341","-83,0552"
Bam Adebayo,2021,MIA,C,23,"6,234206","8,8","1,4115670864902443","22,7","3,7",Infravalorado,Miami Heat,Miami,"25,7814","-80,187"
Justin Jackson,2021,MIL,SF,25,"6,22707","0,2","0,032117833909045504","10,4","-0,2",Sobrepagado,Milwaukee Bucks,Milwaukee,"43,045","-87,917"
Jaxson Hayes,2021,NOP,C,20,"6,221614","3,5","0,5625549897502481","19,1","0,6",Valor de mercado,New Orleans Pelicans,New Orleans,"29,949","-90,0821"
Ed Davis,2021,MIN,C,31,"6,099977","0,8","0,13114803547619935","13,1","0,0",Sobrepagado,Minnesota Timberwolves,Minneapolis,"44,9795","-93,276"
Mike Scott,2021,PHI,PF,32,"6,099977","1,0","0,16393504434524916","6,8","-0,2",Sobrepagado,Philadelphia 76ers,Philadelphia,"39,9012","-75,172"
Richaun Holmes,2021,SAC,C,27,"6,099977","6,1","1,0000037705060199","20,2","1,2",Infravalorado,Sacramento Kings,Sacramento,"38,5802","-121,4997"
Daniel Theis,2021,CHI,C,28,"6,093457","4,3","0,7056749559404456","15,0","0,8",Valor de mercado,Chicago Bulls,Chicago,"41,8807","-87,6742"
Nerlens Noel,2021,NYK,C,26,"6,093457","5,2","0,8533743653233297","14,8","1,3",Infravalorado,New York Knicks,New York,"40,7505","-73,9934"
Collin Sexton,2021,CLE,SG,22,"6,083561","3,5","0,5753209345644763","18,0","1,0",Valor de mercado,Cleveland Cavaliers,Cleveland,"41,4965","-81,6882"
Pat Connaughton,2021,MIL,SG,28,"6,018231","3,5","0,5815662443000277","11,3","0,8",Valor de mercado,Milwaukee Bucks,Milwaukee,"43,045","-87,917"
Obi Toppin,2021,NYK,PF,22,"5,925326","1,5","0,25315062833673624","12,7","0,2",Valor de mercado,New York Knicks,New York,"40,7505","-73,9934"
Kevon Looney,2021,GSW,C,24,"5,875834","3,4","0,5786412618191732","11,9","0,3",Valor de mercado,Golden State Warriors,San Francisco,"37,768","-122,3877"
Garrett Temple,2021,CHI,SG,34,"5,809502","1,6","0,2754108699850693","8,2","-0,4",Valor de mercado,Chicago Bulls,Chicago,"41,8807","-87,6742"
Josh Jackson,2021,DET,SG,23,"5,809502","0,1","0,01721317937406683","12,0","-0,4",Sobrepagado,Detroit Pistons,Detroit,"42,341","-83,0552"
Elfrid Payton,2021,NYK,PG,26,"5,809502","1,0","0,1721317937406683","11,7","-0,4",Sobrepagado,New York Knicks,New York,"40,7505","-73,9934"
Rui Hachimura,2021,WAS,PF,22,"5,719123","2,1","0,36718916519193595","11,4","-0,5",Valor de mercado,Washington Wizards,Washington,"38,8981","-77,0209"
Denzel Valentine,2021,CHI,SG,27,"5,65814","0,7","0,1237155673065707","10,1","-0,2",Sobrepagado,Chicago Bulls,Chicago,"41,8807","-87,6742"
Kevin Knox,2021,NYK,SF,21,"5,592185","0,6","0,10729258778098365","9,1","0,1",Sobrepagado,New York Knicks,New York,"40,7505","-73,9934"
Cam Reddish,2021,ATL,SF,21,"5,432926","0,4","0,073625151529765","9,3","-0,2",Sobrepagado,Atlanta Hawks,Atlanta,"33,7573","-84,3963"
Mikal Bridges,2021,PHO,SF,24,"5,312276","8,0","1,5059458507050463","16,4","3,1",Infravalorado,Phoenix Suns,Phoenix,"33,4457","-112,0712"
Jalen Smith,2021,PHO,PF,20,"5,174222","0,1","0,01932657701969494","8,4","-0,2",Sobrepagado,Phoenix Suns,Phoenix,"33,4457","-112,0712"
Cameron Johnson,2021,PHO,PF,24,"5,161353","2,6","0,503743882660225","11,8","0,7",Valor de mercado,Phoenix Suns,Phoenix,"33,4457","-112,0712"
JaVale McGee,2021,DEN,C,33,"5,118504","1,0","0,19536958455048586","17,0","-0,1",Sobrepagado,Denver Nuggets,Denver,"39,7487","-105,0077"
Reggie Bullock,2021,NYK,SF,29,"5,118504","4,6","0,8987000889322349","11,1","0,9",Infravalorado,New York Knicks,New York,"40,7505","-73,9934"
Shai Gilgeous-Alexander,2021,OKC,SG,22,"5,046991","3,5","0,6934825126496164","21,6","1,8",Valor de mercado,Oklahoma City Thunder,Oklahoma City,"35,4634","-97,5151"
John Collins,2021,ATL,PF,23,"5,042094","6,7","1,3288129892064686","20,6","2,0",Infravalorado,Atlanta Hawks,Atlanta,"33,7573","-84,3963"
Willie Cauley-Stein,2021,DAL,C,27,"4,996634","2,8","0,5603772459619816","14,3","0,2",Valor de mercado,Dallas Mavericks,Dallas,"32,7905","-96,8103"
Devin Vassell,2021,SAS,SF,20,"4,915518","1,5","0,30515603848872086","10,6","0,1",Valor de mercado,San Antonio Spurs,San Antonio,"29,427","-98,4375"
Dorian Finney-Smith,2021,DAL,PF,27,"4,874765","4,4","0,9026076128798004","12,0","1,0",Infravalorado,Dallas Mavericks,Dallas,"32,7905","-96,8103"
Alex Len,2021,WAS,C,27,"4,838994","2,7","0,5579672138465145","16,4","0,5",Valor de mercado,Washington Wizards,Washington,"38,8981","-77,0209"
Terrance Ferguson,2021,PHI,SG,22,"4,806534","-0,2","-0,04161002502010805","-7,1","-0,2",Sobrepagado,Philadelphia 76ers,Philadelphia,"39,9012","-75,172"
Miles Bridges,2021,CHO,PF,22,"4,794722","4,2","0,8759631945293179","14,7","1,1",Infravalorado,Charlotte Hornets,Charlotte,"35,2251","-80,8392"
Austin Rivers,2021,DEN,SG,28,"4,788298","1,3","0,2714952160454508","9,9","0,0",Valor de mercado,Denver Nuggets,Denver,"39,7487","-105,0077"
Jevon Carter,2021,PHO,PG,25,"4,783363","1,6","0,33449269896514233","12,2","0,5",Valor de mercado,Phoenix Suns,Phoenix,"33,4457","-112,0712"
Jarrett Allen,2021,CLE,C,22,"4,764964","6,4","1,3431371149918447","20,1","1,4",Infravalorado,Cleveland Cavaliers,Cleveland,"41,4965","-81,6882"
Gabriel Deck,2021,OKC,PF,25,"4,716786","0,5","0,10600438518940651","16,1","0,1",Sobrepagado,Oklahoma City Thunder,Oklahoma City,"35,4634","-97,5151"
Tyrese Haliburton,2021,SAC,PG,20,"4,66983","3,5","0,7494919515271433","16,2","1,5",Infravalorado,Sacramento Kings,Sacramento,"38,5802","-121,4997"
Tyler Herro,2021,MIA,SG,21,"4,658131","1,7","0,3649532398294509","13,3","0,3",Valor de mercado,Miami Heat,Miami,"25,7814","-80,187"
Patrick Patterson,2021,LAC,PF,31,"4,649028","1,2","0,25811847121591863","10,9","0,2",Valor de mercado,LA Clippers,Los Angeles,"34,043","-118,2673"
Stanley Johnson,2021,TOR,PF,24,"4,636085","1,0","0,21569923761104468","8,8","-0,1",Sobrepagado,Toronto Raptors,Toronto,"43,6435","-79,3791"
Jake Layman,2021,MIN,SF,26,"4,583602","0,7","0,15271832065698548","11,4","0,0",Sobrepagado,Minnesota Timberwolves,Minneapolis,"44,9795","-93,276"
Jerome Robinson,2021,WAS,SG,23,"4,554883","-0,4","-0,08781784296105959","4,1","-0,4",Sobrepagado,Washington Wizards,Washington,"38,8981","-77,0209"
Romeo Langford,2021,BOS,SG,21,"4,425312","0,0","0,0","5,1","-0,2",Sobrepagado,Boston Celtics,Boston,"42,3662","-71,0621"
Wesley Matthews,2021,LAL,SG,34,"4,415319","1,7","0,3850231432881746","7,2","0,1",Valor de mercado,LA Lakers,Los Angeles,"34,043","-118,2673"
Bobby Portis,2021,MIL,C,25,"4,415319","4,8","1,0871241692842577","19,9","1,2",Infravalorado,Milwaukee Bucks,Milwaukee,"43,045","-87,917"
Wayne Ellington,2021,DET,SG,33,"4,344333","1,9","0,437351372466153","12,2","0,5",Valor de mercado,Detroit Pistons,Detroit,"42,341","-83,0552"
Kyle Kuzma,2021,LAL,SF,25,"4,341195","3,3","0,7601593570433947","12,7","0,8",Infravalorado,LA Lakers,Los Angeles,"34,043","-118,2673"
Tony Bradley,2021,OKC,C,23,"4,316678","2,7","0,6254809832931714","20,7","0,6",Valor de mercado,Oklahoma City Thunder,Oklahoma City,"35,4634","-97,5151"
Derrick White,2021,SAS,SG,26,"4,285265","1,9","0,4433798143172009","15,0","0,9",Valor de mercado,San Antonio Spurs,San Antonio,"29,427","-98,4375"
Bismack Biyombo,2021,CHO,C,28,"4,26542","2,3","0,5392200533593409","11,7","-0,4",Valor de mercado,Charlotte Hornets,Charlotte,"35,2251","-80,8392"
Josh Hart,2021,NOP,SF,25,"4,254645","2,7","0,6346005365900094","12,2","0,4",Valor de mercado,New Orleans Pelicans,New Orleans,"29,949","-90,0821"
Aaron Nesmith,2021,BOS,SF,21,"4,214722","1,1","0,26098993005944404","9,4","-0,2",Valor de mercado,Boston Celtics,Boston,"42,3662","-71,0621"
Sekou Doumbouya,2021,DET,PF,20,"4,203754","-0,2","-0,047576523269439654","6,9","-1,0",Sobrepagado,Detroit Pistons,Detroit,"42,341","-83,0552"
Dewayne Dedmon,2021,MIA,C,31,"4,201411","1,1","0,26181680392610956","24,5","0,2",Valor de mercado,Miami Heat,Miami,"25,7814","-80,187"
Jeff Teague,2021,MIL,PG,32,"4,110433","1,6","0,38925339495863337","12,3","-0,1",Valor de mercado,Milwaukee Bucks,Milwaukee,"43,045","-87,917"
Michael Carter-Williams,2021,ORL,SG,29,"4,021681","-0,5","-0,12432612134080251","9,5","-0,6",Sobrepagado,Orlando Magic,Orlando,"28,5392","-81,3839"
Cole Anthony,2021,ORL,PG,20,"4,003547","0,0","0,0","12,1","-0,4",Sobrepagado,Orlando Magic,Orlando,"28,5392","-81,3839"
Taj Gibson,2021,NYK,C,35,"4,001797","3,8","0,9495734041481865","16,0","0,8",Infravalorado,New York Knicks,New York,"40,7505","-73,9934"
Facundo Campazzo,2021,DEN,PG,29,"3,899812","3,1","0,7949101136157334","11,6","0,5",Infravalorado,Denver Nuggets,Denver,"39,7487","-105,0077"
Isaiah Stewart,2021,DET,C,19,"3,803633","4,0","1,0516261689810769","16,4","0,3",Infravalorado,Detroit Pistons,Detroit,"42,341","-83,0552"
Chuma Okeke,2021,ORL,PF,22,"3,803633","1,3","0,34177850491885","11,8","0,1",Valor de mercado,Orlando Magic,Orlando,"28,5392","-81,3839"
Nickeil Alexander-Walker,2021,NOP,SG,22,"3,793981","0,7","0,18450276899119947","12,5","0,2",Sobrepagado,New Orleans Pelicans,New Orleans,"29,949","-90,0821"
DeMarcus Cousins,2021,LAC,C,30,"3,719241","1,2","0,322646475450233","16,4","0,4",Valor de mercado,LA Clippers,Los Angeles,"34,043","-118,2673"
Donte DiVincenzo,2021,MIL,SG,24,"3,709891","3,6","0,9703789140974762","13,0","1,0",Infravalorado,Milwaukee Bucks,Milwaukee,"43,045","-87,917"
Khem Birch,2021,TOR,C,28,"3,670087","3,8","1,0353977984718072","15,1","0,4",Infravalorado,Toronto Raptors,Toronto,"43,6435","-79,3791"
Ryan Arcidiacono,2021,CHI,PG,26,"3,656074","0,9","0,24616569577092806","9,8","0,0",Sobrepagado,Chicago Bulls,Chicago,"41,8807","-87,6742"
Trey Burke,2021,DAL,PG,28,"3,656074","1,4","0,38292441564366586","12,6","0,0",Valor de mercado,Dallas Mavericks,Dallas,"32,7905","-96,8103"
Aleksej Pokusevski,2021,OKC,PF,19,"3,613225","-1,9","-0,5258460239813463","6,1","-1,1",Sobrepagado,Oklahoma City Thunder,Oklahoma City,"35,4634","-97,5151"
Goga Bitadze,2021,IND,C,21,"3,604304","1,5","0,4161691133711252","16,3","0,1",Valor de mercado,Indiana Pacers,Indianapolis,"39,764","-86,1555"
Ben McLemore,2021,LAL,SG,27,"3,526442","0,2","0,05671438804324586","8,5","-0,4",Sobrepagado,LA Lakers,Los Angeles,"34,043","-118,2673"
Josh Green,2021,DAL,SG,20,"3,432761","0,5","0,1456553485663581","8,8","-0,2",Sobrepagado,Dallas Mavericks,Dallas,"32,7905","-96,8103"
Kevin Huerter,2021,ATL,SG,22,"3,365928","3,6","1,0695415944726092","12,2","1,0",Infravalorado,Atlanta Hawks,Atlanta,"33,7573","-84,3963"
Alex Caruso,2021,LAL,PG,26,"3,351401","2,4","0,7161184233101321","11,1","0,6",Valor de mercado,LA Lakers,Los Angeles,"34,043","-118,2673"
Matisse Thybulle,2021,PHI,SG,23,"3,304213","2,8","0,8474029973249303","10,1","1,3",Infravalorado,Philadelphia 76ers,Philadelphia,"39,9012","-75,172"
Saddiq Bey,2021,DET,SF,21,"3,278182","3,3","1,0066555182110084","12,6","0,7",Infravalorado,Detroit Pistons,Detroit,"42,341","-83,0552"
Josh Okogie,2021,MIN,SG,22,"3,230799","1,3","0,4023772447620542","9,1","-0,4",Valor de mercado,Minnesota Timberwolves,Minneapolis,"44,9795","-93,276"
Vincent Poirier,2021,PHI,C,27,"3,192005","-0,1","-0,03132827172889767","1,6","-0,1",Sobrepagado,Philadelphia 76ers,Philadelphia,"39,9012","-75,172"
Brandon Clarke,2021,MEM,PF,24,"3,172156","4,2","1,3240206345463463","17,3","1,3",Infravalorado,Memphis Grizzlies,Memphis,"35,1382","-90,0505"
Precious Achiuwa,2021,MIA,PF,21,"3,146856","1,3","0,4131107365573766","14,2","-0,4",Valor de mercado,Miami Heat,Miami,"25,7814","-80,187"
Jeff Green,2021,BRK,C,34,"3,125642","4,1","1,311730518082365","13,0","0,5",Infravalorado,Brooklyn Nets,Brooklyn,"40,6828","-73,9752"
Jared Dudley,2021,LAL,PF,35,"3,125642","0,1","0,03199342727030159","4,4","0,0",Sobrepagado,LA Lakers,Los Angeles,"34,043","-118,2673"
Marc Gasol,2021,LAL,C,36,"3,125642","2,8","0,8958159635684444","12,2","1,1",Infravalorado,LA Lakers,Los Angeles,"34,043","-118,2673"
Dwight Howard,2021,PHI,C,35,"3,125642","4,0","1,2797370908120635","17,8","0,1",Infravalorado,Philadelphia 76ers,Philadelphia,"39,9012","-75,172"
Grayson Allen,2021,MEM,SG,25,"3,101959","2,7","0,8704176941087874","12,8","0,6",Infravalorado,Memphis Grizzlies,Memphis,"35,1382","-90,0505"
Grant Williams,2021,BOS,PF,22,"3,045217","1,1","0,36122220518275056","7,5","-0,5",Valor de mercado,Boston Celtics,Boston,"42,3662","-71,0621"
Tyrese Maxey,2021,PHI,SG,20,"3,020941","1,9","0,6289431008417575","14,5","0,1",Valor de mercado,Philadelphia 76ers,Philadelphia,"39,9012","-75,172"
Chandler Hutchison,2021,WAS,SF,24,"2,977799","-0,1","-0,033581850218903295","6,8","-0,3",Sobrepagado,Washington Wizards,Washington,"38,8981","-77,0209"
Mfiondu Kabengele,2021,CLE,PF,23,"2,964287","0,2","0,06746985025404086","9,5","-0,2",Sobrepagado,Cleveland Cavaliers,Cleveland,"41,4965","-81,6882"
Darius Bazley,2021,OKC,PF,20,"2,923835","-0,9","-0,30781490747596907","9,7","-1,0",Sobrepagado,Oklahoma City Thunder,Oklahoma City,"35,4634","-97,5151"
Moritz Wagner,2021,ORL,C,23,"2,905256","1,2","0,41304449590672904","12,5","-0,1",Valor de mercado,Orlando Magic,Orlando,"28,5392","-81,3839"
Zeke Nnaji,2021,DEN,PF,20,"2,90029","0,9","0,3103137962065862","11,3","0,0",Valor de mercado,Denver Nuggets,Denver,"39,7487","-105,0077"
Aaron Holiday,2021,IND,PG,24,"2,858611","0,2","0,06996404897343501","9,2","-0,7",Sobrepagado,Indiana Pacers,Indianapolis,"39,764","-86,1555"
Bryn Forbes,2021,MIL,SG,27,"2,848258","2,7","0,9479478333774539","12,8","0,2",Infravalorado,Milwaukee Bucks,Milwaukee,"43,045","-87,917"
Reggie Jackson,2021,LAC,SG,30,"2,841492","3,7","1,302132823178809","14,2","0,9",Infravalorado,LA Clippers,Los Angeles,"34,043","-118,2673"
Markieff Morris,2021,LAL,PF,31,"2,841492","1,6","0,5630844640773227","9,3","-0,2",Valor de mercado,LA Lakers,Los Angeles,"34,043","-118,2673"
E'Twaun Moore,2021,PHO,SG,31,"2,841492","0,4","0,14077111601933068","10,4","-0,1",Sobrepagado,Phoenix Suns,Phoenix,"33,4457","-112,0712"
Kent Bazemore,2021,GSW,SF,31,"2,827417","1,8","0,6366234623332887","10,6","0,2",Valor de mercado,Golden State Warriors,San Francisco,"37,768","-122,3877"
Hassan Whiteside,2021,SAC,C,31,"2,827417","0,9","0,31831173116664435","19,2","0,0",Valor de mercado,Sacramento Kings,Sacramento,"38,5802","-121,4997"
Ty Jerome,2021,OKC,SG,23,"2,806695","1,3","0,46317822207258","13,4","0,3",Valor de mercado,Oklahoma City Thunder,Oklahoma City,"35,4634","-97,5151"
Mike Muscala,2021,OKC,C,29,"2,782314","1,3","0,4672369833167644","14,7","0,3",Valor de mercado,Oklahoma City Thunder,Oklahoma City,"35,4634","-97,5151"
Anfernee Simons,2021,POR,SG,21,"2,744541","1,8","0,6558473711997744","12,3","0,3",Valor de mercado,Portland Trail Blazers,Portland,"45,5316","-122,6668"
Luke Kornet,2021,BOS,C,25,"2,742055","0,7","0,2552829903120105","13,3","0,3",Valor de mercado,Boston Celtics,Boston,"42,3662","-71,0621"
Brad Wanamaker,2021,CHO,PG,31,"2,742055","0,9","0,3282209875440135","9,5","-0,5",Valor de mercado,Charlotte Hornets,Charlotte,"35,2251","-80,8392"
Nassir Little,2021,POR,PF,20,"2,694088","1,1","0,4083014363302164","11,6","-0,1",Valor de mercado,Portland Trail Blazers,Portland,"45,5316","-122,6668"
Solomon Hill,2021,ATL,PF,29,"2,649822","1,3","0,49059899117752065","6,7","-0,2",Valor de mercado,Atlanta Hawks,Atlanta,"33,7573","-84,3963"
Matthew Dellavedova,2021,CLE,PG,30,"2,649822","0,0","0,0","7,3","-0,3",Sobrepagado,Cleveland Cavaliers,Cleveland,"41,4965","-81,6882"
Edmond Sumner,2021,IND,SG,25,"2,632373","1,4","0,5318395227424078","12,7","-0,2",Valor de mercado,Indiana Pacers,Indianapolis,"39,764","-86,1555"
Dylan Windler,2021,CLE,SF,24,"2,604879","0,5","0,19194749544988463","10,8","0,0",Sobrepagado,Cleveland Cavaliers,Cleveland,"41,4965","-81,6882"
Immanuel Quickley,2021,NYK,PG,21,"2,565979","3,2","1,2470873689924977","15,8","0,9",Infravalorado,New York Knicks,New York,"40,7505","-73,9934"
John Konchar,2021,MEM,SG,24,"2,559252","1,7","0,6642565874716518","14,8","0,5",Valor de mercado,Memphis Grizzlies,Memphis,"35,1382","-90,0505"
Landry Shamet,2021,BRK,SG,23,"2,547113","1,8","0,7066824283021602","10,3","-0,2",Valor de mercado,Brooklyn Nets,Brooklyn,"40,6828","-73,9752"
Jordan Poole,2021,GSW,SG,21,"2,514501","1,9","0,7556171184660495","15,1","0,4",Infravalorado,Golden State Warriors,San Francisco,"37,768","-122,3877"
Bol Bol,2021,DEN,PF,21,"2,508359","0,0","0,0","9,4","-0,1",Sobrepagado,Denver Nuggets,Denver,"39,7487","-105,0077"
Keldon Johnson,2021,SAS,SF,21,"2,495928","3,3","1,3221535236593362","13,8","0,2",Infravalorado,San Antonio Spurs,San Antonio,"29,427","-98,4375"
Payton Pritchard,2021,BOS,SG,23,"2,481012","2,5","1,0076533285610871","12,4","0,4",Infravalorado,Boston Celtics,Boston,"42,3662","-71,0621"
Robert Williams,2021,BOS,C,23,"2,473846","5,3","2,1424130685580267","25,7","2,0",Infravalorado,Boston Celtics,Boston,"42,3662","-71,0621"
Tyler Johnson,2021,BRK,SG,28,"2,47223","0,7","0,2831451766219162","8,2","-0,2",Valor de mercado,Brooklyn Nets,Brooklyn,"40,6828","-73,9752"
Langston Galloway,2021,PHO,SG,29,"2,47223","0,9","0,3640437985138923","12,1","0,1",Valor de mercado,Phoenix Suns,Phoenix,"33,4457","-112,0712"
Gary Clark,2021,PHI,PF,26,"2,459876","0,1","0,04065245565223613","6,0","-0,5",Sobrepagado,Philadelphia 76ers,Philadelphia,"39,9012","-75,172"
Damyean Dotson,2021,CLE,SG,26,"2,437382","0,0","0,0","8,1","-0,6",Sobrepagado,Cleveland Cavaliers,Cleveland,"41,4965","-81,6882"
Kenrich Williams,2021,OKC,PF,26,"2,437382","2,8","1,148773561140601","14,0","0,4",Infravalorado,Oklahoma City Thunder,Oklahoma City,"35,4634","-97,5151"
Quinn Cook,2021,CLE,PG,27,"2,415018","0,2","0,08281511773411214","12,7","0,0",Sobrepagado,Cleveland Cavaliers,Cleveland,"41,4965","-81,6882"
Cameron Payne,2021,PHO,PG,26,"2,409366","3,6","1,4941690054562073","17,4","1,4",Infravalorado,Phoenix Suns,Phoenix,"33,4457","-112,0712"
Udoka Azubuike,2021,UTA,C,21,"2,409352","0,1","0,041504935766961404","10,3","0,0",Sobrepagado,Utah Jazz,Salt Lake City,"40,7683","-111,9011"
Jaden McDaniels,2021,MIN,PF,20,"2,394436","1,4","0,5846888369536709","8,9","-0,6",Valor de mercado,Minnesota Timberwolves,Minneapolis,"44,9795","-93,276"
Malachi Flynn,2021,TOR,PG,22,"2,377179","0,8","0,3365333447754671","10,9","-0,1",Valor de mercado,Toronto Raptors,Toronto,"43,6435","-79,3791"
Desmond Bane,2021,MEM,SG,22,"2,359922","2,9","1,228854173993886","12,2","0,5",Infravalorado,Memphis Grizzlies,Memphis,"35,1382","-90,0505"
Jontay Porter,2021,MEM,PF,21,"2,315513","0,0","0,0","9,2","-0,1",Sobrepagado,Memphis Grizzlies,Memphis,"35,1382","-90,0505"
Jahlil Okafor,2021,DET,C,25,"2,294633","0,6","0,26147972246542256","13,1","-0,1",Valor de mercado,Detroit Pistons,Detroit,"42,341","-83,0552"
JaKarr Sampson,2021,IND,PF,27,"2,294633","0,3","0,13073986123271128","10,9","-0,4",Sobrepagado,Indiana Pacers,Indianapolis,"39,764","-86,1555"
Raul Neto,2021,WAS,PG,28,"2,294633","2,8","1,2202387048386385","13,0","0,5",Infravalorado,Washington Wizards,Washington,"38,8981","-77,0209"
David Nwaba,2021,HOU,SF,28,"2,222896","1,3","0,5848226817628895","14,4","0,2",Valor de mercado,Houston Rockets,Houston,"29,7508","-95,3621"
Georges Niang,2021,UTA,PF,27,"2,173605","2,6","1,196169497217756","11,4","0,5",Infravalorado,Utah Jazz,Salt Lake City,"40,7683","-111,9011"
Rodions Kurucs,2021,MIL,SF,22,"2,169456","-0,1","-0,04609450479751607","6,3","-0,1",Sobrepagado,Milwaukee Bucks,Milwaukee,"43,045","-87,917"
PJ Dozier,2021,DEN,SG,24,"2,148304","1,1","0,5120318167261244","10,4","-0,2",Valor de mercado,Denver Nuggets,Denver,"39,7487","-105,0077"
Damion Lee,2021,GSW,SG,28,"2,148304","2,7","1,25680536832776","11,8","0,6",Infravalorado,Golden State Warriors,San Francisco,"37,768","-122,3877"
Alfonzo McKinnie,2021,LAL,SF,28,"2,148304","0,8","0,3723867758008178","15,5","0,1",Valor de mercado,LA Lakers,Los Angeles,"34,043","-118,2673"
Furkan Korkmaz,2021,PHI,SG,23,"2,148304","2,0","0,9309669395020445","12,8","0,5",Infravalorado,Philadelphia 76ers,Philadelphia,"39,9012","-75,172"
Semi Ojeleye,2021,BOS,PF,26,"2,136305","1,2","0,5617175450134695","8,3","-0,1",Valor de mercado,Boston Celtics,Boston,"42,3662","-71,0621"
Abdel Nader,2021,PHO,SF,27,"2,136305","0,7","0,32766856792452387","13,4","0,2",Valor de mercado,Phoenix Suns,Phoenix,"33,4457","-112,0712"
Frank Kaminsky,2021,PHO,C,27,"2,117043","2,0","0,9447139240912916","15,8","0,6",Infravalorado,Phoenix Suns,Phoenix,"33,4457","-112,0712"
Monte Morris,2021,DEN,PG,25,"2,100666","2,9","1,3805145606202984","14,0","0,5",Infravalorado,Denver Nuggets,Denver,"39,7487","-105,0077"
Brandon Goodwin,2021,ATL,PG,25,"2,073716","0,2","0,09644522200725654","9,2","-0,2",Sobrepagado,Atlanta Hawks,Atlanta,"33,7573","-84,3963"
Thanasis Antetokounmpo,2021,MIL,SF,28,"2,073716","0,7","0,33755827702539787","10,3","-0,2",Valor de mercado,Milwaukee Bucks,Milwaukee,"43,045","-87,917"
Shake Milton,2021,PHI,SG,24,"2,073716","2,8","1,3502331081015915","14,6","0,1",Infravalorado,Philadelphia 76ers,Philadelphia,"39,9012","-75,172"
Ignas Brazdeikis,2021,ORL,SF,22,"2,055097","0,1","0,04865950366333074","9,5","-0,2",Sobrepagado,Orlando Magic,Orlando,"28,5392","-81,3839"
Sterling Brown,2021,HOU,SG,25,"2,046005","1,8","0,8797632459353716","11,1","0,1",Infravalorado,Houston Rockets,Houston,"29,7508","-95,3621"
Dwayne Bacon,2021,ORL,SG,25,"2,046005","0,5","0,2443786794264921","9,9","-1,5",Sobrepagado,Orlando Magic,Orlando,"28,5392","-81,3839"
Torrey Craig,2021,PHO,SF,30,"2,046005","2,2","1,0752661894765654","14,2","0,5",Infravalorado,Phoenix Suns,Phoenix,"33,4457","-112,0712"
Bruce Brown,2021,BRK,PG,24,"2,027733","4,4","2,169910930087936","16,1","0,7",Infravalorado,Brooklyn Nets,Brooklyn,"40,6828","-73,9752"
Jalen Brunson,2021,DAL,PG,24,"2,027733","5,1","2,5151240326019253","17,1","1,2",Infravalorado,Dallas Mavericks,Dallas,"32,7905","-96,8103"
Hamidou Diallo,2021,DET,SG,22,"2,027733","1,6","0,7890585200319766","14,3","0,0",Infravalorado,Detroit Pistons,Detroit,"42,341","-83,0552"
Duncan Robinson,2021,MIA,SF,26,"2,027733","3,7","1,824697827573946","11,0","0,6",Infravalorado,Miami Heat,Miami,"25,7814","-80,187"
Kendrick Nunn,2021,MIA,PG,25,"2,027733","2,9","1,4301685675579576","14,2","0,6",Infravalorado,Miami Heat,Miami,"25,7814","-80,187"
Jarred Vanderbilt,2021,MIN,PF,21,"2,027733","3,1","1,5288008825619548","16,2","0,5",Infravalorado,Minnesota Timberwolves,Minneapolis,"44,9795","-93,276"
Mitchell Robinson,2021,NYK,C,22,"2,027733","3,4","1,6767493550679502","17,7","0,7",Infravalorado,New York Knicks,New York,"40,7505","-73,9934"
Isaac Bonga,2021,WAS,SF,21,"2,027733","0,0","0,0","4,0","-0,4",Sobrepagado,Washington Wizards,Washington,"38,8981","-77,0209"
Isaiah Hartenstein,2021,CLE,C,22,"1,974967","1,6","0,8101401187969217","17,9","0,2",Infravalorado,Cleveland Cavaliers,Cleveland,"41,4965","-81,6882"
Wenyen Gabriel,2021,NOP,PF,23,"1,974967","0,3","0,15190127227442282","9,8","-0,1",Sobrepagado,New Orleans Pelicans,New Orleans,"29,949","-90,0821"
Harry Giles,2021,POR,C,22,"1,974967","0,5","0,253168787124038","12,4","-0,1",Valor de mercado,Portland Trail Blazers,Portland,"45,5316","-122,6668"
Drew Eubanks,2021,SAS,C,23,"1,974967","2,3","1,1645764207705749","17,9","0,4",Infravalorado,San Antonio Spurs,San Antonio,"29,427","-98,4375"
Bruno Fernando,2021,ATL,C,22,"1,84995","-0,1","-0,0540555150139193","6,2","-0,3",Sobrepagado,Atlanta Hawks,Atlanta,"33,7573","-84,3963"
Carsen Edwards,2021,BOS,SG,22,"1,84995","0,3","0,16216654504175787","10,2","-0,2",Sobrepagado,Boston Celtics,Boston,"42,3662","-71,0621"
Cody Martin,2021,CHO,SF,25,"1,84995","1,1","0,5946106651531123","10,6","0,0",Valor de mercado,Charlotte Hornets,Charlotte,"35,2251","-80,8392"
Caleb Martin,2021,CHO,SF,25,"1,84995","0,5","0,2702775750695965","9,5","-0,3",Valor de mercado,Charlotte Hornets,Charlotte,"35,2251","-80,8392"
Jalen McDaniels,2021,CHO,SF,23,"1,84995","1,2","0,6486661801670315","11,4","-0,3",Valor de mercado,Charlotte Hornets,Charlotte,"35,2251","-80,8392"
Javonte Green,2021,CHI,SF,27,"1,84995","1,1","0,5946106651531123","12,1","0,2",Valor de mercado,Chicago Bulls,Chicago,"41,8807","-87,6742"
Dean Wade,2021,CLE,PF,24,"1,84995","2,0","1,081110300278386","11,3","0,2",Infravalorado,Cleveland Cavaliers,Cleveland,"41,4965","-81,6882"
Eric Paschall,2021,GSW,PF,24,"1,84995","0,9","0,48649963512527367","13,4","-0,1",Valor de mercado,Golden State Warriors,San Francisco,"37,768","-122,3877"
Mychal Mulder,2021,GSW,PG,26,"1,84995","1,2","0,6486661801670315","10,8","0,0",Valor de mercado,Golden State Warriors,San Francisco,"37,768","-122,3877"
Terance Mann,2021,LAC,SG,24,"1,84995","3,7","2,000054055515014","13,8","0,6",Infravalorado,LA Clippers,Los Angeles,"34,043","-118,2673"
Talen Horton-Tucker,2021,LAL,SG,20,"1,84995","2,1","1,1351658152923052","12,9","0,3",Infravalorado,LA Lakers,Los Angeles,"34,043","-118,2673"
KZ Okpala,2021,MIA,PF,21,"1,84995","0,1","0,0540555150139193","5,2","-0,6",Sobrepagado,Miami Heat,Miami,"25,7814","-80,187"
Naz Reid,2021,MIN,C,21,"1,84995","3,2","1,7297764804454177","18,2","0,6",Infravalorado,Minnesota Timberwolves,Minneapolis,"44,9795","-93,276"
Jaylen Nowell,2021,MIN,SG,21,"1,84995","0,7","0,37838860509743505","12,3","-0,2",Valor de mercado,Minnesota Timberwolves,Minneapolis,"44,9795","-93,276"
Luguentz Dort,2021,OKC,SG,21,"1,84995","0,3","0,16216654504175787","10,1","-0,6",Sobrepagado,Oklahoma City Thunder,Oklahoma City,"35,4634","-97,5151"
Isaiah Roby,2021,OKC,PF,22,"1,84995","1,3","0,7027216951809508","11,9","-0,5",Valor de mercado,Oklahoma City Thunder,Oklahoma City,"35,4634","-97,5151"
Justin James,2021,SAC,SF,24,"1,84995","0,1","0,0540555150139193","11,3","-0,2",Sobrepagado,Sacramento Kings,Sacramento,"38,5802","-121,4997"
Terence Davis,2021,SAC,SG,23,"1,84995","0,8","0,4324441201113544","12,7","0,1",Valor de mercado,Sacramento Kings,Sacramento,"38,5802","-121,4997"
Chris Silva,2021,SAC,PF,24,"1,84995","0,2","0,1081110300278386","11,5","-0,1",Sobrepagado,Sacramento Kings,Sacramento,"38,5802","-121,4997"
Matt Thomas,2021,UTA,SG,26,"1,84995","0,2","0,1081110300278386","9,1","-0,2",Sobrepagado,Utah Jazz,Salt Lake City,"40,7683","-111,9011"
Miye Oni,2021,UTA,SG,23,"1,84995","0,9","0,48649963512527367","6,4","0,0",Valor de mercado,Utah Jazz,Salt Lake City,"40,7683","-111,9011"
Juwan Morgan,2021,UTA,PF,23,"1,84995","0,3","0,16216654504175787","8,5","0,0",Sobrepagado,Utah Jazz,Salt Lake City,"40,7683","-111,9011"
Daniel Gafford,2021,WAS,PF,22,"1,84995","3,5","1,8919430254871754","22,2","0,8",Infravalorado,Washington Wizards,Washington,"38,8981","-77,0209"
Damian Jones,2021,SAC,C,25,"1,81254","1,6","0,8827391395500237","14,6","0,1",Infravalorado,Sacramento Kings,Sacramento,"38,5802","-121,4997"
Jae'Sean Tate,2021,HOU,SF,25,"1,761858","3,8","2,1568139997661557","13,8","0,3",Infravalorado,Houston Rockets,Houston,"29,7508","-95,3621"
DaQuan Jeffries,2021,HOU,SG,23,"1,761858","0,3","0,17027478945522284","7,9","-0,3",Sobrepagado,Houston Rockets,Houston,"29,7508","-95,3621"
Kelan Martin,2021,IND,SF,25,"1,761858","0,4","0,2270330526069638","13,9","0,0",Sobrepagado,Indiana Pacers,Indianapolis,"39,764","-86,1555"
Paul Watson,2021,TOR,SF,26,"1,761858","0,6","0,3405495789104457","10,9","0,1",Valor de mercado,Toronto Raptors,Toronto,"43,6435","-79,3791"
Tyrell Terry,2021,DAL,PG,20,"1,571924","-0,1","-0,06361630714970953","6,0","0,0",Sobrepagado,Dallas Mavericks,Dallas,"32,7905","-96,8103"
Oshae Brissett,2021,IND,SF,22,"1,530058","1,8","1,1764259916944326","17,2","0,3",Infravalorado,Indiana Pacers,Indianapolis,"39,764","-86,1555"
Moses Brown,2021,OKC,C,21,"1,523364","2,6","1,7067490107420158","18,8","-0,1",Infravalorado,Oklahoma City Thunder,Oklahoma City,"35,4634","-97,5151"
Sindarius Thornwell,2021,ORL,SG,26,"1,506167","0,0","0,0","6,6","-0,2",Sobrepagado,Orlando Magic,Orlando,"28,5392","-81,3839"
Glenn Robinson III,2021,SAC,SF,27,"1,420167","0,3","0,21124276229485686","9,0","-0,2",Sobrepagado,Sacramento Kings,Sacramento,"38,5802","-121,4997"
Norvel Pelle,2021,NYK,C,27,"1,236854","0,2","0,16170057258172754","11,6","0,0",Sobrepagado,New York Knicks,New York,"40,7505","-73,9934"
Nick Richards,2021,CHO,PF,23,"1,218691","0,0","0,0","5,5","-0,1",Sobrepagado,Charlotte Hornets,Charlotte,"35,2251","-80,8392"
Lamar Stevens,2021,CLE,PF,23,"1,218691","0,4","0,3282210174687431","10,5","-0,3",Valor de mercado,Cleveland Cavaliers,Cleveland,"41,4965","-81,6882"
Jahmi'us Ramsey,2021,SAC,SG,19,"1,218691","0,0","0,0","10,5","-0,1",Sobrepagado,Sacramento Kings,Sacramento,"38,5802","-121,4997"
Juan Toscano-Anderson,2021,GSW,SG,27,"1,150399","3,0","2,6077908621269663","12,6","0,8",Infravalorado,Golden State Warriors,San Francisco,"37,768","-122,3877"
Shaquille Harrison,2021,DEN,SG,27,"1,11516","0,2","0,17934646149431474","6,8","-0,2",Sobrepagado,Denver Nuggets,Denver,"39,7487","-105,0077"
Chimezie Metu,2021,SAC,C,23,"1,110099","0,6","0,5404923344674665","14,5","-0,2",Valor de mercado,Sacramento Kings,Sacramento,"38,5802","-121,4997"
Deividas Sirvydis,2021,DET,SG,20,"1,094762","0,0","0,0","5,7","-0,1",Sobrepagado,Detroit Pistons,Detroit,"42,341","-83,0552"
Daniel Oturu,2021,LAC,C,21,"1,094762","0,3","0,27403216406853725","12,5","-0,1",Valor de mercado,LA Clippers,Los Angeles,"34,043","-118,2673"
Jordan Nwora,2021,MIL,SF,22,"1,094762","0,4","0,3653762187580497","16,1","0,1",Valor de mercado,Milwaukee Bucks,Milwaukee,"43,045","-87,917"
Sam Merrill,2021,MIL,SG,24,"1,094762","0,5","0,4567202734475621","11,9","0,1",Valor de mercado,Milwaukee Bucks,Milwaukee,"43,045","-87,917"
Isaiah Joe,2021,PHI,SG,21,"1,094762","0,6","0,5480643281370745","9,5","-0,1",Valor de mercado,Philadelphia 76ers,Philadelphia,"39,9012","-75,172"
CJ Elleby,2021,POR,SF,20,"1,094762","0,1","0,09134405468951243","9,4","-0,1",Sobrepagado,Portland Trail Blazers,Portland,"45,5316","-122,6668"
Tre Jones,2021,SAS,PG,21,"1,094762","0,4","0,3653762187580497","12,1","-0,1",Valor de mercado,San Antonio Spurs,San Antonio,"29,427","-98,4375"
Elijah Hughes,2021,UTA,SF,22,"1,094762","0,0","0,0","8,4","0,0",Sobrepagado,Utah Jazz,Salt Lake City,"40,7683","-111,9011"
Anthony Gill,2021,WAS,PF,28,"1,094762","0,6","0,5480643281370745","13,7","0,0",Valor de mercado,Washington Wizards,Washington,"38,8981","-77,0209"
Theo Pinson,2021,NYK,SG,25,"0,977612","-0,1","-0,10229007008915603","-8,1","-0,1",Sobrepagado,New York Knicks,New York,"40,7505","-73,9934"
Yuta Watanabe,2021,TOR,SF,26,"0,899389","1,5","1,6677989168201968","12,2","0,2",Infravalorado,Toronto Raptors,Toronto,"43,6435","-79,3791"
Tremont Waters,2021,BOS,PG,23,"0,868047","0,4","0,4608045416895629","14,6","0,1",Valor de mercado,Boston Celtics,Boston,"42,3662","-71,0621"
Frank Jackson,2021,DET,PG,22,"0,852004","1,2","1,4084440918117755","13,2","0,1",Infravalorado,Detroit Pistons,Detroit,"42,341","-83,0552"
Rayjon Tucker,2021,PHI,PG,23,"0,845473","0,2","0,23655397629492603","15,1","0,0",Sobrepagado,Philadelphia 76ers,Philadelphia,"39,9012","-75,172"
Tyler Cook,2021,DET,SF,23,"0,844724","0,8","0,9470548960370488","12,8","-0,1",Infravalorado,Detroit Pistons,Detroit,"42,341","-83,0552"
Garrison Mathews,2021,WAS,SG,24,"0,838523","2,3","2,7429182026014787","9,7","0,1",Infravalorado,Washington Wizards,Washington,"38,8981","-77,0209"
Gabe Vincent,2021,MIA,PG,24,"0,80525","0,2","0,24837007140639553","7,6","-0,6",Valor de mercado,Miami Heat,Miami,"25,7814","-80,187"
Tacko Fall,2021,BOS,C,25,"0,796931","0,5","0,627406889680537","19,6","0,1",Valor de mercado,Boston Celtics,Boston,"42,3662","-71,0621"
Max Strus,2021,MIA,SF,24,"0,788612","0,9","1,1412456315653325","12,1","0,0",Infravalorado,Miami Heat,Miami,"25,7814","-80,187"
Alize Johnson,2021,BRK,PF,24,"0,757522","0,9","1,1880843064623865","23,5","0,2",Infravalorado,Brooklyn Nets,Brooklyn,"40,6828","-73,9752"
Anthony Tolliver,2021,PHI,PF,35,"0,749297","0,1","0,13345842836685587","4,0","-0,1",Sobrepagado,Philadelphia 76ers,Philadelphia,"39,9012","-75,172"
Paul Reed,2021,PHI,PF,21,"0,742339","0,6","0,808256066298551","21,2","0,0",Infravalorado,Philadelphia 76ers,Philadelphia,"39,9012","-75,172"
Amir Coffey,2021,LAC,SG,23,"0,705429","0,7","0,9923039738939","10,1","0,0",Infravalorado,LA Clippers,Los Angeles,"34,043","-118,2673"
Naji Marshall,2021,NOP,SF,23,"0,656132","0,9","1,3716752116952076","11,4","0,1",Infravalorado,New Orleans Pelicans,New Orleans,"29,949","-90,0821"
Kyle Guy,2021,SAC,PG,23,"0,655519","-0,1","-0,15255087953209595","8,5","-0,2",Sobrepagado,Sacramento Kings,Sacramento,"38,5802","-121,4997"
Markus Howard,2021,DEN,SG,21,"0,652358","-0,3","-0,4598701939732478","6,4","-0,3",Sobrepagado,Denver Nuggets,Denver,"39,7487","-105,0077"
Skylar Mays,2021,ATL,SG,23,"0,648609","0,8","1,2334087254416761","16,8","0,3",Infravalorado,Atlanta Hawks,Atlanta,"33,7573","-84,3963"
Mamadi Diakite,2021,MIL,PF,24,"0,645103","0,3","0,4650420165461949","12,3","0,0",Valor de mercado,Milwaukee Bucks,Milwaukee,"43,045","-87,917"
Nathan Knight,2021,ATL,PF,23,"0,637362","0,4","0,6275868344833863","13,9","-0,1",Valor de mercado,Atlanta Hawks,Atlanta,"33,7573","-84,3963"
Saben Lee,2021,DET,PG,21,"0,629863","1,5","2,3814702562303234","13,8","0,0",Infravalorado,Detroit Pistons,Detroit,"42,341","-83,0552"
Jarrell Brantley,2021,UTA,PF,24,"0,622246","0,5","0,8035407218367013","16,6","0,1",Infravalorado,Utah Jazz,Salt Lake City,"40,7683","-111,9011"
Jordan McLaughlin,2021,MIN,PG,24,"0,613928","1,2","1,9546266011649573","12,0","0,1",Infravalorado,Minnesota Timberwolves,Minneapolis,"44,9795","-93,276"
Rondae Hollis-Jefferson,2021,POR,PF,26,"0,612949","0,3","0,48943713098479646","14,4","0,1",Valor de mercado,Portland Trail Blazers,Portland,"45,5316","-122,6668"
Reggie Perry,2021,BRK,PF,20,"0,59612","0,2","0,33550291887539424","11,0","-0,2",Valor de mercado,Brooklyn Nets,Brooklyn,"40,6828","-73,9752"
Cassius Stanley,2021,IND,SG,21,"0,573625","-0,1","-0,1743299193724123","5,5","-0,2",Sobrepagado,Indiana Pacers,Indianapolis,"39,764","-86,1555"
Trent Forrest,2021,UTA,PG,22,"0,573625","0,7","1,2203094356068858","11,2","0,1",Infravalorado,Utah Jazz,Salt Lake City,"40,7683","-111,9011"
Chris Chiozza,2021,BRK,PG,25,"0,547332","0,3","0,5481133936988883","12,9","0,1",Valor de mercado,Brooklyn Nets,Brooklyn,"40,6828","-73,9752"
Devon Dotson,2021,CHI,PG,21,"0,547332","0,2","0,36540892913259226","19,3","0,1",Valor de mercado,Chicago Bulls,Chicago,"41,8807","-87,6742"
Adam Mokoka,2021,CHI,SG,22,"0,547332","-0,1","-0,18270446456629613","2,2","-0,1",Sobrepagado,Chicago Bulls,Chicago,"41,8807","-87,6742"
Tyler Bey,2021,DAL,SF,22,"0,547332","0,0","0,0","5,9","-0,1",Sobrepagado,Dallas Mavericks,Dallas,"32,7905","-96,8103"
Nate Hinton,2021,DAL,SG,21,"0,547332","0,0","0,0","10,4","0,0",Sobrepagado,Dallas Mavericks,Dallas,"32,7905","-96,8103"
Nico Mannion,2021,GSW,PG,19,"0,547332","0,2","0,36540892913259226","9,3","-0,2",Valor de mercado,Golden State Warriors,San Francisco,"37,768","-122,3877"
Devontae Cacok,2021,LAL,PF,24,"0,547332","0,3","0,5481133936988883","17,2","0,0",Valor de mercado,LA Lakers,Los Angeles,"34,043","-118,2673"
Kostas Antetokounmpo,2021,LAL,PF,23,"0,547332","-0,2","-0,36540892913259226","0,0","-0,1",Sobrepagado,LA Lakers,Los Angeles,"34,043","-118,2673"
Killian Tillie,2021,MEM,C,22,"0,547332","0,2","0,36540892913259226","8,5","-0,1",Valor de mercado,Memphis Grizzlies,Memphis,"35,1382","-90,0505"
Sean McDermott,2021,MEM,SF,24,"0,547332","0,2","0,36540892913259226","7,2","-0,1",Valor de mercado,Memphis Grizzlies,Memphis,"35,1382","-90,0505"
Josh Hall,2021,OKC,SF,20,"0,547332","-0,9","-1,6443401810966651","1,0","-0,8",Sobrepagado,Oklahoma City Thunder,Oklahoma City,"35,4634","-97,5151"
Ty-Shon Alexander,2021,PHO,SG,22,"0,547332","0,0","0,0","4,2","-0,1",Sobrepagado,Phoenix Suns,Phoenix,"33,4457","-112,0712"
Keljin Blevins,2021,POR,SF,25,"0,547332","-0,2","-0,36540892913259226","-0,9","-0,2",Sobrepagado,Portland Trail Blazers,Portland,"45,5316","-122,6668"
Keita Bates-Diop,2021,SAS,SF,25,"0,547332","0,3","0,5481133936988883","12,0","0,0",Valor de mercado,San Antonio Spurs,San Antonio,"29,427","-98,4375"
Quinndary Weatherspoon,2021,SAS,SG,24,"0,547332","0,1","0,18270446456629613","9,6","-0,1",Sobrepagado,San Antonio Spurs,San Antonio,"29,427","-98,4375"
Jalen Harris,2021,TOR,SG,22,"0,547332","0,3","0,5481133936988883","15,2","0,1",Valor de mercado,Toronto Raptors,Toronto,"43,6435","-79,3791"
Cassius Winston,2021,WAS,PG,22,"0,547332","0,1","0,18270446456629613","10,8","0,0",Sobrepagado,Washington Wizards,Washington,"38,8981","-77,0209"
Yogi Ferrell,2021,LAC,PG,27,"0,54128","0,3","0,5542417972214011","14,4","0,1",Valor de mercado,LA Clippers,Los Angeles,"34,043","-118,2673"
Mason Jones,2021,PHI,SG,22,"0,517387","0,2","0,38655783775007874","12,1","-0,1",Valor de mercado,Philadelphia 76ers,Philadelphia,"39,9012","-75,172"
Brodric Thomas,2021,CLE,SG,24,"0,502346","0,1","0,19906598241052983","8,0","-0,2",Sobrepagado,Cleveland Cavaliers,Cleveland,"41,4965","-81,6882"
Donta Hall,2021,ORL,PF,23,"0,458563","0,8","1,7445803520999297","22,3","0,2",Infravalorado,Orlando Magic,Orlando,"28,5392","-81,3839"
Freddie Gillespie,2021,TOR,PF,23,"0,442403","0,9","2,0343442517342787","13,4","-0,1",Infravalorado,Toronto Raptors,Toronto,"43,6435","-79,3791"
Chasson Randle,2021,ORL,PG,27,"0,341144","0,0","0,0","7,4","-0,8",Sobrepagado,Orlando Magic,Orlando,"28,5392","-81,3839"
Justin Patton,2021,HOU,C,23,"0,326149","0,4","1,2264333172874975","11,6","0,0",Infravalorado,Houston Rockets,Houston,"29,7508","-95,3621"
Gary Payton II,2021,GSW,PG,28,"0,304507","0,3","0,9851990266233616","29,2","0,1",Infravalorado,Golden State Warriors,San Francisco,"37,768","-122,3877"
Mike James,2021,BRK,PG,30,"0,289619","0,1","0,3452812142849744","11,9","-0,1",Valor de mercado,Brooklyn Nets,Brooklyn,"40,6828","-73,9752"
Anthony Lamb,2021,HOU,SF,23,"0,26242","0,2","0,7621370322383966","8,7","-0,4",Infravalorado,Houston Rockets,Houston,"29,7508","-95,3621"
Armoni Brooks,2021,HOU,SG,22,"0,164964","0,3","1,8185785989670473","10,4","-0,2",Infravalorado,Houston Rockets,Houston,"29,7508","-95,3621"
Jordan Bone,2021,ORL,PG,23,"0,164949","0,2","1,2124959836070544","8,9","-0,1",Infravalorado,Orlando Magic,Orlando,"28,5392","-81,3839"
Jaylen Hoard,2021,OKC,SF,21,"0,157465","0,5","3,1753087987806814","13,4","0,0",Infravalorado,Oklahoma City Thunder,Oklahoma City,"35,4634","-97,5151"
Stephen Curry,2022,GSW,PG,33,"52,938707","8,0","0,15111816010164358","21,4","4,4",Sobrepagado,Golden State Warriors,San Francisco,"37,768","-122,3877"
James Harden,2022,PHI,PG,32,"51,23873","7,6","0,14832530002207314","20,9","3,7",Sobrepagado,Philadelphia 76ers,Philadelphia,"39,9012","-75,172"
Russell Westbrook,2022,LAL,PG,33,"51,123449","1,7","0,033252842545893176","15,0","0,2",Sobrepagado,LA Lakers,Los Angeles,"34,043","-118,2673"
Kevin Durant,2022,BRK,PF,33,"48,588451","8,4","0,17288058843448212","25,6","4,8",Sobrepagado,Brooklyn Nets,Brooklyn,"40,6828","-73,9752"
LeBron James,2022,LAL,SF,37,"47,61902","7,5","0,157500091350053","26,2","5,1",Sobrepagado,LA Lakers,Los Angeles,"34,043","-118,2673"
Paul George,2022,LAC,SF,31,"45,496459","1,3","0,028573652292368513","18,6","1,6",Sobrepagado,LA Clippers,Los Angeles,"34,043","-118,2673"
Giannis Antetokounmpo,2022,MIL,PF,27,"45,496378","12,9","0,283539054471545","32,1","7,4",Valor de mercado,Milwaukee Bucks,Milwaukee,"43,045","-87,917"
Damian Lillard,2022,POR,PG,31,"45,496378","1,7","0,037365611829583444","18,5","0,9",Sobrepagado,Portland Trail Blazers,Portland,"45,5316","-122,6668"
Klay Thompson,2022,GSW,SG,31,"43,918911","1,8","0,040984622774458135","16,7","0,7",Sobrepagado,Golden State Warriors,San Francisco,"37,768","-122,3877"
Jimmy Butler,2022,MIA,SF,32,"41,647244","9,2","0,22090297259525743","23,6","4,0",Sobrepagado,Miami Heat,Miami,"25,7814","-80,187"
Tobias Harris,2022,PHI,PF,29,"41,623828","5,6","0,1345383226165551","15,9","1,3",Sobrepagado,Philadelphia 76ers,Philadelphia,"39,9012","-75,172"
Khris Middleton,2022,MIL,SF,30,"41,050337","5,3","0,1291097805116679","18,1","1,9",Sobrepagado,Milwaukee Bucks,Milwaukee,"43,045","-87,917"
Anthony Davis,2022,LAL,C,28,"40,890021","4,5","0,1100513007806966","23,9","2,0",Sobrepagado,LA Lakers,Los Angeles,"34,043","-118,2673"
Rudy Gobert,2022,UTA,C,29,"40,870904","11,7","0,2862672183615023","24,7","3,6",Valor de mercado,Utah Jazz,Salt Lake City,"40,7683","-111,9011"
Kyrie Irving,2022,BRK,PG,29,"40,852255","3,3","0,0807788945799932","21,4","1,4",Sobrepagado,Brooklyn Nets,Brooklyn,"40,6828","-73,9752"
Kemba Walker,2022,NYK,PG,31,"40,434514","1,8","0,04451642475534639","13,9","0,6",Sobrepagado,New York Knicks,New York,"40,7505","-73,9934"
Bradley Beal,2022,WAS,SG,28,"38,996895","1,4","0,035900294113159516","17,5","1,0",Sobrepagado,Washington Wizards,Washington,"38,8981","-77,0209"
Pascal Siakam,2022,TOR,PF,27,"38,16402","8,1","0,21224179213824956","20,3","3,6",Sobrepagado,Toronto Raptors,Toronto,"43,6435","-79,3791"
Blake Griffin,2022,BRK,PF,32,"37,472385","2,1","0,056041268790337204","13,7","0,3",Sobrepagado,Brooklyn Nets,Brooklyn,"40,6828","-73,9752"
Karl-Anthony Towns,2022,MIN,C,26,"36,599093","10,3","0,2814277392065426","24,1","4,4",Valor de mercado,Minnesota Timberwolves,Minneapolis,"44,9795","-93,276"
Devin Booker,2022,PHO,SG,25,"36,599093","7,6","0,20765541922036151","21,3","3,6",Sobrepagado,Phoenix Suns,Phoenix,"33,4457","-112,0712"
Andrew Wiggins,2022,GSW,SF,26,"36,516749","5,1","0,13966193978549404","15,0","1,4",Sobrepagado,Golden State Warriors,San Francisco,"37,768","-122,3877"
Joel Embiid,2022,PHI,C,27,"36,516749","12,0","0,32861632890704484","31,2","6,5",Valor de mercado,Philadelphia 76ers,Philadelphia,"39,9012","-75,172"
Kevin Love,2022,CLE,PF,33,"36,145407","5,7","0,15769638449499268","19,6","2,7",Sobrepagado,Cleveland Cavaliers,Cleveland,"41,4965","-81,6882"
Jrue Holiday,2022,MIL,PG,31,"36,044894","6,9","0,1914279453838871","19,8","2,9",Sobrepagado,Milwaukee Bucks,Milwaukee,"43,045","-87,917"
CJ McCollum,2022,NOP,SG,30,"35,689739","3,6","0,10086932829629267","18,3","2,1",Sobrepagado,New Orleans Pelicans,New Orleans,"29,949","-90,0821"
Chris Paul,2022,PHO,PG,36,"35,615504","9,4","0,2639300008221139","20,8","4,0",Valor de mercado,Phoenix Suns,Phoenix,"33,4457","-112,0712"
D'Angelo Russell,2022,MIN,PG,25,"34,706036","4,4","0,12677909975083299","16,3","1,4",Sobrepagado,Minnesota Timberwolves,Minneapolis,"44,9795","-93,276"
Gordon Hayward,2022,CHO,SF,31,"34,603699","2,8","0,08091620494098044","15,1","0,5",Sobrepagado,Charlotte Hornets,Charlotte,"35,2251","-80,8392"
Brandon Ingram,2022,NOP,SF,24,"34,075017","3,9","0,11445335449135652","18,7","1,9",Sobrepagado,New Orleans Pelicans,New Orleans,"29,949","-90,0821"
Jayson Tatum,2022,BOS,SF,23,"32,497412","9,6","0,29540813896195794","21,8","4,8",Valor de mercado,Boston Celtics,Boston,"42,3662","-71,0621"
Bam Adebayo,2022,MIA,C,24,"32,497412","7,2","0,2215561042214685","21,8","2,7",Sobrepagado,Miami Heat,Miami,"25,7814","-80,187"
De'Aaron Fox,2022,SAC,PG,24,"32,497412","2,5","0,07692920285467655","17,4","0,7",Sobrepagado,Sacramento Kings,Sacramento,"38,5802","-121,4997"
Donovan Mitchell,2022,UTA,SG,25,"32,497412","7,2","0,2215561042214685","21,6","3,6",Sobrepagado,Utah Jazz,Salt Lake City,"40,7683","-111,9011"
Al Horford,2022,BOS,C,35,"31,221383","7,6","0,2434229130721083","16,7","3,2",Sobrepagado,Boston Celtics,Boston,"42,3662","-71,0621"
Kyle Lowry,2022,MIA,PG,35,"31,203029","6,4","0,20510829253147186","15,0","2,1",Sobrepagado,Miami Heat,Miami,"25,7814","-80,187"
Jaylen Brown,2022,BOS,SF,25,"30,94262","5,8","0,18744372648469973","18,9","2,2",Sobrepagado,Boston Celtics,Boston,"42,3662","-71,0621"
DeMar DeRozan,2022,CHI,PF,32,"30,065035","8,8","0,2926988110940167","23,1","3,1",Valor de mercado,Chicago Bulls,Chicago,"41,8807","-87,6742"
Draymond Green,2022,GSW,PF,31,"27,783229","3,6","0,129574571767738","14,3","1,8",Sobrepagado,Golden State Warriors,San Francisco,"37,768","-122,3877"
Buddy Hield,2022,IND,SG,29,"26,680677","1,9","0,07121258579757928","12,9","0,5",Sobrepagado,Indiana Pacers,Indianapolis,"39,764","-86,1555"
John Collins,2022,ATL,PF,24,"26,595993","5,1","0,19175820959194867","18,7","1,5",Sobrepagado,Atlanta Hawks,Atlanta,"33,7573","-84,3963"
Malcolm Brogdon,2022,IND,PG,29,"25,092741","2,7","0,10760083962130722","18,0","1,3",Sobrepagado,Indiana Pacers,Indianapolis,"39,764","-86,1555"
Mike Conley,2022,UTA,PG,34,"24,283298","6,7","0,2759098043437098","17,2","2,7",Valor de mercado,Utah Jazz,Salt Lake City,"40,7683","-111,9011"
Gary Harris,2022,ORL,SG,27,"24,204831","2,2","0,09089094652220461","10,9","-0,2",Sobrepagado,Orlando Magic,Orlando,"28,5392","-81,3839"
Danilo Gallinari,2022,ATL,PF,33,"23,676215","3,6","0,1520513308398323","14,3","0,8",Sobrepagado,Atlanta Hawks,Atlanta,"33,7573","-84,3963"
Harrison Barnes,2022,SAC,PF,29,"23,455458","6,0","0,25580400092805694","15,7","1,4",Valor de mercado,Sacramento Kings,Sacramento,"38,5802","-121,4997"
Jerami Grant,2022,DET,PF,27,"23,129841","2,3","0,09943864292019992","16,1","1,2",Sobrepagado,Detroit Pistons,Detroit,"42,341","-83,0552"
Jarrett Allen,2022,CLE,C,23,"23,12695","8,5","0,36753657529419137","23,0","2,7",Valor de mercado,Cleveland Cavaliers,Cleveland,"41,4965","-81,6882"
Julius Randle,2022,NYK,PF,27,"22,895681","3,1","0,135396715214542","15,7","1,6",Sobrepagado,New York Knicks,New York,"40,7505","-73,9934"
Fred VanVleet,2022,TOR,PG,27,"22,752208","6,7","0,29447691406478","17,3","3,5",Valor de mercado,Toronto Raptors,Toronto,"43,6435","-79,3791"
Zach LaVine,2022,CHI,SF,26,"22,548776","5,8","0,2572201701768646","20,0","2,6",Valor de mercado,Chicago Bulls,Chicago,"41,8807","-87,6742"
Spencer Dinwiddie,2022,DAL,PG,28,"22,334024","4,1","0,18357641238318717","15,1","1,1",Sobrepagado,Dallas Mavericks,Dallas,"32,7905","-96,8103"
Domantas Sabonis,2022,SAC,C,25,"21,392429","7,1","0,33189311975746183","21,9","3,2",Valor de mercado,Sacramento Kings,Sacramento,"38,5802","-121,4997"
Eric Gordon,2022,HOU,SG,33,"21,067285","1,4","0,06645374570097666","12,1","-0,1",Sobrepagado,Houston Rockets,Houston,"29,7508","-95,3621"
Eric Bledsoe,2022,LAC,PG,32,"20,958799","1,3","0,06202645485554779","12,5","0,4",Sobrepagado,LA Clippers,Los Angeles,"34,043","-118,2673"
Myles Turner,2022,IND,C,25,"20,814255","3,1","0,14893638998849587","17,4","1,1",Sobrepagado,Indiana Pacers,Indianapolis,"39,764","-86,1555"
Terry Rozier,2022,CHO,SG,27,"20,704706","5,9","0,28495937107245084","17,6","2,3",Valor de mercado,Charlotte Hornets,Charlotte,"35,2251","-80,8392"
Ricky Rubio,2022,CLE,PG,31,"20,582986","1,3","0,06315896051233773","14,0","0,5",Sobrepagado,Cleveland Cavaliers,Cleveland,"41,4965","-81,6882"
Clint Capela,2022,ATL,C,27,"20,355703","8,3","0,4077481381998942","21,4","2,1",Valor de mercado,Atlanta Hawks,Atlanta,"33,7573","-84,3963"
Caris LeVert,2022,CLE,SG,27,"20,236081","2,2","0,10871670260659662","15,1","0,4",Sobrepagado,Cleveland Cavaliers,Cleveland,"41,4965","-81,6882"
Joe Harris,2022,BRK,SF,30,"20,070889","0,5","0,024911701718842647","9,6","0,1",Sobrepagado,Brooklyn Nets,Brooklyn,"40,6828","-73,9752"
Evan Fournier,2022,NYK,SG,29,"19,8231","3,7","0,18665092745332468","12,3","0,7",Sobrepagado,New York Knicks,New York,"40,7505","-73,9934"
Steven Adams,2022,MEM,C,28,"19,742519","6,8","0,3444342639356203","17,6","2,0",Valor de mercado,Memphis Grizzlies,Memphis,"35,1382","-90,0505"
Markelle Fultz,2022,ORL,PG,23,"19,079734","0,4","0,020964652861512643","17,7","0,2",Sobrepagado,Orlando Magic,Orlando,"28,5392","-81,3839"
Aaron Gordon,2022,DEN,PF,26,"18,974611","5,2","0,27405041399794705","15,3","0,9",Valor de mercado,Denver Nuggets,Denver,"39,7487","-105,0077"
OG Anunoby,2022,TOR,SF,24,"18,584157","3,7","0,19909431458203888","14,8","1,1",Sobrepagado,Toronto Raptors,Toronto,"43,6435","-79,3791"
Lauri Markkanen,2022,CLE,PF,24,"18,144143","5,0","0,27557102035626596","14,7","1,1",Valor de mercado,Cleveland Cavaliers,Cleveland,"41,4965","-81,6882"
Derrick White,2022,BOS,SG,27,"18,129876","5,1","0,2813036338472475","14,8","1,6",Valor de mercado,Boston Celtics,Boston,"42,3662","-71,0621"
Duncan Robinson,2022,MIA,SG,27,"18,096838","3,9","0,21550726154480687","10,6","0,7",Sobrepagado,Miami Heat,Miami,"25,7814","-80,187"
Marcus Morris,2022,LAC,PF,32,"18,071291","2,4","0,13280733512619547","13,7","0,3",Sobrepagado,LA Clippers,Los Angeles,"34,043","-118,2673"
Will Barton,2022,DEN,SG,31,"18,06793","3,2","0,17710938663145143","13,4","0,9",Sobrepagado,Denver Nuggets,Denver,"39,7487","-105,0077"
Norman Powell,2022,LAC,SF,28,"17,943324","2,8","0,15604689521294937","16,3","0,6",Sobrepagado,LA Clippers,Los Angeles,"34,043","-118,2673"
Dejounte Murray,2022,SAS,PG,25,"17,841147","7,3","0,409166518273741","22,3","4,4",Valor de mercado,San Antonio Spurs,San Antonio,"29,427","-98,4375"
Malik Beasley,2022,MIN,SG,25,"16,757746","2,9","0,17305429978470852","11,9","0,7",Sobrepagado,Minnesota Timberwolves,Minneapolis,"44,9795","-93,276"
Patrick Beverley,2022,MIN,PG,33,"16,560038","4,1","0,2475839729353278","14,8","1,7",Valor de mercado,Minnesota Timberwolves,Minneapolis,"44,9795","-93,276"
Thaddeus Young,2022,TOR,PF,33,"16,408571","2,2","0,1340762702614384","17,0","0,9",Sobrepagado,Toronto Raptors,Toronto,"43,6435","-79,3791"
Marcus Smart,2022,BOS,PG,27,"16,003023","5,6","0,34993388436672246","13,6","1,5",Valor de mercado,Boston Celtics,Boston,"42,3662","-71,0621"
Doug McDermott,2022,SAS,PF,30,"15,899778","1,6","0,10063033584494073","11,4","-0,1",Sobrepagado,San Antonio Spurs,San Antonio,"29,427","-98,4375"
Christian Wood,2022,HOU,C,26,"15,803416","4,9","0,310059546619541","19,1","1,9",Valor de mercado,Houston Rockets,Houston,"29,7508","-95,3621"
Derrick Rose,2022,NYK,PG,33,"15,547231","1,4","0,09004818928849774","16,9","0,7",Sobrepagado,New York Knicks,New York,"40,7505","-73,9934"
Luke Kennard,2022,LAC,SG,25,"15,434611","4,5","0,2915525373460983","13,3","1,2",Valor de mercado,LA Clippers,Los Angeles,"34,043","-118,2673"
Taurean Prince,2022,MIN,PF,27,"15,419171","2,2","0,14267952537785591","12,4","0,3",Sobrepagado,Minnesota Timberwolves,Minneapolis,"44,9795","-93,276"
Brook Lopez,2022,MIL,C,33,"15,38211","0,7","0,04550741088186211","16,0","0,1",Sobrepagado,Milwaukee Bucks,Milwaukee,"43,045","-87,917"
Kentavious Caldwell-Pope,2022,WAS,SG,28,"15,077455","2,8","0,1857077338317375","12,6","0,3",Sobrepagado,Washington Wizards,Washington,"38,8981","-77,0209"
Joe Ingles,2022,UTA,SF,34,"15,074567","2,2","0,14594117363371034","10,0","0,5",Sobrepagado,Utah Jazz,Salt Lake City,"40,7683","-111,9011"
Kyle Kuzma,2022,WAS,PF,26,"15,032517","2,0","0,1330449185588814","15,2","1,0",Sobrepagado,Washington Wizards,Washington,"38,8981","-77,0209"
Robert Covington,2022,LAC,PF,31,"15,004153","3,2","0,21327428479301697","12,4","1,1",Sobrepagado,LA Clippers,Los Angeles,"34,043","-118,2673"
Terrence Ross,2022,ORL,SG,30,"14,454344","0,3","0,02075500624587321","10,0","-0,6",Sobrepagado,Orlando Magic,Orlando,"28,5392","-81,3839"
Jordan Clarkson,2022,UTA,SG,29,"14,361836","3,5","0,24370143204531788","14,9","0,7",Sobrepagado,Utah Jazz,Salt Lake City,"40,7683","-111,9011"
Dillon Brooks,2022,MEM,SF,26,"14,107439","1,6","0,11341534065821586","15,5","0,0",Sobrepagado,Memphis Grizzlies,Memphis,"35,1382","-90,0505"
Kelly Olynyk,2022,DET,C,30,"14,101799","1,6","0,11346070100701337","16,7","0,7",Sobrepagado,Detroit Pistons,Detroit,"42,341","-83,0552"
Nicolas Batum,2022,LAC,PF,33,"13,907389","3,7","0,26604562509900315","13,5","1,6",Valor de mercado,LA Clippers,Los Angeles,"34,043","-118,2673"
Josh Hart,2022,POR,SG,26,"13,87617","4,4","0,31709037868518475","16,1","1,3",Valor de mercado,Portland Trail Blazers,Portland,"45,5316","-122,6668"
Josh Richardson,2022,SAS,SG,28,"13,431355","3,5","0,2605842820772737","12,8","0,9",Valor de mercado,San Antonio Spurs,San Antonio,"29,427","-98,4375"
DeAndre Jordan,2022,PHI,C,33,"12,846241","1,9","0,14790318817777123","17,2","0,1",Sobrepagado,Philadelphia 76ers,Philadelphia,"39,9012","-75,172"
Dwight Powell,2022,DAL,C,30,"12,812475","8,2","0,6400012487829244","18,1","1,3",Valor de mercado,Dallas Mavericks,Dallas,"32,7905","-96,8103"
Jeremy Lamb,2022,SAC,SF,29,"12,141649","1,2","0,09883336274998561","13,3","0,3",Sobrepagado,Sacramento Kings,Sacramento,"38,5802","-121,4997"
Reggie Jackson,2022,LAC,SG,31,"12,00809","0,4","0,033310876250927504","12,1","-0,6",Sobrepagado,LA Clippers,Los Angeles,"34,043","-118,2673"
Richaun Holmes,2022,SAC,C,28,"12,00809","3,2","0,26648701000742003","17,8","0,4",Valor de mercado,Sacramento Kings,Sacramento,"38,5802","-121,4997"
Anthony Edwards,2022,MIN,SG,20,"11,847335","4,3","0,3629508239616758","16,5","2,0",Valor de mercado,Minnesota Timberwolves,Minneapolis,"44,9795","-93,276"
Cade Cunningham,2022,DET,PG,20,"11,621431","-0,5","-0,04302396150697793","13,1","0,2",Sobrepagado,Detroit Pistons,Detroit,"42,341","-83,0552"
Danny Green,2022,PHI,SF,34,"11,563475","1,9","0,16431046895505028","9,5","0,5",Sobrepagado,Philadelphia 76ers,Philadelphia,"39,9012","-75,172"
Tristan Thompson,2022,CHI,PF,30,"11,501738","1,6","0,13910941111682426","14,9","-0,3",Sobrepagado,Chicago Bulls,Chicago,"41,8807","-87,6742"
Kyle Anderson,2022,MEM,PF,28,"11,490798","3,5","0,3045915523012414","14,4","1,2",Valor de mercado,Memphis Grizzlies,Memphis,"35,1382","-90,0505"
Montrezl Harrell,2022,CHO,C,28,"11,240738","7,3","0,649423552083502","23,2","2,4",Valor de mercado,Charlotte Hornets,Charlotte,"35,2251","-80,8392"
Serge Ibaka,2022,MIL,C,32,"11,240738","2,0","0,17792426084479507","14,4","0,1",Sobrepagado,Milwaukee Bucks,Milwaukee,"43,045","-87,917"
Derrick Favors,2022,OKC,C,30,"11,240738","1,4","0,12454698259135653","13,6","0,0",Sobrepagado,Oklahoma City Thunder,Oklahoma City,"35,4634","-97,5151"
Jae Crowder,2022,PHO,PF,31,"11,240738","4,3","0,38253716081630934","11,3","1,5",Valor de mercado,Phoenix Suns,Phoenix,"33,4457","-112,0712"
Ja Morant,2022,MEM,PG,22,"11,104821","6,7","0,6033415576892235","24,4","3,9",Valor de mercado,Memphis Grizzlies,Memphis,"35,1382","-90,0505"
Reggie Bullock,2022,DAL,SF,30,"11,02693","3,2","0,29019863189482475","9,2","0,3",Valor de mercado,Dallas Mavericks,Dallas,"32,7905","-96,8103"
Alec Burks,2022,NYK,SG,30,"11,02693","6,1","0,5531911420495097","13,7","1,7",Valor de mercado,New York Knicks,New York,"40,7505","-73,9934"
Talen Horton-Tucker,2022,LAL,SG,21,"10,985301","1,1","0,1001338060741349","11,0","-0,5",Sobrepagado,LA Lakers,Los Angeles,"34,043","-118,2673"
Mason Plumlee,2022,CHO,C,31,"10,694287","4,7","0,43948698964222677","14,7","0,9",Valor de mercado,Charlotte Hornets,Charlotte,"35,2251","-80,8392"
Jalen Green,2022,HOU,SG,19,"10,397969","0,7","0,06732083929082688","12,5","-0,5",Sobrepagado,Houston Rockets,Houston,"29,7508","-95,3621"
De'Anthony Melton,2022,MEM,SG,23,"10,182768","3,7","0,3633589609426435","15,2","1,6",Valor de mercado,Memphis Grizzlies,Memphis,"35,1382","-90,0505"
Nerlens Noel,2022,NYK,C,27,"10,175858","1,5","0,1474077173639805","11,8","0,3",Sobrepagado,New York Knicks,New York,"40,7505","-73,9934"
Royce O'Neale,2022,UTA,SF,28,"10,175858","5,5","0,5404949636679286","10,3","1,7",Valor de mercado,Utah Jazz,Salt Lake City,"40,7683","-111,9011"
Maxi Kleber,2022,DAL,PF,30,"10,11804","3,0","0,2965001126700428","11,0","0,6",Valor de mercado,Dallas Mavericks,Dallas,"32,7905","-96,8103"
Jakob Poeltl,2022,SAS,C,26,"10,11804","6,9","0,6819502591410984","20,8","1,7",Valor de mercado,San Antonio Spurs,San Antonio,"29,427","-98,4375"
Thomas Bryant,2022,WAS,C,24,"10,021679","1,1","0,10976204685861521","16,6","0,1",Sobrepagado,Washington Wizards,Washington,"38,8981","-77,0209"
RJ Barrett,2022,NYK,SF,21,"9,972248","2,3","0,23064007232872666","13,7","0,2",Sobrepagado,New York Knicks,New York,"40,7505","-73,9934"
Alex Caruso,2022,CHI,SG,27,"9,944588","2,0","0,20111441519749235","11,7","0,6",Sobrepagado,Chicago Bulls,Chicago,"41,8807","-87,6742"
Delon Wright,2022,ATL,SG,29,"9,859384","3,6","0,36513437350649897","13,8","1,6",Valor de mercado,Atlanta Hawks,Atlanta,"33,7573","-84,3963"
Monte Morris,2022,DEN,PG,26,"9,770065","5,4","0,5527087076698056","14,7","1,1",Valor de mercado,Denver Nuggets,Denver,"39,7487","-105,0077"
Tyus Jones,2022,MEM,PG,25,"9,685897","5,1","0,5265387397780504","16,5","1,4",Valor de mercado,Memphis Grizzlies,Memphis,"35,1382","-90,0505"
Trae Young,2022,ATL,PG,23,"9,628294","10,0","1,0386055930572955","25,4","4,8",Infravalorado,Atlanta Hawks,Atlanta,"33,7573","-84,3963"
Daniel Theis,2022,BOS,C,29,"9,574963","1,9","0,19843418716082767","13,2","0,0",Sobrepagado,Boston Celtics,Boston,"42,3662","-71,0621"
LaMelo Ball,2022,CHO,PG,20,"9,518775","5,8","0,6093221028966437","19,7","3,3",Valor de mercado,Charlotte Hornets,Charlotte,"35,2251","-80,8392"
Seth Curry,2022,BRK,SG,31,"9,490743","4,2","0,44253648002058427","13,7","0,8",Valor de mercado,Brooklyn Nets,Brooklyn,"40,6828","-73,9752"
JaMychal Green,2022,DEN,PF,31,"9,482049","2,7","0,284748581240194","14,1","0,0",Valor de mercado,Denver Nuggets,Denver,"39,7487","-105,0077"
Cedi Osman,2022,CLE,SF,26,"9,40496","2,9","0,30834793555740797","13,3","0,8",Valor de mercado,Cleveland Cavaliers,Cleveland,"41,4965","-81,6882"
Evan Mobley,2022,CLE,PF,20,"9,337691","5,2","0,5568828525167517","16,1","1,5",Valor de mercado,Cleveland Cavaliers,Cleveland,"41,4965","-81,6882"
De'Andre Hunter,2022,ATL,SF,24,"8,991064","1,1","0,12234369591852534","10,6","-0,8",Sobrepagado,Atlanta Hawks,Atlanta,"33,7573","-84,3963"
Mo Bamba,2022,ORL,C,23,"8,752097","4,5","0,5141624915720199","16,5","1,2",Valor de mercado,Orlando Magic,Orlando,"28,5392","-81,3839"
Ivica Zubac,2022,LAC,C,24,"8,694019","7,2","0,8281555400327512","19,2","1,3",Infravalorado,LA Clippers,Los Angeles,"34,043","-118,2673"
Rajon Rondo,2022,CLE,PG,35,"8,672605","0,7","0,08071392620786948","10,9","0,1",Sobrepagado,Cleveland Cavaliers,Cleveland,"41,4965","-81,6882"
Patrick Williams,2022,CHI,PF,20,"8,582411","0,9","0,10486563740655161","12,7","0,0",Sobrepagado,Chicago Bulls,Chicago,"41,8807","-87,6742"
Cory Joseph,2022,DET,PG,30,"8,4529","2,5","0,2957564859397367","11,4","0,0",Valor de mercado,Detroit Pistons,Detroit,"42,341","-83,0552"
Scottie Barnes,2022,TOR,PF,20,"8,418672","6,6","0,7839716287794558","16,3","1,9",Infravalorado,Toronto Raptors,Toronto,"43,6435","-79,3791"
Darius Garland,2022,CLE,PG,22,"8,141704","6,3","0,7737937905873266","19,0","2,8",Infravalorado,Cleveland Cavaliers,Cleveland,"41,4965","-81,6882"
Chris Boucher,2022,TOR,PF,29,"8,117559","6,0","0,7391384528279992","17,9","0,9",Infravalorado,Toronto Raptors,Toronto,"43,6435","-79,3791"
Zach Collins,2022,SAS,PF,24,"8,094432","1,2","0,14825005633502142","16,4","0,2",Sobrepagado,San Antonio Spurs,San Antonio,"29,427","-98,4375"
Isaac Okoro,2022,CLE,SF,21,"7,771488","4,2","0,5404370437167245","10,4","0,1",Valor de mercado,Cleveland Cavaliers,Cleveland,"41,4965","-81,6882"
Jalen Suggs,2022,ORL,PG,20,"7,623706","-1,6","-0,20987168183033292","8,6","-1,2",Sobrepagado,Orlando Magic,Orlando,"28,5392","-81,3839"
Cameron Payne,2022,PHO,PG,27,"7,516258","1,9","0,2527853620777786","13,8","0,7",Valor de mercado,Phoenix Suns,Phoenix,"33,4457","-112,0712"
Jarrett Culver,2022,MEM,SG,22,"7,395027","0,1","0,01352260106690618","8,7","-0,3",Sobrepagado,Memphis Grizzlies,Memphis,"35,1382","-90,0505"
Khem Birch,2022,TOR,C,29,"7,342806","2,6","0,3540880693293545","13,2","0,2",Valor de mercado,Toronto Raptors,Toronto,"43,6435","-79,3791"
Collin Sexton,2022,CLE,SG,23,"7,342426","-0,1","-0,013619476723360918","11,2","-0,2",Sobrepagado,Cleveland Cavaliers,Cleveland,"41,4965","-81,6882"
Onyeka Okongwu,2022,ATL,C,21,"7,058669","4,2","0,5950130258268237","19,8","0,7",Valor de mercado,Atlanta Hawks,Atlanta,"33,7573","-84,3963"
Justin Holiday,2022,SAC,SF,32,"6,945508","1,4","0,20156912928471177","9,5","-0,1",Sobrepagado,Sacramento Kings,Sacramento,"38,5802","-121,4997"
Josh Giddey,2022,OKC,SG,19,"6,924209","0,4","0,05776833137185778","13,3","0,5",Sobrepagado,Oklahoma City Thunder,Oklahoma City,"35,4634","-97,5151"
Rudy Gay,2022,UTA,PF,35,"6,810886","2,1","0,3083299294687945","13,0","0,3",Valor de mercado,Utah Jazz,Salt Lake City,"40,7683","-111,9011"
Kevin Knox,2022,ATL,SF,22,"6,759982","0,2","0,02958587759553206","10,9","-0,1",Sobrepagado,Atlanta Hawks,Atlanta,"33,7573","-84,3963"
Coby White,2022,CHI,PG,21,"6,750479","2,4","0,3555303260701944","12,6","0,0",Valor de mercado,Chicago Bulls,Chicago,"41,8807","-87,6742"
Killian Hayes,2022,DET,PG,20,"6,443954","0,5","0,07759211192382813","9,3","-0,6",Sobrepagado,Detroit Pistons,Detroit,"42,341","-83,0552"
Mikal Bridges,2022,PHO,SF,25,"6,426661","8,9","1,384855992870948","14,4","2,6",Infravalorado,Phoenix Suns,Phoenix,"33,4457","-112,0712"
Shai Gilgeous-Alexander,2022,OKC,PG,23,"6,354744","4,6","0,7238686562354045","20,9","2,7",Valor de mercado,Oklahoma City Thunder,Oklahoma City,"35,4634","-97,5151"
Jonathan Kuminga,2022,GSW,SF,19,"6,321011","3,0","0,47460762210348945","15,2","0,1",Valor de mercado,Golden State Warriors,San Francisco,"37,768","-122,3877"
Miles Bridges,2022,CHO,PF,23,"6,26913","7,2","1,1484847179752216","17,9","2,5",Infravalorado,Charlotte Hornets,Charlotte,"35,2251","-80,8392"
Jaxson Hayes,2022,NOP,C,21,"6,18447","5,1","0,824646251012617","18,5","0,8",Infravalorado,New Orleans Pelicans,New Orleans,"29,949","-90,0821"
Pat Connaughton,2022,MIL,SG,29,"6,167187","4,4","0,7134533134798734","13,4","1,4",Valor de mercado,Milwaukee Bucks,Milwaukee,"43,045","-87,917"
Kris Dunn,2022,POR,PG,27,"6,148796","0,2","0,032526693030635594","12,5","-0,3",Sobrepagado,Portland Trail Blazers,Portland,"45,5316","-122,6668"
George Hill,2022,MIL,SG,35,"6,1003","2,3","0,37703063783748336","10,2","0,1",Valor de mercado,Milwaukee Bucks,Milwaukee,"43,045","-87,917"
Dewayne Dedmon,2022,MIA,C,32,"6,078118","3,5","0,5758361387521598","15,9","0,3",Valor de mercado,Miami Heat,Miami,"25,7814","-80,187"
Hamidou Diallo,2022,DET,SG,23,"6,013007","2,1","0,3492428996008154","15,7","0,5",Valor de mercado,Detroit Pistons,Detroit,"42,341","-83,0552"
Kevon Looney,2022,GSW,C,25,"5,988228","6,8","1,135561304612984","15,7","1,3",Infravalorado,Golden State Warriors,San Francisco,"37,768","-122,3877"
Obi Toppin,2022,NYK,PF,23,"5,903339","3,9","0,6606430699643032","18,3","1,2",Valor de mercado,New York Knicks,New York,"40,7505","-73,9934"
Franz Wagner,2022,ORL,SF,20,"5,790803","4,0","0,6907504883174233","14,7","0,8",Valor de mercado,Orlando Magic,Orlando,"28,5392","-81,3839"
Josh Jackson,2022,SAC,SF,24,"5,787924","0,0","0,0","9,5","-0,5",Sobrepagado,Sacramento Kings,Sacramento,"38,5802","-121,4997"
Robin Lopez,2022,ORL,C,33,"5,781737","0,8","0,1383667226648324","13,7","-0,3",Sobrepagado,Orlando Magic,Orlando,"28,5392","-81,3839"
JaVale McGee,2022,PHO,C,34,"5,781737","4,9","0,8474961763220985","22,6","0,8",Infravalorado,Phoenix Suns,Phoenix,"33,4457","-112,0712"
Rui Hachimura,2022,WAS,PF,23,"5,684789","1,4","0,24627123363769524","14,9","0,1",Sobrepagado,Washington Wizards,Washington,"38,8981","-77,0209"
Garrett Temple,2022,NOP,SG,35,"5,677666","0,8","0,1409029696357623","8,6","-0,1",Sobrepagado,New Orleans Pelicans,New Orleans,"29,949","-90,0821"
Taj Gibson,2022,NYK,C,36,"5,677666","2,7","0,47554752252069776","12,0","0,0",Valor de mercado,New York Knicks,New York,"40,7505","-73,9934"
Torrey Craig,2022,PHO,SF,31,"5,640719","2,3","0,4077494376160202","11,0","0,1",Valor de mercado,Phoenix Suns,Phoenix,"33,4457","-112,0712"
Bruce Brown,2022,BRK,SF,25,"5,476579","4,8","0,8764595562302671","15,0","1,2",Infravalorado,Brooklyn Nets,Brooklyn,"40,6828","-73,9752"
Donte DiVincenzo,2022,SAC,SG,25,"5,406884","0,7","0,12946458625707524","11,3","-0,1",Sobrepagado,Sacramento Kings,Sacramento,"38,5802","-121,4997"
Cam Reddish,2022,NYK,SF,22,"5,400328","1,0","0,1851739375830505","12,8","0,2",Sobrepagado,New York Knicks,New York,"40,7505","-73,9934"
David Nwaba,2022,HOU,SF,29,"5,377016","1,3","0,2417697845794024","15,3","0,2",Sobrepagado,Houston Rockets,Houston,"29,7508","-95,3621"
Furkan Korkmaz,2022,PHI,SG,24,"5,353461","1,2","0,22415405660002005","10,2","-0,4",Sobrepagado,Philadelphia 76ers,Philadelphia,"39,9012","-75,172"
Davion Mitchell,2022,SAC,PG,23,"5,322898","0,1","0,018786758641627172","10,8","-0,9",Sobrepagado,Sacramento Kings,Sacramento,"38,5802","-121,4997"
Bryn Forbes,2022,DEN,SG,28,"5,203563","1,4","0,2690464206928983","11,5","-0,3",Valor de mercado,Denver Nuggets,Denver,"39,7487","-105,0077"
Jeff Green,2022,DEN,C,35,"5,203563","3,9","0,7494864576445024","12,5","-0,2",Infravalorado,Denver Nuggets,Denver,"39,7487","-105,0077"
Jalen Smith,2022,IND,PF,21,"5,154997","2,8","0,5431622947598224","18,4","0,3",Valor de mercado,Indiana Pacers,Indianapolis,"39,764","-86,1555"
Cameron Johnson,2022,PHO,PF,25,"5,130714","5,6","1,0914660220780186","15,2","2,1",Infravalorado,Phoenix Suns,Phoenix,"33,4457","-112,0712"
Ziaire Williams,2022,MEM,SF,20,"5,056754","2,2","0,43506170163705815","9,7","-0,3",Valor de mercado,Memphis Grizzlies,Memphis,"35,1382","-90,0505"
Bobby Portis,2022,MIL,C,26,"5,027336","5,5","1,094018780523124","17,7","1,1",Infravalorado,Milwaukee Bucks,Milwaukee,"43,045","-87,917"
Kevin Huerter,2022,ATL,SG,23,"4,918358","2,8","0,5692956877071575","11,9","0,4",Valor de mercado,Atlanta Hawks,Atlanta,"33,7573","-84,3963"
Devin Vassell,2022,SAS,SF,21,"4,897316","3,3","0,6738384862238826","13,3","0,7",Valor de mercado,San Antonio Spurs,San Antonio,"29,427","-98,4375"
Willie Cauley-Stein,2022,PHI,C,28,"4,879881","0,2","0,040984605977071986","8,3","0,0",Sobrepagado,Philadelphia 76ers,Philadelphia,"39,9012","-75,172"
James Bouknight,2022,CHO,SG,21,"4,80393","0,0","0,0","10,1","-0,4",Sobrepagado,Charlotte Hornets,Charlotte,"35,2251","-80,8392"
Jevon Carter,2022,MIL,PG,26,"4,749291","1,2","0,2526692931639691","9,6","-0,1",Valor de mercado,Milwaukee Bucks,Milwaukee,"43,045","-87,917"
Josh Okogie,2022,MIN,SG,23,"4,727037","0,7","0,14808430735786496","9,0","-0,1",Sobrepagado,Minnesota Timberwolves,Minneapolis,"44,9795","-93,276"
Grayson Allen,2022,MIL,SG,26,"4,688636","4,2","0,8957829099977052","12,7","1,1",Infravalorado,Milwaukee Bucks,Milwaukee,"43,045","-87,917"
Jarred Vanderbilt,2022,MIN,PF,22,"4,683207","6,0","1,2811733498006814","15,3","1,1",Infravalorado,Minnesota Timberwolves,Minneapolis,"44,9795","-93,276"
Tyrese Haliburton,2022,IND,SG,21,"4,652679","7,0","1,5045095524535435","18,2","3,1",Infravalorado,Indiana Pacers,Indianapolis,"39,764","-86,1555"
Tyler Herro,2022,MIA,SG,22,"4,630339","3,8","0,820674253008257","16,2","1,5",Infravalorado,Miami Heat,Miami,"25,7814","-80,187"
Gorgui Dieng,2022,ATL,C,32,"4,62539","1,2","0,2594375825606057","17,3","0,4",Valor de mercado,Atlanta Hawks,Atlanta,"33,7573","-84,3963"
Dorian Finney-Smith,2022,DAL,PF,28,"4,62539","6,6","1,4269067040833312","12,5","1,9",Infravalorado,Dallas Mavericks,Dallas,"32,7905","-96,8103"
Terence Davis,2022,SAC,SG,24,"4,62539","0,5","0,1080989927335857","14,6","0,2",Sobrepagado,Sacramento Kings,Sacramento,"38,5802","-121,4997"
Aaron Holiday,2022,PHO,PG,25,"4,6029","1,5","0,3258815094831519","12,6","0,1",Valor de mercado,Phoenix Suns,Phoenix,"33,4457","-112,0712"
Jake Layman,2022,MIN,SF,27,"4,556222","0,1","0,021948008679120553","9,0","-0,1",Sobrepagado,Minnesota Timberwolves,Minneapolis,"44,9795","-93,276"
Anfernee Simons,2022,POR,SG,22,"4,554642","1,9","0,41715682593714276","15,3","0,5",Valor de mercado,Portland Trail Blazers,Portland,"45,5316","-122,6668"
Justise Winslow,2022,POR,SF,25,"4,512575","0,8","0,17728237203813788","13,1","0,1",Sobrepagado,Portland Trail Blazers,Portland,"45,5316","-122,6668"
Romeo Langford,2022,SAS,SG,22,"4,399162","1,3","0,2955108268347472","9,2","0,1",Valor de mercado,San Antonio Spurs,San Antonio,"29,427","-98,4375"
Landry Shamet,2022,PHO,SG,24,"4,357512","2,6","0,5966707607460404","10,2","0,3",Valor de mercado,Phoenix Suns,Phoenix,"33,4457","-112,0712"
Chris Duarte,2022,IND,SG,24,"4,335609","0,9","0,20758329452678967","12,3","-0,1",Sobrepagado,Indiana Pacers,Indianapolis,"39,764","-86,1555"
Alex Len,2022,SAC,C,28,"4,315489","0,9","0,20855110510071975","13,1","-0,1",Sobrepagado,Sacramento Kings,Sacramento,"38,5802","-121,4997"
Robert Williams,2022,BOS,C,24,"4,234516","9,9","2,3379295296085787","22,1","3,4",Infravalorado,Boston Celtics,Boston,"42,3662","-71,0621"
Aaron Nesmith,2022,BOS,SF,22,"4,198929","0,4","0,09526238714681769","7,3","-0,3",Sobrepagado,Boston Celtics,Boston,"42,3662","-71,0621"
Moses Moody,2022,GSW,SG,19,"4,119141","1,3","0,31559978160495117","10,5","-0,1",Valor de mercado,Golden State Warriors,San Francisco,"37,768","-122,3877"
Mike Muscala,2022,OKC,C,30,"4,047216","2,1","0,518875197172575","19,7","1,1",Valor de mercado,Oklahoma City Thunder,Oklahoma City,"35,4634","-97,5151"
Cole Anthony,2022,ORL,PG,21,"3,988705","1,6","0,40113269845726873","13,5","0,4",Valor de mercado,Orlando Magic,Orlando,"28,5392","-81,3839"
Corey Kispert,2022,WAS,SF,22,"3,912663","2,3","0,5878349349279506","10,9","-0,1",Valor de mercado,Washington Wizards,Washington,"38,8981","-77,0209"
Georges Niang,2022,PHI,PF,28,"3,815946","2,8","0,733763003983809","10,7","0,0",Valor de mercado,Philadelphia 76ers,Philadelphia,"39,9012","-75,172"
Isaiah Stewart,2022,DET,C,20,"3,789443","3,4","0,8972294872887652","14,0","-0,6",Infravalorado,Detroit Pistons,Detroit,"42,341","-83,0552"
Chuma Okeke,2022,ORL,PF,23,"3,789443","2,2","0,5805602564809658","12,0","0,8",Valor de mercado,Orlando Magic,Orlando,"28,5392","-81,3839"
Nickeil Alexander-Walker,2022,UTA,SG,23,"3,771404","0,1","0,026515324266506587","10,5","-0,3",Sobrepagado,Utah Jazz,Salt Lake City,"40,7683","-111,9011"
Trey Burke,2022,DAL,PG,29,"3,642494","0,0","0,0","10,0","-0,3",Sobrepagado,Dallas Mavericks,Dallas,"32,7905","-96,8103"
Aleksej Pokusevski,2022,OKC,PF,20,"3,599894","0,4","0,11111438281238281","12,0","-0,2",Sobrepagado,Oklahoma City Thunder,Oklahoma City,"35,4634","-97,5151"
Facundo Campazzo,2022,DEN,PG,30,"3,584677","2,0","0,5579303239873494","11,1","0,4",Valor de mercado,Denver Nuggets,Denver,"39,7487","-105,0077"
Goga Bitadze,2022,IND,C,22,"3,582827","1,9","0,5303074918214025","18,0","0,2",Valor de mercado,Indiana Pacers,Indianapolis,"39,764","-86,1555"
Sterling Brown,2022,DAL,SG,26,"3,469042","0,8","0,23061121773676999","8,4","-0,1",Sobrepagado,Dallas Mavericks,Dallas,"32,7905","-96,8103"
Frank Jackson,2022,DET,PG,23,"3,469042","0,7","0,20178481551967373","10,6","-0,4",Sobrepagado,Detroit Pistons,Detroit,"42,341","-83,0552"
Josh Green,2022,DAL,SG,21,"3,41992","2,4","0,7017708016561791","11,9","0,3",Valor de mercado,Dallas Mavericks,Dallas,"32,7905","-96,8103"
Tre Mann,2022,OKC,PG,20,"3,354841","0,1","0,029807671958223952","10,2","-0,8",Sobrepagado,Oklahoma City Thunder,Oklahoma City,"35,4634","-97,5151"
Matisse Thybulle,2022,PHI,SG,24,"3,284212","3,7","1,1266020585759993","11,2","1,3",Infravalorado,Philadelphia 76ers,Philadelphia,"39,9012","-75,172"
Saddiq Bey,2022,DET,SF,22,"3,265895","4,0","1,2247791187408046","14,0","1,2",Infravalorado,Detroit Pistons,Detroit,"42,341","-83,0552"
Kai Jones,2022,CHO,C,21,"3,20373","0,0","0,0","9,2","-0,1",Sobrepagado,Charlotte Hornets,Charlotte,"35,2251","-80,8392"
Brandon Clarke,2022,MEM,PF,25,"3,15322","6,3","1,997957643297962","23,7","2,0",Infravalorado,Memphis Grizzlies,Memphis,"35,1382","-90,0505"
Precious Achiuwa,2022,TOR,C,22,"3,135181","2,5","0,7974021276602531","12,7","-0,2",Infravalorado,Toronto Raptors,Toronto,"43,6435","-79,3791"
Jalen Johnson,2022,ATL,PF,20,"3,075514","0,0","0,0","11,3","-0,1",Sobrepagado,Atlanta Hawks,Atlanta,"33,7573","-84,3963"
LaMarcus Aldridge,2022,BRK,C,36,"3,054712","3,1","1,0148256202221355","19,6","0,7",Infravalorado,Brooklyn Nets,Brooklyn,"40,6828","-73,9752"
James Johnson,2022,BRK,PF,34,"3,054712","1,7","0,5565172756056872","10,3","-0,1",Valor de mercado,Brooklyn Nets,Brooklyn,"40,6828","-73,9752"
Ed Davis,2022,CLE,C,32,"3,054712","0,5","0,16368155164873155","9,3","0,0",Sobrepagado,Cleveland Cavaliers,Cleveland,"41,4965","-81,6882"
Andre Iguodala,2022,GSW,SF,38,"3,054712","1,6","0,523780965275941","12,3","0,7",Valor de mercado,Golden State Warriors,San Francisco,"37,768","-122,3877"
Avery Bradley,2022,LAL,SG,31,"3,054712","1,2","0,3928357239569557","7,8","-0,6",Valor de mercado,LA Lakers,Los Angeles,"34,043","-118,2673"
Carmelo Anthony,2022,LAL,PF,37,"3,054712","3,6","1,178507171870867","14,8","0,7",Infravalorado,LA Lakers,Los Angeles,"34,043","-118,2673"
Wayne Ellington,2022,LAL,SG,34,"3,054712","1,0","0,3273631032974631","9,9","0,1",Valor de mercado,LA Lakers,Los Angeles,"34,043","-118,2673"
Trevor Ariza,2022,LAL,SF,36,"3,054712","0,2","0,06547262065949262","7,0","-0,2",Sobrepagado,LA Lakers,Los Angeles,"34,043","-118,2673"
Dwight Howard,2022,LAL,C,36,"3,054712","3,5","1,1457708615411208","18,2","0,4",Infravalorado,LA Lakers,Los Angeles,"34,043","-118,2673"
Udonis Haslem,2022,MIA,C,41,"3,054712","0,1","0,03273631032974631","8,6","-0,1",Sobrepagado,Miami Heat,Miami,"25,7814","-80,187"
Markieff Morris,2022,MIA,PF,32,"3,054712","0,3","0,09820893098923893","10,9","0,0",Sobrepagado,Miami Heat,Miami,"25,7814","-80,187"
Paul Millsap,2022,PHI,PF,36,"3,054712","0,5","0,16368155164873155","10,8","-0,1",Sobrepagado,Philadelphia 76ers,Philadelphia,"39,9012","-75,172"
Grant Williams,2022,BOS,PF,23,"3,027086","5,1","1,6847886052791363","11,2","0,8",Infravalorado,Boston Celtics,Boston,"42,3662","-71,0621"
Tyrese Maxey,2022,PHI,PG,21,"3,00988","7,3","2,4253458609645566","16,2","1,8",Infravalorado,Philadelphia 76ers,Philadelphia,"39,9012","-75,172"
Keon Johnson,2022,POR,SG,19,"2,952432","-0,5","-0,16935191056051419","8,7","-0,7",Sobrepagado,Portland Trail Blazers,Portland,"45,5316","-122,6668"
Darius Bazley,2022,OKC,PF,21,"2,905947","1,8","0,6194194181793405","12,6","0,1",Valor de mercado,Oklahoma City Thunder,Oklahoma City,"35,4634","-97,5151"
Trey Lyles,2022,SAC,PF,26,"2,890868","3,5","1,2107090327195844","16,4","0,7",Infravalorado,Sacramento Kings,Sacramento,"38,5802","-121,4997"
Zeke Nnaji,2022,DEN,PF,21,"2,889434","1,8","0,6229593754347738","13,5","0,0",Valor de mercado,Denver Nuggets,Denver,"39,7487","-105,0077"
Isaiah Jackson,2022,IND,PF,20,"2,834485","1,4","0,49391688437229336","20,5","0,0",Valor de mercado,Indiana Pacers,Indianapolis,"39,764","-86,1555"
Ty Jerome,2022,OKC,SG,24,"2,790081","0,5","0,1792062667714665","11,3","-0,1",Sobrepagado,Oklahoma City Thunder,Oklahoma City,"35,4634","-97,5151"
Andre Drummond,2022,BRK,C,28,"2,777011","5,1","1,8365069493783064","21,0","1,2",Infravalorado,Brooklyn Nets,Brooklyn,"40,6828","-73,9752"
Austin Rivers,2022,DEN,SG,29,"2,777011","1,2","0,43211928220666035","7,2","-0,7",Valor de mercado,Denver Nuggets,Denver,"39,7487","-105,0077"
Kent Bazemore,2022,LAL,SF,32,"2,777011","0,1","0,03600994018388837","6,0","-0,3",Sobrepagado,LA Lakers,Los Angeles,"34,043","-118,2673"
Hassan Whiteside,2022,UTA,C,32,"2,777011","5,8","2,088576530665525","22,9","1,2",Infravalorado,Utah Jazz,Salt Lake City,"40,7683","-111,9011"
Tony Snell,2022,NOP,SG,30,"2,763255","0,4","0,14475681759374362","6,3","-0,5",Sobrepagado,New Orleans Pelicans,New Orleans,"29,949","-90,0821"
Solomon Hill,2022,ATL,PF,30,"2,763255","0,0","0,0","3,3","-0,1",Sobrepagado,Atlanta Hawks,Atlanta,"33,7573","-84,3963"
Ben McLemore,2022,POR,SG,28,"2,763255","0,8","0,28951363518748724","11,7","-0,4",Valor de mercado,Portland Trail Blazers,Portland,"45,5316","-122,6668"
Cody Zeller,2022,POR,C,29,"2,763255","1,1","0,39808124838279496","17,2","0,0",Valor de mercado,Portland Trail Blazers,Portland,"45,5316","-122,6668"
Usman Garuba,2022,HOU,PF,19,"2,721255","0,5","0,1837387528915886","12,9","0,1",Sobrepagado,Houston Rockets,Houston,"29,7508","-95,3621"
Leandro Bolmaro,2022,MIN,SF,21,"2,721255","0,0","0,0","5,4","-0,2",Sobrepagado,Minnesota Timberwolves,Minneapolis,"44,9795","-93,276"
Nassir Little,2022,POR,SF,21,"2,678378","1,7","0,6347125013720991","13,5","0,2",Valor de mercado,Portland Trail Blazers,Portland,"45,5316","-122,6668"
Josh Christopher,2022,HOU,SG,20,"2,612466","0,3","0,11483403037589772","12,2","-0,5",Sobrepagado,Houston Rockets,Houston,"29,7508","-95,3621"
Drew Eubanks,2022,POR,C,24,"2,590009","3,4","1,3127367511078147","18,0","0,2",Infravalorado,Portland Trail Blazers,Portland,"45,5316","-122,6668"
Rodney Hood,2022,LAC,SF,29,"2,589691","0,7","0,270302518717484","7,2","-0,2",Valor de mercado,LA Clippers,Los Angeles,"34,043","-118,2673"
Elfrid Payton,2022,PHO,PG,27,"2,589691","-0,2","-0,0772292910621383","7,9","-0,2",Sobrepagado,Phoenix Suns,Phoenix,"33,4457","-112,0712"
Dylan Windler,2022,CLE,SF,25,"2,589293","0,8","0,3089646478787839","8,8","0,0",Valor de mercado,Cleveland Cavaliers,Cleveland,"41,4965","-81,6882"
Immanuel Quickley,2022,NYK,PG,22,"2,556268","4,2","1,643020215407774","14,6","1,0",Infravalorado,New York Knicks,New York,"40,7505","-73,9934"
John Konchar,2022,MEM,SG,25,"2,543964","4,2","1,6509667589635704","14,0","1,2",Infravalorado,Memphis Grizzlies,Memphis,"35,1382","-90,0505"
Quentin Grimes,2022,NYK,SG,21,"2,507701","1,4","0,5582802734456779","10,7","0,3",Valor de mercado,New York Knicks,New York,"40,7505","-73,9934"
Jordan Poole,2022,GSW,SG,22,"2,499375","6,0","2,4006001500375094","16,1","1,7",Infravalorado,Golden State Warriors,San Francisco,"37,768","-122,3877"
Bol Bol,2022,DEN,PF,22,"2,499042","0,1","0,04001533387594126","13,5","0,0",Sobrepagado,Denver Nuggets,Denver,"39,7487","-105,0077"
Keldon Johnson,2022,SAS,SF,22,"2,481198","4,9","1,9748524704598345","15,2","0,9",Infravalorado,San Antonio Spurs,San Antonio,"29,427","-98,4375"
Payton Pritchard,2022,BOS,SG,24,"2,471623","3,1","1,2542365886706832","15,0","1,0",Infravalorado,Boston Celtics,Boston,"42,3662","-71,0621"
Bones Hyland,2022,DEN,PG,21,"2,424722","2,4","0,9898041919857203","14,4","0,5",Infravalorado,Denver Nuggets,Denver,"39,7487","-105,0077"
Nemanja Bjelica,2022,GSW,C,33,"2,416128","3,0","1,2416560712015257","14,2","1,0",Infravalorado,Golden State Warriors,San Francisco,"37,768","-122,3877"
Raul Neto,2022,WAS,PG,29,"2,416128","1,5","0,6208280356007628","12,4","-0,4",Valor de mercado,Washington Wizards,Washington,"38,8981","-77,0209"
Jaden McDaniels,2022,MIN,PF,21,"2,385868","2,4","1,0059232111751362","10,3","-0,4",Infravalorado,Minnesota Timberwolves,Minneapolis,"44,9795","-93,276"
Malachi Flynn,2022,TOR,PG,23,"2,368246","1,0","0,4222534314425106","11,7","0,1",Valor de mercado,Toronto Raptors,Toronto,"43,6435","-79,3791"
DeMarcus Cousins,2022,DEN,C,31,"2,357725","1,6","0,6786202801429345","18,2","0,1",Valor de mercado,Denver Nuggets,Denver,"39,7487","-105,0077"
Cam Thomas,2022,BRK,SG,20,"2,354647","0,8","0,33975368707071596","11,7","-0,4",Valor de mercado,Brooklyn Nets,Brooklyn,"40,6828","-73,9752"
Desmond Bane,2022,MEM,SF,23,"2,351039","7,2","3,0624757819840505","17,6","2,7",Infravalorado,Memphis Grizzlies,Memphis,"35,1382","-90,0505"
Day'Ron Sharpe,2022,BRK,PF,20,"2,323287","1,2","0,5165095831896791","20,7","-0,1",Valor de mercado,Brooklyn Nets,Brooklyn,"40,6828","-73,9752"
Garrison Mathews,2022,HOU,SG,25,"2,312695","2,8","1,2107087186161598","11,0","-0,1",Infravalorado,Houston Rockets,Houston,"29,7508","-95,3621"
Jordan McLaughlin,2022,MIN,PG,25,"2,312695","2,3","0,9945107331489884","13,4","0,6",Infravalorado,Minnesota Timberwolves,Minneapolis,"44,9795","-93,276"
Jeremiah Robinson-Earl,2022,OKC,C,21,"2,312695","1,5","0,6485939564015142","11,7","-0,1",Valor de mercado,Oklahoma City Thunder,Oklahoma City,"35,4634","-97,5151"
Kenrich Williams,2022,OKC,SF,27,"2,312695","1,8","0,778312747681817","13,3","0,5",Infravalorado,Oklahoma City Thunder,Oklahoma City,"35,4634","-97,5151"
Abdel Nader,2022,PHO,SF,28,"2,312695","0,0","0,0","4,9","-0,1",Sobrepagado,Phoenix Suns,Phoenix,"33,4457","-112,0712"
Damian Jones,2022,SAC,C,26,"2,286111","3,3","1,4434994626245181","18,3","0,6",Infravalorado,Sacramento Kings,Sacramento,"38,5802","-121,4997"
Wesley Matthews,2022,MIL,SG,35,"2,2647","1,2","0,5298715061597562","6,9","-0,3",Valor de mercado,Milwaukee Bucks,Milwaukee,"43,045","-87,917"
Rodney McGruder,2022,DET,SG,30,"2,242562","1,2","0,5351022625015496","11,6","0,1",Valor de mercado,Detroit Pistons,Detroit,"42,341","-83,0552"
Moses Brown,2022,CLE,C,22,"2,23627","1,2","0,5366078335800238","18,5","-0,1",Valor de mercado,Cleveland Cavaliers,Cleveland,"41,4965","-81,6882"
Jose Alvarado,2022,NOP,PG,23,"2,226438","2,1","0,943210635104144","16,4","0,8",Infravalorado,New Orleans Pelicans,New Orleans,"29,949","-90,0821"
Damion Lee,2022,GSW,SG,29,"2,209618","2,7","1,221930668559","10,9","0,0",Infravalorado,Golden State Warriors,San Francisco,"37,768","-122,3877"
PJ Dozier,2022,DEN,SG,25,"2,209618","0,3","0,13577007428433333","8,7","0,0",Sobrepagado,Denver Nuggets,Denver,"39,7487","-105,0077"
Killian Tillie,2022,MEM,C,23,"2,198939","0,6","0,27285886511631285","7,6","-0,1",Valor de mercado,Memphis Grizzlies,Memphis,"35,1382","-90,0505"
Shake Milton,2022,PHI,PG,25,"2,13547","1,7","0,7960776784501772","11,9","-0,1",Infravalorado,Philadelphia 76ers,Philadelphia,"39,9012","-75,172"
Jalen Brunson,2022,DAL,PG,25,"2,083804","7,5","3,599186871701945","17,1","1,9",Infravalorado,Dallas Mavericks,Dallas,"32,7905","-96,8103"
Mitchell Robinson,2022,NYK,C,23,"2,083804","8,5","4,079078454595537","20,7","2,0",Infravalorado,New York Knicks,New York,"40,7505","-73,9934"
Tony Bradley,2022,CHI,C,24,"2,069001","1,3","0,6283225576014705","14,9","0,0",Valor de mercado,Chicago Bulls,Chicago,"41,8807","-87,6742"
Frank Ntilikina,2022,DAL,PG,23,"2,069001","0,9","0,43499253987794106","10,4","0,0",Valor de mercado,Dallas Mavericks,Dallas,"32,7905","-96,8103"
Semi Ojeleye,2022,LAC,PF,27,"2,069001","0,2","0,09666500886176468","6,7","-0,4",Sobrepagado,LA Clippers,Los Angeles,"34,043","-118,2673"
Malik Monk,2022,LAL,SG,23,"2,069001","3,6","1,7399701595117643","14,4","0,8",Infravalorado,LA Lakers,Los Angeles,"34,043","-118,2673"
Jalen McDaniels,2022,CHO,SF,24,"2,061329","1,7","0,8247106599674286","12,7","-0,1",Infravalorado,Charlotte Hornets,Charlotte,"35,2251","-80,8392"
Cody Martin,2022,CHO,SF,26,"2,061329","3,9","1,891983278748807","12,7","0,7",Infravalorado,Charlotte Hornets,Charlotte,"35,2251","-80,8392"
Dean Wade,2022,CLE,PF,25,"2,061329","2,3","1,1157850105441682","10,1","0,4",Infravalorado,Cleveland Cavaliers,Cleveland,"41,4965","-81,6882"
Bruno Fernando,2022,HOU,C,23,"2,061329","0,4","0,1940495670511597","21,2","0,1",Sobrepagado,Houston Rockets,Houston,"29,7508","-95,3621"
Terance Mann,2022,LAC,SF,25,"2,061329","5,5","2,668181546953446","13,4","0,8",Infravalorado,LA Clippers,Los Angeles,"34,043","-118,2673"
Jaylen Nowell,2022,MIN,SG,22,"2,061329","2,8","1,3583469693581178","16,8","0,7",Infravalorado,Minnesota Timberwolves,Minneapolis,"44,9795","-93,276"
Naz Reid,2022,MIN,C,22,"2,061329","3,2","1,5523965364092775","17,2","0,6",Infravalorado,Minnesota Timberwolves,Minneapolis,"44,9795","-93,276"
KZ Okpala,2022,MIA,PF,22,"2,061329","0,5","0,24256195881394962","10,4","-0,1",Sobrepagado,Miami Heat,Miami,"25,7814","-80,187"
Isaiah Roby,2022,OKC,PF,23,"2,061329","2,9","1,4068593611209077","18,3","0,6",Infravalorado,Oklahoma City Thunder,Oklahoma City,"35,4634","-97,5151"
Luguentz Dort,2022,OKC,SF,22,"2,061329","1,4","0,6791734846790589","12,3","-0,1",Valor de mercado,Oklahoma City Thunder,Oklahoma City,"35,4634","-97,5151"
Eric Paschall,2022,UTA,PF,25,"2,061329","2,0","0,9702478352557985","13,9","0,3",Infravalorado,Utah Jazz,Salt Lake City,"40,7683","-111,9011"
Daniel Gafford,2022,WAS,C,23,"2,061329","6,0","2,9107435057673956","21,8","1,3",Infravalorado,Washington Wizards,Washington,"38,8981","-77,0209"
Chimezie Metu,2022,SAC,C,24,"2,038404","1,5","0,7358698275709821","13,4","0,2",Infravalorado,Sacramento Kings,Sacramento,"38,5802","-121,4997"
Yuta Watanabe,2022,TOR,SF,27,"2,038404","0,7","0,34340591953312494","11,5","0,0",Valor de mercado,Toronto Raptors,Toronto,"43,6435","-79,3791"
Armoni Brooks,2022,TOR,SG,23,"2,010962","0,2","0,09945488776018642","8,4","-0,4",Sobrepagado,Toronto Raptors,Toronto,"43,6435","-79,3791"
Isaiah Hartenstein,2022,LAC,C,23,"1,999575","5,5","2,7505844992060813","22,0","2,0",Infravalorado,LA Clippers,Los Angeles,"34,043","-118,2673"
Thanasis Antetokounmpo,2022,MIL,SF,29,"1,999575","0,9","0,4500956453246315","12,5","-0,2",Valor de mercado,Milwaukee Bucks,Milwaukee,"43,045","-87,917"
Moritz Wagner,2022,ORL,C,24,"1,999575","2,8","1,4002975632321866","18,1","0,9",Infravalorado,Orlando Magic,Orlando,"28,5392","-81,3839"
Keita Bates-Diop,2022,SAS,SF,26,"1,999575","1,6","0,8001700361326782","12,4","-0,1",Infravalorado,San Antonio Spurs,San Antonio,"29,427","-98,4375"
Isaac Bonga,2022,TOR,SF,22,"1,999575","0,1","0,05001062725829239","8,7","0,0",Sobrepagado,Toronto Raptors,Toronto,"43,6435","-79,3791"
Juan Toscano-Anderson,2022,GSW,SF,28,"1,967632","2,0","1,0164502305309122","11,0","0,3",Infravalorado,Golden State Warriors,San Francisco,"37,768","-122,3877"
Oshae Brissett,2022,IND,SF,23,"1,967632","2,2","1,1180952535840036","12,9","-0,1",Infravalorado,Indiana Pacers,Indianapolis,"39,764","-86,1555"
Matt Thomas,2022,CHI,SG,27,"1,930149","0,6","0,3108568302239879","9,9","-0,1",Valor de mercado,Chicago Bulls,Chicago,"41,8807","-87,6742"
Javonte Green,2022,CHI,SF,28,"1,930149","4,4","2,2796167549759114","14,0","0,8",Infravalorado,Chicago Bulls,Chicago,"41,8807","-87,6742"
Gary Payton II,2022,GSW,PG,29,"1,930149","5,2","2,694092528607895","17,8","1,8",Infravalorado,Golden State Warriors,San Francisco,"37,768","-122,3877"
Max Strus,2022,MIA,SF,25,"1,930149","3,6","1,8651409813439275","12,7","1,2",Infravalorado,Miami Heat,Miami,"25,7814","-80,187"
Gabe Vincent,2022,MIA,PG,25,"1,930149","2,5","1,2952367925999495","10,6","0,2",Infravalorado,Miami Heat,Miami,"25,7814","-80,187"
Lance Stephenson,2022,IND,SG,31,"1,867297","0,8","0,4284267580358133","13,6","-0,2",Valor de mercado,Indiana Pacers,Indianapolis,"39,764","-86,1555"
Kevin Pangos,2022,CLE,PG,29,"1,814515","0,1","0,05511114540249047","6,5","-0,2",Sobrepagado,Cleveland Cavaliers,Cleveland,"41,4965","-81,6882"
Bismack Biyombo,2022,PHO,C,29,"1,755581","1,8","1,025301595312321","17,3","0,1",Infravalorado,Phoenix Suns,Phoenix,"33,4457","-112,0712"
Nick Richards,2022,CHO,C,24,"1,755313","1,0","0,569698965369709","15,9","-0,1",Valor de mercado,Charlotte Hornets,Charlotte,"35,2251","-80,8392"
Lamar Stevens,2022,CLE,PF,24,"1,755313","1,6","0,9115183445915345","11,3","-0,2",Infravalorado,Cleveland Cavaliers,Cleveland,"41,4965","-81,6882"
Jae'Sean Tate,2022,HOU,SF,26,"1,755313","3,0","1,709096896109127","14,3","0,1",Infravalorado,Houston Rockets,Houston,"29,7508","-95,3621"
Jordan Nwora,2022,MIL,SF,23,"1,755313","0,6","0,3418193792218254","9,9","-0,6",Valor de mercado,Milwaukee Bucks,Milwaukee,"43,045","-87,917"
Naji Marshall,2022,NOP,SF,24,"1,755313","0,8","0,45575917229576723","12,3","-0,2",Valor de mercado,New Orleans Pelicans,New Orleans,"29,949","-90,0821"
Paul Reed,2022,PHI,C,22,"1,755313","1,3","0,7406086549806218","21,4","0,3",Infravalorado,Philadelphia 76ers,Philadelphia,"39,9012","-75,172"
Isaiah Joe,2022,PHI,SG,22,"1,755313","0,4","0,22787958614788362","7,7","-0,4",Sobrepagado,Philadelphia 76ers,Philadelphia,"39,9012","-75,172"
Elijah Hughes,2022,POR,SG,23,"1,755313","-0,4","-0,22787958614788362","5,4","-0,5",Sobrepagado,Portland Trail Blazers,Portland,"45,5316","-122,6668"
CJ Elleby,2022,POR,SF,21,"1,755313","0,4","0,22787958614788362","9,2","-1,0",Sobrepagado,Portland Trail Blazers,Portland,"45,5316","-122,6668"
Jahmi'us Ramsey,2022,SAC,SG,20,"1,755313","-0,1","-0,056969896536970904","7,9","-0,2",Sobrepagado,Sacramento Kings,Sacramento,"38,5802","-121,4997"
Tre Jones,2022,SAS,PG,22,"1,755313","2,9","1,6521269995721561","15,0","0,4",Infravalorado,San Antonio Spurs,San Antonio,"29,427","-98,4375"
Anthony Gill,2022,WAS,PF,29,"1,755313","1,4","0,7975785515175926","14,7","0,0",Infravalorado,Washington Wizards,Washington,"38,8981","-77,0209"
Isaiah Todd,2022,WAS,PF,20,"1,734521","-0,2","-0,11530560886838499","4,7","-0,1",Sobrepagado,Washington Wizards,Washington,"38,8981","-77,0209"
Saben Lee,2022,DET,PG,22,"1,721876","0,9","0,5226857218522124","13,8","0,2",Valor de mercado,Detroit Pistons,Detroit,"42,341","-83,0552"
Omer Yurtseven,2022,MIA,C,23,"1,721876","2,1","1,2196000176551622","17,4","0,2",Infravalorado,Miami Heat,Miami,"25,7814","-80,187"
Stanley Johnson,2022,LAL,PF,25,"1,583036","1,8","1,137055632341905","10,5","-0,2",Infravalorado,LA Lakers,Los Angeles,"34,043","-118,2673"
Aaron Wiggins,2022,OKC,SG,23,"1,509913","1,2","0,7947477768586666","10,3","-0,7",Infravalorado,Oklahoma City Thunder,Oklahoma City,"35,4634","-97,5151"
Marquese Chriss,2022,DAL,PF,24,"1,495041","0,8","0,5351023818075892","14,8","-0,2",Valor de mercado,Dallas Mavericks,Dallas,"32,7905","-96,8103"
JT Thor,2022,CHO,PF,19,"1,445434","0,3","0,2075501198947859","9,7","-0,1",Sobrepagado,Charlotte Hornets,Charlotte,"35,2251","-80,8392"
Jabari Parker,2022,BOS,PF,26,"1,350944","0,3","0,2220669398583509","14,8","0,1",Sobrepagado,Boston Celtics,Boston,"42,3662","-71,0621"
Alfonzo McKinnie,2022,CHI,SF,29,"1,260426","-0,1","-0,07933825547870324","5,6","-0,4",Sobrepagado,Chicago Bulls,Chicago,"41,8807","-87,6742"
Isaiah Livers,2022,DET,SF,23,"1,222559","0,7","0,5725695038030885","11,1","0,0",Valor de mercado,Detroit Pistons,Detroit,"42,341","-83,0552"
Denzel Valentine,2022,UTA,SG,28,"1,16286","0,2","0,17198974941093512","8,1","0,0",Sobrepagado,Utah Jazz,Salt Lake City,"40,7683","-111,9011"
Alize Johnson,2022,NOP,PF,25,"1,16067","0,1","0,08615713337985818","10,7","-0,1",Sobrepagado,New Orleans Pelicans,New Orleans,"29,949","-90,0821"
Kelan Martin,2022,BOS,SF,26,"1,149131","0,0","0,0","9,4","-0,2",Sobrepagado,Boston Celtics,Boston,"42,3662","-71,0621"
Miye Oni,2022,UTA,SG,24,"1,094206","0,0","0,0","0,4","-0,1",Sobrepagado,Utah Jazz,Salt Lake City,"40,7683","-111,9011"
Ayo Dosunmu,2022,CHI,SG,22,"1,069919","3,0","2,8039505794363873","11,2","0,0",Infravalorado,Chicago Bulls,Chicago,"41,8807","-87,6742"
Luka Garza,2022,DET,C,23,"1,069919","0,8","0,74772015451637","15,6","-0,1",Infravalorado,Detroit Pistons,Detroit,"42,341","-83,0552"
Austin Reaves,2022,LAL,SG,23,"1,069919","2,9","2,7104855601218407","11,5","0,0",Infravalorado,LA Lakers,Los Angeles,"34,043","-118,2673"
Miles McBride,2022,NYK,PG,21,"1,069919","0,2","0,1869300386290925","6,1","-0,2",Sobrepagado,New York Knicks,New York,"40,7505","-73,9934"
Vit Krejci,2022,OKC,SG,21,"1,069919","0,6","0,5607901158872773","8,5","-0,6",Valor de mercado,Oklahoma City Thunder,Oklahoma City,"35,4634","-97,5151"
Charles Bassey,2022,PHI,PF,21,"1,069919","0,8","0,74772015451637","21,5","0,2",Infravalorado,Philadelphia 76ers,Philadelphia,"39,9012","-75,172"
Jock Landale,2022,SAS,C,26,"1,069919","1,5","1,4019752897181936","16,0","0,2",Infravalorado,San Antonio Spurs,San Antonio,"29,427","-98,4375"
Dalano Banton,2022,TOR,SF,22,"1,069919","0,4","0,373860077258185","10,0","-0,2",Valor de mercado,Toronto Raptors,Toronto,"43,6435","-79,3791"
Jared Butler,2022,UTA,SG,21,"1,069919","0,4","0,373860077258185","12,1","0,0",Valor de mercado,Utah Jazz,Salt Lake City,"40,7683","-111,9011"
Daishen Nix,2022,HOU,SG,19,"1,067398","-0,2","-0,18737153339241783","8,1","-0,3",Sobrepagado,Houston Rockets,Houston,"29,7508","-95,3621"
Isaiah Thomas,2022,CHO,PG,32,"1,053345","0,2","0,18987131471645094","12,0","-0,2",Sobrepagado,Charlotte Hornets,Charlotte,"35,2251","-80,8392"
Terry Taylor,2022,IND,SG,22,"1,035075","2,4","2,318672559959423","19,0","0,2",Infravalorado,Indiana Pacers,Indianapolis,"39,764","-86,1555"
Mamadi Diakite,2022,OKC,PF,25,"1,004956","0,3","0,2985205322422076","11,6","-0,1",Valor de mercado,Oklahoma City Thunder,Oklahoma City,"35,4634","-97,5151"
Caleb Martin,2022,MIA,SF,26,"0,97597","4,0","4,098486633810466","14,8","1,1",Infravalorado,Miami Heat,Miami,"25,7814","-80,187"
Brad Wanamaker,2022,WAS,PG,32,"0,942327","0,0","0,0","7,5","-0,3",Sobrepagado,Washington Wizards,Washington,"38,8981","-77,0209"
Luke Kornet,2022,BOS,C,26,"0,939374","0,4","0,4258154898900757","16,6","0,0",Valor de mercado,Boston Celtics,Boston,"42,3662","-71,0621"
Gary Clark,2022,NOP,PF,27,"0,938044","0,7","0,7462336521527775","11,4","0,2",Infravalorado,New Orleans Pelicans,New Orleans,"29,949","-90,0821"
Trendon Watford,2022,POR,SF,21,"0,889034","1,9","2,137151110081279","15,8","0,1",Infravalorado,Portland Trail Blazers,Portland,"45,5316","-122,6668"
Devontae Cacok,2022,SAS,PF,25,"0,839656","0,5","0,5954819592785617","20,2","0,2",Valor de mercado,San Antonio Spurs,San Antonio,"29,427","-98,4375"
Admiral Schofield,2022,ORL,SF,24,"0,836895","0,3","0,35846790816052193","7,5","-0,4",Valor de mercado,Orlando Magic,Orlando,"28,5392","-81,3839"
Malik Fitts,2022,BOS,PF,24,"0,729508","0,1","0,1370786886504329","10,7","0,0",Sobrepagado,Boston Celtics,Boston,"42,3662","-71,0621"
Sam Hauser,2022,BOS,SF,24,"0,716354","0,6","0,8375747186446924","14,8","0,2",Infravalorado,Boston Celtics,Boston,"42,3662","-71,0621"
Greg Monroe,2022,UTA,C,31,"0,708612","0,7","0,987846663618454","19,5","0,1",Infravalorado,Utah Jazz,Salt Lake City,"40,7683","-111,9011"
Amir Coffey,2022,LAC,SG,24,"0,663253","3,8","5,729337070469338","13,0","0,7",Infravalorado,LA Clippers,Los Angeles,"34,043","-118,2673"
Joe Wieskamp,2022,SAS,SG,22,"0,65179","0,1","0,1534236487212139","7,1","-0,1",Sobrepagado,San Antonio Spurs,San Antonio,"29,427","-98,4375"
Keifer Sykes,2022,IND,PG,28,"0,64564","-0,5","-0,7744253763707329","5,9","-0,7",Sobrepagado,Indiana Pacers,Indianapolis,"39,764","-86,1555"
Haywood Highsmith,2022,MIA,SF,25,"0,633332","0,1","0,15789506925277738","7,0","-0,1",Sobrepagado,Miami Heat,Miami,"25,7814","-80,187"
Davon Reed,2022,DEN,SG,26,"0,615637","1,6","2,598934112147256","12,2","0,3",Infravalorado,Denver Nuggets,Denver,"39,7487","-105,0077"
Wenyen Gabriel,2022,LAL,PF,24,"0,603628","0,7","1,1596546217206622","12,5","-0,4",Infravalorado,LA Lakers,Los Angeles,"34,043","-118,2673"
Skylar Mays,2022,ATL,SG,24,"0,590786","0,3","0,5077980859397481","11,7","0,0",Valor de mercado,Atlanta Hawks,Atlanta,"33,7573","-84,3963"
Georgios Kalaitzakis,2022,OKC,SF,23,"0,578001","-0,1","-0,17301008129743722","8,6","-0,3",Sobrepagado,Oklahoma City Thunder,Oklahoma City,"35,4634","-97,5151"
Chris Silva,2022,MIA,PF,25,"0,554641","0,3","0,5408904137991961","11,6","-0,1",Valor de mercado,Miami Heat,Miami,"25,7814","-80,187"
Kessler Edwards,2022,BRK,SF,21,"0,535632","0,6","1,1201720584281745","8,3","-0,5",Infravalorado,Brooklyn Nets,Brooklyn,"40,6828","-73,9752"
Trent Forrest,2022,UTA,PG,23,"0,535632","1,3","2,4270394599277116","10,9","0,2",Infravalorado,Utah Jazz,Salt Lake City,"40,7683","-111,9011"
Sharife Cooper,2022,ATL,PG,20,"0,534959","-0,2","-0,373860426686905","-5,4","-0,1",Sobrepagado,Atlanta Hawks,Atlanta,"33,7573","-84,3963"
Brodric Thomas,2022,BOS,SG,25,"0,534959","0,1","0,1869302133434525","10,0","0,0",Sobrepagado,Boston Celtics,Boston,"42,3662","-71,0621"
Tyler Cook,2022,CHI,PF,24,"0,534959","0,5","0,9346510667172625","13,0","-0,1",Infravalorado,Chicago Bulls,Chicago,"41,8807","-87,6742"
Markus Howard,2022,DEN,SG,22,"0,534959","0,3","0,5607906400303575","16,1","0,0",Valor de mercado,Denver Nuggets,Denver,"39,7487","-105,0077"
Jamorko Pickett,2022,DET,PF,24,"0,534959","0,1","0,1869302133434525","7,6","-0,1",Sobrepagado,Detroit Pistons,Detroit,"42,341","-83,0552"
Chris Chiozza,2022,GSW,PG,26,"0,534959","0,0","0,0","4,4","-0,4",Sobrepagado,Golden State Warriors,San Francisco,"37,768","-122,3877"
Jay Scrubb,2022,LAC,SG,21,"0,534959","0,0","0,0","9,3","-0,1",Sobrepagado,LA Clippers,Los Angeles,"34,043","-118,2673"
Yves Pons,2022,MEM,SF,22,"0,534959","0,0","0,0","5,9","-0,1",Sobrepagado,Memphis Grizzlies,Memphis,"35,1382","-90,0505"
Sandro Mamukelashvili,2022,MIL,PF,22,"0,534959","1,1","2,0562323467779775","14,7","0,2",Infravalorado,Milwaukee Bucks,Milwaukee,"43,045","-87,917"
Nathan Knight,2022,MIN,PF,24,"0,534959","1,0","1,869302133434525","18,7","0,1",Infravalorado,Minnesota Timberwolves,Minneapolis,"44,9795","-93,276"
Jericho Sims,2022,NYK,PF,23,"0,534959","1,5","2,8039532001517875","11,6","0,0",Infravalorado,New York Knicks,New York,"40,7505","-73,9934"
Ignas Brazdeikis,2022,ORL,SF,23,"0,534959","0,5","0,9346510667172625","10,2","-0,3",Infravalorado,Orlando Magic,Orlando,"28,5392","-81,3839"
Keljin Blevins,2022,POR,SF,26,"0,534959","-0,5","-0,9346510667172625","4,8","-0,6",Sobrepagado,Portland Trail Blazers,Portland,"45,5316","-122,6668"
Neemias Queta,2022,SAC,C,22,"0,534959","0,1","0,1869302133434525","12,7","-0,1",Sobrepagado,Sacramento Kings,Sacramento,"38,5802","-121,4997"
Justin Champagnie,2022,TOR,SF,20,"0,534959","0,8","1,49544170674762","13,6","0,0",Infravalorado,Toronto Raptors,Toronto,"43,6435","-79,3791"
Justin Anderson,2022,IND,SF,28,"0,515532","0,4","0,7758975194556303","10,4","-0,1",Infravalorado,Indiana Pacers,Indianapolis,"39,764","-86,1555"
Theo Pinson,2022,DAL,SF,26,"0,509613","0,4","0,7849093331606534","11,9","0,1",Infravalorado,Dallas Mavericks,Dallas,"32,7905","-96,8103"
Tim Frazier,2022,CLE,PG,31,"0,446496","-0,2","-0,44793234429871714","3,3","-0,3",Sobrepagado,Cleveland Cavaliers,Cleveland,"41,4965","-81,6882"
Kyle Guy,2022,MIA,SG,24,"0,442972","0,1","0,22574790280198298","9,5","-0,1",Sobrepagado,Miami Heat,Miami,"25,7814","-80,187"
Quinndary Weatherspoon,2022,GSW,SG,25,"0,400664","0,2","0,49917137551664237","12,0","0,0",Valor de mercado,Golden State Warriors,San Francisco,"37,768","-122,3877"
Brandon Goodwin,2022,CLE,PG,26,"0,397769","0,7","1,7598153702274435","11,8","0,1",Infravalorado,Cleveland Cavaliers,Cleveland,"41,4965","-81,6882"
Malcolm Hill,2022,CHI,SF,26,"0,375086","0,6","1,599633150797417","12,7","0,0",Infravalorado,Chicago Bulls,Chicago,"41,8807","-87,6742"
Louis King,2022,SAC,SF,22,"0,365863","0,0","0,0","8,1","-0,1",Sobrepagado,Sacramento Kings,Sacramento,"38,5802","-121,4997"
Trevelin Queen,2022,HOU,SG,24,"0,350491","0,1","0,285314030888097","18,2","0,1",Valor de mercado,Houston Rockets,Houston,"29,7508","-95,3621"
Myles Powell,2022,PHI,PG,24,"0,347416","-0,1","-0,28783936260851545","0,2","-0,1",Sobrepagado,Philadelphia 76ers,Philadelphia,"39,9012","-75,172"
Justin Robinson,2022,DET,PG,24,"0,307533","-0,3","-0,975505067748827","3,6","-0,4",Sobrepagado,Detroit Pistons,Detroit,"42,341","-83,0552"
Mychal Mulder,2022,MIA,PG,27,"0,298223","-0,2","-0,6706390855165429","3,7","-0,3",Sobrepagado,Miami Heat,Miami,"25,7814","-80,187"
Devon Dotson,2022,CHI,PG,22,"0,276703","0,1","0,3613983223889875","9,8","-0,1",Valor de mercado,Chicago Bulls,Chicago,"41,8807","-87,6742"
Marcus Garrett,2022,MIA,SG,23,"0,273628","0,1","0,3654596751794407","4,7","-0,1",Valor de mercado,Miami Heat,Miami,"25,7814","-80,187"
Lindell Wigginton,2022,MIL,PG,23,"0,270554","0,2","0,7392239626839744","10,2","-0,2",Infravalorado,Milwaukee Bucks,Milwaukee,"43,045","-87,917"
Olivier Sarr,2022,OKC,C,22,"0,258257","1,0","3,872111888545131","14,0","-0,2",Infravalorado,Oklahoma City Thunder,Oklahoma City,"35,4634","-97,5151"
Tacko Fall,2022,CLE,C,26,"0,252108","0,1","0,39665540165325974","11,3","0,0",Valor de mercado,Cleveland Cavaliers,Cleveland,"41,4965","-81,6882"
Petr Cornelie,2022,DEN,PF,26,"0,252108","0,0","0,0","9,6","-0,1",Sobrepagado,Denver Nuggets,Denver,"39,7487","-105,0077"
Xavier Moon,2022,LAC,SG,27,"0,233661","0,3","1,2839113074068842","16,2","0,1",Infravalorado,LA Clippers,Los Angeles,"34,043","-118,2673"
Reggie Perry,2022,IND,PF,21,"0,217706","0,2","0,9186701331153023","15,6","-0,1",Infravalorado,Indiana Pacers,Indianapolis,"39,764","-86,1555"
Brandon Williams,2022,POR,PG,22,"0,209065","-0,5","-2,391600698347404","11,0","-0,6",Sobrepagado,Portland Trail Blazers,Portland,"45,5316","-122,6668"
Lindy Waters III,2022,OKC,SG,24,"0,184468","0,8","4,336795541774183","13,0","0,1",Infravalorado,Oklahoma City Thunder,Oklahoma City,"35,4634","-97,5151"
Braxton Key,2022,DET,SF,24,"0,147574","0,2","1,3552522802119615","13,7","-0,1",Infravalorado,Detroit Pistons,Detroit,"42,341","-83,0552"
Stephen Curry,2023,GSW,PG,34,"50,968059","7,8","0,15303702265766095","24,1","4,7",Sobrepagado,Golden State Warriors,San Francisco,"37,768","-122,3877"
John Wall,2023,LAC,PG,32,"50,200141","0,3","0,0059760788321291764","13,6","0,1",Sobrepagado,LA Clippers,Los Angeles,"34,043","-118,2673"
Russell Westbrook,2023,LAC,PG,34,"49,918548","1,9","0,038062004527856054","16,1","1,2",Sobrepagado,LA Clippers,Los Angeles,"34,043","-118,2673"
LeBron James,2023,LAL,PF,38,"47,156296","5,6","0,11875402597354126","23,9","4,0",Sobrepagado,LA Lakers,Los Angeles,"34,043","-118,2673"
Kevin Durant,2023,PHO,PF,34,"46,779742","6,8","0,14536206719566774","25,9","3,9",Sobrepagado,Phoenix Suns,Phoenix,"33,4457","-112,0712"
Bradley Beal,2023,WAS,SG,29,"45,888469","3,4","0,074092687642292","19,7","1,6",Sobrepagado,Washington Wizards,Washington,"38,8981","-77,0209"
Kawhi Leonard,2023,LAC,SF,31,"45,054279","7,1","0,1575876954994663","23,9","3,5",Sobrepagado,LA Clippers,Los Angeles,"34,043","-118,2673"
Paul George,2023,LAC,SG,32,"45,054279","4,6","0,10209907032359788","19,6","2,3",Sobrepagado,LA Clippers,Los Angeles,"34,043","-118,2673"
Giannis Antetokounmpo,2023,MIL,PF,28,"45,054279","8,6","0,19088087060498737","29,0","5,4",Sobrepagado,Milwaukee Bucks,Milwaukee,"43,045","-87,917"
Damian Lillard,2023,POR,PG,32,"45,054279","9,0","0,19975905063312632","26,7","4,9",Sobrepagado,Portland Trail Blazers,Portland,"45,5316","-122,6668"
Klay Thompson,2023,GSW,SG,32,"43,047777","3,1","0,07201301010270518","14,7","1,0",Sobrepagado,Golden State Warriors,San Francisco,"37,768","-122,3877"
Kyrie Irving,2023,DAL,PG,30,"41,263288","7,4","0,1793361692359562","22,4","3,5",Sobrepagado,Dallas Mavericks,Dallas,"32,7905","-96,8103"
Rudy Gobert,2023,MIN,C,30,"40,473752","7,8","0,19271749256159895","18,9","1,4",Sobrepagado,Minnesota Timberwolves,Minneapolis,"44,9795","-93,276"
Khris Middleton,2023,MIL,SF,31,"40,274272","1,9","0,0471765200374075","17,4","0,6",Sobrepagado,Milwaukee Bucks,Milwaukee,"43,045","-87,917"
Anthony Davis,2023,LAL,C,29,"40,270501","9,0","0,22348865240092244","27,8","4,0",Sobrepagado,LA Lakers,Los Angeles,"34,043","-118,2673"
Jimmy Butler,2023,MIA,SF,33,"39,923342","12,3","0,3080904399235916","27,6","5,8",Valor de mercado,Miami Heat,Miami,"25,7814","-80,187"
Tobias Harris,2023,PHI,PF,30,"39,901871","5,9","0,14786274057173912","14,8","1,7",Sobrepagado,Philadelphia 76ers,Philadelphia,"39,9012","-75,172"
Trae Young,2023,ATL,PG,24,"39,332974","6,7","0,17034053921272263","22,0","3,4",Sobrepagado,Atlanta Hawks,Atlanta,"33,7573","-84,3963"
Zach LaVine,2023,CHI,SG,27,"39,332974","7,1","0,18051012364333294","19,0","2,7",Sobrepagado,Chicago Bulls,Chicago,"41,8807","-87,6742"
Ben Simmons,2023,BRK,PG,26,"37,585801","2,2","0,058532742191659035","13,4","0,7",Sobrepagado,Brooklyn Nets,Brooklyn,"40,6828","-73,9752"
Pascal Siakam,2023,TOR,C,28,"37,585801","7,8","0,20752517686133656","20,3","3,4",Sobrepagado,Toronto Raptors,Toronto,"43,6435","-79,3791"
Myles Turner,2023,IND,C,26,"37,212398","5,4","0,14511292714863472","20,0","1,9",Sobrepagado,Indiana Pacers,Indianapolis,"39,764","-86,1555"
Jrue Holiday,2023,MIL,PG,32,"36,388575","6,7","0,18412372564740442","19,2","2,8",Sobrepagado,Milwaukee Bucks,Milwaukee,"43,045","-87,917"
Karl-Anthony Towns,2023,MIN,PF,27,"35,873148","2,7","0,07526520950990975","18,8","1,2",Sobrepagado,Minnesota Timberwolves,Minneapolis,"44,9795","-93,276"
Devin Booker,2023,PHO,SG,26,"35,873148","6,0","0,1672560211331328","22,0","2,9",Sobrepagado,Phoenix Suns,Phoenix,"33,4457","-112,0712"
Andrew Wiggins,2023,GSW,SF,27,"35,643458","2,3","0,06452797032207143","14,7","0,5",Sobrepagado,Golden State Warriors,San Francisco,"37,768","-122,3877"
Joel Embiid,2023,PHI,C,28,"35,643458","12,3","0,3450843630267299","31,4","6,4",Valor de mercado,Philadelphia 76ers,Philadelphia,"39,9012","-75,172"
CJ McCollum,2023,NOP,SG,31,"35,342933","4,3","0,1216650581885776","15,6","1,9",Sobrepagado,New Orleans Pelicans,New Orleans,"29,949","-90,0821"
James Harden,2023,PHI,PG,33,"34,989504","8,4","0,24007199416144914","21,6","4,0",Sobrepagado,Philadelphia 76ers,Philadelphia,"39,9012","-75,172"
Jamal Murray,2023,DEN,PG,25,"33,558751","5,1","0,1519722828778699","18,0","1,8",Sobrepagado,Denver Nuggets,Denver,"39,7487","-105,0077"
Brandon Ingram,2023,NOP,SF,25,"33,558751","3,5","0,10429470393579308","19,2","1,5",Sobrepagado,New Orleans Pelicans,New Orleans,"29,949","-90,0821"
D'Angelo Russell,2023,LAL,PG,26,"33,269452","5,1","0,15329377832853994","16,3","2,0",Sobrepagado,LA Lakers,Los Angeles,"34,043","-118,2673"
Donovan Mitchell,2023,CLE,SG,26,"32,777478","8,9","0,2715279070586212","22,9","5,0",Valor de mercado,Cleveland Cavaliers,Cleveland,"41,4965","-81,6882"
Shai Gilgeous-Alexander,2023,OKC,PG,24,"32,777478","11,4","0,34779979106385184","27,2","5,6",Valor de mercado,Oklahoma City Thunder,Oklahoma City,"35,4634","-97,5151"
Deandre Ayton,2023,PHO,C,24,"32,777478","6,2","0,18915427233297205","19,9","1,5",Sobrepagado,Phoenix Suns,Phoenix,"33,4457","-112,0712"
Kevin Love,2023,MIA,PF,34,"32,399186","2,6","0,08024892971076496","13,1","0,8",Sobrepagado,Miami Heat,Miami,"25,7814","-80,187"
Jayson Tatum,2023,BOS,PF,24,"32,181628","10,5","0,3262731145857506","23,7","5,1",Valor de mercado,Boston Celtics,Boston,"42,3662","-71,0621"
Bam Adebayo,2023,MIA,C,25,"32,181628","7,4","0,22994486170805278","20,1","2,3",Sobrepagado,Miami Heat,Miami,"25,7814","-80,187"
De'Aaron Fox,2023,SAC,PG,25,"32,181628","7,4","0,22994486170805278","21,8","2,7",Sobrepagado,Sacramento Kings,Sacramento,"38,5802","-121,4997"
Gordon Hayward,2023,CHO,SF,32,"31,888161","2,0","0,06271920164979097","13,5","0,2",Sobrepagado,Charlotte Hornets,Charlotte,"35,2251","-80,8392"
Jaylen Brown,2023,BOS,SF,26,"31,571968","5,0","0,15836833484691232","19,1","2,0",Sobrepagado,Boston Celtics,Boston,"42,3662","-71,0621"
Chris Paul,2023,PHO,PG,37,"30,112179","6,2","0,20589675692350262","17,7","2,5",Sobrepagado,Phoenix Suns,Phoenix,"33,4457","-112,0712"
Kyle Lowry,2023,MIA,PG,36,"30,041494","3,4","0,11317679473597418","12,6","0,9",Sobrepagado,Miami Heat,Miami,"25,7814","-80,187"
Jalen Brunson,2023,NYK,PG,26,"29,405319","8,7","0,2958648399631373","21,2","3,5",Valor de mercado,New York Knicks,New York,"40,7505","-73,9934"
DeMar DeRozan,2023,CHI,SF,33,"28,945862","8,5","0,2936516452679834","20,6","2,6",Valor de mercado,Chicago Bulls,Chicago,"41,8807","-87,6742"
Al Horford,2023,BOS,C,36,"28,097632","6,3","0,22421818322625905","13,8","2,5",Sobrepagado,Boston Celtics,Boston,"42,3662","-71,0621"
Draymond Green,2023,GSW,PF,32,"27,362288","4,7","0,17176926140094717","12,2","1,6",Sobrepagado,Golden State Warriors,San Francisco,"37,768","-122,3877"
Julius Randle,2023,NYK,PF,28,"25,192443","8,1","0,3215249906489815","20,3","3,9",Valor de mercado,New York Knicks,New York,"40,7505","-73,9934"
John Collins,2023,ATL,PF,25,"24,916768","4,2","0,16856118738995363","13,6","0,4",Sobrepagado,Atlanta Hawks,Atlanta,"33,7573","-84,3963"
Mike Conley,2023,MIN,PG,35,"24,047332","5,5","0,22871560138147548","14,7","1,5",Sobrepagado,Minnesota Timberwolves,Minneapolis,"44,9795","-93,276"
Malcolm Brogdon,2023,BOS,PG,30,"23,962508","5,8","0,2420447809553157","18,2","2,1",Sobrepagado,Boston Celtics,Boston,"42,3662","-71,0621"
Anfernee Simons,2023,POR,SG,23,"23,667143","2,5","0,10563167679343469","14,8","0,5",Sobrepagado,Portland Trail Blazers,Portland,"45,5316","-122,6668"
Terry Rozier,2023,CHO,SG,28,"22,781683","1,7","0,07462135260156152","14,7","0,8",Sobrepagado,Charlotte Hornets,Charlotte,"35,2251","-80,8392"
Fred VanVleet,2023,TOR,PG,28,"22,53112","6,5","0,2884898753368674","17,0","2,9",Valor de mercado,Toronto Raptors,Toronto,"43,6435","-79,3791"
Buddy Hield,2023,IND,SF,30,"22,454514","4,4","0,19595169149508204","15,4","2,4",Sobrepagado,Indiana Pacers,Indianapolis,"39,764","-86,1555"
Domantas Sabonis,2023,SAC,C,26,"22,372076","12,6","0,5632020917504482","23,5","5,4",Valor de mercado,Sacramento Kings,Sacramento,"38,5802","-121,4997"
Jerami Grant,2023,POR,PF,28,"22,218335","4,1","0,1845322793089581","16,0","1,0",Sobrepagado,Portland Trail Blazers,Portland,"45,5316","-122,6668"
Aaron Gordon,2023,DEN,PF,27,"21,938322","6,8","0,309959895747724","19,5","2,1",Valor de mercado,Denver Nuggets,Denver,"39,7487","-105,0077"
Mikal Bridges,2023,BRK,SF,26,"21,311788","7,5","0,3519179150993807","16,8","2,8",Valor de mercado,Brooklyn Nets,Brooklyn,"40,6828","-73,9752"
Jarrett Allen,2023,CLE,C,24,"21,20576","9,5","0,44799148910484693","19,9","2,4",Valor de mercado,Cleveland Cavaliers,Cleveland,"41,4965","-81,6882"
Nicolas Batum,2023,LAC,PF,34,"20,888011","3,6","0,17234766871771565","11,0","1,0",Sobrepagado,LA Clippers,Los Angeles,"34,043","-118,2673"
Eric Gordon,2023,LAC,SG,34,"20,748097","2,3","0,11085353996561707","11,8","0,1",Sobrepagado,LA Clippers,Los Angeles,"34,043","-118,2673"
Spencer Dinwiddie,2023,BRK,PG,29,"20,675616","6,3","0,30470676182030076","16,0","1,8",Valor de mercado,Brooklyn Nets,Brooklyn,"40,6828","-73,9752"
Caris LeVert,2023,CLE,SG,28,"19,929487","4,4","0,2207783873212592","12,4","1,0",Sobrepagado,Cleveland Cavaliers,Cleveland,"41,4965","-81,6882"
Joe Harris,2023,BRK,SG,31,"19,766797","2,6","0,13153370270357914","10,6","0,3",Sobrepagado,Brooklyn Nets,Brooklyn,"40,6828","-73,9752"
Harrison Barnes,2023,SAC,PF,30,"19,458694","6,5","0,33404091764843","14,1","0,7",Valor de mercado,Sacramento Kings,Sacramento,"38,5802","-121,4997"
Clint Capela,2023,ATL,C,28,"19,304553","7,2","0,37296900891722284","22,1","1,8",Valor de mercado,Atlanta Hawks,Atlanta,"33,7573","-84,3963"
Evan Fournier,2023,NYK,SG,30,"19,085184","0,1","0,005239666539237976","6,9","-0,2",Sobrepagado,New York Knicks,New York,"40,7505","-73,9934"
Steven Adams,2023,MEM,C,29,"19,007601","3,4","0,17887580868306316","17,5","0,7",Sobrepagado,Memphis Grizzlies,Memphis,"35,1382","-90,0505"
Jonathan Isaac,2023,ORL,PF,25,"18,449011","0,3","0,016261034263571093","20,3","0,2",Sobrepagado,Orlando Magic,Orlando,"28,5392","-81,3839"
OG Anunoby,2023,TOR,SF,25,"18,40357","4,7","0,2553852323217724","14,6","1,5",Valor de mercado,Toronto Raptors,Toronto,"43,6435","-79,3791"
Marcus Smart,2023,BOS,PG,28,"18,244526","3,7","0,20280055508156256","12,1","0,5",Sobrepagado,Boston Celtics,Boston,"42,3662","-71,0621"
Derrick White,2023,BOS,SG,28,"18,176365","7,4","0,40712210609767135","15,4","2,6",Valor de mercado,Boston Celtics,Boston,"42,3662","-71,0621"
Dejounte Murray,2023,ATL,SG,26,"18,100303","4,7","0,25966416142315407","17,0","2,1",Valor de mercado,Atlanta Hawks,Atlanta,"33,7573","-84,3963"
Mitchell Robinson,2023,NYK,C,24,"18,07309","6,5","0,35965072934401365","18,9","1,7",Valor de mercado,New York Knicks,New York,"40,7505","-73,9934"
Duncan Robinson,2023,MIA,SF,28,"17,920987","0,5","0,02790024902088261","7,8","-0,5",Sobrepagado,Miami Heat,Miami,"25,7814","-80,187"
Norman Powell,2023,LAC,SG,29,"17,768964","3,5","0,19697265411759515","17,1","0,9",Sobrepagado,LA Clippers,Los Angeles,"34,043","-118,2673"
Collin Sexton,2023,UTA,SG,24,"17,706809","2,5","0,14118862410499824","15,9","0,2",Sobrepagado,Utah Jazz,Salt Lake City,"40,7683","-111,9011"
Markelle Fultz,2023,ORL,PG,24,"17,494752","3,7","0,2114919948565147","16,6","1,2",Sobrepagado,Orlando Magic,Orlando,"28,5392","-81,3839"
Lauri Markkanen,2023,UTA,SF,25,"17,468726","8,2","0,46941030502167125","22,1","3,3",Valor de mercado,Utah Jazz,Salt Lake City,"40,7683","-111,9011"
Marcus Morris,2023,LAC,PF,33,"17,359133","2,0","0,1152131272915531","10,5","0,0",Sobrepagado,LA Clippers,Los Angeles,"34,043","-118,2673"
Malik Beasley,2023,LAL,SG,26,"16,495997","1,4","0,08486907460034092","10,9","0,0",Sobrepagado,LA Lakers,Los Angeles,"34,043","-118,2673"
Luguentz Dort,2023,OKC,SG,23,"16,198844","2,9","0,17902512055798547","11,3","-0,6",Sobrepagado,Oklahoma City Thunder,Oklahoma City,"35,4634","-97,5151"
Will Barton,2023,TOR,SG,32,"15,967631","0,4","0,02505067908946543","10,0","-0,2",Sobrepagado,Toronto Raptors,Toronto,"43,6435","-79,3791"
Tyus Jones,2023,MEM,PG,26,"15,90432","5,7","0,3583931912838776","16,0","1,7",Valor de mercado,Memphis Grizzlies,Memphis,"35,1382","-90,0505"
Derrick Rose,2023,NYK,PG,34,"15,396155","0,0","0,0","10,1","-0,1",Sobrepagado,New York Knicks,New York,"40,7505","-73,9934"
Kevin Huerter,2023,SAC,SG,24,"15,383643","4,9","0,3185201320649472","15,2","1,7",Valor de mercado,Sacramento Kings,Sacramento,"38,5802","-121,4997"
Christian Wood,2023,DAL,C,27,"15,18063","4,8","0,31619241098689577","20,6","1,6",Valor de mercado,Dallas Mavericks,Dallas,"32,7905","-96,8103"
Kentavious Caldwell-Pope,2023,DEN,SG,29,"14,849018","4,5","0,3030503431270674","11,5","0,6",Valor de mercado,Denver Nuggets,Denver,"39,7487","-105,0077"
Brook Lopez,2023,MIL,C,34,"14,745399","8,0","0,5425421177141425","18,4","2,5",Valor de mercado,Milwaukee Bucks,Milwaukee,"43,045","-87,917"
Patrick Beverley,2023,CHI,PG,34,"14,633685","3,0","0,2050064628287407","8,9","0,3",Sobrepagado,Chicago Bulls,Chicago,"41,8807","-87,6742"
Doug McDermott,2023,SAS,SF,31,"14,57896","1,0","0,0685919983318426","11,1","-0,4",Sobrepagado,San Antonio Spurs,San Antonio,"29,427","-98,4375"
Luke Kennard,2023,MEM,SG,26,"14,574141","3,4","0,23328990710327285","13,0","0,8",Sobrepagado,Memphis Grizzlies,Memphis,"35,1382","-90,0505"
Zion Williamson,2023,NOP,PF,22,"14,350804","3,6","0,25085702515343394","25,2","1,9",Valor de mercado,New Orleans Pelicans,New Orleans,"29,949","-90,0821"
Jordan Clarkson,2023,UTA,SG,30,"14,144242","1,7","0,1201902512697393","14,7","0,3",Sobrepagado,Utah Jazz,Salt Lake City,"40,7683","-111,9011"
Gary Harris,2023,ORL,SG,28,"13,783744","2,3","0,16686322671111709","10,5","0,4",Sobrepagado,Orlando Magic,Orlando,"28,5392","-81,3839"
Kyle Kuzma,2023,WAS,PF,27,"13,783744","0,9","0,06529430610435016","14,3","0,2",Sobrepagado,Washington Wizards,Washington,"38,8981","-77,0209"
Josh Hart,2023,NYK,SF,27,"13,741332","6,0","0,4366388935221127","14,1","1,8",Valor de mercado,New York Knicks,New York,"40,7505","-73,9934"
Dorian Finney-Smith,2023,BRK,PF,29,"13,719965","2,1","0,15306161495309936","9,2","0,0",Sobrepagado,Brooklyn Nets,Brooklyn,"40,6828","-73,9752"
Kelly Olynyk,2023,UTA,C,31,"13,576858","4,3","0,3167153991004399","14,4","1,2",Valor de mercado,Utah Jazz,Salt Lake City,"40,7683","-111,9011"
Chris Boucher,2023,TOR,PF,30,"13,455054","5,0","0,3716075758595989","18,0","0,7",Valor de mercado,Toronto Raptors,Toronto,"43,6435","-79,3791"
Robert Covington,2023,LAC,PF,32,"13,049698","1,9","0,1455972391085219","14,2","0,7",Sobrepagado,LA Clippers,Los Angeles,"34,043","-118,2673"
Josh Richardson,2023,NOP,SG,29,"12,931372","1,8","0,13919636678923164","12,3","0,3",Sobrepagado,New Orleans Pelicans,New Orleans,"29,949","-90,0821"
Ja Morant,2023,MEM,PG,23,"12,850096","6,0","0,4669225817456928","23,3","3,8",Valor de mercado,Memphis Grizzlies,Memphis,"35,1382","-90,0505"
Danny Green,2023,CLE,SG,35,"12,416532","0,2","0,016107557247063836","10,8","0,0",Sobrepagado,Cleveland Cavaliers,Cleveland,"41,4965","-81,6882"
Terrence Ross,2023,PHO,SG,31,"12,193311","1,6","0,13121948583120696","10,2","0,0",Sobrepagado,Phoenix Suns,Phoenix,"33,4457","-112,0712"
Reggie Jackson,2023,DEN,PG,32,"12,147949","0,6","0,04939105358443635","10,0","-0,8",Sobrepagado,Denver Nuggets,Denver,"39,7487","-105,0077"
Dillon Brooks,2023,MEM,SF,27,"12,087283","1,6","0,13237052528678284","9,4","-1,1",Sobrepagado,Memphis Grizzlies,Memphis,"35,1382","-90,0505"
Richaun Holmes,2023,SAC,C,29,"11,891405","0,8","0,06727548174500826","12,9","-0,1",Sobrepagado,Sacramento Kings,Sacramento,"38,5802","-121,4997"
Dwight Powell,2023,DAL,C,31,"11,748123","5,1","0,43411190025844976","15,5","0,3",Valor de mercado,Dallas Mavericks,Dallas,"32,7905","-96,8103"
Paolo Banchero,2023,ORL,PF,20,"11,721611","2,4","0,20475001260492265","14,9","0,3",Sobrepagado,Orlando Magic,Orlando,"28,5392","-81,3839"
RJ Barrett,2023,NYK,SG,22,"11,557811","2,2","0,19034746285434156","12,9","-0,7",Sobrepagado,New York Knicks,New York,"40,7505","-73,9934"
Bobby Portis,2023,MIL,PF,27,"11,497073","5,3","0,4609868964039804","17,8","1,2",Valor de mercado,Milwaukee Bucks,Milwaukee,"43,045","-87,917"
DeAndre Jordan,2023,DEN,C,34,"11,380873","1,4","0,12301341030692461","14,7","0,0",Sobrepagado,Denver Nuggets,Denver,"39,7487","-105,0077"
Anthony Edwards,2023,MIN,SG,21,"11,380495","3,8","0,3339046324434921","17,4","2,1",Valor de mercado,Minnesota Timberwolves,Minneapolis,"44,9795","-93,276"
Robert Williams,2023,BOS,C,25,"11,36023","3,8","0,3345002698008755","19,8","1,1",Valor de mercado,Boston Celtics,Boston,"42,3662","-71,0621"
Cade Cunningham,2023,DET,PG,21,"11,189007","-0,1","-0,00893734359090132","14,0","0,1",Sobrepagado,Detroit Pistons,Detroit,"42,341","-83,0552"
Mo Bamba,2023,LAL,C,24,"10,920966","2,2","0,20144738111994856","15,7","0,5",Sobrepagado,LA Lakers,Los Angeles,"34,043","-118,2673"
Talen Horton-Tucker,2023,UTA,SG,22,"10,878554","0,8","0,07353918544688937","13,7","0,2",Sobrepagado,Utah Jazz,Salt Lake City,"40,7683","-111,9011"
Jae Crowder,2023,MIL,SF,32,"10,797761","1,2","0,11113415086701771","14,6","0,3",Sobrepagado,Milwaukee Bucks,Milwaukee,"43,045","-87,917"
Ivica Zubac,2023,LAC,C,25,"10,73378","6,7","0,6241976265583979","16,7","0,6",Valor de mercado,LA Clippers,Los Angeles,"34,043","-118,2673"
Reggie Bullock,2023,DAL,SF,31,"10,616451","2,8","0,2637416213761077","7,7","-0,4",Valor de mercado,Dallas Mavericks,Dallas,"32,7905","-96,8103"
Alec Burks,2023,DET,SG,31,"10,616451","2,5","0,2354835905143819","16,5","0,9",Sobrepagado,Detroit Pistons,Detroit,"42,341","-83,0552"
De'Andre Hunter,2023,ATL,SF,25,"10,428866","2,5","0,23971925614923043","11,5","-0,7",Sobrepagado,Atlanta Hawks,Atlanta,"33,7573","-84,3963"
James Wiseman,2023,DET,C,21,"10,182327","1,4","0,13749312902640032","15,6","-0,3",Sobrepagado,Detroit Pistons,Detroit,"42,341","-83,0552"
Landry Shamet,2023,PHO,SG,25,"10,072736","1,2","0,11913347078688451","10,9","0,1",Sobrepagado,Phoenix Suns,Phoenix,"33,4457","-112,0712"
Malik Monk,2023,SAC,SG,24,"10,04328","3,2","0,31862100827618073","16,6","1,0",Valor de mercado,Sacramento Kings,Sacramento,"38,5802","-121,4997"
Jalen Green,2023,HOU,SG,20,"10,011069","1,8","0,1798009782971229","14,5","0,0",Sobrepagado,Houston Rockets,Houston,"29,7508","-95,3621"
Jakob Poeltl,2023,TOR,C,27,"9,964743","6,0","0,6021229047251896","21,0","1,9",Valor de mercado,Toronto Raptors,Toronto,"43,6435","-79,3791"
Nerlens Noel,2023,BRK,C,28,"9,957237","0,0","0,0","7,9","-0,1",Sobrepagado,Brooklyn Nets,Brooklyn,"40,6828","-73,9752"
Royce O'Neale,2023,BRK,SF,29,"9,754649","2,9","0,29729414149089317","9,2","0,5",Valor de mercado,Brooklyn Nets,Brooklyn,"40,6828","-73,9752"
Monte Morris,2023,WAS,PG,27,"9,675128","4,2","0,4341027839631682","15,0","1,1",Valor de mercado,Washington Wizards,Washington,"38,8981","-77,0209"
Mason Plumlee,2023,LAC,C,32,"9,627857","7,9","0,82053566022013","19,6","2,2",Infravalorado,LA Clippers,Los Angeles,"34,043","-118,2673"
Alex Caruso,2023,CHI,PG,28,"9,5744","3,6","0,3760026737967914","11,5","1,2",Valor de mercado,Chicago Bulls,Chicago,"41,8807","-87,6742"
Maxi Kleber,2023,DAL,C,31,"9,542592","1,3","0,1362313300201874","8,7","0,0",Sobrepagado,Dallas Mavericks,Dallas,"32,7905","-96,8103"
Grayson Allen,2023,MIL,SG,27,"9,46307","5,1","0,5389371525308383","12,3","1,0",Valor de mercado,Milwaukee Bucks,Milwaukee,"43,045","-87,917"
Darius Garland,2023,CLE,PG,23,"9,45861","7,6","0,8035007257937476","18,8","2,7",Infravalorado,Cleveland Cavaliers,Cleveland,"41,4965","-81,6882"
Isaiah Hartenstein,2023,NYK,C,24,"9,388722","4,6","0,4899495373278706","14,2","0,7",Valor de mercado,New York Knicks,New York,"40,7505","-73,9934"
Kyle Anderson,2023,MIN,PF,29,"9,309846","5,1","0,5478071280663503","14,8","2,2",Valor de mercado,Minnesota Timberwolves,Minneapolis,"44,9795","-93,276"
Victor Oladipo,2023,MIA,SG,30,"9,27752","0,6","0,06467245557002302","10,6","0,0",Sobrepagado,Miami Heat,Miami,"25,7814","-80,187"
LaMelo Ball,2023,CHO,PG,21,"9,143838","1,8","0,19685388126955006","17,9","1,4",Sobrepagado,Charlotte Hornets,Charlotte,"35,2251","-80,8392"
Seth Curry,2023,BRK,SG,32,"9,008899","1,8","0,19980243978759227","12,3","0,0",Sobrepagado,Brooklyn Nets,Brooklyn,"40,6828","-73,9752"
Evan Mobley,2023,CLE,PF,21,"8,989885","8,5","0,945507089356538","17,9","2,5",Infravalorado,Cleveland Cavaliers,Cleveland,"41,4965","-81,6882"
Gary Payton II,2023,GSW,PG,30,"8,80039","1,0","0,11363132770252227","13,3","0,2",Sobrepagado,Golden State Warriors,San Francisco,"37,768","-122,3877"
Dewayne Dedmon,2023,PHI,C,33,"8,783094","1,0","0,11385509479916758","15,5","0,0",Sobrepagado,Philadelphia 76ers,Philadelphia,"39,9012","-75,172"
De'Anthony Melton,2023,PHI,PG,24,"8,747376","4,2","0,4801439883228983","12,7","1,6",Valor de mercado,Philadelphia 76ers,Philadelphia,"39,9012","-75,172"
JaMychal Green,2023,GSW,PF,32,"8,69436","2,2","0,2530376013875662","15,5","0,3",Valor de mercado,Golden State Warriors,San Francisco,"37,768","-122,3877"
Keegan Murray,2023,SAC,SF,22,"8,491252","4,3","0,5064035315404607","12,3","0,8",Valor de mercado,Sacramento Kings,Sacramento,"38,5802","-121,4997"
Kevon Looney,2023,GSW,C,26,"8,482304","8,7","1,025664725055834","17,8","2,0",Infravalorado,Golden State Warriors,San Francisco,"37,768","-122,3877"
Thaddeus Young,2023,TOR,PF,34,"8,482304","1,8","0,21220649483913806","14,1","0,4",Sobrepagado,Toronto Raptors,Toronto,"43,6435","-79,3791"
Delon Wright,2023,WAS,PG,30,"8,275418","3,7","0,44710732436718004","16,3","1,7",Valor de mercado,Washington Wizards,Washington,"38,8981","-77,0209"
Patrick Williams,2023,CHI,PF,21,"8,244163","3,5","0,42454279470214257","11,2","0,4",Valor de mercado,Chicago Bulls,Chicago,"41,8807","-87,6742"
Scottie Barnes,2023,TOR,PF,21,"8,105477","5,0","0,6168668420131227","15,5","1,6",Valor de mercado,Toronto Raptors,Toronto,"43,6435","-79,3791"
Cedi Osman,2023,CLE,SF,27,"7,873792","3,3","0,4191119094840199","12,0","0,5",Valor de mercado,Cleveland Cavaliers,Cleveland,"41,4965","-81,6882"
Coby White,2023,CHI,SG,22,"7,860927","3,1","0,3943555257541509","12,5","0,5",Valor de mercado,Chicago Bulls,Chicago,"41,8807","-87,6742"
Zach Collins,2023,SAS,C,25,"7,793116","2,2","0,2823004302771831","16,4","0,6",Valor de mercado,San Antonio Spurs,San Antonio,"29,427","-98,4375"
Jaden Ivey,2023,DET,SG,20,"7,68942","0,0","0,0","12,1","-0,7",Sobrepagado,Detroit Pistons,Detroit,"42,341","-83,0552"
Taurean Prince,2023,MIN,SF,28,"7,528044","1,3","0,17268761978543165","10,0","-0,4",Sobrepagado,Minnesota Timberwolves,Minneapolis,"44,9795","-93,276"
Jae'Sean Tate,2023,HOU,SF,27,"7,491164","0,7","0,0934434221437416","12,2","-0,3",Sobrepagado,Houston Rockets,Houston,"29,7508","-95,3621"
Isaac Okoro,2023,CLE,SF,22,"7,46536","4,2","0,5625984547295777","10,7","0,7",Valor de mercado,Cleveland Cavaliers,Cleveland,"41,4965","-81,6882"
Jalen Suggs,2023,ORL,PG,21,"7,339652","1,4","0,1907447383063938","12,5","0,3",Sobrepagado,Orlando Magic,Orlando,"28,5392","-81,3839"
Jaxson Hayes,2023,NOP,C,22,"7,213152","1,5","0,20795347165843725","13,7","0,1",Sobrepagado,New Orleans Pelicans,New Orleans,"29,949","-90,0821"
Khem Birch,2023,TOR,C,30,"7,06947","0,2","0,028290663939446663","9,4","-0,1",Sobrepagado,Toronto Raptors,Toronto,"43,6435","-79,3791"
Bennedict Mathurin,2023,IND,SF,20,"6,983905","1,8","0,25773546461471053","13,1","-1,0",Valor de mercado,Indiana Pacers,Indianapolis,"39,764","-86,1555"
Bruce Brown,2023,DEN,SG,26,"6,869606","4,3","0,6259456510315148","13,3","0,9",Valor de mercado,Denver Nuggets,Denver,"39,7487","-105,0077"
Caleb Martin,2023,MIA,PF,27,"6,869606","3,7","0,5386043973992104","11,4","0,4",Valor de mercado,Miami Heat,Miami,"25,7814","-80,187"
Joe Ingles,2023,MIL,SF,35,"6,869606","2,3","0,33480813892383343","10,7","0,3",Valor de mercado,Milwaukee Bucks,Milwaukee,"43,045","-87,917"
Onyeka Okongwu,2023,ATL,C,22,"6,780711","7,1","1,0470878348892911","19,4","1,3",Infravalorado,Atlanta Hawks,Atlanta,"33,7573","-84,3963"
Josh Giddey,2023,OKC,SG,20,"6,666454","4,0","0,6000191406105855","17,1","1,9",Valor de mercado,Oklahoma City Thunder,Oklahoma City,"35,4634","-97,5151"
Rui Hachimura,2023,LAL,PF,24,"6,640783","1,8","0,27105237439621205","13,2","-0,1",Valor de mercado,LA Lakers,Los Angeles,"34,043","-118,2673"
Rudy Gay,2023,UTA,PF,36,"6,557351","0,3","0,04575018174259697","9,0","-0,4",Sobrepagado,Utah Jazz,Salt Lake City,"40,7683","-111,9011"
Jevon Carter,2023,MIL,PG,27,"6,388234","3,5","0,5478822472689635","10,9","0,6",Valor de mercado,Milwaukee Bucks,Milwaukee,"43,045","-87,917"
Shaedon Sharpe,2023,POR,SG,19,"6,375469","1,2","0,18822144692414","11,5","-0,6",Sobrepagado,Portland Trail Blazers,Portland,"45,5316","-122,6668"
Cameron Payne,2023,PHO,PG,28,"6,361728","1,1","0,17290899579485322","13,2","0,2",Sobrepagado,Phoenix Suns,Phoenix,"33,4457","-112,0712"
Justin Holiday,2023,DAL,SG,33,"6,348977","0,1","0,015750568949926897","6,6","-0,3",Sobrepagado,Dallas Mavericks,Dallas,"32,7905","-96,8103"
Cam Reddish,2023,POR,SF,23,"6,313436","0,9","0,14255312004429918","10,6","-0,4",Sobrepagado,Portland Trail Blazers,Portland,"45,5316","-122,6668"
Cameron Johnson,2023,BRK,PF,26,"6,242868","3,5","0,5606397572397815","17,1","1,4",Valor de mercado,Brooklyn Nets,Brooklyn,"40,6828","-73,9752"
Ricky Rubio,2023,CLE,PG,32,"6,206564","0,7","0,1127838204842486","10,4","-0,1",Sobrepagado,Cleveland Cavaliers,Cleveland,"41,4965","-81,6882"
Killian Hayes,2023,DET,PG,21,"6,189706","-0,5","-0,08077928095453968","10,2","-1,0",Sobrepagado,Detroit Pistons,Detroit,"42,341","-83,0552"
Jonathan Kuminga,2023,GSW,PF,20,"6,085883","2,4","0,39435526447025027","13,3","0,1",Valor de mercado,Golden State Warriors,San Francisco,"37,768","-122,3877"
Pat Connaughton,2023,MIL,SG,30,"6,073746","2,5","0,41160759768353833","10,0","0,3",Valor de mercado,Milwaukee Bucks,Milwaukee,"43,045","-87,917"
Tyler Herro,2023,MIA,SG,23,"6,06709","3,5","0,5768828219129764","15,3","1,6",Valor de mercado,Miami Heat,Miami,"25,7814","-80,187"
Romeo Langford,2023,SAS,SG,23,"5,973935","0,5","0,0836969267325473","10,4","-0,5",Sobrepagado,San Antonio Spurs,San Antonio,"29,427","-98,4375"
Dyson Daniels,2023,NOP,PG,19,"5,840702","1,3","0,22257598487305122","8,8","0,0",Sobrepagado,New Orleans Pelicans,New Orleans,"29,949","-90,0821"
JaVale McGee,2023,DAL,C,35,"5,790465","0,6","0,10361862130243425","17,2","-0,1",Sobrepagado,Dallas Mavericks,Dallas,"32,7905","-96,8103"
Goga Bitadze,2023,ORL,C,23,"5,701719","1,3","0,22800141501185872","17,1","0,3",Sobrepagado,Orlando Magic,Orlando,"28,5392","-81,3839"
Obi Toppin,2023,NYK,PF,24,"5,670717","2,1","0,370323541097184","13,6","0,4",Valor de mercado,New York Knicks,New York,"40,7505","-73,9934"
Franz Wagner,2023,ORL,SF,21,"5,575291","5,4","0,9685593092808968","15,9","1,3",Infravalorado,Orlando Magic,Orlando,"28,5392","-81,3839"
Kendrick Nunn,2023,WAS,SG,27,"5,566512","0,2","0,035929141983346125","11,1","-0,4",Sobrepagado,Washington Wizards,Washington,"38,8981","-77,0209"
Hamidou Diallo,2023,DET,SG,24,"5,513497","1,3","0,23578501992474105","15,7","0,1",Sobrepagado,Detroit Pistons,Detroit,"42,341","-83,0552"
Cory Joseph,2023,DET,PG,31,"5,466314","1,8","0,32928953587371673","12,1","0,2",Valor de mercado,Detroit Pistons,Detroit,"42,341","-83,0552"
Garrett Temple,2023,NOP,SG,36,"5,466314","0,3","0,05488158931228612","10,5","0,0",Sobrepagado,New Orleans Pelicans,New Orleans,"29,949","-90,0821"
Torrey Craig,2023,PHO,SF,32,"5,430743","4,0","0,7365474668935724","11,6","0,7",Infravalorado,Phoenix Suns,Phoenix,"33,4457","-112,0712"
Jeremy Sochan,2023,SAS,PF,19,"5,368789","0,2","0,037252348714020986","11,4","-0,7",Sobrepagado,San Antonio Spurs,San Antonio,"29,427","-98,4375"
Nickeil Alexander-Walker,2023,MIN,SG,24,"5,311653","1,1","0,20709184127803532","11,6","0,2",Sobrepagado,Minnesota Timberwolves,Minneapolis,"44,9795","-93,276"
Furkan Korkmaz,2023,PHI,SG,25,"5,30144","0,1","0,018862799541256716","9,3","-0,2",Sobrepagado,Philadelphia 76ers,Philadelphia,"39,9012","-75,172"
Deni Avdija,2023,WAS,SF,22,"5,212545","2,3","0,441243193104328","11,2","-0,1",Valor de mercado,Washington Wizards,Washington,"38,8981","-77,0209"
Davion Mitchell,2023,SAC,PG,24,"5,125008","1,5","0,29268246995907127","9,4","-0,3",Valor de mercado,Sacramento Kings,Sacramento,"38,5802","-121,4997"
Johnny Davis,2023,WAS,SG,20,"5,100324","-0,3","-0,058819792624939124","7,2","-0,6",Sobrepagado,Washington Wizards,Washington,"38,8981","-77,0209"
Ty Jerome,2023,GSW,SG,25,"5,014046","2,1","0,4188234411890119","12,8","0,3",Valor de mercado,Golden State Warriors,San Francisco,"37,768","-122,3877"
Jalen Smith,2023,IND,PF,22,"4,951714","2,3","0,46448563063214066","15,9","0,0",Valor de mercado,Indiana Pacers,Indianapolis,"39,764","-86,1555"
Ziaire Williams,2023,MEM,SF,21,"4,868503","0,1","0,020540194799099437","7,4","-0,5",Sobrepagado,Memphis Grizzlies,Memphis,"35,1382","-90,0505"
Ousmane Dieng,2023,OKC,SF,19,"4,845346","0,4","0,08255344406777143","9,3","-0,2",Sobrepagado,Oklahoma City Thunder,Oklahoma City,"35,4634","-97,5151"
Jeff Green,2023,DEN,PF,36,"4,771296","1,7","0,35629732466818237","11,0","-0,4",Valor de mercado,Denver Nuggets,Denver,"39,7487","-105,0077"
Donte DiVincenzo,2023,GSW,SG,26,"4,771296","4,2","0,88026397859198","12,8","1,3",Infravalorado,Golden State Warriors,San Francisco,"37,768","-122,3877"
Devin Vassell,2023,SAS,SG,22,"4,704497","1,2","0,2550750909183277","15,5","0,7",Valor de mercado,San Antonio Spurs,San Antonio,"29,427","-98,4375"
Matisse Thybulle,2023,POR,SG,25,"4,643558","2,1","0,4522394250271021","10,5","0,4",Valor de mercado,Portland Trail Blazers,Portland,"45,5316","-122,6668"
Jarred Vanderbilt,2023,LAL,PF,23,"4,637699","5,2","1,1212456867079992","15,1","1,5",Infravalorado,LA Lakers,Los Angeles,"34,043","-118,2673"
James Bouknight,2023,CHO,SG,22,"4,62523","-0,4","-0,08648218575076266","6,2","-0,6",Sobrepagado,Charlotte Hornets,Charlotte,"35,2251","-80,8392"
Brandon Clarke,2023,MEM,PF,26,"4,605805","4,5","0,9770279028313182","20,0","1,3",Infravalorado,Memphis Grizzlies,Memphis,"35,1382","-90,0505"
Jalen Williams,2023,OKC,SG,21,"4,603219","5,6","1,2165399908194678","15,6","1,3",Infravalorado,Oklahoma City Thunder,Oklahoma City,"35,4634","-97,5151"
Grant Williams,2023,BOS,PF,24,"4,565898","4,4","0,9636658549971989","10,3","0,5",Infravalorado,Boston Celtics,Boston,"42,3662","-71,0621"
Darius Bazley,2023,PHO,PF,22,"4,521733","1,0","0,22115414598783253","13,1","0,2",Sobrepagado,Phoenix Suns,Phoenix,"33,4457","-112,0712"
Tyrese Haliburton,2023,IND,PG,22,"4,469241","7,6","1,700512458379398","23,6","4,4",Infravalorado,Indiana Pacers,Indianapolis,"39,764","-86,1555"
Nassir Little,2023,POR,SF,22,"4,423042","0,7","0,15826211914786248","10,2","-0,3",Sobrepagado,Portland Trail Blazers,Portland,"45,5316","-122,6668"
Jalen Duren,2023,DET,C,19,"4,372924","4,5","1,0290597321151704","17,3","0,5",Infravalorado,Detroit Pistons,Detroit,"42,341","-83,0552"
Gorgui Dieng,2023,SAS,C,33,"4,352732","0,0","0,0","9,9","-0,2",Sobrepagado,San Antonio Spurs,San Antonio,"29,427","-98,4375"
Justise Winslow,2023,POR,SF,26,"4,344594","0,4","0,09206844183829375","9,3","-0,2",Sobrepagado,Portland Trail Blazers,Portland,"45,5316","-122,6668"
Stanley Johnson,2023,SAS,SF,26,"4,264651","0,7","0,16414004334704058","13,5","0,1",Sobrepagado,San Antonio Spurs,San Antonio,"29,427","-98,4375"
George Hill,2023,IND,PG,36,"4,241152","1,9","0,447991489104847","10,6","0,1",Valor de mercado,Indiana Pacers,Indianapolis,"39,764","-86,1555"
Terence Davis,2023,SAC,SG,25,"4,241152","0,9","0,21220649483913806","12,9","0,1",Sobrepagado,Sacramento Kings,Sacramento,"38,5802","-121,4997"
Chris Duarte,2023,IND,SF,25,"4,174311","0,0","0,0","8,6","-0,6",Sobrepagado,Indiana Pacers,Indianapolis,"39,764","-86,1555"
Alex Len,2023,SAC,C,29,"4,154844","0,3","0,0722048770062125","12,8","-0,1",Sobrepagado,Sacramento Kings,Sacramento,"38,5802","-121,4997"
Ochai Agbaji,2023,UTA,SG,22,"4,15459","1,3","0,3129069294443014","9,5","-0,3",Valor de mercado,Utah Jazz,Salt Lake City,"40,7683","-111,9011"
Jordan Poole,2023,GSW,PG,23,"4,136606","3,2","0,7735810468775611","14,6","0,1",Infravalorado,Golden State Warriors,San Francisco,"37,768","-122,3877"
Keldon Johnson,2023,SAS,SF,23,"4,10652","1,3","0,3165697476208566","15,3","0,1",Valor de mercado,San Antonio Spurs,San Antonio,"29,427","-98,4375"
James Johnson,2023,IND,PF,35,"4,072637","0,1","0,024554115674930026","8,4","-0,1",Sobrepagado,Indiana Pacers,Indianapolis,"39,764","-86,1555"
Aaron Nesmith,2023,IND,SF,23,"4,033717","2,0","0,4958206041722808","10,5","-0,4",Valor de mercado,Indiana Pacers,Indianapolis,"39,764","-86,1555"
Moses Moody,2023,GSW,SG,20,"3,965646","1,3","0,32781544293161824","10,3","-0,1",Valor de mercado,Golden State Warriors,San Francisco,"37,768","-122,3877"
Mark Williams,2023,CHO,C,21,"3,946434","2,8","0,7095012864778684","19,8","0,4",Valor de mercado,Charlotte Hornets,Charlotte,"35,2251","-80,8392"
Cole Anthony,2023,ORL,PG,22,"3,831541","3,7","0,9656689044956064","16,0","1,3",Infravalorado,Orlando Magic,Orlando,"28,5392","-81,3839"
Corey Kispert,2023,WAS,SF,23,"3,767033","3,8","1,0087514497483827","11,5","0,2",Infravalorado,Washington Wizards,Washington,"38,8981","-77,0209"
AJ Griffin,2023,ATL,SF,19,"3,749348","2,2","0,5867686861822377","12,6","0,4",Valor de mercado,Atlanta Hawks,Atlanta,"33,7573","-84,3963"
Mike Muscala,2023,BOS,C,31,"3,711008","2,5","0,6736714121877398","13,0","0,4",Valor de mercado,Boston Celtics,Boston,"42,3662","-71,0621"
Georges Niang,2023,PHI,PF,29,"3,673897","2,5","0,6804763443286516","10,9","0,2",Valor de mercado,Philadelphia 76ers,Philadelphia,"39,9012","-75,172"
Isaiah Stewart,2023,DET,C,21,"3,640308","2,0","0,5494040614145835","13,1","0,0",Valor de mercado,Detroit Pistons,Detroit,"42,341","-83,0552"
Chuma Okeke,2023,ORL,SF,24,"3,640308","0,7","0,19229142149510425","9,1","0,1",Sobrepagado,Orlando Magic,Orlando,"28,5392","-81,3839"
Amir Coffey,2023,LAC,SG,25,"3,599743","0,4","0,11111904377618069","7,0","-0,5",Sobrepagado,LA Clippers,Los Angeles,"34,043","-118,2673"
Tari Eason,2023,HOU,PF,21,"3,561677","2,6","0,7299932026402169","15,2","0,1",Valor de mercado,Houston Rockets,Houston,"29,7508","-95,3621"
Aleksej Pokusevski,2023,OKC,PF,21,"3,458108","1,0","0,28917546820400053","13,4","0,3",Valor de mercado,Oklahoma City Thunder,Oklahoma City,"35,4634","-97,5151"
Simone Fontecchio,2023,UTA,SF,27,"3,398358","-0,1","-0,029425975721215955","8,0","-0,6",Sobrepagado,Utah Jazz,Salt Lake City,"40,7683","-111,9011"
Andre Drummond,2023,CHI,C,29,"3,392921","2,8","0,8252476258657363","20,8","0,3",Infravalorado,Chicago Bulls,Chicago,"41,8807","-87,6742"
Dalen Terry,2023,CHI,SG,20,"3,383803","0,5","0,1477627391429111","14,1","0,1",Sobrepagado,Chicago Bulls,Chicago,"41,8807","-87,6742"
Josh Green,2023,DAL,SG,22,"3,285196","2,6","0,7914291871778731","11,2","-0,2",Infravalorado,Dallas Mavericks,Dallas,"32,7905","-96,8103"
Jake LaRavia,2023,MEM,PF,21,"3,231376","0,5","0,15473284446006902","6,7","-0,2",Sobrepagado,Memphis Grizzlies,Memphis,"35,1382","-90,0505"
Tre Mann,2023,OKC,PG,21,"3,229849","0,5","0,15480599867052608","10,0","-0,6",Sobrepagado,Oklahoma City Thunder,Oklahoma City,"35,4634","-97,5151"
Kevin Knox,2023,POR,PF,23,"3,180864","0,7","0,22006599464799498","11,1","-0,4",Sobrepagado,Portland Trail Blazers,Portland,"45,5316","-122,6668"
Saddiq Bey,2023,ATL,SF,23,"3,137477","3,9","1,243037000749328","14,6","0,9",Infravalorado,Atlanta Hawks,Atlanta,"33,7573","-84,3963"
Malaki Branham,2023,SAS,SF,19,"3,101978","-0,1","-0,03223749491453518","9,5","-1,3",Sobrepagado,San Antonio Spurs,San Antonio,"29,427","-98,4375"
Kai Jones,2023,CHO,C,22,"3,08442","0,7","0,22694704352844292","10,8","-0,3",Sobrepagado,Charlotte Hornets,Charlotte,"35,2251","-80,8392"
Blake Griffin,2023,BOS,C,33,"3,081038","1,8","0,5842186951280705","13,1","0,3",Valor de mercado,Boston Celtics,Boston,"42,3662","-71,0621"
Robin Lopez,2023,CLE,C,34,"3,081038","0,6","0,19473956504269016","11,6","-0,1",Sobrepagado,Cleveland Cavaliers,Cleveland,"41,4965","-81,6882"
Markieff Morris,2023,DAL,PF,33,"3,081038","0,4","0,12982637669512678","10,4","-0,1",Sobrepagado,Dallas Mavericks,Dallas,"32,7905","-96,8103"
Serge Ibaka,2023,MIL,C,33,"3,081038","0,2","0,06491318834756339","9,8","-0,1",Sobrepagado,Milwaukee Bucks,Milwaukee,"43,045","-87,917"
Wesley Matthews,2023,MIL,SG,36,"3,081038","1,2","0,3894791300853803","7,0","-0,1",Valor de mercado,Milwaukee Bucks,Milwaukee,"43,045","-87,917"
Austin Rivers,2023,MIN,SG,30,"3,081038","1,3","0,42193572425916204","7,4","-0,2",Valor de mercado,Minnesota Timberwolves,Minneapolis,"44,9795","-93,276"
Bismack Biyombo,2023,PHO,C,30,"3,081038","1,9","0,6166752893018521","14,4","0,2",Valor de mercado,Phoenix Suns,Phoenix,"33,4457","-112,0712"
Taj Gibson,2023,WAS,C,37,"3,081038","0,8","0,25965275339025357","11,4","-0,1",Valor de mercado,Washington Wizards,Washington,"38,8981","-77,0209"
Precious Achiuwa,2023,TOR,C,23,"3,011387","2,2","0,730560369690113","15,2","-0,1",Valor de mercado,Toronto Raptors,Toronto,"43,6435","-79,3791"
Christian Braun,2023,DEN,SG,21,"2,977924","1,9","0,638028371442656","10,3","-0,1",Valor de mercado,Denver Nuggets,Denver,"39,7487","-105,0077"
Jordan Nwora,2023,IND,SF,24,"2,968806","1,5","0,5052536272157898","12,2","0,0",Valor de mercado,Indiana Pacers,Indianapolis,"39,764","-86,1555"
Jalen Johnson,2023,ATL,SF,21,"2,961002","2,1","0,7092193791155832","14,1","0,6",Valor de mercado,Atlanta Hawks,Atlanta,"33,7573","-84,3963"
Tyrese Maxey,2023,PHI,SG,22,"2,891278","5,4","1,8676861927493658","17,0","1,3",Infravalorado,Philadelphia 76ers,Philadelphia,"39,9012","-75,172"
Bruno Fernando,2023,ATL,C,24,"2,881217","0,9","0,3123680028265834","16,6","0,0",Valor de mercado,Atlanta Hawks,Atlanta,"33,7573","-84,3963"
Walker Kessler,2023,UTA,C,21,"2,85896","7,1","2,483420544533676","21,5","2,1",Infravalorado,Utah Jazz,Salt Lake City,"40,7683","-111,9011"
Keon Johnson,2023,POR,SG,20,"2,842674","-0,5","-0,1758907282368643","9,0","-0,4",Sobrepagado,Portland Trail Blazers,Portland,"45,5316","-122,6668"
Charles Bassey,2023,SAS,C,22,"2,835996","1,3","0,45839274808568137","18,8","0,3",Valor de mercado,San Antonio Spurs,San Antonio,"29,427","-98,4375"
Matthew Dellavedova,2023,SAC,PG,32,"2,787069","0,1","0,03587998718366858","6,7","-0,2",Sobrepagado,Sacramento Kings,Sacramento,"38,5802","-121,4997"
Trey Lyles,2023,SAC,PF,27,"2,783256","2,6","0,9341576915669992","14,2","0,3",Infravalorado,Sacramento Kings,Sacramento,"38,5802","-121,4997"
Zeke Nnaji,2023,DEN,PF,22,"2,775621","1,6","0,5764475769566523","12,5","-0,3",Valor de mercado,Denver Nuggets,Denver,"39,7487","-105,0077"
David Roddy,2023,MEM,PF,21,"2,744703","1,1","0,40077195966193796","8,8","-0,6",Valor de mercado,Memphis Grizzlies,Memphis,"35,1382","-90,0505"
Isaiah Jackson,2023,IND,C,21,"2,728926","2,7","0,9894002255832515","17,5","0,3",Infravalorado,Indiana Pacers,Indianapolis,"39,764","-86,1555"
MarJon Beauchamp,2023,MIL,SF,22,"2,635027","0,4","0,15180110108928677","8,2","-0,5",Sobrepagado,Milwaukee Bucks,Milwaukee,"43,045","-87,917"
Usman Garuba,2023,HOU,PF,20,"2,620141","1,8","0,6869859293831897","12,9","0,2",Valor de mercado,Houston Rockets,Houston,"29,7508","-95,3621"
Raul Neto,2023,CLE,PG,30,"2,612008","1,5","0,5742708291858218","12,6","0,2",Valor de mercado,Cleveland Cavaliers,Cleveland,"41,4965","-81,6882"
Frank Kaminsky,2023,HOU,C,29,"2,612008","0,7","0,26799305362005016","15,3","0,3",Valor de mercado,Houston Rockets,Houston,"29,7508","-95,3621"
Montrezl Harrell,2023,PHI,C,29,"2,612008","2,2","0,842263882805872","17,6","0,1",Infravalorado,Philadelphia 76ers,Philadelphia,"39,9012","-75,172"
Blake Wesley,2023,SAS,SG,19,"2,529295","-1,6","-0,632587341531929","3,5","-1,3",Sobrepagado,San Antonio Spurs,San Antonio,"29,427","-98,4375"
Josh Christopher,2023,HOU,SG,21,"2,515172","0,0","0,0","11,5","-0,5",Sobrepagado,Houston Rockets,Houston,"29,7508","-95,3621"
Isaiah Roby,2023,SAS,PF,24,"2,471192","-0,1","-0,04046630128294362","9,3","-0,3",Sobrepagado,San Antonio Spurs,San Antonio,"29,427","-98,4375"
Lindy Waters III,2023,OKC,SG,25,"2,456555","1,1","0,4477815477365661","11,8","0,3",Valor de mercado,Oklahoma City Thunder,Oklahoma City,"35,4634","-97,5151"
Immanuel Quickley,2023,NYK,PG,23,"2,455881","6,7","2,7281452155051484","16,3","2,1",Infravalorado,New York Knicks,New York,"40,7505","-73,9934"
John Konchar,2023,MEM,SG,26,"2,438662","3,5","1,4352132439837912","10,8","0,9",Infravalorado,Memphis Grizzlies,Memphis,"35,1382","-90,0505"
Rodney McGruder,2023,DET,SG,31,"2,43695","0,7","0,28724430127823714","10,7","0,1",Valor de mercado,Detroit Pistons,Detroit,"42,341","-83,0552"
Bryn Forbes,2023,MIN,SG,29,"2,43695","0,0","0,0","6,2","-0,3",Sobrepagado,Minnesota Timberwolves,Minneapolis,"44,9795","-93,276"
Damian Jones,2023,UTA,C,27,"2,43695","1,2","0,49241880219126366","12,9","0,0",Valor de mercado,Utah Jazz,Salt Lake City,"40,7683","-111,9011"
Quentin Grimes,2023,NYK,SG,22,"2,414275","4,8","1,9881745037330047","11,7","1,0",Infravalorado,New York Knicks,New York,"40,7505","-73,9934"
Saben Lee,2023,PHO,PG,23,"2,403289","0,7","0,2912675088181238","13,1","0,0",Valor de mercado,Phoenix Suns,Phoenix,"33,4457","-112,0712"
Andrew Nembhard,2023,IND,SG,23,"2,379403","1,2","0,5043281865240987","10,0","-0,6",Valor de mercado,Indiana Pacers,Indianapolis,"39,764","-86,1555"
Payton Pritchard,2023,BOS,PG,25,"2,374196","0,6","0,2527171303464415","10,3","-0,2",Valor de mercado,Boston Celtics,Boston,"42,3662","-71,0621"
Bones Hyland,2023,LAC,PG,22,"2,334245","1,4","0,5997656629873899","14,9","0,3",Valor de mercado,LA Clippers,Los Angeles,"34,043","-118,2673"
Bol Bol,2023,ORL,PF,23,"2,332633","2,3","0,9860102296417824","14,4","0,4",Infravalorado,Orlando Magic,Orlando,"28,5392","-81,3839"
Peyton Watson,2023,DEN,SG,20,"2,326229","0,3","0,1289640873705899","12,8","0,0",Sobrepagado,Denver Nuggets,Denver,"39,7487","-105,0077"
Udoka Azubuike,2023,UTA,C,23,"2,305999","1,0","0,4336515323727374","16,1","0,1",Valor de mercado,Utah Jazz,Salt Lake City,"40,7683","-111,9011"
Jaden McDaniels,2023,MIN,SF,22,"2,291748","4,4","1,9199318598729005","12,0","0,5",Infravalorado,Minnesota Timberwolves,Minneapolis,"44,9795","-93,276"
Jordan McLaughlin,2023,MIN,PG,26,"2,290222","1,3","0,5676305615787466","11,8","0,2",Valor de mercado,Minnesota Timberwolves,Minneapolis,"44,9795","-93,276"
Malachi Flynn,2023,TOR,PG,24,"2,275081","0,5","0,2197723949169282","8,7","-0,4",Sobrepagado,Toronto Raptors,Toronto,"43,6435","-79,3791"
Cam Thomas,2023,BRK,SG,21,"2,267065","1,0","0,44109895393383075","14,7","-0,2",Valor de mercado,Brooklyn Nets,Brooklyn,"40,6828","-73,9752"
Luke Kornet,2023,BOS,C,27,"2,261889","3,3","1,4589575350514548","16,7","0,6",Infravalorado,Boston Celtics,Boston,"42,3662","-71,0621"
Damion Lee,2023,PHO,SG,30,"2,261889","2,6","1,1494816942829644","10,7","0,1",Infravalorado,Phoenix Suns,Phoenix,"33,4457","-112,0712"
Juan Toscano-Anderson,2023,UTA,SF,29,"2,261889","0,5","0,22105417197749314","7,2","-0,3",Sobrepagado,Utah Jazz,Salt Lake City,"40,7683","-111,9011"
Desmond Bane,2023,MEM,SG,24,"2,258667","5,8","2,5678862798278805","19,1","2,5",Infravalorado,Memphis Grizzlies,Memphis,"35,1382","-90,0505"
Jaden Springer,2023,PHI,SG,20,"2,253324","0,3","0,13313664612812004","17,2","0,1",Sobrepagado,Philadelphia 76ers,Philadelphia,"39,9012","-75,172"
Day'Ron Sharpe,2023,BRK,C,21,"2,236656","1,6","0,7153536350694967","17,8","0,0",Valor de mercado,Brooklyn Nets,Brooklyn,"40,6828","-73,9752"
Tony Bradley,2023,CHI,C,25,"2,159083","0,2","0,09263191827271115","21,7","0,1",Sobrepagado,Chicago Bulls,Chicago,"41,8807","-87,6742"
Frank Ntilikina,2023,DAL,PG,24,"2,159083","-0,1","-0,046315959136355576","5,2","-0,7",Sobrepagado,Dallas Mavericks,Dallas,"32,7905","-96,8103"
Garrison Mathews,2023,ATL,SG,26,"2,120576","1,0","0,4715699885314179","9,7","-0,1",Valor de mercado,Atlanta Hawks,Atlanta,"33,7573","-84,3963"
Kenrich Williams,2023,OKC,PF,28,"2,120576","3,3","1,556180962153679","14,4","0,8",Infravalorado,Oklahoma City Thunder,Oklahoma City,"35,4634","-97,5151"
Jaylin Williams,2023,OKC,PF,20,"2,120576","1,9","0,895982978209694","11,2","0,1",Infravalorado,Oklahoma City Thunder,Oklahoma City,"35,4634","-97,5151"
Jeremiah Robinson-Earl,2023,OKC,PF,22,"2,120576","1,9","0,895982978209694","13,0","0,1",Infravalorado,Oklahoma City Thunder,Oklahoma City,"35,4634","-97,5151"
Caleb Houstan,2023,ORL,SF,20,"2,120576","0,7","0,33009899197199255","6,2","-0,4",Valor de mercado,Orlando Magic,Orlando,"28,5392","-81,3839"
Shake Milton,2023,PHI,SG,26,"2,118156","2,9","1,369115400376554","12,7","0,0",Infravalorado,Philadelphia 76ers,Philadelphia,"39,9012","-75,172"
Aaron Holiday,2023,ATL,PG,26,"2,086832","0,9","0,43127573278538955","9,4","0,0",Valor de mercado,Atlanta Hawks,Atlanta,"33,7573","-84,3963"
Yuta Watanabe,2023,BRK,SF,28,"2,086832","2,1","1,006310043165909","12,1","0,3",Infravalorado,Brooklyn Nets,Brooklyn,"40,6828","-73,9752"
Edmond Sumner,2023,BRK,SG,27,"2,086832","1,3","0,6229538362455628","14,0","-0,1",Valor de mercado,Brooklyn Nets,Brooklyn,"40,6828","-73,9752"
Theo Pinson,2023,DAL,SG,27,"2,086832","0,5","0,23959762932521642","10,1","-0,1",Sobrepagado,Dallas Mavericks,Dallas,"32,7905","-96,8103"
Thomas Bryant,2023,DEN,C,25,"2,086832","4,1","1,9647005604667744","19,7","0,7",Infravalorado,Denver Nuggets,Denver,"39,7487","-105,0077"
Josh Okogie,2023,PHO,SG,24,"2,086832","2,8","1,341746724221212","13,3","0,6",Infravalorado,Phoenix Suns,Phoenix,"33,4457","-112,0712"
Drew Eubanks,2023,POR,C,25,"2,086832","4,4","2,108459138061905","16,2","0,8",Infravalorado,Portland Trail Blazers,Portland,"45,5316","-122,6668"
Dean Wade,2023,CLE,PF,26,"2,047077","1,8","0,8793025372274713","8,5","0,3",Infravalorado,Cleveland Cavaliers,Cleveland,"41,4965","-81,6882"
Terance Mann,2023,LAC,SG,26,"2,047077","4,3","2,1005560611545144","13,4","0,8",Infravalorado,LA Clippers,Los Angeles,"34,043","-118,2673"
Jaylen Nowell,2023,MIN,SG,23,"2,047077","1,2","0,5862016914849808","13,7","-0,2",Valor de mercado,Minnesota Timberwolves,Minneapolis,"44,9795","-93,276"
Naz Reid,2023,MIN,C,23,"2,047077","3,0","1,465504228712452","18,5","1,0",Infravalorado,Minnesota Timberwolves,Minneapolis,"44,9795","-93,276"
Jalen McDaniels,2023,PHI,SF,25,"2,047077","2,7","1,318953805841207","11,8","-0,1",Infravalorado,Philadelphia 76ers,Philadelphia,"39,9012","-75,172"
Daniel Gafford,2023,WAS,C,24,"2,047077","6,1","2,979858598381986","19,7","1,2",Infravalorado,Washington Wizards,Washington,"38,8981","-77,0209"
Chimezie Metu,2023,SAC,C,25,"2,026061","2,1","1,036493965384063","17,3","0,3",Infravalorado,Sacramento Kings,Sacramento,"38,5802","-121,4997"
Davon Reed,2023,LAL,SG,27,"2,016808","0,1","0,049583301930575446","6,2","-0,3",Sobrepagado,LA Lakers,Los Angeles,"34,043","-118,2673"
KZ Okpala,2023,SAC,PF,23,"2,016808","0,3","0,1487499057917263","6,2","-0,1",Sobrepagado,Sacramento Kings,Sacramento,"38,5802","-121,4997"
Wenyen Gabriel,2023,LAL,PF,25,"1,991984","2,8","1,4056337801910055","14,4","-0,1",Infravalorado,LA Lakers,Los Angeles,"34,043","-118,2673"
Thanasis Antetokounmpo,2023,MIL,SF,30,"1,991984","0,1","0,05020120643539306","6,7","-0,3",Sobrepagado,Milwaukee Bucks,Milwaukee,"43,045","-87,917"
Moritz Wagner,2023,ORL,C,25,"1,991984","3,4","1,7068410188033638","17,4","0,7",Infravalorado,Orlando Magic,Orlando,"28,5392","-81,3839"
Keita Bates-Diop,2023,SAS,SF,27,"1,991984","2,7","1,3554325737556125","14,9","0,5",Infravalorado,San Antonio Spurs,San Antonio,"29,427","-98,4375"
Oshae Brissett,2023,IND,SF,24,"1,958074","1,1","0,5617765212142136","10,6","-0,3",Valor de mercado,Indiana Pacers,Indianapolis,"39,764","-86,1555"
Nathan Knight,2023,MIN,PF,25,"1,946784","0,7","0,35956736854217003","14,5","-0,1",Valor de mercado,Minnesota Timberwolves,Minneapolis,"44,9795","-93,276"
Justin Jackson,2023,BOS,SF,27,"1,946784","0,1","0,05136676693459572","6,3","0,0",Sobrepagado,Boston Celtics,Boston,"42,3662","-71,0621"
Isaiah Joe,2023,OKC,SG,23,"1,946784","3,8","1,9519371435146373","14,5","1,0",Infravalorado,Oklahoma City Thunder,Oklahoma City,"35,4634","-97,5151"
Ryan Arcidiacono,2023,POR,PG,28,"1,946784","-0,2","-0,10273353386919144","2,7","-0,3",Sobrepagado,Portland Trail Blazers,Portland,"45,5316","-122,6668"
Anthony Gill,2023,WAS,PF,30,"1,946784","1,3","0,6677679701497444","11,1","-0,2",Valor de mercado,Washington Wizards,Washington,"38,8981","-77,0209"
Javonte Green,2023,CHI,SG,29,"1,92514","1,4","0,7272198385571957","14,5","0,4",Valor de mercado,Chicago Bulls,Chicago,"41,8807","-87,6742"
Gabe Vincent,2023,MIA,PG,26,"1,92514","1,4","0,7272198385571957","9,0","-0,6",Valor de mercado,Miami Heat,Miami,"25,7814","-80,187"
Max Strus,2023,MIA,SF,26,"1,92514","3,4","1,7661053222103327","10,8","0,2",Infravalorado,Miami Heat,Miami,"25,7814","-80,187"
Nick Richards,2023,CHO,C,25,"1,890091","4,2","2,2221152314888544","18,3","0,2",Infravalorado,Charlotte Hornets,Charlotte,"35,2251","-80,8392"
Lamar Stevens,2023,CLE,PF,25,"1,890091","1,9","1,0052426047211482","9,5","-0,2",Infravalorado,Cleveland Cavaliers,Cleveland,"41,4965","-81,6882"
Naji Marshall,2023,NOP,SF,25,"1,890091","2,5","1,3226876377909846","11,4","0,1",Infravalorado,New Orleans Pelicans,New Orleans,"29,949","-90,0821"
Paul Reed,2023,PHI,C,23,"1,890091","2,8","1,4814101543259028","19,2","0,4",Infravalorado,Philadelphia 76ers,Philadelphia,"39,9012","-75,172"
Tre Jones,2023,SAS,PG,23,"1,890091","3,4","1,7988551873957392","16,0","0,5",Infravalorado,San Antonio Spurs,San Antonio,"29,427","-98,4375"
Haywood Highsmith,2023,MIA,SF,26,"1,858301","0,9","0,484313359353517","8,5","-0,3",Valor de mercado,Miami Heat,Miami,"25,7814","-80,187"
Leandro Bolmaro,2023,UTA,SG,22,"1,81235","-0,3","-0,1655309404916269","-5,0","-0,2",Sobrepagado,Utah Jazz,Salt Lake City,"40,7683","-111,9011"
Terry Taylor,2023,CHI,PF,23,"1,806626","0,3","0,16605539829494315","11,0","-0,1",Sobrepagado,Chicago Bulls,Chicago,"41,8807","-87,6742"
Jericho Sims,2023,NYK,C,24,"1,738704","2,6","1,4953666639059897","13,8","0,3",Infravalorado,New York Knicks,New York,"40,7505","-73,9934"
Sam Hauser,2023,BOS,PF,25,"1,736715","3,4","1,9577190270136435","12,7","1,0",Infravalorado,Boston Celtics,Boston,"42,3662","-71,0621"
Kessler Edwards,2023,SAC,SF,22,"1,736715","0,4","0,2303198855310169","8,4","-0,2",Sobrepagado,Sacramento Kings,Sacramento,"38,5802","-121,4997"
Vit Krejci,2023,ATL,PG,22,"1,657779","0,1","0,060321671344612283","7,7","-0,1",Sobrepagado,Atlanta Hawks,Atlanta,"33,7573","-84,3963"
JT Thor,2023,CHO,PF,20,"1,657779","0,2","0,12064334268922457","7,0","-0,7",Sobrepagado,Charlotte Hornets,Charlotte,"35,2251","-80,8392"
Ayo Dosunmu,2023,CHI,SG,23,"1,657779","2,9","1,7493284689937563","10,2","-0,2",Infravalorado,Chicago Bulls,Chicago,"41,8807","-87,6742"
Isaiah Livers,2023,DET,PF,24,"1,657779","1,0","0,6032167134461228","8,4","-0,1",Valor de mercado,Detroit Pistons,Detroit,"42,341","-83,0552"
Daishen Nix,2023,HOU,PG,20,"1,657779","-1,2","-0,7238600561353473","5,3","-1,0",Sobrepagado,Houston Rockets,Houston,"29,7508","-95,3621"
Jason Preston,2023,LAC,PG,23,"1,657779","0,1","0,060321671344612283","10,3","0,0",Sobrepagado,LA Clippers,Los Angeles,"34,043","-118,2673"
Austin Reaves,2023,LAL,SG,24,"1,657779","5,4","3,2573702526090633","14,9","1,2",Infravalorado,LA Lakers,Los Angeles,"34,043","-118,2673"
Jose Alvarado,2023,NOP,PG,24,"1,657779","1,8","1,085790084203021","11,8","0,3",Infravalorado,New Orleans Pelicans,New Orleans,"29,949","-90,0821"
Miles McBride,2023,NYK,PG,22,"1,657779","0,7","0,42225169941228596","8,4","-0,1",Valor de mercado,New York Knicks,New York,"40,7505","-73,9934"
Aaron Wiggins,2023,OKC,SG,24,"1,657779","2,6","1,5683634549599195","12,2","0,0",Infravalorado,Oklahoma City Thunder,Oklahoma City,"35,4634","-97,5151"
Jock Landale,2023,PHO,C,27,"1,657779","2,7","1,6286851263045317","16,4","0,2",Infravalorado,Phoenix Suns,Phoenix,"33,4457","-112,0712"
Trendon Watford,2023,POR,PF,22,"1,657779","2,1","1,266755098236858","13,6","0,1",Infravalorado,Portland Trail Blazers,Portland,"45,5316","-122,6668"
Dalano Banton,2023,TOR,PG,23,"1,657779","0,4","0,24128668537844913","14,9","0,1",Sobrepagado,Toronto Raptors,Toronto,"43,6435","-79,3791"
Christian Koloko,2023,TOR,C,22,"1,590432","1,7","1,068891974004547","11,4","-0,3",Infravalorado,Toronto Raptors,Toronto,"43,6435","-79,3791"
Bryce McGowens,2023,CHO,SG,20,"1,549139","0,1","0,06455198661966421","7,2","-0,8",Sobrepagado,Charlotte Hornets,Charlotte,"35,2251","-80,8392"
Jordan Goodwin,2023,WAS,PG,24,"1,357387","2,2","1,6207610651936406","14,8","0,8",Infravalorado,Washington Wizards,Washington,"38,8981","-77,0209"
Kennedy Chandler,2023,MEM,PG,20,"1,272345","0,3","0,2357851054548884","10,6","0,0",Sobrepagado,Memphis Grizzlies,Memphis,"35,1382","-90,0505"
Noah Vonleh,2023,BOS,C,27,"1,230946","0,2","0,16247666428909147","5,9","-0,2",Sobrepagado,Boston Celtics,Boston,"42,3662","-71,0621"
Sandro Mamukelashvili,2023,SAS,C,23,"1,1834","0,9","0,7605205340544194","13,4","-0,1",Infravalorado,San Antonio Spurs,San Antonio,"29,427","-98,4375"
Tyrese Martin,2023,ATL,SG,23,"1,07914","0,0","0,0","7,7","-0,1",Sobrepagado,Atlanta Hawks,Atlanta,"33,7573","-84,3963"
Jaden Hardy,2023,DAL,SG,20,"1,07914","0,7","0,6486646774283226","14,6","0,0",Valor de mercado,Dallas Mavericks,Dallas,"32,7905","-96,8103"
Ryan Rollins,2023,GSW,PG,20,"1,07914","-0,3","-0,27799914746928106","-1,4","-0,2",Sobrepagado,Golden State Warriors,San Francisco,"37,768","-122,3877"
Max Christie,2023,LAL,SG,19,"1,07914","0,6","0,5559982949385621","7,4","-0,1",Valor de mercado,LA Lakers,Los Angeles,"34,043","-118,2673"
Josh Minott,2023,MIN,SF,20,"1,07914","0,3","0,27799914746928106","17,9","0,0",Valor de mercado,Minnesota Timberwolves,Minneapolis,"44,9795","-93,276"
Jabari Walker,2023,POR,SF,20,"1,07914","0,2","0,18533276497952075","9,6","-0,6",Sobrepagado,Portland Trail Blazers,Portland,"45,5316","-122,6668"
Eugene Omoruyi,2023,DET,SF,25,"1,074197","0,6","0,5585567637965847","10,9","-0,4",Valor de mercado,Detroit Pistons,Detroit,"42,341","-83,0552"
Kris Dunn,2023,UTA,PG,28,"1,060289","1,9","1,7919642663462507","19,1","0,6",Infravalorado,Utah Jazz,Salt Lake City,"40,7683","-111,9011"
Admiral Schofield,2023,ORL,PF,25,"0,930869","0,8","0,8594120117868358","10,1","-0,1",Infravalorado,Orlando Magic,Orlando,"28,5392","-81,3839"
Moses Brown,2023,BRK,C,23,"0,87372","1,1","1,2589845717163393","22,2","0,1",Infravalorado,Brooklyn Nets,Brooklyn,"40,6828","-73,9752"
Matt Ryan,2023,MIN,SF,25,"0,854694","0,3","0,35100281504257663","8,1","-0,1",Valor de mercado,Minnesota Timberwolves,Minneapolis,"44,9795","-93,276"
PJ Dozier,2023,SAC,SG,26,"0,831959","-0,2","-0,2403964618448746","5,2","-0,1",Sobrepagado,Sacramento Kings,Sacramento,"38,5802","-121,4997"
Cody Zeller,2023,MIA,C,30,"0,788771","0,7","0,8874565621707694","16,4","0,0",Infravalorado,Miami Heat,Miami,"25,7814","-80,187"
Anthony Lamb,2023,GSW,SF,25,"0,73677","2,4","3,2574616230302533","10,9","0,3",Infravalorado,Golden State Warriors,San Francisco,"37,768","-122,3877"
Trent Forrest,2023,ATL,PG,24,"0,539571","-0,1","-0,18533242149781956","6,1","-0,2",Sobrepagado,Atlanta Hawks,Atlanta,"33,7573","-84,3963"
JD Davison,2023,BOS,PG,20,"0,539571","0,1","0,18533242149781956","10,1","0,0",Sobrepagado,Boston Celtics,Boston,"42,3662","-71,0621"
Mamadi Diakite,2023,CLE,PF,26,"0,539571","0,2","0,3706648429956391","9,0","-0,1",Valor de mercado,Cleveland Cavaliers,Cleveland,"41,4965","-81,6882"
Isaiah Mobley,2023,CLE,PF,23,"0,539571","0,2","0,3706648429956391","14,1","0,0",Valor de mercado,Cleveland Cavaliers,Cleveland,"41,4965","-81,6882"
Jack White,2023,DEN,SF,25,"0,539571","0,1","0,18533242149781956","12,6","0,0",Sobrepagado,Denver Nuggets,Denver,"39,7487","-105,0077"
Buddy Boeheim,2023,DET,PG,23,"0,539571","-0,2","-0,3706648429956391","0,5","-0,2",Sobrepagado,Detroit Pistons,Detroit,"42,341","-83,0552"
Jamal Cain,2023,MIA,SF,23,"0,539571","0,8","1,4826593719825565","16,5","0,2",Infravalorado,Miami Heat,Miami,"25,7814","-80,187"
Luka Garza,2023,MIN,C,24,"0,539571","1,1","2,0386566364760155","23,0","0,1",Infravalorado,Minnesota Timberwolves,Minneapolis,"44,9795","-93,276"
Kevon Harris,2023,ORL,SG,25,"0,539571","0,6","1,1119945289869173","9,2","-0,2",Infravalorado,Orlando Magic,Orlando,"28,5392","-81,3839"
Keon Ellis,2023,SAC,SG,23,"0,539571","0,2","0,3706648429956391","14,0","0,1",Valor de mercado,Sacramento Kings,Sacramento,"38,5802","-121,4997"
Julian Champagnie,2023,SAS,SF,21,"0,539571","0,4","0,7413296859912782","13,4","-0,1",Infravalorado,San Antonio Spurs,San Antonio,"29,427","-98,4375"
Dominick Barlow,2023,SAS,SF,19,"0,539571","0,7","1,297326950484737","12,4","-0,3",Infravalorado,San Antonio Spurs,San Antonio,"29,427","-98,4375"
Jeff Dowtin,2023,TOR,PG,25,"0,539571","0,4","0,7413296859912782","9,9","0,0",Infravalorado,Toronto Raptors,Toronto,"43,6435","-79,3791"
Johnny Juzang,2023,UTA,SF,21,"0,539571","-0,2","-0,3706648429956391","6,5","-0,3",Sobrepagado,Utah Jazz,Salt Lake City,"40,7683","-111,9011"
John Butler,2023,POR,C,20,"0,533368","0,0","0,0","5,7","-0,2",Sobrepagado,Portland Trail Blazers,Portland,"45,5316","-122,6668"
Orlando Robinson,2023,MIA,C,22,"0,409328","1,1","2,6873314310284173","13,4","0,0",Infravalorado,Miami Heat,Miami,"25,7814","-80,187"
Dru Smith,2023,BRK,SG,25,"0,396925","0,3","0,7558102916168042","11,4","0,0",Infravalorado,Brooklyn Nets,Brooklyn,"40,6828","-73,9752"
Jared Rhoden,2023,DET,SG,23,"0,325602","0,1","0,3071234206178095","6,5","-0,2",Valor de mercado,Detroit Pistons,Detroit,"42,341","-83,0552"
Jarrett Culver,2023,ATL,SG,23,"0,275987","0,0","0,0","9,5","-0,1",Sobrepagado,Atlanta Hawks,Atlanta,"33,7573","-84,3963"
Xavier Cooks,2023,WAS,PF,27,"0,148847","0,2","1,3436616122595686","14,3","-0,1",Infravalorado,Washington Wizards,Washington,"38,8981","-77,0209"
Stephen Curry,2024,GSW,PG,35,"53,458234","7,2","0,1346845838566235","20,6","4,4",Sobrepagado,Golden State Warriors,San Francisco,"37,768","-122,3877"
Kevin Durant,2024,PHO,PF,35,"49,065286","8,3","0,16916236868567322","21,2","4,3",Sobrepagado,Phoenix Suns,Phoenix,"33,4457","-112,0712"
LeBron James,2024,LAL,PF,39,"49,021953","8,5","0,17339170473277551","23,7","5,4",Sobrepagado,LA Lakers,Los Angeles,"34,043","-118,2673"
Joel Embiid,2024,PHI,C,29,"49,021953","7,5","0,15299268064656665","34,1","4,5",Sobrepagado,Philadelphia 76ers,Philadelphia,"39,9012","-75,172"
Bradley Beal,2024,PHO,SG,30,"48,130468","3,9","0,08102975437512887","16,3","1,1",Sobrepagado,Phoenix Suns,Phoenix,"33,4457","-112,0712"
Paul George,2024,LAC,PF,33,"46,996232","7,3","0,15533160190374412","19,3","3,3",Sobrepagado,LA Clippers,Los Angeles,"34,043","-118,2673"
Kawhi Leonard,2024,LAC,SF,32,"46,996232","8,9","0,18937688451278392","23,2","4,4",Sobrepagado,LA Clippers,Los Angeles,"34,043","-118,2673"
Giannis Antetokounmpo,2024,MIL,PF,29,"46,996232","13,2","0,28087358152457836","29,9","7,2",Valor de mercado,Milwaukee Bucks,Milwaukee,"43,045","-87,917"
Damian Lillard,2024,MIL,PG,33,"46,996232","7,7","0,16384292255600408","19,6","2,7",Sobrepagado,Milwaukee Bucks,Milwaukee,"43,045","-87,917"
Jimmy Butler,2024,MIA,PF,34,"46,526554","9,1","0,19558723390518026","22,0","3,4",Sobrepagado,Miami Heat,Miami,"25,7814","-80,187"
Klay Thompson,2024,GSW,SF,33,"44,503661","3,6","0,08089222142870449","13,9","0,9",Sobrepagado,Golden State Warriors,San Francisco,"37,768","-122,3877"
Rudy Gobert,2024,MIN,C,31,"42,218272","11,6","0,27476254831083563","19,3","2,5",Valor de mercado,Minnesota Timberwolves,Minneapolis,"44,9795","-93,276"
Fred VanVleet,2024,HOU,PG,29,"42,018817","8,4","0,19991043536518413","16,7","3,6",Sobrepagado,Houston Rockets,Houston,"29,7508","-95,3621"
Anthony Davis,2024,LAL,C,30,"41,806469","11,8","0,28225296903213715","25,8","4,9",Valor de mercado,LA Lakers,Los Angeles,"34,043","-118,2673"
Trae Young,2024,ATL,PG,25,"41,254687","4,6","0,11150248213009106","20,3","2,2",Sobrepagado,Atlanta Hawks,Atlanta,"33,7573","-84,3963"
Zach LaVine,2024,CHI,SG,28,"41,254687","1,5","0,036359505042421","15,1","0,5",Sobrepagado,Chicago Bulls,Chicago,"41,8807","-87,6742"
Tobias Harris,2024,PHI,PF,31,"40,437022","5,9","0,14590589781809354","16,5","1,7",Sobrepagado,Philadelphia 76ers,Philadelphia,"39,9012","-75,172"
Kyrie Irving,2024,DAL,SG,31,"39,167268","6,9","0,17616750803247244","21,9","3,6",Sobrepagado,Dallas Mavericks,Dallas,"32,7905","-96,8103"
Ben Simmons,2024,BRK,PG,27,"39,019371","1,0","0,025628296263412346","16,3","0,4",Sobrepagado,Brooklyn Nets,Brooklyn,"40,6828","-73,9752"
Pascal Siakam,2024,IND,PF,29,"39,019371","6,9","0,17683524421754518","19,7","2,7",Sobrepagado,Indiana Pacers,Indianapolis,"39,764","-86,1555"
Jrue Holiday,2024,BOS,PG,33,"38,738196","6,3","0,1626301854634635","14,4","2,4",Sobrepagado,Boston Celtics,Boston,"42,3662","-71,0621"
Karl-Anthony Towns,2024,MIN,PF,28,"37,086384","6,3","0,16987366576369375","18,8","2,3",Sobrepagado,Minnesota Timberwolves,Minneapolis,"44,9795","-93,276"
Devin Booker,2024,PHO,PG,27,"37,086384","9,2","0,24806948016285435","21,9","3,1",Valor de mercado,Phoenix Suns,Phoenix,"33,4457","-112,0712"
CJ McCollum,2024,NOP,PG,32,"36,866302","5,9","0,16003774937882298","17,9","2,8",Sobrepagado,New Orleans Pelicans,New Orleans,"29,949","-90,0821"
James Harden,2024,LAC,PG,34,"36,740807","8,4","0,22862861994294248","18,6","3,8",Sobrepagado,LA Clippers,Los Angeles,"34,043","-118,2673"
Darius Garland,2024,CLE,PG,24,"35,015681","2,7","0,07710831041669589","14,5","0,5",Sobrepagado,Cleveland Cavaliers,Cleveland,"41,4965","-81,6882"
Zion Williamson,2024,NOP,PF,23,"35,015681","7,5","0,21418975115748856","22,8","3,3",Sobrepagado,New Orleans Pelicans,New Orleans,"29,949","-90,0821"
Jamal Murray,2024,DEN,PG,26,"34,838724","5,9","0,16935178222945252","20,7","2,9",Sobrepagado,Denver Nuggets,Denver,"39,7487","-105,0077"
Brandon Ingram,2024,NOP,SF,26,"34,838724","5,1","0,14638882870681486","18,2","1,7",Sobrepagado,New Orleans Pelicans,New Orleans,"29,949","-90,0821"
Shai Gilgeous-Alexander,2024,OKC,PG,25,"34,378905","14,6","0,42467902918955674","29,3","7,1",Valor de mercado,Oklahoma City Thunder,Oklahoma City,"35,4634","-97,5151"
Gordon Hayward,2024,OKC,SF,33,"34,309448","1,5","0,04371973574159514","12,8","0,0",Sobrepagado,Oklahoma City Thunder,Oklahoma City,"35,4634","-97,5151"
Donovan Mitchell,2024,CLE,SG,27,"34,147405","6,4","0,187422733879778","22,1","3,9",Sobrepagado,Cleveland Cavaliers,Cleveland,"41,4965","-81,6882"
Jayson Tatum,2024,BOS,PF,25,"33,568737","10,4","0,3098120730607172","22,3","4,7",Valor de mercado,Boston Celtics,Boston,"42,3662","-71,0621"
Bam Adebayo,2024,MIA,C,26,"33,568737","7,2","0,2144852813497273","19,8","2,7",Sobrepagado,Miami Heat,Miami,"25,7814","-80,187"
De'Aaron Fox,2024,SAC,PG,26,"33,568737","6,5","0,19363254566294824","20,1","3,2",Sobrepagado,Sacramento Kings,Sacramento,"38,5802","-121,4997"
Deandre Ayton,2024,POR,C,25,"33,423936","3,9","0,11668284668807409","18,9","1,0",Sobrepagado,Portland Trail Blazers,Portland,"45,5316","-122,6668"
Jaylen Brown,2024,BOS,SF,27,"32,776163","5,9","0,1800088680300986","18,6","1,6",Sobrepagado,Boston Celtics,Boston,"42,3662","-71,0621"
Chris Paul,2024,GSW,PG,38,"31,71519","4,3","0,13558171967438945","14,7","1,2",Sobrepagado,Golden State Warriors,San Francisco,"37,768","-122,3877"
Kyle Lowry,2024,PHI,PG,37,"30,564525","3,5","0,11451184011529707","10,9","0,4",Sobrepagado,Philadelphia 76ers,Philadelphia,"39,9012","-75,172"
Khris Middleton,2024,MIL,SF,32,"30,19223","3,4","0,11261175474617145","17,0","1,2",Sobrepagado,Milwaukee Bucks,Milwaukee,"43,045","-87,917"
Domantas Sabonis,2024,SAC,C,27,"30,170619","12,6","0,41762484223475826","23,2","6,2",Valor de mercado,Sacramento Kings,Sacramento,"38,5802","-121,4997"
DeMar DeRozan,2024,CHI,SF,34,"29,449819","9,2","0,3123958079334884","19,7","2,8",Valor de mercado,Chicago Bulls,Chicago,"41,8807","-87,6742"
Jordan Poole,2024,WAS,SG,24,"28,786021","-0,6","-0,020843450367801785","12,1","-1,2",Sobrepagado,Washington Wizards,Washington,"38,8981","-77,0209"
Jerami Grant,2024,POR,PF,29,"28,405902","2,7","0,09505066939961984","15,4","0,9",Sobrepagado,Portland Trail Blazers,Portland,"45,5316","-122,6668"
Tyler Herro,2024,MIA,SG,24,"27,802277","2,0","0,07193655397361878","15,7","1,0",Sobrepagado,Miami Heat,Miami,"25,7814","-80,187"
Julius Randle,2024,NYK,PF,29,"27,744448","3,8","0,13696433967617594","18,9","1,6",Sobrepagado,New York Knicks,New York,"40,7505","-73,9934"
Jalen Brunson,2024,NYK,PG,27,"27,12953","11,2","0,41283428057913274","23,4","5,4",Valor de mercado,New York Knicks,New York,"40,7505","-73,9934"
Cameron Johnson,2024,BRK,PF,27,"26,442383","3,3","0,12479964457061225","14,5","1,0",Sobrepagado,Brooklyn Nets,Brooklyn,"40,6828","-73,9752"
Kyle Kuzma,2024,WAS,PF,28,"26,327914","0,2","0,007596500049339268","15,7","0,5",Sobrepagado,Washington Wizards,Washington,"38,8981","-77,0209"
John Collins,2024,UTA,PF,26,"26,092952","4,4","0,16862791147586523","17,5","0,5",Sobrepagado,Utah Jazz,Salt Lake City,"40,7683","-111,9011"
Brook Lopez,2024,MIL,C,35,"25,742849","5,9","0,2291898616194346","14,8","1,8",Sobrepagado,Milwaukee Bucks,Milwaukee,"43,045","-87,917"
Mike Conley,2024,MIN,PG,36,"25,083832","8,2","0,3269038000254506","15,8","3,0",Valor de mercado,Minnesota Timberwolves,Minneapolis,"44,9795","-93,276"
Andrew Wiggins,2024,GSW,SF,28,"25,053308","2,8","0,11176168831676837","12,7","-0,3",Sobrepagado,Golden State Warriors,San Francisco,"37,768","-122,3877"
Anfernee Simons,2024,POR,SG,24,"24,823461","2,2","0,08862583666314701","15,9","0,8",Sobrepagado,Portland Trail Blazers,Portland,"45,5316","-122,6668"
RJ Barrett,2024,TOR,SG,23,"24,593615","2,9","0,11791678449874082","16,4","0,6",Sobrepagado,Toronto Raptors,Toronto,"43,6435","-79,3791"
Jordan Clarkson,2024,UTA,SG,31,"24,185539","0,2","0,008269404291547938","12,7","-1,1",Sobrepagado,Utah Jazz,Salt Lake City,"40,7683","-111,9011"
Terry Rozier,2024,MIA,PG,29,"23,89474","3,9","0,163215837460462","17,3","1,8",Sobrepagado,Miami Heat,Miami,"25,7814","-80,187"
Dillon Brooks,2024,HOU,SF,28,"23,300028","2,7","0,11587968907161829","9,4","-0,9",Sobrepagado,Houston Rockets,Houston,"29,7508","-95,3621"
Malcolm Brogdon,2024,POR,PG,31,"23,168564","2,6","0,11222102500612469","17,0","1,1",Sobrepagado,Portland Trail Blazers,Portland,"45,5316","-122,6668"
Draymond Green,2024,GSW,PF,33,"22,984687","3,6","0,15662601800929463","14,5","1,6",Sobrepagado,Golden State Warriors,San Francisco,"37,768","-122,3877"
Bruce Brown,2024,TOR,PG,27,"22,653707","2,2","0,09711434865825713","11,6","-0,6",Sobrepagado,Toronto Raptors,Toronto,"43,6435","-79,3791"
Mikal Bridges,2024,BRK,SF,27,"22,344793","4,2","0,18796325389991309","14,9","1,2",Sobrepagado,Brooklyn Nets,Brooklyn,"40,6828","-73,9752"
Aaron Gordon,2024,DEN,PF,28,"21,898084","7,1","0,32422927960272685","16,8","1,9",Valor de mercado,Denver Nuggets,Denver,"39,7487","-105,0077"
Myles Turner,2024,IND,C,27,"21,59825","5,8","0,2685402752537821","19,3","1,5",Valor de mercado,Indiana Pacers,Indianapolis,"39,764","-86,1555"
Clint Capela,2024,ATL,C,29,"21,228583","6,3","0,2967696901861043","20,7","1,0",Valor de mercado,Atlanta Hawks,Atlanta,"33,7573","-84,3963"
Spencer Dinwiddie,2024,LAL,PG,30,"21,018311","3,6","0,1712792241013086","11,7","0,1",Sobrepagado,LA Lakers,Los Angeles,"34,043","-118,2673"
De'Andre Hunter,2024,ATL,SF,26,"20,686218","2,2","0,10635100142520011","12,7","-0,2",Sobrepagado,Atlanta Hawks,Atlanta,"33,7573","-84,3963"
Jarrett Allen,2024,CLE,C,25,"20,594279","10,7","0,5195617676151711","21,8","3,1",Valor de mercado,Cleveland Cavaliers,Cleveland,"41,4965","-81,6882"
Keldon Johnson,2024,SAS,SF,24,"20,594279","3,0","0,14567152363042182","14,2","0,2",Sobrepagado,San Antonio Spurs,San Antonio,"29,427","-98,4375"
Joe Harris,2024,DET,SG,32,"20,520727","0,0","0,0","4,6","-0,2",Sobrepagado,Detroit Pistons,Detroit,"42,341","-83,0552"
Jakob Poeltl,2024,TOR,C,28,"20,079422","3,8","0,18924847537942077","18,9","0,9",Sobrepagado,Toronto Raptors,Toronto,"43,6435","-79,3791"
Buddy Hield,2024,PHI,SF,31,"19,895988","3,5","0,17591486283566315","13,3","1,3",Sobrepagado,Philadelphia 76ers,Philadelphia,"39,9012","-75,172"
Derrick White,2024,BOS,SG,29,"19,417463","8,5","0,43775028694531304","16,9","3,5",Valor de mercado,Boston Celtics,Boston,"42,3662","-71,0621"
Evan Fournier,2024,DET,SG,31,"19,417463","-0,1","-0,0051500033758272125","8,5","-0,3",Sobrepagado,Detroit Pistons,Detroit,"42,341","-83,0552"
OG Anunoby,2024,NYK,SF,26,"19,19681","2,6","0,13543916932031938","12,8","0,6",Sobrepagado,New York Knicks,New York,"40,7505","-73,9934"
Marcus Smart,2024,MEM,PG,29,"19,135908","0,2","0,010451555264584257","11,8","0,0",Sobrepagado,Memphis Grizzlies,Memphis,"35,1382","-90,0505"
Dejounte Murray,2024,ATL,SG,27,"18,75521","4,9","0,2612607376830225","17,7","2,6",Valor de mercado,Atlanta Hawks,Atlanta,"33,7573","-84,3963"
Duncan Robinson,2024,MIA,SF,29,"18,693427","3,6","0,19258106071187484","12,2","0,6",Sobrepagado,Miami Heat,Miami,"25,7814","-80,187"
Norman Powell,2024,LAC,SG,30,"18,534851","4,1","0,22120490744705743","13,9","0,6",Sobrepagado,LA Clippers,Los Angeles,"34,043","-118,2673"
Marcus Morris,2024,CLE,PF,34,"18,13561","1,0","0,055140135898378934","9,9","-0,4",Sobrepagado,Cleveland Cavaliers,Cleveland,"41,4965","-81,6882"
Collin Sexton,2024,UTA,SG,25,"18,045737","5,5","0,3047811236526389","19,9","2,0",Valor de mercado,Utah Jazz,Salt Lake City,"40,7683","-111,9011"
Jonathan Isaac,2024,ORL,PF,26,"17,917023","3,6","0,20092623646238553","19,2","1,4",Sobrepagado,Orlando Magic,Orlando,"28,5392","-81,3839"
D'Angelo Russell,2024,LAL,PG,27,"17,821973","5,1","0,2861636026493812","16,0","1,8",Valor de mercado,LA Lakers,Los Angeles,"34,043","-118,2673"
Lauri Markkanen,2024,UTA,PF,26,"17,772862","6,2","0,3488464604068833","21,5","2,6",Valor de mercado,Utah Jazz,Salt Lake City,"40,7683","-111,9011"
Markelle Fultz,2024,ORL,PG,25,"17,505137","1,3","0,07426391464402707","12,6","0,1",Sobrepagado,Orlando Magic,Orlando,"28,5392","-81,3839"
Harrison Barnes,2024,SAC,PF,31,"17,505137","4,7","0,2684926144822517","11,9","0,1",Valor de mercado,Sacramento Kings,Sacramento,"38,5802","-121,4997"
Rui Hachimura,2024,LAL,PF,25,"16,20846","4,1","0,2529543213852519","15,0","0,5",Valor de mercado,LA Lakers,Los Angeles,"34,043","-118,2673"
Mitchell Robinson,2024,NYK,C,25,"16,147787","2,5","0,1548199762605241","16,1","0,4",Sobrepagado,New York Knicks,New York,"40,7505","-73,9934"
Kevin Huerter,2024,SAC,SG,25,"16,13525","2,9","0,1797307138098263","12,4","0,5",Sobrepagado,Sacramento Kings,Sacramento,"38,5802","-121,4997"
Caris LeVert,2024,CLE,SG,29,"15,841754","3,6","0,22724756362205853","14,6","1,1",Sobrepagado,Cleveland Cavaliers,Cleveland,"41,4965","-81,6882"
Luguentz Dort,2024,OKC,SF,24,"15,731741","4,6","0,2924024747165619","11,1","0,2",Valor de mercado,Oklahoma City Thunder,Oklahoma City,"35,4634","-97,5151"
Luke Kennard,2024,MEM,SG,27,"15,202322","2,1","0,13813679252419467","13,1","0,4",Sobrepagado,Memphis Grizzlies,Memphis,"35,1382","-90,0505"
Kentavious Caldwell-Pope,2024,DEN,SG,30,"15,14188","4,8","0,3170015876496181","10,7","0,4",Valor de mercado,Denver Nuggets,Denver,"39,7487","-105,0077"
Max Strus,2024,CLE,SF,27,"14,91817","3,9","0,2614261668823991","11,7","0,8",Valor de mercado,Cleveland Cavaliers,Cleveland,"41,4965","-81,6882"
Reggie Bullock,2024,HOU,SF,32,"14,632779","0,6","0,041003831192967514","7,7","0,0",Sobrepagado,Houston Rockets,Houston,"29,7508","-95,3621"
Doug McDermott,2024,IND,SF,32,"14,415995","0,9","0,062430654283662","9,1","-0,3",Sobrepagado,Indiana Pacers,Indianapolis,"39,764","-86,1555"
Tyus Jones,2024,WAS,PG,27,"14,415995","4,5","0,31215327141831","16,5","1,3",Valor de mercado,Washington Wizards,Washington,"38,8981","-77,0209"
Dorian Finney-Smith,2024,BRK,PF,30,"14,345983","2,6","0,1812354022725386","10,1","0,0",Sobrepagado,Brooklyn Nets,Brooklyn,"40,6828","-73,9752"
Anthony Edwards,2024,MIN,SG,22,"13,93699","7,5","0,5381362833725216","19,7","3,7",Valor de mercado,Minnesota Timberwolves,Minneapolis,"44,9795","-93,276"
Gary Harris,2024,ORL,SG,29,"13,386281","2,7","0,20169903799270314","9,4","0,3",Sobrepagado,Orlando Magic,Orlando,"28,5392","-81,3839"
Josh Hart,2024,NYK,SF,28,"13,345093","5,7","0,42712328793812077","11,8","1,4",Valor de mercado,New York Knicks,New York,"40,7505","-73,9934"
Naz Reid,2024,MIN,C,24,"13,335207","4,9","0,3674483643186041","16,0","1,7",Valor de mercado,Minnesota Timberwolves,Minneapolis,"44,9795","-93,276"
Grant Williams,2024,CHO,PF,25,"12,773601","2,6","0,20354479523824176","10,6","-0,3",Sobrepagado,Charlotte Hornets,Charlotte,"35,2251","-80,8392"
Daniel Gafford,2024,DAL,C,25,"12,770512","7,8","0,6107820892380822","21,7","2,1",Valor de mercado,Dallas Mavericks,Dallas,"32,7905","-96,8103"
Kelly Olynyk,2024,TOR,C,32,"12,557487","4,9","0,39020546069448453","17,4","1,7",Valor de mercado,Toronto Raptors,Toronto,"43,6435","-79,3791"
Victor Wembanyama,2024,SAS,C,20,"12,521972","3,7","0,29548061599243314","23,1","3,8",Valor de mercado,San Antonio Spurs,San Antonio,"29,427","-98,4375"
James Wiseman,2024,DET,C,22,"12,479556","2,1","0,16827521748369895","14,8","-0,4",Sobrepagado,Detroit Pistons,Detroit,"42,341","-83,0552"
Richaun Holmes,2024,WAS,C,30,"12,403955","1,3","0,10480528186372814","14,5","-0,2",Sobrepagado,Washington Wizards,Washington,"38,8981","-77,0209"
Austin Reaves,2024,LAL,SG,25,"12,372167","5,9","0,47687684784726886","15,5","1,6",Valor de mercado,LA Lakers,Los Angeles,"34,043","-118,2673"
Chris Boucher,2024,TOR,PF,31,"12,099139","1,7","0,1405058657479677","16,0","0,1",Sobrepagado,Toronto Raptors,Toronto,"43,6435","-79,3791"
Bobby Portis,2024,MIL,PF,28,"12,058792","4,7","0,38975711663324153","17,5","0,6",Valor de mercado,Milwaukee Bucks,Milwaukee,"43,045","-87,917"
Nicolas Batum,2024,PHI,PF,35,"12,058792","3,3","0,27365925210419084","10,2","0,6",Valor de mercado,Philadelphia 76ers,Philadelphia,"39,9012","-75,172"
Robert Covington,2024,PHI,SF,33,"12,039732","1,5","0,12458749081790192","13,6","0,5",Sobrepagado,Philadelphia 76ers,Philadelphia,"39,9012","-75,172"
Paolo Banchero,2024,ORL,PF,21,"11,953002","5,3","0,4434032555168986","17,3","2,3",Valor de mercado,Orlando Magic,Orlando,"28,5392","-81,3839"
Coby White,2024,CHI,PG,23,"11,441266","4,7","0,41079370062718584","14,5","0,9",Valor de mercado,Chicago Bulls,Chicago,"41,8807","-87,6742"
Cade Cunningham,2024,DET,PG,22,"11,383858","1,8","0,158118627270298","17,1","1,2",Sobrepagado,Detroit Pistons,Detroit,"42,341","-83,0552"
Talen Horton-Tucker,2024,UTA,PG,23,"11,347447","0,8","0,07050043943805157","13,4","0,2",Sobrepagado,Utah Jazz,Salt Lake City,"40,7683","-111,9011"
Maxi Kleber,2024,DAL,C,32,"11,326853","1,4","0,12360008556657352","8,8","0,2",Sobrepagado,Dallas Mavericks,Dallas,"32,7905","-96,8103"
Joe Ingles,2024,ORL,SF,36,"11,326853","2,6","0,22954301605220798","10,6","0,5",Sobrepagado,Orlando Magic,Orlando,"28,5392","-81,3839"
Ivica Zubac,2024,LAC,C,26,"11,258205","6,8","0,6040039242490255","19,3","1,3",Valor de mercado,LA Clippers,Los Angeles,"34,043","-118,2673"
LaMelo Ball,2024,CHO,PG,22,"11,224536","1,1","0,0979995965980242","20,8","1,0",Sobrepagado,Charlotte Hornets,Charlotte,"35,2251","-80,8392"
Donte DiVincenzo,2024,NYK,SG,27,"11,223882","6,6","0,5880318413896368","16,0","3,2",Valor de mercado,New York Knicks,New York,"40,7505","-73,9934"
Brandon Miller,2024,CHO,SF,21,"11,203662","0,8","0,07140522447035622","13,0","-0,3",Sobrepagado,Charlotte Hornets,Charlotte,"35,2251","-80,8392"
Terance Mann,2024,LAC,SG,27,"10,891205","4,2","0,3856322601585408","12,0","0,2",Valor de mercado,LA Clippers,Los Angeles,"34,043","-118,2673"
Gabe Vincent,2024,LAL,PG,27,"10,811996","-0,1","-0,00924898603366113","3,1","-0,2",Sobrepagado,LA Lakers,Los Angeles,"34,043","-118,2673"
Matisse Thybulle,2024,POR,SF,26,"10,811996","2,2","0,20347769274054486","10,4","0,9",Sobrepagado,Portland Trail Blazers,Portland,"45,5316","-122,6668"
Alec Burks,2024,NYK,SG,32,"10,801287","1,4","0,12961418393937685","12,9","-0,1",Sobrepagado,New York Knicks,New York,"40,7505","-73,9934"
Chet Holmgren,2024,OKC,C,21,"10,694609","8,9","0,8321949872127163","20,4","3,3",Infravalorado,Oklahoma City Thunder,Oklahoma City,"35,4634","-97,5151"
Landry Shamet,2024,WAS,SG,26,"10,554568","0,3","0,028423711894224376","10,5","-0,4",Sobrepagado,Washington Wizards,Washington,"38,8981","-77,0209"
Al Horford,2024,BOS,C,37,"10,297139","6,2","0,6021089935757884","15,0","2,5",Valor de mercado,Boston Celtics,Boston,"42,3662","-71,0621"
Malik Monk,2024,SAC,SG,25,"10,24136","3,5","0,34175148613074824","16,0","1,2",Valor de mercado,Sacramento Kings,Sacramento,"38,5802","-121,4997"
Tre Jones,2024,SAS,PG,24,"10,189877","4,9","0,4808693961664111","14,7","0,9",Valor de mercado,San Antonio Spurs,San Antonio,"29,427","-98,4375"
Jalen Green,2024,HOU,SG,21,"10,185395","3,1","0,3043573666018844","14,7","1,0",Valor de mercado,Houston Rockets,Houston,"29,7508","-95,3621"
Patrick Williams,2024,CHI,PF,22,"10,128144","1,2","0,1184817277479467","11,0","-0,1",Sobrepagado,Chicago Bulls,Chicago,"41,8807","-87,6742"
Monte Morris,2024,MIN,PG,28,"10,09215","1,2","0,11890429690402936","13,2","0,3",Sobrepagado,Minnesota Timberwolves,Minneapolis,"44,9795","-93,276"
Scoot Henderson,2024,POR,PG,19,"10,061236","-1,7","-0,1689653239423069","9,5","-1,7",Sobrepagado,Portland Trail Blazers,Portland,"45,5316","-122,6668"
Royce O'Neale,2024,PHO,SF,30,"9,782282","3,4","0,3475671627540486","11,1","1,0",Valor de mercado,Phoenix Suns,Phoenix,"33,4457","-112,0712"
Alex Caruso,2024,CHI,SG,29,"9,741094","4,9","0,5030235823614884","14,5","2,3",Valor de mercado,Chicago Bulls,Chicago,"41,8807","-87,6742"
Pat Connaughton,2024,MIL,SF,31,"9,703889","2,8","0,28854410844971534","9,6","0,2",Valor de mercado,Milwaukee Bucks,Milwaukee,"43,045","-87,917"
Cameron Payne,2024,PHI,PG,29,"9,670523","2,4","0,2481768566188199","12,8","0,3",Valor de mercado,Philadelphia 76ers,Philadelphia,"39,9012","-75,172"
Isaiah Hartenstein,2024,NYK,C,25,"9,51983","8,1","0,8508555299832034","18,9","2,6",Infravalorado,New York Knicks,New York,"40,7505","-73,9934"
Kyle Anderson,2024,MIN,PF,30,"9,49346","4,5","0,47401052935389204","12,7","1,4",Valor de mercado,Minnesota Timberwolves,Minneapolis,"44,9795","-93,276"
Daniel Theis,2024,LAC,C,31,"9,379032","2,5","0,2665520279704771","14,4","0,1",Valor de mercado,LA Clippers,Los Angeles,"34,043","-118,2673"
Thaddeus Young,2024,PHO,PF,35,"9,278104","1,3","0,1401148338065622","15,9","0,2",Sobrepagado,Phoenix Suns,Phoenix,"33,4457","-112,0712"
Grayson Allen,2024,PHO,SG,28,"9,190197","6,9","0,7508000100541915","13,8","2,0",Infravalorado,Phoenix Suns,Phoenix,"33,4457","-112,0712"
Isaac Okoro,2024,CLE,SF,23,"9,185866","4,2","0,4572241746178313","11,4","0,4",Valor de mercado,Cleveland Cavaliers,Cleveland,"41,4965","-81,6882"
Evan Mobley,2024,CLE,PF,22,"9,146578","5,5","0,601317782453722","20,1","1,9",Valor de mercado,Cleveland Cavaliers,Cleveland,"41,4965","-81,6882"
Amen Thompson,2024,HOU,SF,21,"9,071042","4,3","0,4740359486815296","18,2","1,3",Valor de mercado,Houston Rockets,Houston,"29,7508","-95,3621"
Georges Niang,2024,CLE,PF,30,"9,061482","2,4","0,26485733790565386","9,9","-0,4",Valor de mercado,Cleveland Cavaliers,Cleveland,"41,4965","-81,6882"
Gary Payton II,2024,GSW,SG,31,"8,973957","1,8","0,20058041285466377","13,9","0,5",Sobrepagado,Golden State Warriors,San Francisco,"37,768","-122,3877"
Keegan Murray,2024,SAC,SF,23,"8,658864","5,2","0,6005406713859925","13,3","0,8",Valor de mercado,Sacramento Kings,Sacramento,"38,5802","-121,4997"
Delon Wright,2024,MIA,PG,31,"8,438631","1,7","0,20145447762794697","13,6","0,5",Sobrepagado,Miami Heat,Miami,"25,7814","-80,187"
Onyeka Okongwu,2024,ATL,C,23,"8,350015","4,5","0,5389211875667289","16,9","0,5",Valor de mercado,Atlanta Hawks,Atlanta,"33,7573","-84,3963"
Scottie Barnes,2024,TOR,SG,22,"8,246649","4,3","0,5214239141256042","19,5","3,0",Valor de mercado,Toronto Raptors,Toronto,"43,6435","-79,3791"
Jock Landale,2024,HOU,C,28,"8,237711","2,3","0,27920377396099477","15,6","0,4",Valor de mercado,Houston Rockets,Houston,"29,7508","-95,3621"
Jeff Green,2024,HOU,PF,37,"8,237711","2,6","0,31562165752112453","11,3","0,0",Valor de mercado,Houston Rockets,Houston,"29,7508","-95,3621"
Moritz Wagner,2024,ORL,C,26,"8,237711","5,6","0,6798004931224221","20,6","1,4",Valor de mercado,Orlando Magic,Orlando,"28,5392","-81,3839"
De'Anthony Melton,2024,PHI,SG,25,"8,237711","2,1","0,25492518492090827","13,4","0,7",Valor de mercado,Philadelphia 76ers,Philadelphia,"39,9012","-75,172"
Trey Lyles,2024,SAC,PF,28,"8,237711","2,4","0,291343068481038","11,9","0,3",Valor de mercado,Sacramento Kings,Sacramento,"38,5802","-121,4997"
Ausar Thompson,2024,DET,SF,21,"8,21446","1,8","0,21912578550507275","12,8","-0,1",Sobrepagado,Detroit Pistons,Detroit,"42,341","-83,0552"
Miles Bridges,2024,CHO,SF,25,"8,156673","2,2","0,26971781264248307","15,4","0,6",Valor de mercado,Charlotte Hornets,Charlotte,"35,2251","-80,8392"
Danilo Gallinari,2024,MIL,PF,35,"8,083317","1,3","0,1608250672341565","13,4","0,0",Sobrepagado,Milwaukee Bucks,Milwaukee,"43,045","-87,917"
Paul Reed,2024,PHI,C,24,"7,95248","5,1","0,6413093777035591","17,4","0,9",Valor de mercado,Philadelphia 76ers,Philadelphia,"39,9012","-75,172"
Zach Collins,2024,SAS,C,26,"7,928797","1,8","0,2270205681896005","14,3","0,0",Sobrepagado,San Antonio Spurs,San Antonio,"29,427","-98,4375"
Jaden Ivey,2024,DET,SG,21,"7,840736","0,5","0,06376952367736907","12,4","-0,6",Sobrepagado,Detroit Pistons,Detroit,"42,341","-83,0552"
Cody Martin,2024,CHO,SF,28,"7,784637","-0,2","-0,02569162826731677","9,2","-0,3",Sobrepagado,Charlotte Hornets,Charlotte,"35,2251","-80,8392"
Kevon Looney,2024,GSW,C,27,"7,722854","4,0","0,5179432370468223","15,1","0,8",Valor de mercado,Golden State Warriors,San Francisco,"37,768","-122,3877"
Killian Hayes,2024,DET,PG,22,"7,634253","0,7","0,09169200968320017","10,5","-0,2",Sobrepagado,Detroit Pistons,Detroit,"42,341","-83,0552"
Jalen Suggs,2024,ORL,SG,22,"7,467568","4,7","0,629388309554061","14,1","1,5",Valor de mercado,Orlando Magic,Orlando,"28,5392","-81,3839"
Anthony Black,2024,ORL,PG,20,"7,460771","1,6","0,2144550476083504","8,4","-0,3",Sobrepagado,Orlando Magic,Orlando,"28,5392","-81,3839"
Jae'Sean Tate,2024,HOU,SF,28,"7,207997","1,8","0,24972263445725632","9,3","-0,1",Valor de mercado,Houston Rockets,Houston,"29,7508","-95,3621"
Bennedict Mathurin,2024,IND,SF,21,"7,121584","1,4","0,19658547873619125","13,0","-0,6",Sobrepagado,Indiana Pacers,Indianapolis,"39,764","-86,1555"
Obi Toppin,2024,IND,PF,25,"7,005156","4,8","0,6852095799151368","16,5","1,5",Valor de mercado,Indiana Pacers,Indianapolis,"39,764","-86,1555"
Caleb Martin,2024,MIA,SF,28,"7,005092","2,4","0,3426079200672882","10,8","0,0",Valor de mercado,Miami Heat,Miami,"25,7814","-80,187"
Cedi Osman,2024,SAS,SF,28,"6,918485","1,9","0,27462659816419344","11,2","0,0",Valor de mercado,San Antonio Spurs,San Antonio,"29,427","-98,4375"
Bilal Coulibaly,2024,WAS,SF,19,"6,810791","0,4","0,05873032956083956","8,9","-0,9",Sobrepagado,Washington Wizards,Washington,"38,8981","-77,0209"
Josh Giddey,2024,OKC,SG,21,"6,782767","4,3","0,6339595625207235","16,6","1,8",Valor de mercado,Oklahoma City Thunder,Oklahoma City,"35,4634","-97,5151"
Ayo Dosunmu,2024,CHI,SG,24,"6,674072","4,1","0,6143176159921558","13,4","0,7",Valor de mercado,Chicago Bulls,Chicago,"41,8807","-87,6742"
Sasha Vezenkov,2024,SAC,PF,28,"6,529894","1,0","0,1531418427312909","13,3","0,1",Sobrepagado,Sacramento Kings,Sacramento,"38,5802","-121,4997"
Shaedon Sharpe,2024,POR,SG,20,"6,501408","0,5","0,07690641780980366","11,4","-0,2",Sobrepagado,Portland Trail Blazers,Portland,"45,5316","-122,6668"
Deni Avdija,2024,WAS,SF,23,"6,449292","3,2","0,49617849525188196","14,9","0,6",Valor de mercado,Washington Wizards,Washington,"38,8981","-77,0209"
Nassir Little,2024,PHO,SF,23,"6,435712","0,7","0,10876807414626384","9,9","-0,1",Sobrepagado,Phoenix Suns,Phoenix,"33,4457","-112,0712"
Bismack Biyombo,2024,OKC,C,31,"6,378124","1,1","0,1724645052369631","9,9","-0,3",Sobrepagado,Oklahoma City Thunder,Oklahoma City,"35,4634","-97,5151"
Jevon Carter,2024,CHI,PG,28,"6,374419","0,2","0,03137540848820889","8,5","-0,5",Sobrepagado,Chicago Bulls,Chicago,"41,8807","-87,6742"
Kenrich Williams,2024,OKC,PF,29,"6,358483","2,5","0,39317554202787053","11,9","0,3",Valor de mercado,Oklahoma City Thunder,Oklahoma City,"35,4634","-97,5151"
Jarace Walker,2024,IND,PF,20,"6,23951","0,4","0,06410759819280681","11,8","0,2",Sobrepagado,Indiana Pacers,Indianapolis,"39,764","-86,1555"
Jonathan Kuminga,2024,GSW,PF,21,"6,191505","4,6","0,7429534499285714","17,0","0,8",Infravalorado,Golden State Warriors,San Francisco,"37,768","-122,3877"
Devin Vassell,2024,SAS,SG,23,"6,062851","3,6","0,5937800549609417","15,7","1,1",Valor de mercado,San Antonio Spurs,San Antonio,"29,427","-98,4375"
Tyrese Haliburton,2024,IND,PG,23,"5,981026","9,0","1,5047585481153234","23,3","5,0",Infravalorado,Indiana Pacers,Indianapolis,"39,764","-86,1555"
Dyson Daniels,2024,NOP,PG,20,"5,955989","2,9","0,4869048616443046","12,0","0,9",Valor de mercado,New Orleans Pelicans,New Orleans,"29,949","-90,0821"
Dean Wade,2024,CLE,PF,27,"5,87954","2,5","0,425203332233474","10,2","0,6",Valor de mercado,Cleveland Cavaliers,Cleveland,"41,4965","-81,6882"
Aaron Nesmith,2024,IND,SF,24,"5,801673","4,1","0,706692707431115","12,8","0,8",Valor de mercado,Indiana Pacers,Indianapolis,"39,764","-86,1555"
Aleksej Pokusevski,2024,CHO,PF,22,"5,740458","0,4","0,0696808512491512","12,7","0,0",Sobrepagado,Charlotte Hornets,Charlotte,"35,2251","-80,8392"
Taylor Hendricks,2024,UTA,PF,20,"5,735375","1,2","0,20922781858204562","11,8","0,1",Sobrepagado,Utah Jazz,Salt Lake City,"40,7683","-111,9011"
Shake Milton,2024,NYK,SG,27,"5,717936","0,6","0,1049329688195181","9,2","-0,3",Sobrepagado,New York Knicks,New York,"40,7505","-73,9934"
JaVale McGee,2024,SAC,C,36,"5,709529","0,7","0,12260205701731264","19,0","0,1",Sobrepagado,Sacramento Kings,Sacramento,"38,5802","-121,4997"
Cole Anthony,2024,ORL,PG,23,"5,704379","3,6","0,6310941120847685","14,6","1,0",Valor de mercado,Orlando Magic,Orlando,"28,5392","-81,3839"
Franz Wagner,2024,ORL,SF,22,"5,672405","6,4","1,1282692261924174","17,6","1,9",Infravalorado,Orlando Magic,Orlando,"28,5392","-81,3839"
Furkan Korkmaz,2024,PHI,SG,26,"5,529945","0,4","0,07233344997102142","9,2","-0,1",Sobrepagado,Philadelphia 76ers,Philadelphia,"39,9012","-75,172"
Jeremy Sochan,2024,SAS,PF,20,"5,474947","1,4","0,25571023792559083","11,4","-0,8",Valor de mercado,San Antonio Spurs,San Antonio,"29,427","-98,4375"
Cason Wallace,2024,OKC,SG,20,"5,448579","4,0","0,7341363683999076","12,0","0,9",Valor de mercado,Oklahoma City Thunder,Oklahoma City,"35,4634","-97,5151"
Isaiah Stewart,2024,DET,PF,22,"5,423207","1,7","0,31346765852750963","11,3","-0,1",Valor de mercado,Detroit Pistons,Detroit,"42,341","-83,0552"
Chuma Okeke,2024,ORL,SF,25,"5,423206","0,3","0,055317832293296613","6,9","-0,2",Sobrepagado,Orlando Magic,Orlando,"28,5392","-81,3839"
Davion Mitchell,2024,SAC,PG,25,"5,2141","1,3","0,249323948524194","9,3","-0,4",Valor de mercado,Sacramento Kings,Sacramento,"38,5802","-121,4997"
Johnny Davis,2024,WAS,SG,21,"5,200879","-0,1","-0,01922751904053142","6,2","-0,7",Sobrepagado,Washington Wizards,Washington,"38,8981","-77,0209"
Jalen Smith,2024,IND,C,23,"5,193643","4,0","0,7701723048734771","20,7","1,2",Infravalorado,Indiana Pacers,Indianapolis,"39,764","-86,1555"
Jett Howard,2024,ORL,SF,20,"5,17619","0,0","0,0","8,6","0,0",Sobrepagado,Orlando Magic,Orlando,"28,5392","-81,3839"
Reggie Jackson,2024,DEN,PG,33,"5,148569","2,1","0,4078803255817296","11,7","-0,6",Valor de mercado,Denver Nuggets,Denver,"39,7487","-105,0077"
Mason Plumlee,2024,LAC,C,33,"5,148569","2,0","0,3884574529349806","15,8","0,2",Valor de mercado,LA Clippers,Los Angeles,"34,043","-118,2673"
Ziaire Williams,2024,MEM,SF,22,"4,95313","0,2","0,04037850813525993","9,3","-0,6",Sobrepagado,Memphis Grizzlies,Memphis,"35,1382","-90,0505"
Ousmane Dieng,2024,OKC,PF,20,"4,94102","0,4","0,08095494452562427","10,1","-0,1",Sobrepagado,Oklahoma City Thunder,Oklahoma City,"35,4634","-97,5151"
Taj Gibson,2024,DET,PF,38,"4,918224","0,2","0,040665085608138224","5,9","-0,2",Sobrepagado,Detroit Pistons,Detroit,"42,341","-83,0552"
Josh Green,2024,DAL,SG,23,"4,906936","2,2","0,44834495497801485","9,9","-0,3",Valor de mercado,Dallas Mavericks,Dallas,"32,7905","-96,8103"
Nickeil Alexander-Walker,2024,MIN,SG,25,"4,826784","4,3","0,8908623215789229","10,9","1,1",Infravalorado,Minnesota Timberwolves,Minneapolis,"44,9795","-93,276"
Jarred Vanderbilt,2024,LAL,PF,24,"4,777872","1,1","0,2302280178288577","11,6","0,0",Sobrepagado,LA Lakers,Los Angeles,"34,043","-118,2673"
James Bouknight,2024,CHO,SG,23,"4,705875","0,1","0,021250033203176883","15,9","0,1",Sobrepagado,Charlotte Hornets,Charlotte,"35,2251","-80,8392"
Jalen Williams,2024,OKC,PF,22,"4,694136","7,3","1,5551317643971114","19,1","2,4",Infravalorado,Oklahoma City Thunder,Oklahoma City,"35,4634","-97,5151"
Saddiq Bey,2024,ATL,SF,24,"4,692389","3,5","0,7458887146824357","13,1","0,1",Infravalorado,Atlanta Hawks,Atlanta,"33,7573","-84,3963"
Gradey Dick,2024,TOR,SG,20,"4,671511","0,3","0,06421905032440253","8,9","-1,1",Sobrepagado,Toronto Raptors,Toronto,"43,6435","-79,3791"
Taurean Prince,2024,LAL,PF,29,"4,650188","1,9","0,4085856313766239","8,8","-0,4",Valor de mercado,LA Lakers,Los Angeles,"34,043","-118,2673"
Jalen McDaniels,2024,TOR,SF,26,"4,650188","-0,8","-0,17203605531647323","5,0","-1,0",Sobrepagado,Toronto Raptors,Toronto,"43,6435","-79,3791"
Precious Achiuwa,2024,NYK,PF,24,"4,509659","3,4","0,7539372710885679","14,6","0,2",Infravalorado,New York Knicks,New York,"40,7505","-73,9934"
Tyrese Maxey,2024,PHI,PG,23,"4,472995","8,1","1,810867215366885","19,8","3,4",Infravalorado,Philadelphia 76ers,Philadelphia,"39,9012","-75,172"
Jalen Duren,2024,DET,C,20,"4,459361","4,8","1,0763874016927537","18,7","0,9",Infravalorado,Detroit Pistons,Detroit,"42,341","-83,0552"
Jordan Hawkins,2024,NOP,SG,21,"4,438269","1,3","0,29290698693567246","10,2","-0,3",Valor de mercado,New Orleans Pelicans,New Orleans,"29,949","-90,0821"
Mike Muscala,2024,OKC,C,32,"4,436312","0,1","0,022541245971879346","7,5","-0,5",Sobrepagado,Oklahoma City Thunder,Oklahoma City,"35,4634","-97,5151"
Zeke Nnaji,2024,DEN,PF,23,"4,434237","1,2","0,2706215297017277","12,4","-0,2",Valor de mercado,Denver Nuggets,Denver,"39,7487","-105,0077"
Immanuel Quickley,2024,TOR,PG,24,"4,295501","4,7","1,0941680609549387","16,7","1,7",Infravalorado,Toronto Raptors,Toronto,"43,6435","-79,3791"
Chris Duarte,2024,SAC,SF,26,"4,246952","0,7","0,16482409031229925","8,4","-0,2",Sobrepagado,Sacramento Kings,Sacramento,"38,5802","-121,4997"
Ochai Agbaji,2024,TOR,SG,23,"4,236449","0,1","0,0236046745753342","7,7","-1,0",Sobrepagado,Toronto Raptors,Toronto,"43,6435","-79,3791"
Kobe Bufkin,2024,ATL,SG,20,"4,2159","-0,1","-0,023719727697526033","9,1","-0,1",Sobrepagado,Atlanta Hawks,Atlanta,"33,7573","-84,3963"
Payton Pritchard,2024,BOS,PG,26,"4,15724","6,1","1,4673196640078514","15,3","1,4",Infravalorado,Boston Celtics,Boston,"42,3662","-71,0621"
Seth Curry,2024,CHO,SG,33,"4,118855","0,5","0,12139295993668144","9,9","-0,2",Sobrepagado,Charlotte Hornets,Charlotte,"35,2251","-80,8392"
Dwight Powell,2024,DAL,C,32,"4,118855","3,1","0,7526363516074249","14,5","0,4",Infravalorado,Dallas Mavericks,Dallas,"32,7905","-96,8103"
Moses Moody,2024,GSW,SG,21,"4,034913","2,4","0,5948083638978089","13,7","0,6",Valor de mercado,Golden State Warriors,San Francisco,"37,768","-122,3877"
Mark Williams,2024,CHO,C,22,"4,024286","2,1","0,52183169884049","22,5","0,3",Valor de mercado,Charlotte Hornets,Charlotte,"35,2251","-80,8392"
Jaden McDaniels,2024,MIN,SF,23,"4,017325","3,4","0,8463343145003206","9,4","-0,3",Infravalorado,Minnesota Timberwolves,Minneapolis,"44,9795","-93,276"
Keyonte George,2024,UTA,PG,20,"4,005356","-0,3","-0,07489970928926168","10,4","-1,2",Sobrepagado,Utah Jazz,Salt Lake City,"40,7683","-111,9011"
Malachi Flynn,2024,DET,PG,25,"3,988106","0,5","0,12537279600893256","11,9","0,0",Sobrepagado,Detroit Pistons,Detroit,"42,341","-83,0552"
Desmond Bane,2024,MEM,SG,25,"3,959335","3,1","0,7829597647079624","18,5","1,7",Infravalorado,Memphis Grizzlies,Memphis,"35,1382","-90,0505"
Russell Westbrook,2024,LAC,PG,35,"3,949713","2,1","0,5316842008520619","16,2","1,0",Valor de mercado,LA Clippers,Los Angeles,"34,043","-118,2673"
Kevin Love,2024,MIA,PF,35,"3,949713","3,3","0,8355037441960972","18,5","1,3",Infravalorado,Miami Heat,Miami,"25,7814","-80,187"
Corey Kispert,2024,WAS,SF,24,"3,832636","2,1","0,5479257617994509","12,8","-0,1",Valor de mercado,Washington Wizards,Washington,"38,8981","-77,0209"
AJ Griffin,2024,ATL,SF,20,"3,823245","-0,4","-0,10462316696941996","1,2","-0,3",Sobrepagado,Atlanta Hawks,Atlanta,"33,7573","-84,3963"
Jalen Hood-Schifino,2024,LAL,SG,20,"3,804871","-0,5","-0,13141049985663114","-1,5","-0,4",Sobrepagado,LA Lakers,Los Angeles,"34,043","-118,2673"
Amir Coffey,2024,LAC,SF,26,"3,775618","2,6","0,6886289873604798","10,0","-0,1",Valor de mercado,LA Clippers,Los Angeles,"34,043","-118,2673"
Tari Eason,2024,HOU,PF,22,"3,631965","1,3","0,3579329646623797","17,1","0,4",Valor de mercado,Houston Rockets,Houston,"29,7508","-95,3621"
Andre Drummond,2024,CHI,C,30,"3,459838","4,9","1,4162512811293477","23,0","0,7",Infravalorado,Chicago Bulls,Chicago,"41,8807","-87,6742"
Brandin Podziemski,2024,GSW,SG,20,"3,452017","4,1","1,1877114162531643","13,0","0,9",Infravalorado,Golden State Warriors,San Francisco,"37,768","-122,3877"
Dalen Terry,2024,CHI,SG,21,"3,450324","0,8","0,23186228307834278","10,2","0,0",Sobrepagado,Chicago Bulls,Chicago,"41,8807","-87,6742"
Jake LaRavia,2024,MEM,PF,22,"3,295002","1,0","0,30348995235814724","12,6","-0,1",Valor de mercado,Memphis Grizzlies,Memphis,"35,1382","-90,0505"
Wesley Matthews,2024,ATL,SG,37,"3,291427","0,4","0,12152783579887994","8,2","-0,1",Sobrepagado,Atlanta Hawks,Atlanta,"33,7573","-84,3963"
Tristan Thompson,2024,CLE,C,32,"3,291427","1,4","0,4253474252960797","13,9","0,1",Valor de mercado,Cleveland Cavaliers,Cleveland,"41,4965","-81,6882"
Markieff Morris,2024,DAL,PF,34,"3,291427","-0,1","-0,030381958949719984","6,6","-0,2",Sobrepagado,Dallas Mavericks,Dallas,"32,7905","-96,8103"
Justin Holiday,2024,DEN,SG,34,"3,291427","1,8","0,5468752610949598","9,7","0,1",Valor de mercado,Denver Nuggets,Denver,"39,7487","-105,0077"
DeAndre Jordan,2024,DEN,C,35,"3,291427","1,2","0,3645835073966398","16,0","0,0",Valor de mercado,Denver Nuggets,Denver,"39,7487","-105,0077"
Cory Joseph,2024,GSW,PG,32,"3,291427","0,2","0,06076391789943997","6,2","-0,2",Sobrepagado,Golden State Warriors,San Francisco,"37,768","-122,3877"
Derrick Rose,2024,MEM,PG,35,"3,291427","0,4","0,12152783579887994","13,1","-0,1",Sobrepagado,Memphis Grizzlies,Memphis,"35,1382","-90,0505"
Jae Crowder,2024,MIL,PF,33,"3,291427","1,6","0,48611134319551974","8,9","-0,2",Valor de mercado,Milwaukee Bucks,Milwaukee,"43,045","-87,917"
Patrick Beverley,2024,MIL,PG,35,"3,291427","2,7","0,8203128916424396","11,6","0,3",Infravalorado,Milwaukee Bucks,Milwaukee,"43,045","-87,917"
Cody Zeller,2024,NOP,C,31,"3,291427","0,8","0,24305567159775987","12,8","0,0",Sobrepagado,New Orleans Pelicans,New Orleans,"29,949","-90,0821"
Eric Gordon,2024,PHO,SG,35,"3,291427","2,5","0,7595489737429996","10,8","0,1",Infravalorado,Phoenix Suns,Phoenix,"33,4457","-112,0712"
Alex Len,2024,SAC,C,30,"3,291427","1,3","0,3949654663463598","14,7","0,2",Valor de mercado,Sacramento Kings,Sacramento,"38,5802","-121,4997"
Robin Lopez,2024,MIL,C,35,"3,291427","0,0","0,0","6,6","-0,1",Sobrepagado,Milwaukee Bucks,Milwaukee,"43,045","-87,917"
Garrett Temple,2024,TOR,SG,37,"3,291427","0,2","0,06076391789943997","9,5","-0,2",Sobrepagado,Toronto Raptors,Toronto,"43,6435","-79,3791"
Tre Mann,2024,CHO,PG,22,"3,286229","1,2","0,36516018816704493","13,7","0,2",Valor de mercado,Charlotte Hornets,Charlotte,"35,2251","-80,8392"
Noah Clowney,2024,BRK,PF,19,"3,18126","0,9","0,2829067727881406","14,2","0,1",Valor de mercado,Brooklyn Nets,Brooklyn,"40,6828","-73,9752"
Malaki Branham,2024,SAS,PG,20,"3,163157","-0,3","-0,09484195694364839","8,7","-1,5",Sobrepagado,San Antonio Spurs,San Antonio,"29,427","-98,4375"
Simone Fontecchio,2024,DET,SF,28,"3,135347","2,1","0,669782323934161","12,1","0,4",Valor de mercado,Detroit Pistons,Detroit,"42,341","-83,0552"
Dante Exum,2024,DAL,PG,28,"3,089141","2,9","0,9387722994839017","13,7","0,4",Infravalorado,Dallas Mavericks,Dallas,"32,7905","-96,8103"
Julian Champagnie,2024,SAS,SF,22,"3,089141","1,8","0,582686254852077","10,6","0,0",Valor de mercado,San Antonio Spurs,San Antonio,"29,427","-98,4375"
Jordan Nwora,2024,TOR,SF,25,"3,089141","0,5","0,16185729301446583","13,7","-0,1",Sobrepagado,Toronto Raptors,Toronto,"43,6435","-79,3791"
Christian Braun,2024,DEN,SG,22,"3,03675","3,4","1,1196180126780275","12,1","0,0",Infravalorado,Denver Nuggets,Denver,"39,7487","-105,0077"
Jalen Johnson,2024,ATL,SF,22,"3,012284","3,8","1,2615012395909548","16,3","1,5",Infravalorado,Atlanta Hawks,Atlanta,"33,7573","-84,3963"
Josh Richardson,2024,MIA,SG,30,"2,977383","2,1","0,7053173877865226","11,4","0,2",Valor de mercado,Miami Heat,Miami,"25,7814","-80,187"
Kris Murray,2024,POR,SF,23,"2,932114","0,7","0,23873560168533692","9,0","-0,6",Sobrepagado,Portland Trail Blazers,Portland,"45,5316","-122,6668"
Walker Kessler,2024,UTA,C,22,"2,915285","4,1","1,4063805082521947","18,0","1,1",Infravalorado,Utah Jazz,Salt Lake City,"40,7683","-111,9011"
Josh Okogie,2024,PHO,SG,25,"2,899609","2,1","0,7242355779693056","12,0","0,4",Valor de mercado,Phoenix Suns,Phoenix,"33,4457","-112,0712"
Omer Yurtseven,2024,UTA,C,25,"2,883199","0,7","0,24278587776979668","15,0","-0,1",Sobrepagado,Utah Jazz,Salt Lake City,"40,7683","-111,9011"
Olivier-Maxence Prosper,2024,DAL,PF,21,"2,814949","0,5","0,17762311146667312","11,6","-0,1",Sobrepagado,Dallas Mavericks,Dallas,"32,7905","-96,8103"
David Roddy,2024,PHO,PF,22,"2,799009","0,1","0,03572693049575761","8,7","-0,9",Sobrepagado,Phoenix Suns,Phoenix,"33,4457","-112,0712"
Christian Wood,2024,LAL,PF,28,"2,790369","1,2","0,4300506492152113","12,3","-0,2",Valor de mercado,LA Lakers,Los Angeles,"34,043","-118,2673"
Malik Beasley,2024,MIL,SG,27,"2,790369","3,5","1,2543143935443664","10,3","0,1",Infravalorado,Milwaukee Bucks,Milwaukee,"43,045","-87,917"
Chimezie Metu,2024,DET,C,26,"2,777404","1,5","0,5400726721787683","13,3","0,2",Valor de mercado,Detroit Pistons,Detroit,"42,341","-83,0552"
Isaiah Jackson,2024,IND,C,22,"2,776397","3,3","1,1885908247271555","21,5","0,7",Infravalorado,Indiana Pacers,Indianapolis,"39,764","-86,1555"
Marcus Sasser,2024,DET,PG,23,"2,701998","0,9","0,3330868490650252","11,8","-0,2",Valor de mercado,Detroit Pistons,Detroit,"42,341","-83,0552"
MarJon Beauchamp,2024,MIL,SF,23,"2,686935","0,7","0,2605198860411584","9,7","-0,2",Valor de mercado,Milwaukee Bucks,Milwaukee,"43,045","-87,917"
Charles Bassey,2024,SAS,C,23,"2,677256","0,7","0,26146173544853385","17,7","0,2",Valor de mercado,San Antonio Spurs,San Antonio,"29,427","-98,4375"
Damian Jones,2024,CLE,C,28,"2,663525","0,8","0,30035385438469697","15,8","0,1",Valor de mercado,Cleveland Cavaliers,Cleveland,"41,4965","-81,6882"
Kris Dunn,2024,UTA,PG,29,"2,663338","2,0","0,75093735755657","12,8","0,6",Infravalorado,Utah Jazz,Salt Lake City,"40,7683","-111,9011"
Bruno Fernando,2024,ATL,C,25,"2,658229","1,5","0,5642854697620108","15,2","-0,1",Valor de mercado,Atlanta Hawks,Atlanta,"33,7573","-84,3963"
Jeremiah Robinson-Earl,2024,NOP,PF,23,"2,624578","0,6","0,22860818005789882","11,8","0,0",Sobrepagado,New Orleans Pelicans,New Orleans,"29,949","-90,0821"
Ben Sheppard,2024,IND,SG,22,"2,612561","0,8","0,30621294584126457","8,1","-0,3",Valor de mercado,Indiana Pacers,Indianapolis,"39,764","-86,1555"
Torrey Craig,2024,CHI,SF,33,"2,603356","1,9","0,7298271922856497","10,8","0,0",Valor de mercado,Chicago Bulls,Chicago,"41,8807","-87,6742"
Ryan Arcidiacono,2024,NYK,PG,29,"2,603356","-0,1","-0,038411957488718416","-2,0","-0,1",Sobrepagado,New York Knicks,New York,"40,7505","-73,9934"
Thomas Bryant,2024,MIA,C,26,"2,603356","1,6","0,6145913198194947","19,0","0,2",Valor de mercado,Miami Heat,Miami,"25,7814","-80,187"
Blake Wesley,2024,SAS,SG,20,"2,579062","0,9","0,34896408073943164","10,1","-0,4",Valor de mercado,San Antonio Spurs,San Antonio,"29,427","-98,4375"
Lamar Stevens,2024,MEM,PF,26,"2,566411","0,8","0,3117193621754271","14,6","0,0",Valor de mercado,Memphis Grizzlies,Memphis,"35,1382","-90,0505"
Brice Sensabaugh,2024,UTA,SF,20,"2,521357","-0,3","-0,11898354735168402","8,6","-0,5",Sobrepagado,Utah Jazz,Salt Lake City,"40,7683","-111,9011"
Julian Strawther,2024,DEN,SF,21,"2,503279","0,2","0,07989520944329417","8,2","-0,6",Sobrepagado,Denver Nuggets,Denver,"39,7487","-105,0077"
Tristan Vukcevic,2024,WAS,C,20,"2,496945","0,1","0,040048939804441026","13,9","-0,1",Sobrepagado,Washington Wizards,Washington,"38,8981","-77,0209"
Jordan McLaughlin,2024,MIN,PG,27,"2,491907","2,5","1,0032477134981361","15,5","1,0",Infravalorado,Minnesota Timberwolves,Minneapolis,"44,9795","-93,276"
Kobe Brown,2024,LAC,PF,24,"2,485066","0,5","0,2012018996678559","7,6","-0,2",Sobrepagado,LA Clippers,Los Angeles,"34,043","-118,2673"
Luke Kornet,2024,BOS,C,28,"2,485012","5,1","2,052303972777596","19,8","1,3",Infravalorado,Boston Celtics,Boston,"42,3662","-71,0621"
John Konchar,2024,MEM,SF,27,"2,471313","2,2","0,8902150395356639","11,4","0,5",Infravalorado,Memphis Grizzlies,Memphis,"35,1382","-90,0505"
Quentin Grimes,2024,DET,SG,23,"2,456609","1,3","0,5291847420570388","8,9","-0,1",Valor de mercado,Detroit Pistons,Detroit,"42,341","-83,0552"
Keita Bates-Diop,2024,BRK,SF,28,"2,416341","1,3","0,5380035350970744","11,5","0,2",Valor de mercado,Brooklyn Nets,Brooklyn,"40,6828","-73,9752"
Aaron Holiday,2024,HOU,PG,27,"2,416341","2,5","1,0346221828789892","11,5","0,2",Infravalorado,Houston Rockets,Houston,"29,7508","-95,3621"
Yuta Watanabe,2024,MEM,SF,29,"2,416341","-0,1","-0,041384887315159574","4,7","-0,5",Sobrepagado,Memphis Grizzlies,Memphis,"35,1382","-90,0505"
Thanasis Antetokounmpo,2024,MIL,PF,31,"2,416341","0,0","0,0","5,5","-0,2",Sobrepagado,Milwaukee Bucks,Milwaukee,"43,045","-87,917"
Mo Bamba,2024,PHI,C,25,"2,416341","2,0","0,8276977463031915","15,4","0,2",Infravalorado,Philadelphia 76ers,Philadelphia,"39,9012","-75,172"
Drew Eubanks,2024,PHO,C,26,"2,416341","3,1","1,2829315067699467","14,4","0,2",Infravalorado,Phoenix Suns,Phoenix,"33,4457","-112,0712"
Harry Giles,2024,LAL,C,25,"2,37509","0,1","0,042103667650489035","14,8","-0,1",Sobrepagado,LA Lakers,Los Angeles,"34,043","-118,2673"
Bones Hyland,2024,LAC,PG,23,"2,374932","0,0","0,0","10,8","-0,2",Sobrepagado,LA Clippers,Los Angeles,"34,043","-118,2673"
Peyton Watson,2024,DEN,SF,21,"2,371966","2,5","1,0539780081164738","11,8","-0,1",Infravalorado,Denver Nuggets,Denver,"39,7487","-105,0077"
Cam Thomas,2024,BRK,SG,22,"2,306724","2,5","1,0837880908162398","16,1","0,4",Infravalorado,Brooklyn Nets,Brooklyn,"40,6828","-73,9752"
Jaden Springer,2024,BOS,SG,21,"2,29239","0,6","0,2617355685550888","10,7","-0,2",Valor de mercado,Boston Celtics,Boston,"42,3662","-71,0621"
Day'Ron Sharpe,2024,BRK,C,22,"2,275709","2,9","1,2743281324633333","20,0","0,5",Infravalorado,Brooklyn Nets,Brooklyn,"40,6828","-73,9752"
Jordan Goodwin,2024,MEM,PG,25,"2,273654","1,2","0,5277847904738363","12,6","0,3",Valor de mercado,Memphis Grizzlies,Memphis,"35,1382","-90,0505"
Oshae Brissett,2024,BOS,SF,25,"2,22933","1,7","0,7625609488052464","12,8","0,0",Infravalorado,Boston Celtics,Boston,"42,3662","-71,0621"
Cam Reddish,2024,LAL,SF,24,"2,22933","0,6","0,26913915840185165","7,7","-0,3",Valor de mercado,LA Lakers,Los Angeles,"34,043","-118,2673"
Jaxson Hayes,2024,LAL,C,23,"2,22933","2,5","1,1214131600077153","14,0","0,0",Infravalorado,LA Lakers,Los Angeles,"34,043","-118,2673"
Bol Bol,2024,PHO,PF,24,"2,22933","1,6","0,7177044224049378","18,7","0,5",Valor de mercado,Phoenix Suns,Phoenix,"33,4457","-112,0712"
Moses Brown,2024,POR,C,24,"2,22933","0,2","0,08971305280061723","14,5","-0,2",Sobrepagado,Portland Trail Blazers,Portland,"45,5316","-122,6668"
Kevin Knox,2024,DET,SF,24,"2,208036","0,4","0,18115646665181184","9,9","-0,4",Sobrepagado,Detroit Pistons,Detroit,"42,341","-83,0552"
Andrew Nembhard,2024,IND,PG,24,"2,195252","2,0","0,9110571360372295","11,3","-0,1",Infravalorado,Indiana Pacers,Indianapolis,"39,764","-86,1555"
Goga Bitadze,2024,ORL,C,24,"2,127991","3,7","1,7387291581590334","17,8","1,0",Infravalorado,Orlando Magic,Orlando,"28,5392","-81,3839"
Matt Ryan,2024,NOP,SF,26,"2,120986","0,5","0,23573941553598188","9,0","-0,1",Sobrepagado,New Orleans Pelicans,New Orleans,"29,949","-90,0821"
Trendon Watford,2024,BRK,PF,23,"2,079719","1,8","0,8655015413139949","15,7","0,3",Infravalorado,Brooklyn Nets,Brooklyn,"40,6828","-73,9752"
Terry Taylor,2024,CHI,PF,24,"2,079719","0,3","0,1442502568856658","10,1","0,0",Sobrepagado,Chicago Bulls,Chicago,"41,8807","-87,6742"
Dalano Banton,2024,POR,PG,24,"2,079719","0,5","0,240417094809443","13,3","0,2",Sobrepagado,Portland Trail Blazers,Portland,"45,5316","-122,6668"
Colby Jones,2024,SAC,SG,21,"2,079719","0,0","0,0","8,9","-0,1",Sobrepagado,Sacramento Kings,Sacramento,"38,5802","-121,4997"
Sandro Mamukelashvili,2024,SAS,C,24,"2,079719","1,0","0,480834189618886","15,8","0,2",Valor de mercado,San Antonio Spurs,San Antonio,"29,427","-98,4375"
Garrison Mathews,2024,ATL,SG,27,"2,059427","1,6","0,7769151322188163","8,9","-0,2",Infravalorado,Atlanta Hawks,Atlanta,"33,7573","-84,3963"
Jaylin Williams,2024,OKC,C,21,"2,059427","2,4","1,1653726983282244","12,7","0,7",Infravalorado,Oklahoma City Thunder,Oklahoma City,"35,4634","-97,5151"
Caleb Houstan,2024,ORL,SF,21,"2,059427","1,5","0,7283579364551402","8,3","0,0",Valor de mercado,Orlando Magic,Orlando,"28,5392","-81,3839"
Sam Merrill,2024,CLE,SG,27,"2,056583","2,8","1,361481642121908","13,1","0,7",Infravalorado,Cleveland Cavaliers,Cleveland,"41,4965","-81,6882"
Isaiah Joe,2024,OKC,SG,24,"2,056583","3,5","1,7018520526523853","13,4","1,0",Infravalorado,Oklahoma City Thunder,Oklahoma City,"35,4634","-97,5151"
Anthony Gill,2024,WAS,PF,31,"2,056583","0,4","0,19449737744598689","12,1","-0,3",Sobrepagado,Washington Wizards,Washington,"38,8981","-77,0209"
Duop Reath,2024,POR,C,27,"2,009198","2,4","1,1945064647685295","15,1","0,3",Infravalorado,Portland Trail Blazers,Portland,"45,5316","-122,6668"
Naji Marshall,2024,NOP,SF,26,"1,988049","2,6","1,307814847621965","12,7","0,4",Infravalorado,New Orleans Pelicans,New Orleans,"29,949","-90,0821"
KJ Martin,2024,PHI,SF,23,"1,988049","1,1","0,5533062816862161","9,9","-0,4",Valor de mercado,Philadelphia 76ers,Philadelphia,"39,9012","-75,172"
Sam Hauser,2024,BOS,SF,26,"1,985181","4,9","2,4682887857580744","13,0","1,4",Infravalorado,Boston Celtics,Boston,"42,3662","-71,0621"
Jericho Sims,2024,NYK,C,25,"1,985181","1,5","0,7555986078851248","10,9","0,0",Infravalorado,New York Knicks,New York,"40,7505","-73,9934"
Kessler Edwards,2024,SAC,SF,23,"1,985181","0,5","0,25186620262837495","10,3","0,0",Valor de mercado,Sacramento Kings,Sacramento,"38,5802","-121,4997"
Haywood Highsmith,2024,MIA,PF,27,"1,958657","3,1","1,582717137303775","11,1","0,5",Infravalorado,Miami Heat,Miami,"25,7814","-80,187"
Ryan Rollins,2024,MIL,PG,21,"1,949854","0,3","0,15385767344631956","22,0","0,2",Sobrepagado,Milwaukee Bucks,Milwaukee,"43,045","-87,917"
JT Thor,2024,CHO,PF,21,"1,890653","0,6","0,317350671963602","9,1","-0,5",Valor de mercado,Charlotte Hornets,Charlotte,"35,2251","-80,8392"
Jose Alvarado,2024,NOP,PG,25,"1,890653","2,1","1,110727351872607","12,5","0,5",Infravalorado,New Orleans Pelicans,New Orleans,"29,949","-90,0821"
Miles McBride,2024,NYK,PG,23,"1,890653","3,6","1,904104031781612","13,1","0,6",Infravalorado,New York Knicks,New York,"40,7505","-73,9934"
Aaron Wiggins,2024,OKC,SG,25,"1,890653","3,7","1,9569958104422125","15,6","0,8",Infravalorado,Oklahoma City Thunder,Oklahoma City,"35,4634","-97,5151"
Isaiah Livers,2024,DET,PF,25,"1,890653","-0,1","-0,05289177866060034","5,1","-0,5",Sobrepagado,Detroit Pistons,Detroit,"42,341","-83,0552"
Jared Butler,2024,WAS,SG,23,"1,863557","0,6","0,3219649305065528","14,1","0,0",Valor de mercado,Washington Wizards,Washington,"38,8981","-77,0209"
Orlando Robinson,2024,MIA,C,23,"1,855306","0,9","0,48509518106447136","14,0","0,1",Valor de mercado,Miami Heat,Miami,"25,7814","-80,187"
Leonard Miller,2024,MIN,SF,20,"1,853485","0,3","0,16185725808409562","27,0","0,2",Sobrepagado,Minnesota Timberwolves,Minneapolis,"44,9795","-93,276"
Bryce McGowens,2024,CHO,SG,21,"1,770967","0,6","0,33879795614486324","9,3","-0,6",Valor de mercado,Charlotte Hornets,Charlotte,"35,2251","-80,8392"
Jaden Hardy,2024,DAL,SG,21,"1,770967","0,3","0,16939897807243162","11,2","-0,5",Sobrepagado,Dallas Mavericks,Dallas,"32,7905","-96,8103"
Max Christie,2024,LAL,SG,20,"1,770967","0,7","0,3952642821690071","8,4","-0,4",Valor de mercado,LA Lakers,Los Angeles,"34,043","-118,2673"
Josh Minott,2024,MIN,SF,21,"1,770967","0,4","0,22586530409657551","20,4","0,2",Sobrepagado,Minnesota Timberwolves,Minneapolis,"44,9795","-93,276"
Jabari Walker,2024,POR,SF,21,"1,770967","2,9","1,6375234547001722","13,0","-0,6",Infravalorado,Portland Trail Blazers,Portland,"45,5316","-122,6668"
Jalen Pickett,2024,DEN,SG,24,"1,758898","0,2","0,11370756007454667","9,7","0,0",Sobrepagado,Denver Nuggets,Denver,"39,7487","-105,0077"
Julian Phillips,2024,CHI,SF,20,"1,647542","0,2","0,12139295993668144","7,0","-0,3",Sobrepagado,Chicago Bulls,Chicago,"41,8807","-87,6742"
Eugene Omoruyi,2024,WAS,SF,26,"1,503157","0,6","0,3991599014607256","16,0","0,0",Valor de mercado,Washington Wizards,Washington,"38,8981","-77,0209"
DaQuan Jeffries,2024,NYK,SG,26,"1,3814","-0,1","-0,07239032865209209","3,1","-0,1",Sobrepagado,New York Knicks,New York,"40,7505","-73,9934"
Skylar Mays,2024,LAL,PG,26,"1,199904","0,4","0,33336000213350403","12,0","0,0",Valor de mercado,LA Lakers,Los Angeles,"34,043","-118,2673"
Hunter Tyson,2024,DEN,PF,23,"1,152829","0,0","0,0","6,0","-0,1",Sobrepagado,Denver Nuggets,Denver,"39,7487","-105,0077"
Trayce Jackson-Davis,2024,GSW,PF,23,"1,152829","4,8","4,163670414259183","21,6","1,4",Infravalorado,Golden State Warriors,San Francisco,"37,768","-122,3877"
Maxwell Lewis,2024,LAL,SF,21,"1,152829","-0,4","-0,3469725345215986","-3,9","-0,3",Sobrepagado,LA Lakers,Los Angeles,"34,043","-118,2673"
Chris Livingston,2024,MIL,SF,20,"1,152829","0,1","0,08674313363039965","6,9","-0,1",Sobrepagado,Milwaukee Bucks,Milwaukee,"43,045","-87,917"
Rayan Rupert,2024,POR,SG,19,"1,152829","-0,1","-0,08674313363039965","5,8","-0,8",Sobrepagado,Portland Trail Blazers,Portland,"45,5316","-122,6668"
Toumani Camara,2024,POR,PF,23,"1,152829","2,0","1,734862672607993","10,6","-0,5",Infravalorado,Portland Trail Blazers,Portland,"45,5316","-122,6668"
Sidy Cissoko,2024,SAS,SF,19,"1,152829","0,3","0,26022940089119895","12,0","0,0",Valor de mercado,San Antonio Spurs,San Antonio,"29,427","-98,4375"
Dylan Windler,2024,ATL,SF,27,"1,149455","0,3","0,2609932533244016","14,2","0,1",Valor de mercado,Atlanta Hawks,Atlanta,"33,7573","-84,3963"
Trent Forrest,2024,ATL,SG,25,"1,146002","0,2","0,17451976523601181","8,9","-0,3",Sobrepagado,Atlanta Hawks,Atlanta,"33,7573","-84,3963"
Kendall Brown,2024,IND,SG,20,"1,132685","0,1","0,08828579878783599","7,6","-0,1",Sobrepagado,Indiana Pacers,Indianapolis,"39,764","-86,1555"
Stanley Umude,2024,DET,SG,24,"1,130875","0,5","0,442135514535205","11,4","0,0",Valor de mercado,Detroit Pistons,Detroit,"42,341","-83,0552"
Gui Santos,2024,GSW,PF,21,"1,060073","0,7","0,6603318828042973","15,6","0,1",Valor de mercado,Golden State Warriors,San Francisco,"37,768","-122,3877"
Dominick Barlow,2024,SAS,PF,20,"1,045573","1,1","1,0520547106706084","14,6","0,0",Infravalorado,San Antonio Spurs,San Antonio,"29,427","-98,4375"
Neemias Queta,2024,BOS,C,24,"0,91751","1,8","1,9618314786759816","22,9","0,3",Infravalorado,Boston Celtics,Boston,"42,3662","-71,0621"
Jalen Wilson,2024,BRK,PF,23,"0,875256","1,1","1,256775160638716","10,8","-0,2",Infravalorado,Brooklyn Nets,Brooklyn,"40,6828","-73,9752"
Javon Freeman-Liberty,2024,TOR,PG,24,"0,87456","0,2","0,2286864251738017","10,7","-0,3",Sobrepagado,Toronto Raptors,Toronto,"43,6435","-79,3791"
Lindy Waters III,2024,OKC,SG,26,"0,788858","0,9","1,1408897418800343","15,3","0,3",Infravalorado,Oklahoma City Thunder,Oklahoma City,"35,4634","-97,5151"
Jacob Gilyard,2024,BRK,PG,25,"0,722175","1,4","1,9385882923114202","11,1","0,1",Infravalorado,Brooklyn Nets,Brooklyn,"40,6828","-73,9752"
Luka Garza,2024,MIN,C,25,"0,707892","0,4","0,5650579466924334","21,8","0,0",Valor de mercado,Minnesota Timberwolves,Minneapolis,"44,9795","-93,276"
Keon Ellis,2024,SAC,SG,24,"0,703737","2,3","3,2682664120260836","12,0","0,8",Infravalorado,Sacramento Kings,Sacramento,"38,5802","-121,4997"
Amari Bailey,2024,CHO,PG,19,"0,576415","-0,1","-0,1734861167735052","9,7","-0,1",Sobrepagado,Charlotte Hornets,Charlotte,"35,2251","-80,8392"
Leaky Black,2024,CHO,SF,24,"0,576415","0,5","0,867430583867526","11,5","0,0",Infravalorado,Charlotte Hornets,Charlotte,"35,2251","-80,8392"
Isaiah Mobley,2024,CLE,PF,24,"0,576415","0,0","0,0","8,1","-0,1",Sobrepagado,Cleveland Cavaliers,Cleveland,"41,4965","-81,6882"
Emoni Bates,2024,CLE,SF,20,"0,576415","-0,3","-0,5204583503205156","2,6","-0,2",Sobrepagado,Cleveland Cavaliers,Cleveland,"41,4965","-81,6882"
Collin Gillespie,2024,DEN,PG,24,"0,576415","0,4","0,6939444670940208","11,0","0,0",Valor de mercado,Denver Nuggets,Denver,"39,7487","-105,0077"
Braxton Key,2024,DEN,SF,26,"0,576415","0,2","0,3469722335470104","16,5","0,1",Valor de mercado,Denver Nuggets,Denver,"39,7487","-105,0077"
Jay Huff,2024,DEN,C,25,"0,576415","0,2","0,3469722335470104","18,5","0,0",Valor de mercado,Denver Nuggets,Denver,"39,7487","-105,0077"
Jared Rhoden,2024,DET,SG,24,"0,576415","0,3","0,5204583503205156","10,3","0,0",Valor de mercado,Detroit Pistons,Detroit,"42,341","-83,0552"
Jerome Robinson,2024,GSW,SG,26,"0,576415","-0,1","-0,1734861167735052","5,7","-0,1",Sobrepagado,Golden State Warriors,San Francisco,"37,768","-122,3877"
Jermaine Samuels,2024,HOU,SF,25,"0,576415","0,2","0,3469722335470104","15,1","0,0",Valor de mercado,Houston Rockets,Houston,"29,7508","-95,3621"
Nate Hinton,2024,HOU,SG,24,"0,576415","0,3","0,5204583503205156","17,6","0,1",Valor de mercado,Houston Rockets,Houston,"29,7508","-95,3621"
Colin Castleton,2024,LAL,C,23,"0,576415","0,2","0,3469722335470104","13,0","0,0",Valor de mercado,LA Lakers,Los Angeles,"34,043","-118,2673"
Cole Swider,2024,MIA,SF,24,"0,576415","-0,1","-0,1734861167735052","7,1","-0,1",Sobrepagado,Miami Heat,Miami,"25,7814","-80,187"
Jamal Cain,2024,MIA,PF,24,"0,576415","0,5","0,867430583867526","11,5","0,0",Infravalorado,Miami Heat,Miami,"25,7814","-80,187"
Daishen Nix,2024,MIN,PG,21,"0,576415","0,0","0,0","12,3","0,0",Sobrepagado,Minnesota Timberwolves,Minneapolis,"44,9795","-93,276"
Olivier Sarr,2024,OKC,C,24,"0,576415","0,4","0,6939444670940208","14,8","0,0",Valor de mercado,Oklahoma City Thunder,Oklahoma City,"35,4634","-97,5151"
Trevelin Queen,2024,ORL,SG,26,"0,576415","0,2","0,3469722335470104","8,3","-0,1",Valor de mercado,Orlando Magic,Orlando,"28,5392","-81,3839"
Admiral Schofield,2024,ORL,PF,26,"0,576415","0,0","0,0","6,0","-0,1",Sobrepagado,Orlando Magic,Orlando,"28,5392","-81,3839"
Terquavion Smith,2024,PHI,PG,21,"0,576415","0,1","0,1734861167735052","14,8","0,1",Sobrepagado,Philadelphia 76ers,Philadelphia,"39,9012","-75,172"
Saben Lee,2024,PHO,PG,24,"0,576415","0,4","0,6939444670940208","13,5","0,0",Valor de mercado,Phoenix Suns,Phoenix,"33,4457","-112,0712"
Udoka Azubuike,2024,PHO,C,24,"0,576415","0,2","0,3469722335470104","12,3","0,0",Valor de mercado,Phoenix Suns,Phoenix,"33,4457","-112,0712"
Justin Minaya,2024,POR,SF,24,"0,576415","0,1","0,1734861167735052","5,8","-0,3",Sobrepagado,Portland Trail Blazers,Portland,"45,5316","-122,6668"
Jalen Slawson,2024,SAC,SF,24,"0,576415","0,0","0,0","6,6","0,0",Sobrepagado,Sacramento Kings,Sacramento,"38,5802","-121,4997"
Johnny Juzang,2024,UTA,SG,22,"0,576415","0,4","0,6939444670940208","9,6","-0,2",Valor de mercado,Utah Jazz,Salt Lake City,"40,7683","-111,9011"
Micah Potter,2024,UTA,PF,25,"0,576415","0,3","0,5204583503205156","11,0","0,0",Valor de mercado,Utah Jazz,Salt Lake City,"40,7683","-111,9011"
Marques Bolden,2024,CHO,C,25,"0,517051","0,3","0,5802135572699791","16,0","0,0",Valor de mercado,Charlotte Hornets,Charlotte,"35,2251","-80,8392"
Onuralp Bitim,2024,CHI,SG,24,"0,514856","-0,1","-0,1942290659912675","5,0","-0,4",Sobrepagado,Chicago Bulls,Chicago,"41,8807","-87,6742"
Xavier Moon,2024,LAC,SG,29,"0,503535","-0,1","-0,1985959267975414","8,1","-0,1",Sobrepagado,LA Clippers,Los Angeles,"34,043","-118,2673"
Ibou Badji,2024,POR,C,21,"0,480346","0,2","0,41636653578878563","8,1","-0,2",Valor de mercado,Portland Trail Blazers,Portland,"45,5316","-122,6668"
Juan Toscano-Anderson,2024,SAC,SF,30,"0,46124","0,0","0,0","2,5","-0,1",Sobrepagado,Sacramento Kings,Sacramento,"38,5802","-121,4997"
Jules Bernard,2024,WAS,SG,24,"0,427342","0,1","0,23400461457099936","12,7","0,0",Sobrepagado,Washington Wizards,Washington,"38,8981","-77,0209"
Jontay Porter,2024,TOR,PF,24,"0,42403","0,7","1,6508265924580807","14,9","0,3",Infravalorado,Toronto Raptors,Toronto,"43,6435","-79,3791"
Jaylen Nowell,2024,DET,SG,24,"0,40999","0,1","0,24390838800946366","9,2","-0,2",Sobrepagado,Detroit Pistons,Detroit,"42,341","-83,0552"
Nathan Mensah,2024,CHO,C,25,"0,407466","0,1","0,24541924970426982","5,0","-0,5",Sobrepagado,Charlotte Hornets,Charlotte,"35,2251","-80,8392"
Vit Krejci,2024,ATL,PG,23,"0,380964","0,6","1,5749519639650988","8,4","-0,2",Infravalorado,Atlanta Hawks,Atlanta,"33,7573","-84,3963"
Brandon Williams,2024,DAL,PG,24,"0,361087","-0,1","-0,2769415680985469","9,3","-0,1",Sobrepagado,Dallas Mavericks,Dallas,"32,7905","-96,8103"
Trey Jemison,2024,MEM,C,24,"0,351149","0,9","2,5630145607704993","11,8","-0,5",Infravalorado,Memphis Grizzlies,Memphis,"35,1382","-90,0505"
Tosan Evbuomwan,2024,DET,SF,22,"0,30477","0,5","1,6405814220559767","9,9","-0,1",Infravalorado,Detroit Pistons,Detroit,"42,341","-83,0552"
Ashton Hagans,2024,POR,PG,24,"0,278888","0,0","0,0","8,5","-0,1",Sobrepagado,Portland Trail Blazers,Portland,"45,5316","-122,6668"
Jeff Dowtin,2024,PHI,PG,26,"0,277237","0,6","2,1642132904338163","18,2","0,2",Infravalorado,Philadelphia 76ers,Philadelphia,"39,9012","-75,172"
Justin Champagnie,2024,WAS,SF,22,"0,261971","0,3","1,1451649228349703","13,6","0,0",Infravalorado,Washington Wizards,Washington,"38,8981","-77,0209"
Armoni Brooks,2024,BRK,PG,25,"0,248454","0,0","0,0","8,3","-0,1",Sobrepagado,Brooklyn Nets,Brooklyn,"40,6828","-73,9752"
Mouhamadou Gueye,2024,TOR,PF,25,"0,205389","-0,4","-1,9475239667168156","4,6","-0,3",Sobrepagado,Toronto Raptors,Toronto,"43,6435","-79,3791"
Buddy Boeheim,2024,DET,SF,24,"0,172261","0,1","0,5805144519072802","9,1","0,0",Valor de mercado,Detroit Pistons,Detroit,"42,341","-83,0552"
Stephen Curry,2025,GSW,PG,36,"55,761216","7,9","0,14167553304432962","21,5","4,8",Sobrepagado,Golden State Warriors,San Francisco,"37,768","-122,3877"
Joel Embiid,2025,PHI,C,30,"51,415938","1,4","0,027228911004210408","23,4","0,8",Sobrepagado,Philadelphia 76ers,Philadelphia,"39,9012","-75,172"
Kevin Durant,2025,PHO,PF,36,"51,179021","5,2","0,10160413189615332","21,2","3,0",Sobrepagado,Phoenix Suns,Phoenix,"33,4457","-112,0712"
Bradley Beal,2025,PHO,SG,31,"50,20393","2,4","0,04780502243549459","15,2","0,4",Sobrepagado,Phoenix Suns,Phoenix,"33,4457","-112,0712"
Jaylen Brown,2025,BOS,SF,28,"49,2058","5,2","0,10567859886436151","17,8","1,1",Sobrepagado,Boston Celtics,Boston,"42,3662","-71,0621"
Devin Booker,2025,PHO,SG,28,"49,2058","6,4","0,13006596783306032","19,3","1,7",Sobrepagado,Phoenix Suns,Phoenix,"33,4457","-112,0712"
Karl-Anthony Towns,2025,NYK,C,29,"49,2058","10,1","0,2052603554865483","23,4","3,5",Sobrepagado,New York Knicks,New York,"40,7505","-73,9934"
Paul George,2025,PHI,PF,34,"49,2058","1,0","0,020322807473915676","14,5","0,5",Sobrepagado,Philadelphia 76ers,Philadelphia,"39,9012","-75,172"
Kawhi Leonard,2025,LAC,SF,33,"49,2058","3,5","0,07112982615870486","20,5","1,5",Sobrepagado,LA Clippers,Los Angeles,"34,043","-118,2673"
Jimmy Butler,2025,GSW,SF,35,"48,798677","8,7","0,1782835219077763","22,4","3,0",Sobrepagado,Golden State Warriors,San Francisco,"37,768","-122,3877"
Giannis Antetokounmpo,2025,MIL,PF,30,"48,787676","11,5","0,2357152654699109","30,5","6,6",Sobrepagado,Milwaukee Bucks,Milwaukee,"43,045","-87,917"
Damian Lillard,2025,MIL,PG,34,"48,787676","7,6","0,155777045006202","21,3","3,2",Sobrepagado,Milwaukee Bucks,Milwaukee,"43,045","-87,917"
LeBron James,2025,LAL,SF,40,"48,728845","7,7","0,15801728934884463","22,7","4,7",Sobrepagado,LA Lakers,Los Angeles,"34,043","-118,2673"
Zach LaVine,2025,SAC,SF,29,"44,53194","5,1","0,11452454126184486","17,3","1,8",Sobrepagado,Sacramento Kings,Sacramento,"38,5802","-121,4997"
Rudy Gobert,2025,MIN,C,32,"43,827586","10,1","0,23044846686285667","18,3","2,4",Sobrepagado,Minnesota Timberwolves,Minneapolis,"44,9795","-93,276"
Anthony Davis,2025,DAL,PF,31,"43,21944","6,7","0,15502283231804947","26,3","3,2",Sobrepagado,Dallas Mavericks,Dallas,"32,7905","-96,8103"
Trae Young,2025,ATL,PG,26,"43,03194","5,7","0,13245974966501628","18,3","1,7",Sobrepagado,Atlanta Hawks,Atlanta,"33,7573","-84,3963"
Fred VanVleet,2025,HOU,PG,30,"42,846615","5,2","0,12136314619019496","12,8","1,5",Sobrepagado,Houston Rockets,Houston,"29,7508","-95,3621"
Anthony Edwards,2025,MIN,SG,23,"42,1764","8,4","0,19916351324437365","20,1","4,6",Sobrepagado,Minnesota Timberwolves,Minneapolis,"44,9795","-93,276"
Tyrese Haliburton,2025,IND,PG,24,"42,1764","10,4","0,24658339735017687","21,8","4,9",Sobrepagado,Indiana Pacers,Indianapolis,"39,764","-86,1555"
Lauri Markkanen,2025,UTA,PF,27,"42,1764","2,2","0,05216187251638357","15,6","0,7",Sobrepagado,Utah Jazz,Salt Lake City,"40,7683","-111,9011"
Pascal Siakam,2025,IND,PF,30,"42,1764","7,5","0,17782456539676217","19,2","2,4",Sobrepagado,Indiana Pacers,Indianapolis,"39,764","-86,1555"
Kyrie Irving,2025,DAL,SG,32,"41,0","4,6","0,1121951219512195","19,9","2,5",Sobrepagado,Dallas Mavericks,Dallas,"32,7905","-96,8103"
Domantas Sabonis,2025,SAC,C,28,"40,5","10,1","0,2493827160493827","22,9","4,4",Valor de mercado,Sacramento Kings,Sacramento,"38,5802","-121,4997"
Zion Williamson,2025,NOP,PF,24,"36,72567","2,5","0,06807227751052601","27,3","1,9",Sobrepagado,New Orleans Pelicans,New Orleans,"29,949","-90,0821"
Ja Morant,2025,MEM,PG,25,"36,72567","3,5","0,09530118851473642","19,3","1,7",Sobrepagado,Memphis Grizzlies,Memphis,"35,1382","-90,0505"
Darius Garland,2025,CLE,PG,25,"36,72567","8,1","0,22055417913410427","19,9","3,0",Sobrepagado,Cleveland Cavaliers,Cleveland,"41,4965","-81,6882"
OG Anunoby,2025,NYK,PF,27,"36,637932","6,5","0,17741176003056067","15,4","1,9",Sobrepagado,New York Knicks,New York,"40,7505","-73,9934"
Jamal Murray,2025,DEN,PG,27,"36,0162","6,2","0,17214475708153554","17,8","1,7",Sobrepagado,Denver Nuggets,Denver,"39,7487","-105,0077"
Brandon Ingram,2025,NOP,SF,27,"36,0162","0,0","0,0","16,0","0,3",Sobrepagado,New Orleans Pelicans,New Orleans,"29,949","-90,0821"
Shai Gilgeous-Alexander,2025,OKC,PG,26,"35,85995","16,7","0,4657005935591098","30,7","8,9",Valor de mercado,Oklahoma City Thunder,Oklahoma City,"35,4634","-97,5151"
Michael Porter Jr.,2025,DEN,SF,26,"35,85995","6,4","0,17847208375917983","16,2","1,2",Sobrepagado,Denver Nuggets,Denver,"39,7487","-105,0077"
Donovan Mitchell,2025,CLE,SG,28,"35,41031","7,6","0,21462675700946982","20,9","3,2",Sobrepagado,Cleveland Cavaliers,Cleveland,"41,4965","-81,6882"
Tyrese Maxey,2025,PHI,PG,24,"35,147","3,8","0,10811733576123139","19,5","2,0",Sobrepagado,Philadelphia 76ers,Philadelphia,"39,9012","-75,172"
LaMelo Ball,2025,CHO,PG,23,"35,147","2,0","0,056903860926963895","19,1","2,0",Sobrepagado,Charlotte Hornets,Charlotte,"35,2251","-80,8392"
Jayson Tatum,2025,BOS,PF,26,"34,84834","9,5","0,27260982876085343","21,7","4,8",Valor de mercado,Boston Celtics,Boston,"42,3662","-71,0621"
Bam Adebayo,2025,MIA,C,27,"34,84834","7,5","0,21521828586383168","18,9","2,7",Sobrepagado,Miami Heat,Miami,"25,7814","-80,187"
De'Aaron Fox,2025,SAS,PG,27,"34,84834","4,3","0,12339181722859682","18,3","1,3",Sobrepagado,San Antonio Spurs,San Antonio,"29,427","-98,4375"
Desmond Bane,2025,MEM,SG,26,"34,00525","6,5","0,19114695524955708","17,9","2,9",Sobrepagado,Memphis Grizzlies,Memphis,"35,1382","-90,0505"
Deandre Ayton,2025,POR,C,26,"34,005126","2,8","0,08234052713111548","17,7","0,4",Sobrepagado,Portland Trail Blazers,Portland,"45,5316","-122,6668"
James Harden,2025,LAC,PG,35,"33,653846","8,3","0,24662857255601633","20,0","4,4",Sobrepagado,LA Clippers,Los Angeles,"34,043","-118,2673"
CJ McCollum,2025,NOP,PG,33,"33,333333","1,5","0,04500000045","15,8","0,3",Sobrepagado,New Orleans Pelicans,New Orleans,"29,949","-90,0821"
Julius Randle,2025,MIN,PF,30,"33,07392","6,2","0,18745887998761562","17,5","1,8",Sobrepagado,Minnesota Timberwolves,Minneapolis,"44,9795","-93,276"
Immanuel Quickley,2025,TOR,PG,25,"32,5","2,5","0,07692307692307693","17,5","1,0",Sobrepagado,Toronto Raptors,Toronto,"43,6435","-79,3791"
Khris Middleton,2025,WAS,SF,33,"31,0","2,0","0,06451612903225806","16,7","0,6",Sobrepagado,Washington Wizards,Washington,"38,8981","-77,0209"
Jrue Holiday,2025,BOS,PG,34,"30,0","5,1","0,16999999999999998","13,5","1,3",Sobrepagado,Boston Celtics,Boston,"42,3662","-71,0621"
Isaiah Hartenstein,2025,OKC,C,26,"30,0","6,8","0,22666666666666666","18,9","2,1",Sobrepagado,Oklahoma City Thunder,Oklahoma City,"35,4634","-97,5151"
Jerami Grant,2025,POR,PF,30,"29,793104","1,8","0,06041666554783953","10,9","0,1",Sobrepagado,Portland Trail Blazers,Portland,"45,5316","-122,6668"
Jordan Poole,2025,WAS,SG,25,"29,651786","2,0","0,06744956273460222","16,6","1,2",Sobrepagado,Washington Wizards,Washington,"38,8981","-77,0209"
Dejounte Murray,2025,NOP,PG,28,"29,517135","0,2","0,006775725354103642","15,4","0,1",Sobrepagado,New Orleans Pelicans,New Orleans,"29,949","-90,0821"
Devin Vassell,2025,SAS,SG,24,"29,347826","2,2","0,07496296318507545","14,2","0,4",Sobrepagado,San Antonio Spurs,San Antonio,"29,427","-98,4375"
Tyler Herro,2025,MIA,SG,25,"29,0","7,4","0,25517241379310346","19,7","3,5",Valor de mercado,Miami Heat,Miami,"25,7814","-80,187"
Nic Claxton,2025,BRK,C,25,"27,556817","4,3","0,15604124380548015","16,5","1,1",Sobrepagado,Brooklyn Nets,Brooklyn,"40,6828","-73,9752"
Miles Bridges,2025,CHO,PF,26,"27,173913","3,2","0,11776000018841601","17,7","2,0",Sobrepagado,Charlotte Hornets,Charlotte,"35,2251","-80,8392"
John Collins,2025,UTA,PF,27,"26,58","2,5","0,09405568096313018","19,0","0,9",Sobrepagado,Utah Jazz,Salt Lake City,"40,7683","-111,9011"
Andrew Wiggins,2025,MIA,SF,29,"26,276786","4,0","0,15222561846033986","16,4","1,4",Sobrepagado,Miami Heat,Miami,"25,7814","-80,187"
Anfernee Simons,2025,POR,SG,25,"25,892857","4,2","0,16220689744665875","14,9","1,1",Sobrepagado,Portland Trail Blazers,Portland,"45,5316","-122,6668"
RJ Barrett,2025,TOR,SF,24,"25,794643","2,4","0,09304257477027303","16,5","1,2",Sobrepagado,Toronto Raptors,Toronto,"43,6435","-79,3791"
Tobias Harris,2025,DET,PF,32,"25,365854","5,2","0,20499999724038467","13,9","1,2",Sobrepagado,Detroit Pistons,Detroit,"42,341","-83,0552"
Jaren Jackson Jr.,2025,MEM,C,25,"25,257798","6,4","0,2533870925723612","19,6","2,4",Valor de mercado,Memphis Grizzlies,Memphis,"35,1382","-90,0505"
Jonathan Isaac,2025,ORL,PF,27,"25,0","3,4","0,136","16,6","0,7",Sobrepagado,Orlando Magic,Orlando,"28,5392","-81,3839"
Jalen Brunson,2025,NYK,PG,28,"24,960001","8,3","0,3325320379594537","21,6","3,1",Valor de mercado,New York Knicks,New York,"40,7505","-73,9934"
Terry Rozier,2025,MIA,PG,30,"24,924126","1,0","0,040121767960890585","10,5","-0,7",Sobrepagado,Miami Heat,Miami,"25,7814","-80,187"
Kyle Kuzma,2025,MIL,PF,29,"24,456061","-0,9","-0,036800693292349904","10,6","-1,4",Sobrepagado,Milwaukee Bucks,Milwaukee,"43,045","-87,917"
Draymond Green,2025,GSW,PF,34,"24,107143","3,7","0,1534814805719616","12,4","1,3",Sobrepagado,Golden State Warriors,San Francisco,"37,768","-122,3877"
DeMar DeRozan,2025,SAC,SF,35,"23,4","7,1","0,3034188034188034","17,7","1,3",Valor de mercado,Sacramento Kings,Sacramento,"38,5802","-121,4997"
Mikal Bridges,2025,NYK,SF,28,"23,3","5,7","0,2446351931330472","14,0","1,2",Sobrepagado,New York Knicks,New York,"40,7505","-73,9934"
Jaden McDaniels,2025,MIN,PF,24,"23,017242","6,3","0,2737078577876533","13,3","1,4",Valor de mercado,Minnesota Timberwolves,Minneapolis,"44,9795","-93,276"
Bruce Brown,2025,NOP,PG,28,"23,0","0,7","0,03043478260869565","10,9","-0,4",Sobrepagado,New Orleans Pelicans,New Orleans,"29,949","-90,0821"
Brook Lopez,2025,MIL,C,36,"23,0","6,6","0,28695652173913044","14,8","1,8",Valor de mercado,Milwaukee Bucks,Milwaukee,"43,045","-87,917"
Aaron Gordon,2025,DEN,PF,29,"22,841455","4,3","0,18825420709845322","17,0","1,2",Sobrepagado,Denver Nuggets,Denver,"39,7487","-105,0077"
Kentavious Caldwell-Pope,2025,ORL,SG,31,"22,757","4,6","0,20213560662653246","9,9","0,3",Sobrepagado,Orlando Magic,Orlando,"28,5392","-81,3839"
Cameron Johnson,2025,BRK,PF,28,"22,5","5,1","0,22666666666666666","18,2","2,3",Sobrepagado,Brooklyn Nets,Brooklyn,"40,6828","-73,9752"
Malcolm Brogdon,2025,WAS,PG,32,"22,5","0,7","0,03111111111111111","15,8","0,1",Sobrepagado,Washington Wizards,Washington,"38,8981","-77,0209"
Clint Capela,2025,ATL,C,30,"22,26528","3,2","0,14372152517282513","17,7","0,3",Sobrepagado,Atlanta Hawks,Atlanta,"33,7573","-84,3963"
Dillon Brooks,2025,HOU,SF,29,"22,255493","5,1","0,22915690971213262","11,0","0,4",Sobrepagado,Houston Rockets,Houston,"29,7508","-95,3621"
De'Andre Hunter,2025,CLE,SF,27,"21,696429","4,4","0,20279834990357173","15,9","1,0",Sobrepagado,Cleveland Cavaliers,Cleveland,"41,4965","-81,6882"
Lonzo Ball,2025,CHI,PG,27,"21,395348","1,2","0,056086958716446214","12,2","0,4",Sobrepagado,Chicago Bulls,Chicago,"41,8807","-87,6742"
Marcus Smart,2025,WAS,PG,30,"20,210284","0,7","0,03463583193585998","12,4","0,1",Sobrepagado,Washington Wizards,Washington,"38,8981","-77,0209"
Derrick White,2025,BOS,SG,30,"20,071429","8,5","0,4234875354415473","16,6","3,6",Valor de mercado,Boston Celtics,Boston,"42,3662","-71,0621"
Jarrett Allen,2025,CLE,C,26,"20,0","11,6","0,58","22,1","3,6",Valor de mercado,Cleveland Cavaliers,Cleveland,"41,4965","-81,6882"
Myles Turner,2025,IND,C,28,"19,9285","4,7","0,23584313922272124","16,1","1,3",Sobrepagado,Indiana Pacers,Indianapolis,"39,764","-86,1555"
Jakob Poeltl,2025,TOR,C,29,"19,5","5,5","0,28205128205128205","20,0","1,7",Valor de mercado,Toronto Raptors,Toronto,"43,6435","-79,3791"
Duncan Robinson,2025,MIA,SF,30,"19,406","2,7","0,13913222714624346","11,8","0,1",Sobrepagado,Miami Heat,Miami,"25,7814","-80,187"
Norman Powell,2025,LAC,SG,31,"19,241379","5,3","0,27544803311654537","17,5","1,8",Valor de mercado,LA Clippers,Los Angeles,"34,043","-118,2673"
Keldon Johnson,2025,SAS,SF,25,"19,0","3,2","0,16842105263157894","15,6","0,2",Sobrepagado,San Antonio Spurs,San Antonio,"29,427","-98,4375"
D'Angelo Russell,2025,BRK,PG,28,"18,692307","1,9","0,10164609429964958","14,0","0,6",Sobrepagado,Brooklyn Nets,Brooklyn,"40,6828","-73,9752"
Collin Sexton,2025,UTA,SG,26,"18,35","2,4","0,1307901907356948","16,6","0,6",Sobrepagado,Utah Jazz,Salt Lake City,"40,7683","-111,9011"
Josh Hart,2025,NYK,SG,29,"18,144","9,2","0,5070546737213404","16,5","3,6",Valor de mercado,New York Knicks,New York,"40,7505","-73,9934"
Patrick Williams,2025,CHI,PF,23,"18,0","0,4","0,022222222222222223","9,0","-0,7",Sobrepagado,Chicago Bulls,Chicago,"41,8807","-87,6742"
Harrison Barnes,2025,SAS,PF,32,"18,0","5,6","0,3111111111111111","14,9","1,2",Valor de mercado,San Antonio Spurs,San Antonio,"29,427","-98,4375"
Malik Monk,2025,SAC,SG,26,"17,405203","2,8","0,16087143597233539","15,0","0,6",Sobrepagado,Sacramento Kings,Sacramento,"38,5802","-121,4997"
Rui Hachimura,2025,LAL,PF,26,"17,0","4,3","0,2529411764705882","13,6","0,6",Valor de mercado,LA Lakers,Los Angeles,"34,043","-118,2673"
Kevin Huerter,2025,CHI,SG,26,"16,830357","1,9","0,11289124764257823","11,3","0,0",Sobrepagado,Chicago Bulls,Chicago,"41,8807","-87,6742"
Zach Collins,2025,CHI,PF,27,"16,7412","2,7","0,16127876137911262","16,0","0,5",Sobrepagado,Chicago Bulls,Chicago,"41,8807","-87,6742"
Caris LeVert,2025,ATL,SG,30,"16,615384","4,0","0,24074074965706482","15,2","1,2",Sobrepagado,Atlanta Hawks,Atlanta,"33,7573","-84,3963"
Luguentz Dort,2025,OKC,SF,25,"16,5","5,6","0,33939393939393936","11,3","1,2",Valor de mercado,Oklahoma City Thunder,Oklahoma City,"35,4634","-97,5151"
Tim Hardaway Jr.,2025,DET,SG,32,"16,193183","3,5","0,21614033510274044","9,8","0,0",Sobrepagado,Detroit Pistons,Detroit,"42,341","-83,0552"
Klay Thompson,2025,DAL,SF,34,"15,873016","1,8","0,1133999990928","12,9","0,5",Sobrepagado,Dallas Mavericks,Dallas,"32,7905","-96,8103"
Deni Avdija,2025,POR,SF,24,"15,625","5,6","0,3584","17,7","2,2",Valor de mercado,Portland Trail Blazers,Portland,"45,5316","-122,6668"
Grayson Allen,2025,PHO,SG,29,"15,625","2,5","0,16","13,7","0,7",Sobrepagado,Phoenix Suns,Phoenix,"33,4457","-112,0712"
P.J. Washington,2025,DAL,PF,26,"15,5","2,4","0,15483870967741936","14,0","0,5",Sobrepagado,Dallas Mavericks,Dallas,"32,7905","-96,8103"
Max Strus,2025,CLE,SF,28,"15,212068","3,4","0,22350675792403768","12,6","1,1",Sobrepagado,Cleveland Cavaliers,Cleveland,"41,4965","-81,6882"
Isaiah Stewart,2025,DET,C,23,"15,0","4,3","0,2866666666666667","14,6","0,9",Valor de mercado,Detroit Pistons,Detroit,"42,341","-83,0552"
Dorian Finney-Smith,2025,LAL,PF,31,"14,924167","2,9","0,1943157028462627","10,1","0,5",Sobrepagado,LA Lakers,Los Angeles,"34,043","-118,2673"
Mitchell Robinson,2025,NYK,C,26,"14,318182","1,3","0,09079364964071557","20,4","0,4",Sobrepagado,New York Knicks,New York,"40,7505","-73,9934"
Jordan Clarkson,2025,UTA,SG,32,"14,092577","0,4","0,028383737055330618","14,5","0,1",Sobrepagado,Utah Jazz,Salt Lake City,"40,7683","-111,9011"
Onyeka Okongwu,2025,ATL,C,24,"14,0","7,2","0,5142857142857143","19,0","1,7",Valor de mercado,Atlanta Hawks,Atlanta,"33,7573","-84,3963"
Naz Reid,2025,MIN,C,25,"13,986432","5,7","0,4075378195096505","15,8","2,0",Valor de mercado,Minnesota Timberwolves,Minneapolis,"44,9795","-93,276"
Cade Cunningham,2025,DET,PG,23,"13,940809","5,9","0,4232179065074344","20,6","3,7",Valor de mercado,Detroit Pistons,Detroit,"42,341","-83,0552"
Daniel Gafford,2025,DAL,C,26,"13,39416","5,9","0,44049048241920363","24,7","1,8",Valor de mercado,Dallas Mavericks,Dallas,"32,7905","-96,8103"
Grant Williams,2025,CHO,PF,26,"13,02525","0,7","0,05374177079134757","11,5","0,1",Sobrepagado,Charlotte Hornets,Charlotte,"35,2251","-80,8392"
Isaiah Joe,2025,OKC,SG,25,"12,99165","5,1","0,39255983651037396","14,0","1,4",Valor de mercado,Oklahoma City Thunder,Oklahoma City,"35,4634","-97,5151"
Herbert Jones,2025,NOP,SF,26,"12,976362","0,4","0,03082528061408891","10,4","-0,3",Sobrepagado,New Orleans Pelicans,New Orleans,"29,949","-90,0821"
Austin Reaves,2025,LAL,SG,26,"12,976362","7,6","0,5856803316676893","18,1","2,6",Valor de mercado,LA Lakers,Los Angeles,"34,043","-118,2673"
Obi Toppin,2025,IND,PF,26,"12,975","4,3","0,33140655105973027","17,4","1,4",Valor de mercado,Indiana Pacers,Indianapolis,"39,764","-86,1555"
Cole Anthony,2025,ORL,PG,24,"12,9","2,0","0,15503875968992248","14,2","0,7",Sobrepagado,Orlando Magic,Orlando,"28,5392","-81,3839"
Kelly Olynyk,2025,NOP,C,33,"12,804878","1,7","0,1327619052676644","14,9","0,3",Sobrepagado,New Orleans Pelicans,New Orleans,"29,949","-90,0821"
Victor Wembanyama,2025,SAS,C,21,"12,76896","3,8","0,29759667192942885","24,2","3,3",Valor de mercado,San Antonio Spurs,San Antonio,"29,427","-98,4375"
Josh Green,2025,CHO,SG,24,"12,654321","1,5","0,11853658525020822","7,8","-1,1",Sobrepagado,Charlotte Hornets,Charlotte,"35,2251","-80,8392"
Richaun Holmes,2025,WAS,PF,31,"12,648321","2,0","0,15812375413305846","19,8","0,4",Sobrepagado,Washington Wizards,Washington,"38,8981","-77,0209"
Steven Adams,2025,HOU,C,31,"12,6","2,3","0,18253968253968253","16,6","0,5",Sobrepagado,Houston Rockets,Houston,"29,7508","-95,3621"
Bobby Portis,2025,MIL,PF,29,"12,578286","2,7","0,2146556375010077","17,7","0,7",Sobrepagado,Milwaukee Bucks,Milwaukee,"43,045","-87,917"
Zaccharie Risacher,2025,ATL,SF,19,"12,56904","1,8","0,14320902789711865","12,2","-0,7",Sobrepagado,Atlanta Hawks,Atlanta,"33,7573","-84,3963"
Brandon Clarke,2025,MEM,PF,28,"12,5","4,4","0,35200000000000004","17,6","0,9",Valor de mercado,Memphis Grizzlies,Memphis,"35,1382","-90,0505"
Marvin Bagley III,2025,MEM,PF,25,"12,5","0,6","0,048","18,4","0,1",Sobrepagado,Memphis Grizzlies,Memphis,"35,1382","-90,0505"
Jalen Green,2025,HOU,SG,22,"12,483048","5,1","0,4085540646803569","15,1","1,7",Valor de mercado,Houston Rockets,Houston,"29,7508","-95,3621"
Robert Williams,2025,POR,C,27,"12,428571","1,3","0,1045977047562427","18,9","0,4",Sobrepagado,Portland Trail Blazers,Portland,"45,5316","-122,6668"
Paolo Banchero,2025,ORL,PF,22,"12,1608","3,5","0,2878100124991777","20,0","2,2",Valor de mercado,Orlando Magic,Orlando,"28,5392","-81,3839"
Coby White,2025,CHI,SG,24,"12,0","4,5","0,375","15,5","0,7",Valor de mercado,Chicago Bulls,Chicago,"41,8807","-87,6742"
Wendell Carter Jr.,2025,ORL,C,25,"11,95","4,6","0,38493723849372385","13,7","0,3",Valor de mercado,Orlando Magic,Orlando,"28,5392","-81,3839"
Ivica Zubac,2025,LAC,C,27,"11,74321","11,7","0,9963204268679517","22,3","3,4",Infravalorado,LA Clippers,Los Angeles,"34,043","-118,2673"
Donte DiVincenzo,2025,MIN,SG,28,"11,445","3,9","0,34076015727391873","14,1","1,6",Valor de mercado,Minnesota Timberwolves,Minneapolis,"44,9795","-93,276"
Brandon Miller,2025,CHO,SF,22,"11,4246","0,4","0,035012166727937964","14,0","0,4",Sobrepagado,Charlotte Hornets,Charlotte,"35,2251","-80,8392"
Terance Mann,2025,ATL,SG,28,"11,423077","3,0","0,26262626085773566","12,0","0,2",Valor de mercado,Atlanta Hawks,Atlanta,"33,7573","-84,3963"
Alex Sarr,2025,WAS,C,19,"11,24568","-0,3","-0,026676910600337195","12,9","-0,6",Sobrepagado,Washington Wizards,Washington,"38,8981","-77,0209"
Evan Mobley,2025,CLE,PF,23,"11,227657","9,0","0,8015919973330143","22,3","3,6",Infravalorado,Cleveland Cavaliers,Cleveland,"41,4965","-81,6882"
Larry Nance Jr.,2025,ATL,PF,32,"11,205","1,3","0,11601963409192326","16,0","0,4",Sobrepagado,Atlanta Hawks,Atlanta,"33,7573","-84,3963"
Matisse Thybulle,2025,POR,SG,27,"11,025","0,9","0,08163265306122448","17,0","0,6",Sobrepagado,Portland Trail Blazers,Portland,"45,5316","-122,6668"
Aaron Nesmith,2025,IND,SF,25,"11,0","2,9","0,2636363636363636","14,6","0,4",Valor de mercado,Indiana Pacers,Indianapolis,"39,764","-86,1555"
Gabe Vincent,2025,LAL,PG,28,"11,0","1,3","0,11818181818181818","7,4","-0,8",Sobrepagado,LA Lakers,Los Angeles,"34,043","-118,2673"
Maxi Kleber,2025,DAL,PF,33,"11,0","0,3","0,02727272727272727","5,6","-0,3",Sobrepagado,Dallas Mavericks,Dallas,"32,7905","-96,8103"
Moritz Wagner,2025,ORL,C,27,"11,0","2,0","0,18181818181818182","22,3","0,9",Sobrepagado,Orlando Magic,Orlando,"28,5392","-81,3839"
Chet Holmgren,2025,OKC,C,22,"10,88064","3,2","0,29410034703840954","19,2","1,0",Valor de mercado,Oklahoma City Thunder,Oklahoma City,"35,4634","-97,5151"
Chris Boucher,2025,TOR,PF,32,"10,81","2,7","0,24976873265494912","18,7","0,9",Valor de mercado,Toronto Raptors,Toronto,"43,6435","-79,3791"
Jarred Vanderbilt,2025,LAL,PF,25,"10,714286","1,4","0,1306666631822223","13,2","0,2",Sobrepagado,LA Lakers,Los Angeles,"34,043","-118,2673"
Aaron Wiggins,2025,OKC,SG,26,"10,514017","5,4","0,5136000826325466","16,1","1,4",Valor de mercado,Oklahoma City Thunder,Oklahoma City,"35,4634","-97,5151"
Chris Paul,2025,SAS,PG,39,"10,46","5,7","0,5449330783938814","14,7","1,6",Valor de mercado,San Antonio Spurs,San Antonio,"29,427","-98,4375"
Scoot Henderson,2025,POR,PG,20,"10,25916","1,8","0,17545296106113953","12,5","-0,1",Sobrepagado,Portland Trail Blazers,Portland,"45,5316","-122,6668"
Isaac Okoro,2025,CLE,SG,24,"10,185186","2,5","0,2454545258181834","10,7","0,4",Sobrepagado,Cleveland Cavaliers,Cleveland,"41,4965","-81,6882"
Scottie Barnes,2025,TOR,PF,23,"10,13098","3,5","0,34547496885789925","17,8","2,3",Valor de mercado,Toronto Raptors,Toronto,"43,6435","-79,3791"
Reed Sheppard,2025,HOU,PG,20,"10,09896","0,8","0,079216077695129","9,7","0,1",Sobrepagado,Houston Rockets,Houston,"29,7508","-95,3621"
Mike Conley,2025,MIN,PG,37,"9,975962","5,2","0,5212529879323918","13,3","1,4",Valor de mercado,Minnesota Timberwolves,Minneapolis,"44,9795","-93,276"
Alex Caruso,2025,OKC,SG,30,"9,89","3,9","0,39433771486349845","15,9","1,6",Valor de mercado,Oklahoma City Thunder,Oklahoma City,"35,4634","-97,5151"
Jabari Smith Jr.,2025,HOU,PF,21,"9,77088","4,2","0,4298486932599725","12,6","0,6",Valor de mercado,Houston Rockets,Houston,"29,7508","-95,3621"
Derrick Jones Jr.,2025,LAC,SF,27,"9,52381","4,7","0,4934999753250013","13,5","0,8",Valor de mercado,LA Clippers,Los Angeles,"34,043","-118,2673"
Al Horford,2025,BOS,C,38,"9,5","4,4","0,46315789473684216","12,9","1,3",Valor de mercado,Boston Celtics,Boston,"42,3662","-71,0621"
Pat Connaughton,2025,MIL,SG,32,"9,423869","1,2","0,12733623525539245","12,1","0,0",Sobrepagado,Milwaukee Bucks,Milwaukee,"43,045","-87,917"
Royce O'Neale,2025,PHO,SF,31,"9,375","2,8","0,29866666666666664","12,6","1,0",Valor de mercado,Phoenix Suns,Phoenix,"33,4457","-112,0712"
T.J. McConnell,2025,IND,PG,32,"9,3","3,2","0,3440860215053763","18,4","1,2",Valor de mercado,Indiana Pacers,Indianapolis,"39,764","-86,1555"
Luke Kennard,2025,MEM,SG,28,"9,25","3,9","0,4216216216216216","13,6","1,2",Valor de mercado,Memphis Grizzlies,Memphis,"35,1382","-90,0505"
Amen Thompson,2025,HOU,SF,22,"9,24996","8,0","0,8648686048372102","18,7","3,4",Infravalorado,Houston Rockets,Houston,"29,7508","-95,3621"
Jalen Suggs,2025,ORL,PG,23,"9,188385","1,1","0,11971635929491418","14,4","0,6",Sobrepagado,Orlando Magic,Orlando,"28,5392","-81,3839"
Caleb Martin,2025,DAL,SF,29,"9,186594","0,6","0,06531256306744371","9,6","-0,4",Sobrepagado,Dallas Mavericks,Dallas,"32,7905","-96,8103"
Gary Payton II,2025,GSW,SG,32,"9,13","3,0","0,32858707557502737","16,2","0,8",Valor de mercado,Golden State Warriors,San Francisco,"37,768","-122,3877"
Stephon Castle,2025,SAS,PG,20,"9,10512","1,1","0,12081114801342543","13,7","-0,6",Sobrepagado,San Antonio Spurs,San Antonio,"29,427","-98,4375"
Tre Jones,2025,CHI,PG,25,"9,104167","2,9","0,318535457444926","16,3","0,8",Valor de mercado,Chicago Bulls,Chicago,"41,8807","-87,6742"
Goga Bitadze,2025,ORL,C,25,"9,057971","5,8","0,6403200010245119","19,2","1,6",Valor de mercado,Orlando Magic,Orlando,"28,5392","-81,3839"
Zeke Nnaji,2025,DEN,PF,24,"8,888889","1,2","0,1349999983125","12,0","0,1",Sobrepagado,Denver Nuggets,Denver,"39,7487","-105,0077"
Keegan Murray,2025,SAC,PF,24,"8,80956","4,4","0,4994574076344336","12,0","0,2",Valor de mercado,Sacramento Kings,Sacramento,"38,5802","-121,4997"
Buddy Hield,2025,GSW,SG,32,"8,780488","2,8","0,31888888180246927","12,3","0,5",Valor de mercado,Golden State Warriors,San Francisco,"37,768","-122,3877"
Kyle Anderson,2025,MIA,PF,31,"8,780488","2,8","0,31888888180246927","15,1","0,9",Valor de mercado,Miami Heat,Miami,"25,7814","-80,187"
Naji Marshall,2025,DAL,SF,27,"8,571429","3,5","0,4083333129166677","15,1","0,6",Valor de mercado,Dallas Mavericks,Dallas,"32,7905","-96,8103"
Jalen Smith,2025,CHI,C,24,"8,571429","2,9","0,3383333164166675","18,7","0,7",Valor de mercado,Chicago Bulls,Chicago,"41,8807","-87,6742"
Georges Niang,2025,ATL,PF,31,"8,5","2,9","0,3411764705882353","11,2","-0,1",Valor de mercado,Atlanta Hawks,Atlanta,"33,7573","-84,3963"
Ausar Thompson,2025,DET,SF,22,"8,376","3,8","0,45367717287488063","17,2","1,2",Valor de mercado,Detroit Pistons,Detroit,"42,341","-83,0552"
Josh Giddey,2025,CHI,PG,22,"8,352367","5,3","0,6345506609084587","18,1","2,7",Valor de mercado,Chicago Bulls,Chicago,"41,8807","-87,6742"
Josh Okogie,2025,CHO,SG,26,"8,25","1,3","0,1575757575757576","16,3","0,6",Sobrepagado,Charlotte Hornets,Charlotte,"35,2251","-80,8392"
Ron Holland,2025,DET,SF,19,"8,24532","1,8","0,21830565702725913","11,1","-0,3",Sobrepagado,Detroit Pistons,Detroit,"42,341","-83,0552"
Cody Martin,2025,PHO,SF,29,"8,12","1,3","0,1600985221674877","11,3","0,1",Sobrepagado,Phoenix Suns,Phoenix,"33,4457","-112,0712"
Jock Landale,2025,HOU,C,29,"8,0","1,7","0,2125","16,0","0,3",Sobrepagado,Houston Rockets,Houston,"29,7508","-95,3621"
Trey Lyles,2025,SAC,PF,29,"8,0","2,6","0,325","12,3","0,4",Valor de mercado,Sacramento Kings,Sacramento,"38,5802","-121,4997"
Jeff Green,2025,HOU,PF,38,"8,0","1,3","0,1625","13,6","0,2",Sobrepagado,Houston Rockets,Houston,"29,7508","-95,3621"
Kevon Looney,2025,GSW,C,28,"8,0","4,3","0,5375","17,0","0,7",Valor de mercado,Golden State Warriors,San Francisco,"37,768","-122,3877"
Kelly Oubre Jr.,2025,PHI,SF,29,"7,983","2,6","0,3256920957033697","13,5","-0,1",Valor de mercado,Philadelphia 76ers,Philadelphia,"39,9012","-75,172"
Jaden Ivey,2025,DET,SG,22,"7,97724","1,2","0,1504279675677302","14,7","0,5",Sobrepagado,Detroit Pistons,Detroit,"42,341","-83,0552"
KJ Martin,2025,UTA,PF,24,"7,975","1,3","0,16300940438871475","10,2","-0,4",Sobrepagado,Utah Jazz,Salt Lake City,"40,7683","-111,9011"
Simone Fontecchio,2025,DET,SF,29,"7,692308","1,6","0,20799999168000036","9,7","-0,3",Sobrepagado,Detroit Pistons,Detroit,"42,341","-83,0552"
Jonathan Kuminga,2025,GSW,PF,22,"7,636307","1,9","0,24881136916051172","15,7","0,4",Valor de mercado,Golden State Warriors,San Francisco,"37,768","-122,3877"
Anthony Black,2025,ORL,PG,21,"7,60776","2,4","0,315467364901101","11,6","0,0",Valor de mercado,Orlando Magic,Orlando,"28,5392","-81,3839"
Jae'Sean Tate,2025,HOU,SF,29,"7,565217","1,6","0,21149426381292172","12,3","0,2",Sobrepagado,Houston Rockets,Houston,"29,7508","-95,3621"
Gary Harris,2025,ORL,SG,30,"7,5","1,0","0,13333333333333333","6,9","-0,1",Sobrepagado,Orlando Magic,Orlando,"28,5392","-81,3839"
Bennedict Mathurin,2025,IND,SF,22,"7,24572","3,0","0,41403752836157065","13,6","-0,5",Valor de mercado,Indiana Pacers,Indianapolis,"39,764","-86,1555"
Max Christie,2025,DAL,SG,21,"7,142857","2,7","0,3780000075600002","10,4","-0,3",Valor de mercado,Dallas Mavericks,Dallas,"32,7905","-96,8103"
Franz Wagner,2025,ORL,SF,23,"7,007092","5,6","0,7991903060499277","20,1","2,6",Infravalorado,Orlando Magic,Orlando,"28,5392","-81,3839"
Ayo Dosunmu,2025,CHI,SG,25,"7,0","2,5","0,35714285714285715","12,8","0,1",Valor de mercado,Chicago Bulls,Chicago,"41,8807","-87,6742"
Bilal Coulibaly,2025,WAS,SF,20,"6,94524","0,3","0,04319505157489158","10,8","-0,8",Sobrepagado,Washington Wizards,Washington,"38,8981","-77,0209"
Donovan Clingan,2025,POR,C,20,"6,8364","4,0","0,5851032707272833","17,4","0,6",Valor de mercado,Portland Trail Blazers,Portland,"45,5316","-122,6668"
Payton Pritchard,2025,BOS,PG,27,"6,696429","8,6","1,2842665844736052","17,6","3,2",Infravalorado,Boston Celtics,Boston,"42,3662","-71,0621"
Kenrich Williams,2025,OKC,PF,30,"6,669","3,6","0,5398110661268557","13,7","0,7",Valor de mercado,Oklahoma City Thunder,Oklahoma City,"35,4634","-97,5151"
Shaedon Sharpe,2025,POR,SG,21,"6,61416","3,0","0,4535723357161","14,5","0,4",Valor de mercado,Portland Trail Blazers,Portland,"45,5316","-122,6668"
Jevon Carter,2025,CHI,PG,29,"6,5","0,3","0,04615384615384615","12,2","0,0",Sobrepagado,Chicago Bulls,Chicago,"41,8807","-87,6742"
Davion Mitchell,2025,MIA,PG,26,"6,451077","3,0","0,4650386284336709","10,2","-0,3",Valor de mercado,Miami Heat,Miami,"25,7814","-80,187"
Jarace Walker,2025,IND,PF,21,"6,36252","1,6","0,2514726869227916","11,9","0,3",Valor de mercado,Indiana Pacers,Indianapolis,"39,764","-86,1555"
Rob Dillingham,2025,MIN,PG,20,"6,26292","0,1","0,015966993032004242","10,2","-0,3",Sobrepagado,Minnesota Timberwolves,Minneapolis,"44,9795","-93,276"
Dean Wade,2025,CLE,PF,28,"6,166667","3,0","0,48648646018992103","10,1","0,7",Valor de mercado,Cleveland Cavaliers,Cleveland,"41,4965","-81,6882"
John Konchar,2025,MEM,SG,28,"6,165","1,5","0,24330900243309003","12,1","0,5",Sobrepagado,Memphis Grizzlies,Memphis,"35,1382","-90,0505"
Ziaire Williams,2025,BRK,SF,23,"6,133005","2,1","0,3424096344287996","11,9","-0,1",Valor de mercado,Brooklyn Nets,Brooklyn,"40,6828","-73,9752"
Dyson Daniels,2025,ATL,SG,21,"6,05952","5,0","0,8251478664976764","15,6","2,3",Infravalorado,Atlanta Hawks,Atlanta,"33,7573","-84,3963"
Precious Achiuwa,2025,NYK,C,25,"6,0","2,3","0,3833333333333333","13,6","0,0",Valor de mercado,New York Knicks,New York,"40,7505","-73,9934"
Malik Beasley,2025,DET,SG,28,"6,0","4,7","0,7833333333333333","14,4","1,6",Infravalorado,Detroit Pistons,Detroit,"42,341","-83,0552"
Chris Duarte,2025,CHI,SG,27,"5,893768","0,3","0,050901223122457484","16,5","0,1",Sobrepagado,Chicago Bulls,Chicago,"41,8807","-87,6742"
Moses Moody,2025,GSW,SG,22,"5,803269","3,5","0,6031083515170501","12,4","0,5",Valor de mercado,Golden State Warriors,San Francisco,"37,768","-122,3877"
Zach Edey,2025,MEM,C,22,"5,75688","4,9","0,8511554869999028","18,2","0,7",Infravalorado,Memphis Grizzlies,Memphis,"35,1382","-90,0505"
Corey Kispert,2025,WAS,SF,25,"5,705887","1,1","0,19278334814552062","11,0","-0,7",Sobrepagado,Washington Wizards,Washington,"38,8981","-77,0209"
Jeremy Sochan,2025,SAS,PF,21,"5,57004","2,7","0,4847361957903355","15,9","0,3",Valor de mercado,San Antonio Spurs,San Antonio,"29,427","-98,4375"
Cason Wallace,2025,OKC,SG,21,"5,55588","5,2","0,9359453407920978","12,3","1,5",Infravalorado,Oklahoma City Thunder,Oklahoma City,"35,4634","-97,5151"
Cody Williams,2025,UTA,SG,20,"5,46912","-1,2","-0,21941372652273125","3,7","-1,4",Sobrepagado,Utah Jazz,Salt Lake City,"40,7683","-111,9011"
Johnny Davis,2025,WAS,SG,22,"5,29116","0,1","0,018899447380158606","10,2","0,0",Sobrepagado,Washington Wizards,Washington,"38,8981","-77,0209"
Jett Howard,2025,ORL,SF,21,"5,27832","0,1","0,018945422028221102","7,1","-0,6",Sobrepagado,Orlando Magic,Orlando,"28,5392","-81,3839"
Haywood Highsmith,2025,MIA,SF,28,"5,2","3,3","0,6346153846153846","9,9","0,1",Valor de mercado,Miami Heat,Miami,"25,7814","-80,187"
Matas Buzelis,2025,CHI,SF,20,"5,19552","1,9","0,3656996797240699","12,5","-0,2",Valor de mercado,Chicago Bulls,Chicago,"41,8807","-87,6742"
Kris Dunn,2025,LAC,PG,30,"5,168","4,0","0,7739938080495355","11,3","1,2",Infravalorado,LA Clippers,Los Angeles,"34,043","-118,2673"
Trey Murphy III,2025,NOP,SF,24,"5,159854","3,5","0,6783137662422231","17,3","1,3",Valor de mercado,New Orleans Pelicans,New Orleans,"29,949","-90,0821"
Ousmane Dieng,2025,OKC,C,21,"5,02704","0,9","0,17903179604697794","11,5","0,1",Sobrepagado,Oklahoma City Thunder,Oklahoma City,"35,4634","-97,5151"
Dereck Lively II,2025,DAL,C,20,"5,01456","3,4","0,6780255894834242","20,1","1,1",Valor de mercado,Dallas Mavericks,Dallas,"32,7905","-96,8103"
Nick Richards,2025,PHO,C,27,"5,0","3,0","0,6","16,6","-0,4",Valor de mercado,Phoenix Suns,Phoenix,"33,4457","-112,0712"
Andre Drummond,2025,PHI,C,31,"5,0","1,2","0,24","16,0","-0,2",Sobrepagado,Philadelphia 76ers,Philadelphia,"39,9012","-75,172"
Drew Eubanks,2025,LAC,C,27,"5,0","1,7","0,33999999999999997","15,6","0,3",Valor de mercado,LA Clippers,Los Angeles,"34,043","-118,2673"
Tre Mann,2025,CHO,PG,23,"4,908373","0,1","0,020373349784134173","13,3","0,0",Sobrepagado,Charlotte Hornets,Charlotte,"35,2251","-80,8392"
Jalen Williams,2025,OKC,SG,23,"4,77576","7,8","1,6332479019046182","20,3","3,4",Infravalorado,Oklahoma City Thunder,Oklahoma City,"35,4634","-97,5151"
Gradey Dick,2025,TOR,SG,21,"4,76376","1,4","0,2938855022083396","10,9","-0,5",Valor de mercado,Toronto Raptors,Toronto,"43,6435","-79,3791"
Miles McBride,2025,NYK,PG,24,"4,710144","3,2","0,6793847491711507","12,6","0,8",Valor de mercado,New York Knicks,New York,"40,7505","-73,9934"
Devin Carter,2025,SAC,PG,22,"4,689","0,4","0,0853060354020047","10,8","-0,1",Sobrepagado,Sacramento Kings,Sacramento,"38,5802","-121,4997"
Nicolas Batum,2025,LAC,PF,36,"4,668","3,5","0,7497857754927163","10,3","1,0",Infravalorado,LA Clippers,Los Angeles,"34,043","-118,2673"
Aaron Holiday,2025,HOU,PG,28,"4,668","2,0","0,4284490145672665","12,2","0,3",Valor de mercado,Houston Rockets,Houston,"29,7508","-95,3621"
Jalen Duren,2025,DET,C,21,"4,53684","9,2","2,0278431683727","21,4","2,7",Infravalorado,Detroit Pistons,Detroit,"42,341","-83,0552"
Jordan Hawkins,2025,NOP,SG,22,"4,52568","-0,5","-0,1104806349543052","9,6","-1,2",Sobrepagado,New Orleans Pelicans,New Orleans,"29,949","-90,0821"
Jalen Johnson,2025,ATL,SF,23,"4,510905","2,4","0,5320440133410036","17,3","1,2",Valor de mercado,Atlanta Hawks,Atlanta,"33,7573","-84,3963"
Bub Carrington,2025,WAS,PG,19,"4,45488","0,2","0,044894587508529975","9,0","-1,6",Sobrepagado,Washington Wizards,Washington,"38,8981","-77,0209"
Nickeil Alexander-Walker,2025,MIN,SG,26,"4,3125","4,3","0,9971014492753623","11,6","0,8",Infravalorado,Minnesota Timberwolves,Minneapolis,"44,9795","-93,276"
Ochai Agbaji,2025,TOR,SG,24,"4,31028","3,1","0,7192108169306867","12,0","0,5",Valor de mercado,Toronto Raptors,Toronto,"43,6435","-79,3791"
Kobe Bufkin,2025,ATL,SG,21,"4,299","0,0","0,0","10,5","-0,1",Sobrepagado,Atlanta Hawks,Atlanta,"33,7573","-84,3963"
Quentin Grimes,2025,PHI,SG,24,"4,296682","3,4","0,7913082699627294","15,9","1,2",Infravalorado,Philadelphia 76ers,Philadelphia,"39,9012","-75,172"
Kel'el Ware,2025,MIA,C,20,"4,2318","4,1","0,9688548608157285","17,4","0,7",Infravalorado,Miami Heat,Miami,"25,7814","-80,187"
Bones Hyland,2025,MIN,PG,24,"4,158439","0,5","0,1202374256301463","16,0","0,3",Sobrepagado,Minnesota Timberwolves,Minneapolis,"44,9795","-93,276"
Mark Williams,2025,CHO,C,23,"4,09428","4,7","1,1479429838701798","23,9","1,6",Infravalorado,Charlotte Hornets,Charlotte,"35,2251","-80,8392"
Keyonte George,2025,UTA,PG,21,"4,0842","1,1","0,2693305910582244","12,9","-0,3",Valor de mercado,Utah Jazz,Salt Lake City,"40,7683","-111,9011"
Cam Thomas,2025,BRK,SG,23,"4,041249","1,2","0,29693790211887466","18,0","0,5",Valor de mercado,Brooklyn Nets,Brooklyn,"40,6828","-73,9752"
Jared McCain,2025,PHI,SG,20,"4,02036","0,7","0,17411376095673023","15,2","0,3",Sobrepagado,Philadelphia 76ers,Philadelphia,"39,9012","-75,172"
Dwight Powell,2025,DAL,C,33,"4,0","1,7","0,425","12,9","0,3",Valor de mercado,Dallas Mavericks,Dallas,"32,7905","-96,8103"
Day'Ron Sharpe,2025,BRK,C,23,"3,989122","2,7","0,6768406681971623","19,7","0,7",Valor de mercado,Brooklyn Nets,Brooklyn,"40,6828","-73,9752"
Santi Aldama,2025,MEM,PF,24,"3,960531","5,0","1,262456978622311","16,8","2,2",Infravalorado,Memphis Grizzlies,Memphis,"35,1382","-90,0505"
Amir Coffey,2025,LAC,SG,27,"3,938271","4,0","1,0156741372038645","11,2","0,1",Infravalorado,LA Clippers,Los Angeles,"34,043","-118,2673"
Jalen Hood-Schifino,2025,PHI,SG,21,"3,87984","-0,1","-0,02577425873231886","7,9","-0,4",Sobrepagado,Philadelphia 76ers,Philadelphia,"39,9012","-75,172"
Kevin Love,2025,MIA,PF,36,"3,85","0,4","0,1038961038961039","16,2","0,2",Sobrepagado,Miami Heat,Miami,"25,7814","-80,187"
Dalton Knecht,2025,LAL,SF,23,"3,81912","2,7","0,7069691447244392","12,7","0,1",Valor de mercado,LA Lakers,Los Angeles,"34,043","-118,2673"
Tari Eason,2025,HOU,PF,23,"3,69516","5,0","1,3531213804003075","18,5","2,0",Infravalorado,Houston Rockets,Houston,"29,7508","-95,3621"
Jaime Jaquez Jr.,2025,MIA,SF,23,"3,6858","2,3","0,6240164957404091","14,3","0,4",Valor de mercado,Miami Heat,Miami,"25,7814","-80,187"
Tristan Da Silva,2025,ORL,SF,23,"3,62844","2,5","0,6890013339065825","9,9","-0,3",Valor de mercado,Orlando Magic,Orlando,"28,5392","-81,3839"
Brandin Podziemski,2025,GSW,SG,21,"3,51996","4,2","1,1931953772201958","14,4","1,2",Infravalorado,Golden State Warriors,San Francisco,"37,768","-122,3877"
Dalen Terry,2025,CHI,SG,22,"3,51048","1,1","0,31334746245527684","9,6","-0,5",Valor de mercado,Chicago Bulls,Chicago,"41,8807","-87,6742"
Svi Mykhailiuk,2025,UTA,SF,27,"3,5","-0,1","-0,028571428571428574","9,8","-0,3",Sobrepagado,Utah Jazz,Salt Lake City,"40,7683","-111,9011"
Ja'Kobe Walter,2025,TOR,SG,20,"3,465","1,2","0,3463203463203463","10,8","-0,3",Valor de mercado,Toronto Raptors,Toronto,"43,6435","-79,3791"
Cam Whitmore,2025,HOU,SF,20,"3,37908","1,8","0,5326893710714159","15,5","0,5",Valor de mercado,Houston Rockets,Houston,"29,7508","-95,3621"
Jake LaRavia,2025,SAC,PF,23,"3,35268","2,9","0,8649796580645931","12,6","0,8",Infravalorado,Sacramento Kings,Sacramento,"38,5802","-121,4997"
Jaylon Tyson,2025,CLE,SG,22,"3,32616","0,8","0,24051759386199104","11,1","-0,1",Sobrepagado,Cleveland Cavaliers,Cleveland,"41,4965","-81,6882"
Eric Gordon,2025,PHI,SG,36,"3,303771","0,9","0,27241597556247094","10,8","0,1",Valor de mercado,Philadelphia 76ers,Philadelphia,"39,9012","-75,172"
Cory Joseph,2025,ORL,PG,33,"3,303771","1,5","0,4540266259374515","10,9","0,2",Valor de mercado,Orlando Magic,Orlando,"28,5392","-81,3839"
Noah Clowney,2025,BRK,PF,20,"3,24408","0,5","0,15412690192596978","9,2","-0,5",Sobrepagado,Brooklyn Nets,Brooklyn,"40,6828","-73,9752"
Malaki Branham,2025,SAS,SG,21,"3,21792","0,1","0,031075974542561658","12,0","-0,1",Sobrepagado,San Antonio Spurs,San Antonio,"29,427","-98,4375"
Yves Missi,2025,NOP,C,20,"3,1932","3,6","1,1273957158962795","15,4","-0,5",Infravalorado,New Orleans Pelicans,New Orleans,"29,949","-90,0821"
Dante Exum,2025,DAL,PG,29,"3,15","0,6","0,19047619047619047","13,6","0,0",Sobrepagado,Dallas Mavericks,Dallas,"32,7905","-96,8103"
Dariq Whitehead,2025,BRK,SF,20,"3,11424","0,1","0,03211056309083436","9,4","-0,1",Sobrepagado,Brooklyn Nets,Brooklyn,"40,6828","-73,9752"
Christian Braun,2025,DEN,SG,23,"3,08964","8,0","2,589298429590502","16,0","1,6",Infravalorado,Denver Nuggets,Denver,"39,7487","-105,0077"
Johnny Juzang,2025,UTA,SG,23,"3,087519","1,6","0,5182154344637232","11,8","-0,1",Valor de mercado,Utah Jazz,Salt Lake City,"40,7683","-111,9011"
Kyle Filipowski,2025,UTA,C,21,"3,0","2,5","0,8333333333333334","14,9","0,4",Infravalorado,Utah Jazz,Salt Lake City,"40,7683","-111,9011"
Julian Champagnie,2025,SAS,SF,23,"3,0","2,5","0,8333333333333334","12,2","0,4",Infravalorado,San Antonio Spurs,San Antonio,"29,427","-98,4375"
Ajay Mitchell,2025,OKC,SG,22,"3,0","1,5","0,5","12,0","0,1",Valor de mercado,Oklahoma City Thunder,Oklahoma City,"35,4634","-97,5151"
Kris Murray,2025,POR,SF,24,"2,99004","0,7","0,23411058046046204","9,1","-0,3",Sobrepagado,Portland Trail Blazers,Portland,"45,5316","-122,6668"
Walker Kessler,2025,UTA,C,23,"2,96592","5,4","1,8206829584075093","20,0","1,7",Infravalorado,Utah Jazz,Salt Lake City,"40,7683","-111,9011"
Shake Milton,2025,LAL,SG,28,"2,875","1,3","0,45217391304347826","11,9","0,0",Valor de mercado,LA Lakers,Los Angeles,"34,043","-118,2673"
Olivier-Maxence Prosper,2025,DAL,PF,22,"2,8704","0,9","0,31354515050167225","12,6","0,0",Valor de mercado,Dallas Mavericks,Dallas,"32,7905","-96,8103"
Kyshawn George,2025,WAS,SG,21,"2,82552","0,1","0,03539171550723407","8,8","-0,9",Sobrepagado,Washington Wizards,Washington,"38,8981","-77,0209"
AJ Johnson,2025,WAS,SG,20,"2,795294","-0,4","-0,14309764912027143","7,1","-1,0",Sobrepagado,Washington Wizards,Washington,"38,8981","-77,0209"
Marcus Sasser,2025,DET,PG,24,"2,75508","1,8","0,6533385600418137","14,0","0,3",Valor de mercado,Detroit Pistons,Detroit,"42,341","-83,0552"
MarJon Beauchamp,2025,NYK,SF,24,"2,73372","0,1","0,03658019109491828","12,3","-0,1",Sobrepagado,New York Knicks,New York,"40,7505","-73,9934"
Trendon Watford,2025,BRK,PF,24,"2,726603","0,7","0,25672971092601304","13,0","-0,3",Valor de mercado,Brooklyn Nets,Brooklyn,"40,6828","-73,9752"
Ben Sheppard,2025,IND,SG,23,"2,66388","2,1","0,788323798369296","9,2","0,0",Infravalorado,Indiana Pacers,Indianapolis,"39,764","-86,1555"
Blake Wesley,2025,SAS,SG,21,"2,62428","0,2","0,07621137988324417","9,9","-0,4",Sobrepagado,San Antonio Spurs,San Antonio,"29,427","-98,4375"
Dillon Jones,2025,OKC,SF,23,"2,62236","0,8","0,3050687167284431","8,1","-0,3",Valor de mercado,Oklahoma City Thunder,Oklahoma City,"35,4634","-97,5151"
Nick Smith Jr.,2025,CHO,SG,20,"2,5872","-0,5","-0,19325912183055038","8,3","-1,3",Sobrepagado,Charlotte Hornets,Charlotte,"35,2251","-80,8392"
Brice Sensabaugh,2025,UTA,SF,21,"2,57148","1,2","0,4666573335199962","13,4","0,3",Valor de mercado,Utah Jazz,Salt Lake City,"40,7683","-111,9011"
Ty Jerome,2025,CLE,SG,27,"2,560975","5,9","2,3038100723357315","21,0","2,2",Infravalorado,Cleveland Cavaliers,Cleveland,"41,4965","-81,6882"
Julian Strawther,2025,DEN,SG,22,"2,55252","1,3","0,5093006127278141","9,5","-0,9",Valor de mercado,Denver Nuggets,Denver,"39,7487","-105,0077"
Terrence Shannon Jr.,2025,MIN,SG,24,"2,54664","0,6","0,23560456130430685","11,9","0,0",Sobrepagado,Minnesota Timberwolves,Minneapolis,"44,9795","-93,276"
Wendell Moore Jr.,2025,CHO,SG,23,"2,53704","0,7","0,2759120865260303","11,0","-0,1",Valor de mercado,Charlotte Hornets,Charlotte,"35,2251","-80,8392"
Kobe Brown,2025,LAC,PF,25,"2,53392","0,5","0,19732272526362316","10,8","0,0",Sobrepagado,LA Clippers,Los Angeles,"34,043","-118,2673"
Ryan Dunn,2025,PHO,SF,22,"2,5308","1,0","0,3951319740793425","10,7","-0,7",Valor de mercado,Phoenix Suns,Phoenix,"33,4457","-112,0712"
Isaiah Collier,2025,UTA,PG,20,"2,51268","-0,8","-0,3183851505165799","9,7","-1,6",Sobrepagado,Utah Jazz,Salt Lake City,"40,7683","-111,9011"
Baylor Scheierman,2025,BOS,SG,24,"2,49432","0,7","0,2806376086468456","10,3","0,0",Valor de mercado,Boston Celtics,Boston,"42,3662","-71,0621"
Cam Reddish,2025,LAL,SF,25,"2,463946","0,7","0,28409713524565877","7,4","-0,1",Valor de mercado,LA Lakers,Los Angeles,"34,043","-118,2673"
Jaxson Hayes,2025,LAL,C,24,"2,463946","3,7","1,5016562862984824","15,8","0,5",Infravalorado,LA Lakers,Los Angeles,"34,043","-118,2673"
Patrick Baldwin Jr.,2025,LAC,SF,22,"2,44884","0,2","0,08167132193201679","16,2","0,1",Sobrepagado,LA Clippers,Los Angeles,"34,043","-118,2673"
DaQuan Jeffries,2025,CHO,SG,27,"2,425404","0,6","0,2473814671700055","7,9","-0,7",Valor de mercado,Charlotte Hornets,Charlotte,"35,2251","-80,8392"
Peyton Watson,2025,DEN,SF,22,"2,41356","2,5","1,0358143157824955","11,4","0,1",Infravalorado,Denver Nuggets,Denver,"39,7487","-105,0077"
Russell Westbrook,2025,DEN,PG,36,"5,631296","1,9","0,3374001295616497","14,3","0,5",Valor de mercado,Denver Nuggets,Denver,"39,7487","-105,0077"
Xavier Tillman Sr.,2025,BOS,C,26,"2,237691","-0,3","-0,1340667679317654","2,4","-0,4",Sobrepagado,Boston Celtics,Boston,"42,3662","-71,0621"
Anthony Gill,2025,WAS,PF,32,"2,237691","0,5","0,22344461321960898","10,2","-0,3",Sobrepagado,Washington Wizards,Washington,"38,8981","-77,0209"
Garrison Mathews,2025,ATL,SG,28,"2,230253","1,5","0,672569434947515","11,2","0,1",Valor de mercado,Atlanta Hawks,Atlanta,"33,7573","-84,3963"
Jeremiah Robinson-Earl,2025,NOP,PF,24,"2,19697","1,7","0,7737929967182073","12,9","-0,2",Infravalorado,New Orleans Pelicans,New Orleans,"29,949","-90,0821"
Lindy Waters III,2025,DET,SG,27,"2,19697","1,0","0,45517235101071024","8,8","-0,2",Valor de mercado,Detroit Pistons,Detroit,"42,341","-83,0552"
Dalano Banton,2025,POR,PG,25,"2,19697","0,8","0,3641378808085682","12,9","0,3",Valor de mercado,Portland Trail Blazers,Portland,"45,5316","-122,6668"
Sam Merrill,2025,CLE,SG,28,"2,164993","3,3","1,5242543509378552","11,1","0,8",Infravalorado,Cleveland Cavaliers,Cleveland,"41,4965","-81,6882"
Luka Garza,2025,MIN,C,26,"2,162606","0,7","0,32368355585807124","18,8","0,0",Valor de mercado,Minnesota Timberwolves,Minneapolis,"44,9795","-93,276"
Keon Johnson,2025,BRK,SG,22,"2,162606","0,5","0,23120253989862233","10,4","-0,6",Sobrepagado,Brooklyn Nets,Brooklyn,"40,6828","-73,9752"
Neemias Queta,2025,BOS,C,25,"2,162606","3,2","1,479696255351183","16,3","0,3",Infravalorado,Boston Celtics,Boston,"42,3662","-71,0621"
Vit Krejci,2025,ATL,PG,24,"2,162606","2,6","1,2022532074728363","12,7","0,8",Infravalorado,Atlanta Hawks,Atlanta,"33,7573","-84,3963"
Vince Williams Jr.,2025,MEM,SG,24,"2,120693","0,4","0,1886175886844536","9,2","-0,1",Sobrepagado,Memphis Grizzlies,Memphis,"35,1382","-90,0505"
Colby Jones,2025,WAS,SG,22,"2,120693","0,6","0,2829263830266804","11,4","-0,1",Valor de mercado,Washington Wizards,Washington,"38,8981","-77,0209"
Keon Ellis,2025,SAC,SG,25,"2,120693","5,0","2,35771985855567","13,5","1,9",Infravalorado,Sacramento Kings,Sacramento,"38,5802","-121,4997"
A.J. Green,2025,MIL,SG,25,"2,120693","2,8","1,3203231207911752","9,2","-0,1",Infravalorado,Milwaukee Bucks,Milwaukee,"43,045","-87,917"
Sam Hauser,2025,BOS,PF,27,"2,092344","4,4","2,1029046848892916","12,8","1,1",Infravalorado,Boston Celtics,Boston,"42,3662","-71,0621"
Jericho Sims,2025,MIL,C,26,"2,092344","1,3","0,6213127478081998","10,0","-0,2",Valor de mercado,Milwaukee Bucks,Milwaukee,"43,045","-87,917"
Jay Huff,2025,MEM,C,26,"2,088033","2,5","1,1972990848324716","18,2","1,1",Infravalorado,Memphis Grizzlies,Memphis,"35,1382","-90,0505"
Tyler Kolek,2025,NYK,PG,23,"2,087519","0,4","0,1916150224261432","10,3","-0,1",Sobrepagado,New York Knicks,New York,"40,7505","-73,9934"
Scotty Pippen Jr.,2025,MEM,PG,24,"2,087519","4,7","2,251476513507183","15,8","1,7",Infravalorado,Memphis Grizzlies,Memphis,"35,1382","-90,0505"
Garrett Temple,2025,TOR,SG,38,"2,087519","0,2","0,0958075112130716","8,5","-0,1",Sobrepagado,Toronto Raptors,Toronto,"43,6435","-79,3791"
Charles Bassey,2025,SAS,C,24,"2,087519","1,1","0,5269413116718938","19,0","0,1",Valor de mercado,San Antonio Spurs,San Antonio,"29,427","-98,4375"
Jordan McLaughlin,2025,SAS,PG,28,"2,087519","0,6","0,2874225336392148","12,3","0,0",Valor de mercado,San Antonio Spurs,San Antonio,"29,427","-98,4375"
Sandro Mamukelashvili,2025,SAS,PF,25,"2,087519","2,2","1,0538826233437877","19,7","0,7",Infravalorado,San Antonio Spurs,San Antonio,"29,427","-98,4375"
Doug McDermott,2025,SAC,SF,33,"2,087519","0,4","0,1916150224261432","9,5","-0,1",Sobrepagado,Sacramento Kings,Sacramento,"38,5802","-121,4997"
Tyus Jones,2025,PHO,PG,28,"2,087519","4,4","2,1077652466875754","14,5","1,1",Infravalorado,Phoenix Suns,Phoenix,"33,4457","-112,0712"
Bol Bol,2025,PHO,PF,25,"2,087519","0,9","0,4311338004588222","18,4","0,3",Valor de mercado,Phoenix Suns,Phoenix,"33,4457","-112,0712"
Monte Morris,2025,PHO,PG,29,"2,087519","0,8","0,3832300448522864","13,1","0,0",Valor de mercado,Phoenix Suns,Phoenix,"33,4457","-112,0712"
Mason Plumlee,2025,PHO,C,34,"2,087519","3,7","1,7724389574418247","14,8","0,5",Infravalorado,Phoenix Suns,Phoenix,"33,4457","-112,0712"
Damion Lee,2025,PHO,SG,32,"2,087519","-0,1","-0,0479037556065358","11,9","-0,1",Sobrepagado,Phoenix Suns,Phoenix,"33,4457","-112,0712"
Guerschon Yabusele,2025,PHI,C,29,"2,087519","3,9","1,868246468654896","14,7","0,5",Infravalorado,Philadelphia 76ers,Philadelphia,"39,9012","-75,172"
Kyle Lowry,2025,PHI,PG,38,"2,087519","1,0","0,479037556065358","9,8","0,1",Valor de mercado,Philadelphia 76ers,Philadelphia,"39,9012","-75,172"
Daniel Theis,2025,NOP,C,32,"2,087519","1,0","0,479037556065358","12,1","-0,2",Valor de mercado,New Orleans Pelicans,New Orleans,"29,949","-90,0821"
Cameron Payne,2025,NYK,PG,30,"2,087519","2,3","1,1017863789503233","13,8","0,5",Infravalorado,New York Knicks,New York,"40,7505","-73,9934"
Delon Wright,2025,NYK,PG,32,"2,087519","0,7","0,3353262892457506","9,2","0,1",Valor de mercado,New York Knicks,New York,"40,7505","-73,9934"
Joe Ingles,2025,MIN,SF,37,"2,087519","-0,1","-0,0479037556065358","2,4","-0,1",Sobrepagado,Minnesota Timberwolves,Minneapolis,"44,9795","-93,276"
Gary Trent Jr.,2025,MIL,SG,26,"2,087519","3,3","1,5808239350156812","11,7","0,2",Infravalorado,Milwaukee Bucks,Milwaukee,"43,045","-87,917"
Taurean Prince,2025,MIL,SF,30,"2,087519","3,5","1,676631446228753","9,8","0,1",Infravalorado,Milwaukee Bucks,Milwaukee,"43,045","-87,917"
Alec Burks,2025,MIA,SG,33,"2,087519","1,8","0,8622676009176444","12,8","0,5",Infravalorado,Miami Heat,Miami,"25,7814","-80,187"
Markieff Morris,2025,LAL,PF,35,"2,087519","-0,2","-0,0958075112130716","6,0","-0,2",Sobrepagado,LA Lakers,Los Angeles,"34,043","-118,2673"
Patty Mills,2025,LAC,PG,36,"2,087519","0,1","0,0479037556065358","8,4","-0,1",Sobrepagado,LA Clippers,Los Angeles,"34,043","-118,2673"
James Johnson,2025,IND,PF,37,"2,087519","-0,1","-0,0479037556065358","0,0","-0,1",Sobrepagado,Indiana Pacers,Indianapolis,"39,764","-86,1555"
Thomas Bryant,2025,IND,C,27,"2,087519","3,1","1,4850164238026098","17,2","0,6",Infravalorado,Indiana Pacers,Indianapolis,"39,764","-86,1555"
DeAndre Jordan,2025,DEN,C,36,"2,087519","1,8","0,8622676009176444","15,4","0,2",Infravalorado,Denver Nuggets,Denver,"39,7487","-105,0077"
Spencer Dinwiddie,2025,DAL,PG,31,"2,087519","3,7","1,7724389574418247","13,0","0,2",Infravalorado,Dallas Mavericks,Dallas,"32,7905","-96,8103"
Tristan Thompson,2025,CLE,C,33,"2,087519","0,4","0,1916150224261432","9,1","-0,2",Sobrepagado,Cleveland Cavaliers,Cleveland,"41,4965","-81,6882"
Seth Curry,2025,CHO,SG,34,"2,087519","1,8","0,8622676009176444","12,2","0,1",Infravalorado,Charlotte Hornets,Charlotte,"35,2251","-80,8392"
Taj Gibson,2025,CHO,C,39,"2,087519","0,4","0,1916150224261432","10,8","-0,3",Sobrepagado,Charlotte Hornets,Charlotte,"35,2251","-80,8392"
Talen Horton-Tucker,2025,CHI,SG,24,"2,087519","1,1","0,5269413116718938","13,8","-0,1",Valor de mercado,Chicago Bulls,Chicago,"41,8807","-87,6742"
Luke Kornet,2025,BOS,C,29,"2,087519","7,0","3,353262892457506","19,6","1,8",Infravalorado,Boston Celtics,Boston,"42,3662","-71,0621"
Duop Reath,2025,POR,C,28,"2,04878","1,0","0,4880953543084177","13,7","0,2",Valor de mercado,Portland Trail Blazers,Portland,"45,5316","-122,6668"
Andrew Nembhard,2025,IND,SG,25,"2,019699","2,8","1,3863451930213362","11,7","-0,1",Infravalorado,Indiana Pacers,Indianapolis,"39,764","-86,1555"
Jaden Hardy,2025,DAL,SG,22,"2,019699","-0,3","-0,14853698496657175","10,4","-0,6",Sobrepagado,Dallas Mavericks,Dallas,"32,7905","-96,8103"
Jabari Walker,2025,POR,SF,22,"2,019699","2,0","0,9902465664438116","15,0","0,2",Infravalorado,Portland Trail Blazers,Portland,"45,5316","-122,6668"
Caleb Houstan,2025,ORL,SF,22,"2,019699","1,8","0,8912219097994305","9,4","0,0",Infravalorado,Orlando Magic,Orlando,"28,5392","-81,3839"
Jaylin Williams,2025,OKC,PF,22,"2,019699","3,3","1,6339068346322891","16,4","1,2",Infravalorado,Oklahoma City Thunder,Oklahoma City,"35,4634","-97,5151"
Josh Minott,2025,MIN,SF,22,"2,019699","0,9","0,44561095489971525","15,5","0,3",Valor de mercado,Minnesota Timberwolves,Minneapolis,"44,9795","-93,276"
Jose Alvarado,2025,NOP,PG,26,"1,988598","1,2","0,6034402126523309","13,4","0,2",Valor de mercado,New Orleans Pelicans,New Orleans,"29,949","-90,0821"
Reggie Jackson,2025,PHI,PG,34,"4,033748","0,1","0,024790839685572823","9,8","-0,2",Sobrepagado,Philadelphia 76ers,Philadelphia,"39,9012","-75,172"
Ricky Council IV,2025,PHI,SF,23,"1,891857","0,6","0,31714870627113995","11,6","-0,7",Valor de mercado,Philadelphia 76ers,Philadelphia,"39,9012","-75,172"
GG Jackson II,2025,MEM,PF,20,"1,891857","0,1","0,05285811771185666","9,3","-0,4",Sobrepagado,Memphis Grizzlies,Memphis,"35,1382","-90,0505"
Jalen Pickett,2025,DEN,SG,25,"1,891857","1,1","0,5814392948304233","10,9","0,1",Valor de mercado,Denver Nuggets,Denver,"39,7487","-105,0077"
Hunter Tyson,2025,DEN,PF,24,"1,891857","0,4","0,21143247084742664","9,0","-0,3",Sobrepagado,Denver Nuggets,Denver,"39,7487","-105,0077"
Julian Phillips,2025,CHI,SF,21,"1,891857","1,9","1,0043042365252766","10,2","-0,3",Infravalorado,Chicago Bulls,Chicago,"41,8807","-87,6742"
Jordan Walsh,2025,BOS,PF,20,"1,891857","0,4","0,21143247084742664","6,9","-0,2",Sobrepagado,Boston Celtics,Boston,"42,3662","-71,0621"
Sidy Cissoko,2025,POR,SF,20,"1,891857","-0,1","-0,05285811771185666","6,7","-0,1",Sobrepagado,Portland Trail Blazers,Portland,"45,5316","-122,6668"
Toumani Camara,2025,POR,PF,24,"1,891857","5,2","2,7486221210165462","12,5","1,2",Infravalorado,Portland Trail Blazers,Portland,"45,5316","-122,6668"
Rayan Rupert,2025,POR,SG,20,"1,891857","0,1","0,05285811771185666","8,1","-0,3",Sobrepagado,Portland Trail Blazers,Portland,"45,5316","-122,6668"
Leonard Miller,2025,MIN,SF,21,"1,891857","0,1","0,05285811771185666","19,9","0,0",Sobrepagado,Minnesota Timberwolves,Minneapolis,"44,9795","-93,276"
Chris Livingston,2025,MIL,SF,21,"1,891857","0,1","0,05285811771185666","9,8","-0,1",Sobrepagado,Milwaukee Bucks,Milwaukee,"43,045","-87,917"
Andre Jackson Jr.,2025,MIL,SG,23,"1,891857","1,2","0,6342974125422799","8,6","-0,3",Valor de mercado,Milwaukee Bucks,Milwaukee,"43,045","-87,917"
Trayce Jackson-Davis,2025,GSW,C,24,"1,891857","3,4","1,7971760022031265","18,5","0,8",Infravalorado,Golden State Warriors,San Francisco,"37,768","-122,3877"
Gui Santos,2025,GSW,PF,22,"1,891857","1,7","0,8985880011015632","11,7","0,1",Infravalorado,Golden State Warriors,San Francisco,"37,768","-122,3877"
Craig Porter Jr.,2025,CLE,PG,24,"1,891857","1,1","0,5814392948304233","13,1","0,4",Valor de mercado,Cleveland Cavaliers,Cleveland,"41,4965","-81,6882"
Maxwell Lewis,2025,BRK,SF,22,"1,891857","0,2","0,10571623542371332","9,9","-0,2",Sobrepagado,Brooklyn Nets,Brooklyn,"40,6828","-73,9752"
Jalen Wilson,2025,BRK,PF,24,"1,891857","1,9","1,0043042365252766","9,5","-1,0",Infravalorado,Brooklyn Nets,Brooklyn,"40,6828","-73,9752"
Mouhamed Gueye,2025,ATL,PF,22,"1,891857","1,2","0,6342974125422799","14,4","0,2",Valor de mercado,Atlanta Hawks,Atlanta,"33,7573","-84,3963"
Jonathan Mogbo,2025,TOR,PF,23,"1,862265","1,9","1,0202629593532606","11,9","0,0",Infravalorado,Toronto Raptors,Toronto,"43,6435","-79,3791"
Jamal Shead,2025,TOR,PG,22,"1,862265","0,8","0,429584403938215","9,9","-0,8",Valor de mercado,Toronto Raptors,Toronto,"43,6435","-79,3791"
Johnny Furphy,2025,IND,SG,20,"1,850842","0,5","0,2701473167347618","9,8","0,0",Valor de mercado,Indiana Pacers,Indianapolis,"39,764","-86,1555"
Pacome Dadiet,2025,NYK,SG,19,"1,80808","0,0","0,0","6,3","-0,1",Sobrepagado,New York Knicks,New York,"40,7505","-73,9934"
Justin Champagnie,2025,WAS,SF,23,"1,8","2,8","1,5555555555555554","15,7","0,5",Infravalorado,Washington Wizards,Washington,"38,8981","-77,0209"
Paul Reed,2025,DET,C,25,"3,913234","1,6","0,4088689815124779","18,6","0,5",Valor de mercado,Detroit Pistons,Detroit,"42,341","-83,0552"
Landry Shamet,2025,NYK,SG,27,"1,34369","1,0","0,7442192767677068","9,7","-0,1",Infravalorado,New York Knicks,New York,"40,7505","-73,9934"
Tyler Smith,2025,MIL,PF,20,"1,157153","0,2","0,17283799117316379","15,2","0,0",Sobrepagado,Milwaukee Bucks,Milwaukee,"43,045","-87,917"
Oso Ighodaro,2025,PHO,PF,22,"1,157153","1,6","1,3827039293853103","11,1","-0,2",Infravalorado,Phoenix Suns,Phoenix,"33,4457","-112,0712"
Jaylen Wells,2025,MEM,SG,21,"1,157153","3,5","3,024664845530366","10,5","-0,1",Infravalorado,Memphis Grizzlies,Memphis,"35,1382","-90,0505"
Bronny James,2025,LAL,SG,20,"1,157153","-0,2","-0,17283799117316379","7,1","-0,2",Sobrepagado,LA Lakers,Los Angeles,"34,043","-118,2673"
Cam Christie,2025,LAC,SG,19,"1,157153","0,0","0,0","9,1","0,0",Sobrepagado,LA Clippers,Los Angeles,"34,043","-118,2673"
Adem Bona,2025,PHI,C,21,"1,157153","2,3","1,9876368984913833","16,5","-0,2",Infravalorado,Philadelphia 76ers,Philadelphia,"39,9012","-75,172"
Antonio Reeves,2025,NOP,SG,24,"1,157153","0,4","0,34567598234632757","11,7","-0,2",Valor de mercado,New Orleans Pelicans,New Orleans,"29,949","-90,0821"
Pelle Larsson,2025,MIA,SG,23,"1,157153","1,4","1,2098659382121464","10,2","-0,2",Infravalorado,Miami Heat,Miami,"25,7814","-80,187"
Bruno Fernando,2025,TOR,C,26,"1,115128","0,3","0,2690274120997769","15,3","0,1",Valor de mercado,Toronto Raptors,Toronto,"43,6435","-79,3791"
Ariel Hukporti,2025,NYK,C,22,"1,064049","0,1","0,09398063435048574","7,6","-0,2",Sobrepagado,New York Knicks,New York,"40,7505","-73,9934"
Jordan Miller,2025,LAC,SF,25,"1,05","0,4","0,38095238095238093","10,5","-0,1",Valor de mercado,LA Clippers,Los Angeles,"34,043","-118,2673"
Jamison Battle,2025,TOR,SF,23,"1,0","1,7","1,7","10,7","-0,1",Infravalorado,Toronto Raptors,Toronto,"43,6435","-79,3791"
Kevin Porter Jr.,2025,MIL,SG,24,"3,366937","2,2","0,6534128794212664","15,4","0,5",Valor de mercado,Milwaukee Bucks,Milwaukee,"43,045","-87,917"
Lonnie Walker IV,2025,PHI,SG,26,"0,780932","0,3","0,3841563670076268","13,1","0,0",Valor de mercado,Philadelphia 76ers,Philadelphia,"39,9012","-75,172"
Torrey Craig,2025,BOS,SF,34,"3,625162","0,8","0,22067979306855806","12,9","0,1",Sobrepagado,Boston Celtics,Boston,"42,3662","-71,0621"
Ben Simmons,2025,LAC,PG,28,"40,011909","1,8","0,04498660636262069","12,4","0,4",Sobrepagado,LA Clippers,Los Angeles,"34,043","-118,2673"
Jared Butler,2025,PHI,SG,24,"0,745726","1,4","1,8773651448387207","15,6","0,3",Infravalorado,Philadelphia 76ers,Philadelphia,"39,9012","-75,172"
Alex Len,2025,LAL,C,31,"2,831348","0,7","0,24723206048850227","10,6","-0,1",Sobrepagado,LA Lakers,Los Angeles,"34,043","-118,2673"
Markelle Fultz,2025,SAC,PG,26,"0,731831","-0,1","-0,1366435693486611","8,9","-0,1",Sobrepagado,Sacramento Kings,Sacramento,"38,5802","-121,4997"
Keshad Johnson,2025,MIA,SF,23,"0,724883","0,4","0,5518131891629408","19,1","0,0",Valor de mercado,Miami Heat,Miami,"25,7814","-80,187"
E.J. Liddell,2025,CHI,PF,24,"0,706898","0,1","0,1414631248072565","11,1","0,0",Sobrepagado,Chicago Bulls,Chicago,"41,8807","-87,6742"
Tyrese Martin,2025,BRK,SG,25,"0,635853","0,9","1,4154214889290448","10,9","-0,2",Infravalorado,Brooklyn Nets,Brooklyn,"40,6828","-73,9752"
Matt Ryan,2025,NYK,SF,27,"0,621439","-0,1","-0,1609168397863668","6,1","-0,1",Sobrepagado,New York Knicks,New York,"40,7505","-73,9934"
Javonte Green,2025,CLE,SG,31,"2,32835","1,6","0,687181909936221","10,7","-0,1",Valor de mercado,Cleveland Cavaliers,Cleveland,"41,4965","-81,6882"
Brandon Boston Jr.,2025,NOP,SG,23,"0,596581","0,7","1,1733528221649698","12,7","-0,1",Infravalorado,New Orleans Pelicans,New Orleans,"29,949","-90,0821"
Jeenathan Williams,2025,HOU,SG,25,"0,515881","0,0","0,0","8,6","-0,1",Sobrepagado,Houston Rockets,Houston,"29,7508","-95,3621"
Jaylen Clark,2025,MIN,SG,23,"0,492323","1,6","3,2498989484545717","12,0","0,2",Infravalorado,Minnesota Timberwolves,Minneapolis,"44,9795","-93,276"
Dominick Barlow,2025,ATL,SF,21,"0,491887","1,0","2,032987251136948","14,6","0,0",Infravalorado,Atlanta Hawks,Atlanta,"33,7573","-84,3963"
Ryan Rollins,2025,MIL,PG,22,"1,091887","1,7","1,556937668458366","14,0","0,3",Infravalorado,Milwaukee Bucks,Milwaukee,"43,045","-87,917"
Quinten Post,2025,GSW,PF,24,"0,43892","1,7","3,8731431695981047","14,2","0,4",Infravalorado,Golden State Warriors,San Francisco,"37,768","-122,3877"
Pat Spencer,2025,GSW,PG,28,"0,43881","0,3","0,683667190811513","12,6","0,0",Valor de mercado,Golden State Warriors,San Francisco,"37,768","-122,3877"
Justin Edwards,2025,PHI,SF,21,"0,425619","0,9","2,1145672538115075","11,3","-0,5",Infravalorado,Philadelphia 76ers,Philadelphia,"39,9012","-75,172"
Jordan Goodwin,2025,LAL,PG,26,"0,223718","1,0","4,469913015492718","12,1","0,2",Infravalorado,LA Lakers,Los Angeles,"34,043","-118,2673"
Isaac Jones,2025,SAC,PF,24,"0,152957","0,7","4,576449590407761","15,2","0,0",Infravalorado,Sacramento Kings,Sacramento,"38,5802","-121,4997"
Bismack Biyombo,2025,SAS,C,32,"0,647851","0,8","1,2348518409325602","12,2","-0,2",Infravalorado,San Antonio Spurs,San Antonio,"29,427","-98,4375"
Jaden Springer,2025,UTA,SG,22,"4,772772","0,5","0,10476092300239777","10,7","-0,1",Sobrepagado,Utah Jazz,Salt Lake City,"40,7683","-111,9011"
Orlando Robinson,2025,TOR,C,24,"1,69161","1,2","0,7093833685069253","12,9","-0,3",Valor de mercado,Toronto Raptors,Toronto,"43,6435","-79,3791"
Lamar Stevens,2025,MEM,PF,27,"0,623856","0,2","0,3205868020825319","11,5","-0,1",Valor de mercado,Memphis Grizzlies,Memphis,"35,1382","-90,0505"
Tony Bradley,2025,IND,C,27,"0,600545","0,4","0,6660616606582355","23,2","0,1",Valor de mercado,Indiana Pacers,Indianapolis,"39,764","-86,1555"
Kevin Knox,2025,GSW,SF,25,"0,503883","0,2","0,39691753839681043","17,1","0,0",Valor de mercado,Golden State Warriors,San Francisco,"37,768","-122,3877"
Jared Rhoden,2025,TOR,SG,25,"0,119972","0,6","5,001166938952422","16,4","0,1",Infravalorado,Toronto Raptors,Toronto,"43,6435","-79,3791"
David Roddy,2025,HOU,PF,23,"2,967212","0,5","0,16850835059982233","11,9","0,1",Sobrepagado,Houston Rockets,Houston,"29,7508","-95,3621"
Mo Bamba,2025,NOP,C,26,"2,207491","1,0","0,4530029794005955","13,9","0,1",Valor de mercado,New Orleans Pelicans,New Orleans,"29,949","-90,0821"
Moses Brown,2025,DAL,C,25,"0,426632","0,4","0,9375761780644678","22,4","0,1",Infravalorado,Dallas Mavericks,Dallas,"32,7905","-96,8103"
Cole Swider,2025,TOR,SF,25,"0,227947","0,0","0,0","6,5","-0,2",Sobrepagado,Toronto Raptors,Toronto,"43,6435","-79,3791"
Colin Castleton,2025,PHI,C,24,"0,421081","0,7","1,6623879966087285","11,3","-0,3",Infravalorado,Philadelphia 76ers,Philadelphia,"39,9012","-75,172"
A.J. Lawson,2025,TOR,SG,24,"0,1","0,8","8,0","12,7","-0,1",Infravalorado,Toronto Raptors,Toronto,"43,6435","-79,3791"
Branden Carlson,2025,OKC,C,25,"0,496519","0,9","1,8126194566572478","17,6","0,2",Infravalorado,Oklahoma City Thunder,Oklahoma City,"35,4634","-97,5151"
Marcus Bagley,2025,PHI,SF,23,"0,126356","0,2","1,5828294659533384","11,8","-0,1",Infravalorado,Philadelphia 76ers,Philadelphia,"39,9012","-75,172"
Brandon Williams,2025,DAL,PG,25,"0,047989","1,3","27,089541353226785","18,3","0,4",Infravalorado,Dallas Mavericks,Dallas,"32,7905","-96,8103"
Elfrid Payton,2025,CHO,PG,30,"0,789048","-0,6","-0,7604100130790522","8,5","-0,6",Sobrepagado,Charlotte Hornets,Charlotte,"35,2251","-80,8392"
JD Davison,2025,BOS,PG,22,"0,011997","-0,2","-16,670834375260483","6,5","-0,1",Sobrepagado,Boston Celtics,Boston,"42,3662","-71,0621"
Kylor Kelley,2025,NOP,C,27,"0,073153","0,3","4,100993807499351","12,1","-0,1",Infravalorado,New Orleans Pelicans,New Orleans,"29,949","-90,0821"
